id_job,node_id,gpu_index,runtime_seconds,actual_peak_temp,predicted_peak_temp,prediction_error,actual_tier,predicted_tier,predictive_pwm_pct,stepped_reference_pwm_pct,always_100_pwm_pct,predictive_energy_proxy,stepped_reference_energy_proxy,always_100_energy_proxy,early_power_draw_W,early_utilization_gpu_pct,early_utilization_memory_pct,early_memory_used_MiB,early_memory_free_MiB,early_pcie_link_width_current,early_temperature_gpu,early_temperature_memory,full_power_draw_W_avg,full_utilization_gpu_pct_avg,full_utilization_memory_pct_avg,full_memory_used_MiB_avg,full_memory_free_MiB_avg,full_pcie_link_width_current_avg,full_temperature_gpu_avg,full_temperature_memory_avg,full_power_draw_W_peak,full_utilization_gpu_pct_peak,full_utilization_memory_pct_peak,full_memory_used_MiB_peak,full_memory_free_MiB_peak,full_pcie_link_width_current_peak,full_temperature_gpu_peak,full_temperature_memory_peak,job_start_ts,job_start_date
8846382421,r4506251-n303766,0,361.9930000305176,72.0,71.41315,-0.58685302734375,Critical,Critical,100.0,100.0,100.0,361.9930000305176,361.9930000305176,361.9930000305176,210.522,87.661,58.934,6664.231,25845.769,16.0,68.434,75.305,210.522,87.661,58.934,6664.231,25845.769,16.0,68.434,75.305,254.29,95.0,65.0,6801.0,32510.0,16.0,72.0,79.0,1613466192.685,2021-02-16 09:03:12.684999943
9530319113,r368967-n200569,1,34.520999908447266,29.0,29.709764,0.7097644805908203,Low,Low,30.0,40.0,100.0,0.9320669975280761,2.2093439941406254,34.520999908447266,25.759,0.0,0.0,0.0,32510.0,16.0,29.0,28.0,25.759,0.0,0.0,0.0,32510.0,16.0,29.0,28.0,25.8,0.0,0.0,0.0,32510.0,16.0,29.0,28.0,1614725051.042,2021-03-02 22:44:11.042000055
31211855224,r6707841-n772143,1,10075.87599992752,38.0,36.13116,-1.868839263916016,Medium,Medium,30.0,60.0,100.0,272.048651998043,2176.389215984344,10075.87599992752,41.604,25.332,1.742,30766.345,1743.655,16.0,35.884,31.011,41.333,22.144,1.497,31052.529,1457.471,16.0,36.687,32.233,71.02,100.0,6.0,31071.0,32510.0,16.0,38.0,34.0,1614740761.736,2021-03-03 03:06:01.736000061
32669422700,r4144777-n303509,0,3228.348999977112,41.0,43.13605,2.136051177978516,Medium,Medium,30.0,60.0,100.0,87.165422999382,697.323383995056,3228.348999977112,39.566,11.352,0.637,25758.285,6751.715,16.0,38.739,36.423,41.673,14.08,0.784,29783.577,2726.423,16.0,39.746,37.019,46.94,100.0,6.0,30709.0,32510.0,16.0,41.0,38.0,1614323525.134,2021-02-26 07:12:05.134000063
51540616413,r2215649-n303766,0,2.6710000038146973,40.0,39.751507,-0.2484931945800781,Medium,Medium,30.0,60.0,100.0,0.07211700010299682,0.5769360008239746,2.6710000038146973,26.266,0.0,0.0,1.692,32508.308,16.0,39.769,37.462,26.266,0.0,0.0,1.692,32508.308,16.0,39.769,37.462,26.42,0.0,0.0,4.0,32510.0,16.0,40.0,38.0,1613954834.595,2021-02-22 00:47:14.595000029
55464434451,r414303-n303509,0,1.7739999294281006,43.0,44.375824,1.375823974609375,Medium,Medium,30.0,60.0,100.0,0.04789799809455871,0.3831839847564697,1.7739999294281006,28.985,0.0,0.0,0.0,32510.0,16.0,43.0,44.0,28.985,0.0,0.0,0.0,32510.0,16.0,43.0,44.0,29.14,0.0,0.0,0.0,32510.0,16.0,43.0,44.0,1613429089.552,2021-02-15 22:44:49.552000046
57386941605,r1039410-n948219,0,236.7550001144409,30.0,32.638134,2.638134002685547,Low,Low,30.0,40.0,100.0,6.392385003089903,15.15232000732422,236.7550001144409,25.836,0.0,0.0,0.002,32509.998,16.0,30.0,30.0,25.836,0.0,0.0,0.002,32509.998,16.0,30.0,30.0,26.03,0.0,0.0,4.0,32510.0,16.0,30.0,30.0,1614401779.507,2021-02-27 04:56:19.506999969
54541151574,r810901-n303509,0,941917.5360000134,74.0,36.570564,-37.42943572998047,Critical,Medium,30.0,100.0,100.0,25431.773472000357,941917.5360000134,941917.5360000134,28.017,5.243,0.0,66.0,32444.0,16.0,35.0,34.009,38.558,6.344,2.416,9583.102,22926.898,16.0,36.661,36.111,256.92,100.0,58.0,31267.0,32510.0,16.0,74.0,80.0,1613226592.937,2021-02-13 14:29:52.937000036
15715237812,r2215649-n410412,0,12568.43299984932,69.0,68.22164,-0.7783584594726562,High,High,47.5,80.0,100.0,1346.982530405726,6435.037695922853,12568.43299984932,111.224,38.356,9.705,4928.15,27581.85,16.0,59.585,56.152,94.277,39.644,10.048,4980.942,27529.058,16.0,55.002,51.639,240.54,99.0,26.0,4999.0,32510.0,16.0,69.0,66.0,1613301154.742,2021-02-14 11:12:34.742000103
7306611376,r8024255-n410412,0,134.97699999809265,34.0,35.342365,1.342365264892578,Low,Medium,30.0,40.0,100.0,3.644378999948501,8.638527999877931,134.97699999809265,25.745,0.084,0.0,67.288,32442.712,16.0,32.107,30.738,25.745,0.084,0.0,67.288,32442.712,16.0,32.107,30.738,37.98,10.0,0.0,1205.0,32510.0,16.0,34.0,31.0,1614736398.178,2021-03-03 01:53:18.177999973
44719024257,r44132-n303766,0,410.02300000190735,72.0,71.47143,-0.5285720825195312,Critical,Critical,100.0,100.0,100.0,410.02300000190735,410.02300000190735,410.02300000190735,187.51,76.528,51.412,6622.21,25887.79,16.0,66.281,72.405,187.51,76.528,51.412,6622.21,25887.79,16.0,66.281,72.405,251.92,94.0,65.0,6807.0,32510.0,16.0,72.0,79.0,1613468161.601,2021-02-16 09:36:01.601000071
7762935508,r1051355-n200569,1,5361.572000026703,30.0,29.76178,-0.23822021484375,Low,Low,30.0,40.0,100.0,144.76244400072096,343.14060800170904,5361.572000026703,35.816,0.016,0.0,1026.281,31483.719,16.0,28.902,26.897,35.967,0.003,0.0,1037.257,31472.743,16.0,29.365,27.328,36.35,21.0,1.0,1039.0,32510.0,16.0,30.0,28.0,1614719074.546,2021-03-02 21:04:34.546000004
51625124858,r2215649-n303766,0,2.013000011444092,32.0,32.05137,0.0513687133789062,Low,Low,30.0,40.0,100.0,0.05435100030899047,0.1288320007324219,2.013000011444092,25.216,0.0,0.0,0.0,32510.0,16.0,32.0,30.0,25.216,0.0,0.0,0.0,32510.0,16.0,32.0,30.0,25.25,0.0,0.0,0.0,32510.0,16.0,32.0,30.0,1614369046.646,2021-02-26 19:50:46.645999908
43877167150,r810901-n172107,0,71.33000016212463,32.0,35.73858,3.738578796386719,Low,Medium,30.0,40.0,100.0,1.925910004377365,4.565120010375978,71.33000016212463,36.712,0.191,0.003,929.764,31580.236,16.0,31.664,30.7,36.712,0.191,0.003,929.764,31580.236,16.0,31.664,30.7,37.75,20.0,1.0,1039.0,32510.0,16.0,32.0,31.0,1614718743.952,2021-03-02 20:59:03.951999903
28726749356,r4506251-n410412,1,0.315000057220459,32.0,32.129807,0.1298065185546875,Low,Low,30.0,40.0,100.0,0.008505001544952392,0.02016000366210938,0.315000057220459,25.962,0.0,0.0,0.0,32510.0,16.0,32.0,28.5,25.962,0.0,0.0,0.0,32510.0,16.0,32.0,28.5,26.0,0.0,0.0,0.0,32510.0,16.0,32.0,29.0,1614734566.654,2021-03-03 01:22:46.654000044
50504234936,r7753495-n948219,0,15289.210000038149,36.0,39.27809,3.2780914306640625,Medium,Medium,30.0,60.0,100.0,412.80867000102995,3302.4693600082396,15289.210000038149,46.01,7.903,3.506,30854.286,1655.714,16.0,33.934,31.61,38.901,2.979,1.234,31061.811,1448.189,16.0,32.508,30.238,141.68,74.0,37.0,31071.0,32510.0,16.0,36.0,36.0,1613572126.954,2021-02-17 14:28:46.953999996
64219558446,r9988778-n303766,0,4135.93700003624,45.0,45.914875,0.914875030517578,High,High,47.5,80.0,100.0,443.25612317575883,2117.599744018555,4135.93700003624,47.43,19.143,3.767,967.711,31542.289,16.0,39.498,38.931,58.342,34.113,6.778,1074.512,31435.488,16.0,42.58,42.157,96.46,45.0,10.0,1093.0,32510.0,16.0,45.0,45.0,1613388090.112,2021-02-15 11:21:30.111999989
31830614139,r7753495-n303509,0,412.0719997882843,40.0,38.153503,-1.84649658203125,Medium,Medium,30.0,60.0,100.0,11.125943994283675,89.0075519542694,412.0719997882843,25.543,0.0,0.0,3.383,32506.617,16.0,36.806,35.526,25.543,0.0,0.0,3.383,32506.617,16.0,36.806,35.526,26.2,0.0,0.0,4.0,32510.0,16.0,40.0,39.0,1613682923.571,2021-02-18 21:15:23.571000099
59860836210,r5179276-n948219,0,350.7569999694824,74.0,72.082985,-1.9170150756835935,Critical,Critical,100.0,100.0,100.0,350.7569999694824,350.7569999694824,350.7569999694824,203.748,88.649,59.546,6485.257,26024.743,16.0,65.418,71.84,203.748,88.649,59.546,6485.257,26024.743,16.0,65.418,71.84,248.69,95.0,66.0,6801.0,32510.0,16.0,74.0,82.0,1613435926.969,2021-02-16 00:38:46.969000101
10718180860,r4144777-n303509,0,39602.9430000782,51.0,51.355995,0.3559951782226562,High,High,47.5,80.0,100.0,4244.321656836505,20276.706816040045,39602.9430000782,65.758,38.564,22.187,23456.995,9053.005,16.0,42.659,41.905,71.16,40.81,23.633,31452.095,1057.905,16.0,47.0,46.361,223.02,100.0,100.0,31725.0,32510.0,16.0,51.0,57.0,1614336585.083,2021-02-26 10:49:45.082999945
37807379580,r9988778-n303766,0,97.07599997520448,40.0,47.66062,7.660621643066406,Medium,High,47.5,60.0,100.0,10.403816934842617,20.968415994644165,97.07599997520448,62.459,45.012,31.435,2851.402,29658.598,16.0,35.881,37.686,62.459,45.012,31.435,2851.402,29658.598,16.0,35.881,37.686,91.89,76.0,64.0,3459.0,32510.0,16.0,40.0,44.0,1614755008.104,2021-03-03 07:03:28.104000092
27810787228,r1039410-n303509,0,5117.881999969482,46.0,47.375805,1.3758049011230469,High,High,47.5,80.0,100.0,548.4930099654792,2620.3555839843757,5117.881999969482,47.722,16.867,2.951,907.657,31602.343,16.0,41.92,39.819,59.039,33.51,5.924,1071.08,31438.92,16.0,44.685,42.868,114.12,46.0,10.0,1093.0,32510.0,16.0,46.0,45.0,1613322379.178,2021-02-14 17:06:19.177999973
26338952628,r810901-n303509,0,224.62200021743772,38.0,44.444744,6.444744110107422,Medium,Medium,30.0,60.0,100.0,6.064794005870818,48.51835204696654,224.62200021743772,37.212,6.643,1.846,1712.078,30797.922,16.0,34.654,33.453,37.212,6.643,1.846,1712.078,30797.922,16.0,34.654,33.453,138.7,59.0,16.0,3965.0,32510.0,16.0,38.0,38.0,1613066187.416,2021-02-11 17:56:27.415999889
10256084280,r8024255-n410412,0,390.50800013542175,71.0,71.31817,0.3181686401367187,Critical,Critical,100.0,100.0,100.0,390.50800013542175,390.50800013542175,390.50800013542175,194.269,80.263,53.887,6601.705,25908.295,16.0,67.891,71.491,194.269,80.263,53.887,6601.705,25908.295,16.0,67.891,71.491,251.0,92.0,62.0,6807.0,32510.0,16.0,71.0,75.0,1613534422.05,2021-02-17 04:00:22.049999952
29153938586,r1039410-n948219,0,20195.485000133514,74.0,69.20296,-4.797042846679688,Critical,High,47.5,100.0,100.0,2164.3879939986837,20195.485000133514,20195.485000133514,86.279,29.137,20.288,1496.315,31013.685,16.0,40.952,41.908,217.782,91.088,64.077,4698.023,27811.977,16.0,67.738,71.381,247.03,97.0,71.0,7145.0,32510.0,16.0,74.0,78.0,1613928464.356,2021-02-21 17:27:44.355999947
65776802327,r1900814-n772143,1,9178.707999944689,37.0,36.5347,-0.465301513671875,Medium,Medium,30.0,60.0,100.0,247.82511599850656,1982.6009279880525,9178.707999944689,40.974,23.017,1.67,29999.641,2510.359,16.0,35.021,33.785,41.02,20.909,1.489,31000.624,1509.376,16.0,35.499,34.371,73.2,31.0,3.0,31071.0,32510.0,16.0,37.0,36.0,1614721838.821,2021-03-02 21:50:38.821000099
8916268168,r810901-n303509,1,46096.99499988556,54.0,53.723305,-0.2766952514648437,High,High,47.5,80.0,100.0,4940.30138600336,23601.66143994141,46096.99499988556,66.143,28.37,9.141,1874.541,30635.459,16.0,42.121,42.623,87.659,46.4,15.034,2617.206,29892.794,16.0,51.595,53.025,151.08,62.0,22.0,2627.0,32510.0,16.0,54.0,56.0,1613136214.653,2021-02-12 13:23:34.653000116
3277108223,r6727430-n948219,0,386.805999994278,70.0,71.68543,1.6854324340820312,High,Critical,100.0,80.0,100.0,386.805999994278,198.0446719970704,386.805999994278,193.611,80.901,54.373,6589.003,25920.997,16.0,65.283,69.814,193.611,80.901,54.373,6589.003,25920.997,16.0,65.283,69.814,248.09,94.0,63.0,6799.0,32510.0,16.0,70.0,76.0,1613651349.513,2021-02-18 12:29:09.513000011
40130924494,r414303-n948219,0,13864.236000061035,72.0,68.60572,-3.3942794799804688,Critical,High,47.5,100.0,100.0,1485.856167569041,13864.236000061035,13864.236000061035,94.747,44.882,7.777,5307.188,27202.812,16.0,53.749,50.913,122.365,61.8,10.793,7213.204,25296.796,16.0,63.606,61.331,233.22,100.0,22.0,7299.0,32510.0,16.0,72.0,68.0,1614005115.182,2021-02-22 14:45:15.181999922
62214765329,r2215649-n303766,1,10277.196000099182,72.0,70.527534,-1.4724655151367188,Critical,High,47.5,100.0,100.0,1101.4263650731293,10277.196000099182,10277.196000099182,102.034,44.877,7.858,5367.327,27142.673,16.0,53.567,51.042,130.407,61.916,10.926,7219.52,25290.48,16.0,64.101,61.829,246.31,100.0,22.0,7335.0,32510.0,16.0,72.0,68.0,1614005113.092,2021-02-22 14:45:13.092000008
54622062268,r810901-n172107,1,1523.3150000572205,31.0,31.029608,0.0296077728271484,Low,Low,30.0,40.0,100.0,41.12950500154495,97.49216000366214,1523.3150000572205,25.248,0.0,0.0,0.0,32510.0,16.0,30.101,30.0,25.249,0.0,0.0,0.0,32510.0,16.0,30.055,30.0,25.39,0.0,0.0,0.0,32510.0,16.0,31.0,30.0,1614716636.741,2021-03-02 20:23:56.740999937
54766243451,r7753495-n948219,0,349.42900013923645,71.0,71.19635,0.19635009765625,Critical,Critical,100.0,100.0,100.0,349.42900013923645,349.42900013923645,349.42900013923645,212.303,89.49,60.13,6668.425,25841.575,16.0,67.883,71.104,212.303,89.49,60.13,6668.425,25841.575,16.0,67.883,71.104,253.52,95.0,64.0,6807.0,32510.0,16.0,71.0,74.0,1613567855.208,2021-02-17 13:17:35.207999945
26905523624,r7269000-n303509,0,687436.120000124,74.0,72.27122,-1.7287826538085938,Critical,Critical,100.0,100.0,100.0,687436.120000124,687436.120000124,687436.120000124,129.769,47.765,20.062,17469.483,15040.517,16.0,53.775,52.071,141.422,51.52,21.726,17916.491,14593.509,16.0,62.214,61.758,285.64,100.0,65.0,17919.0,32510.0,16.0,74.0,78.0,1612887144.185,2021-02-09 16:12:24.184999943
29764026167,r7462820-n303766,0,5143.963000059128,41.0,44.460625,3.4606246948242188,Medium,Medium,30.0,60.0,100.0,138.88700100159645,1111.0960080127716,5143.963000059128,50.385,18.784,3.921,991.19,31518.81,16.0,37.111,35.071,58.665,30.278,6.084,1080.724,31429.276,16.0,39.657,38.153,112.59,47.0,11.0,1093.0,32510.0,16.0,41.0,40.0,1613281680.491,2021-02-14 05:48:00.490999937
33983766896,r4506251-n410412,0,1539.3849999904633,35.0,37.793083,2.7930831909179688,Medium,Medium,30.0,60.0,100.0,41.5633949997425,332.50715999794,1539.3849999904633,38.524,0.037,0.0,1095.545,31414.455,16.0,34.356,32.412,38.644,0.027,0.0,1112.132,31397.868,16.0,34.749,32.771,43.11,22.0,1.0,1123.0,32510.0,16.0,35.0,33.0,1613393419.738,2021-02-15 12:50:19.737999916
47584375067,r8024255-n303766,0,33618.708000183105,49.0,54.951824,5.951824188232422,High,High,47.5,80.0,100.0,3602.979971457123,17212.778496093753,33618.708000183105,76.707,27.08,22.654,26184.275,6325.725,16.0,43.53,43.339,81.759,31.778,26.686,29907.331,2602.669,16.0,46.537,46.483,204.57,100.0,95.0,30087.0,32510.0,16.0,49.0,54.0,1613366862.442,2021-02-15 05:27:42.441999912
50196721169,r7141590-n303509,0,413.70499992370605,74.0,71.63151,-2.368492126464844,Critical,Critical,100.0,100.0,100.0,413.70499992370605,413.70499992370605,413.70499992370605,193.498,76.829,51.263,6553.478,25956.522,16.0,67.393,68.823,193.498,76.829,51.263,6553.478,25956.522,16.0,67.393,68.823,266.64,94.0,64.0,6793.0,32510.0,16.0,74.0,76.0,1613483514.868,2021-02-16 13:51:54.868000031
61846264860,r8473362-n410412,0,21.871999979019165,33.0,33.57057,0.5705718994140625,Low,Low,30.0,40.0,100.0,0.5905439994335173,1.399807998657227,21.871999979019165,27.075,0.0,0.0,0.0,32510.0,16.0,33.0,31.0,27.075,0.0,0.0,0.0,32510.0,16.0,33.0,31.0,27.2,0.0,0.0,0.0,32510.0,16.0,33.0,31.0,1614734934.176,2021-03-03 01:28:54.176000118
18262920573,r9170217-n948219,0,1.7969999313354492,34.0,34.553925,0.553924560546875,Low,Low,30.0,40.0,100.0,0.048518998146057125,0.11500799560546877,1.7969999313354492,27.629,0.0,0.0,0.0,32510.0,16.0,34.0,32.444,27.629,0.0,0.0,0.0,32510.0,16.0,34.0,32.444,27.74,0.0,0.0,0.0,32510.0,16.0,34.0,33.0,1613429365.834,2021-02-15 22:49:25.834000111
59217233317,r7753495-n772143,0,52.30299997329712,36.0,37.501587,1.5015869140625,Medium,Medium,30.0,60.0,100.0,1.412180999279022,11.297447994232176,52.30299997329712,40.461,2.544,0.534,18189.916,14320.084,16.0,31.835,29.709,40.461,2.544,0.534,18189.916,14320.084,16.0,31.835,29.709,202.77,100.0,28.0,27191.0,32510.0,16.0,36.0,33.0,1614726869.538,2021-03-02 23:14:29.538000107
52126320030,r44132-n303766,0,20.513999938964844,44.0,44.847813,0.8478126525878906,Medium,Medium,30.0,60.0,100.0,0.5538779983520506,4.431023986816405,20.513999938964844,36.326,4.633,1.464,451.745,32058.255,16.0,38.469,37.551,36.326,4.633,1.464,451.745,32058.255,16.0,38.469,37.551,232.13,96.0,46.0,5673.0,32510.0,16.0,44.0,45.0,1613473177.174,2021-02-16 10:59:37.174000025
59217233317,r7753495-n772143,1,52.30299997329712,36.0,37.762714,1.762714385986328,Medium,Medium,30.0,60.0,100.0,1.412180999279022,11.297447994232176,52.30299997329712,42.298,2.664,0.589,19784.807,12725.193,16.0,31.717,30.371,42.298,2.664,0.589,19784.807,12725.193,16.0,31.717,30.371,204.54,100.0,28.0,28939.0,32510.0,16.0,36.0,33.0,1614726869.541,2021-03-02 23:14:29.540999889
64578521934,r8275852-n410412,0,437.04900002479553,72.0,71.38734,-0.6126632690429688,Critical,Critical,100.0,100.0,100.0,437.04900002479553,437.04900002479553,437.04900002479553,176.369,71.647,48.124,6620.375,25889.625,16.0,65.193,70.201,176.369,71.647,48.124,6620.375,25889.625,16.0,65.193,70.201,247.02,96.0,68.0,6807.0,32510.0,16.0,72.0,79.0,1613496678.099,2021-02-16 17:31:18.098999977
11056891962,r4506251-n303766,0,371.0179998874664,73.0,71.81553,-1.1844711303710938,Critical,Critical,100.0,100.0,100.0,371.0179998874664,371.0179998874664,371.0179998874664,203.142,84.577,56.807,6570.49,25939.51,16.0,65.15,71.305,203.142,84.577,56.807,6570.49,25939.51,16.0,65.15,71.305,258.59,95.0,65.0,6807.0,32510.0,16.0,73.0,80.0,1613508018.401,2021-02-16 20:40:18.401000023
27369314922,r3974592-n303509,0,412532.7350001335,57.0,57.419113,0.4191131591796875,High,High,47.5,80.0,100.0,44211.90670884243,211216.7603200684,412532.7350001335,77.42,27.205,12.222,21197.09,11312.91,16.0,42.614,41.116,48.463,6.818,3.089,17755.047,14754.953,16.0,38.241,36.598,260.42,100.0,62.0,32172.0,32510.0,16.0,57.0,58.0,1613287267.392,2021-02-14 07:21:07.391999960
46622867390,r9480604-n303766,0,187.06399989128116,44.0,46.732635,2.732635498046875,Medium,High,47.5,60.0,100.0,20.047999613348395,40.40582397651672,187.06399989128116,68.679,30.806,4.23,1254.126,31255.874,16.0,41.533,38.764,68.679,30.806,4.23,1254.126,31255.874,16.0,41.533,38.764,119.1,90.0,13.0,1315.0,32510.0,16.0,44.0,42.0,1613794985.128,2021-02-20 04:23:05.128000020
28250083927,r9515777-n303766,0,64137.72200012207,73.0,39.352425,-33.64757537841797,Critical,Medium,30.0,100.0,100.0,1731.7184940032957,64137.72200012207,64137.72200012207,26.346,0.0,0.0,0.0,32510.0,16.0,39.0,37.149,175.465,87.302,51.435,28972.775,3537.225,16.0,66.169,70.477,274.77,100.0,80.0,31079.0,32510.0,16.0,73.0,80.0,1614281959.531,2021-02-25 19:39:19.530999899
7270115381,r9170217-n948219,0,1.821000099182129,34.0,34.555527,0.5555267333984375,Low,Low,30.0,40.0,100.0,0.049167002677917473,0.11654400634765628,1.821000099182129,27.706,0.0,0.0,0.0,32510.0,16.0,34.0,32.833,27.706,0.0,0.0,0.0,32510.0,16.0,34.0,32.833,27.82,0.0,0.0,0.0,32510.0,16.0,34.0,33.0,1613429358.741,2021-02-15 22:49:18.740999937
63121076023,r810901-n303509,0,44348.484999895096,54.0,54.571392,0.5713920593261719,High,High,47.5,80.0,100.0,4752.910290848132,22706.424319946294,44348.484999895096,71.031,37.612,10.919,2212.404,30297.596,16.0,44.56,44.762,87.533,54.418,16.104,2751.376,29758.624,16.0,50.52,51.509,139.76,69.0,22.0,2759.0,32444.0,16.0,54.0,55.0,1613104843.006,2021-02-12 04:40:43.006000042
11215228029,r3974592-n303509,0,662.6330001354218,33.0,33.824512,0.8245124816894531,Low,Low,30.0,40.0,100.0,17.891091003656385,42.408512008667,662.6330001354218,24.589,0.003,0.0,3.677,32506.323,16.0,31.037,29.595,24.585,0.003,0.0,3.704,32506.296,16.0,31.033,29.624,37.97,16.0,1.0,4.0,32510.0,16.0,33.0,31.0,1613178563.274,2021-02-13 01:09:23.273999929
8907983500,r44132-n410412,0,95594.39800000192,54.0,54.39981,0.399810791015625,High,High,47.5,80.0,100.0,10245.030873156455,48944.331776000996,95594.39800000192,60.122,21.55,13.913,3950.275,28559.725,16.0,38.63,38.504,88.651,44.815,28.986,4736.992,27773.008,16.0,49.685,51.941,161.35,61.0,43.0,4742.0,32510.0,16.0,54.0,58.0,1613177402.258,2021-02-13 00:50:02.257999896
21292581649,r810901-n303509,1,46839.17899990082,46.0,46.60729,0.6072883605957031,High,High,47.5,80.0,100.0,5019.842636879995,23981.659647949225,46839.17899990082,57.292,25.277,6.638,1289.089,31220.911,16.0,40.086,40.341,63.607,35.974,8.553,1535.801,30974.199,16.0,42.937,43.462,131.25,52.0,15.0,1539.0,32510.0,16.0,46.0,47.0,1613182312.233,2021-02-13 02:11:52.233000040
60515743394,r9852763-n172107,0,9456.61999988556,39.0,40.033077,1.0330772399902344,Medium,Medium,30.0,60.0,100.0,255.32873999691012,2042.629919975281,9456.61999988556,46.256,27.837,4.297,30814.391,1695.609,16.0,36.898,37.3,45.145,23.483,3.585,31054.369,1455.631,16.0,37.426,37.831,74.57,100.0,6.0,31071.0,32510.0,16.0,39.0,40.0,1614747952.903,2021-03-03 05:05:52.903000116
57833297880,r5354770-n172107,0,10583.705999851229,40.0,39.49425,-0.5057487487792969,Medium,Medium,30.0,60.0,100.0,285.7600619959831,2286.080495967865,10583.705999851229,43.495,21.352,3.445,30476.623,2033.377,16.0,36.135,33.532,44.152,21.336,3.372,31036.992,1473.008,16.0,38.864,36.4,99.73,39.0,6.0,31071.0,32510.0,16.0,40.0,38.0,1614731325.108,2021-03-03 00:28:45.108000040
20856692552,r6727430-n948219,0,0.2070000171661377,32.0,32.65302,0.6530189514160156,Low,Low,30.0,40.0,100.0,0.005589000463485717,0.013248001098632816,0.2070000171661377,26.53,0.0,0.0,0.0,32510.0,16.0,32.0,31.0,26.53,0.0,0.0,0.0,32510.0,16.0,32.0,31.0,26.53,0.0,0.0,0.0,32510.0,16.0,32.0,31.0,1613613330.257,2021-02-18 01:55:30.256999969
28649012486,r9480604-n303766,0,1.688999891281128,31.0,31.142244,0.1422443389892578,Low,Low,30.0,40.0,100.0,0.04560299706459045,0.10809599304199222,1.688999891281128,27.409,0.0,0.0,0.0,32510.0,16.0,31.0,29.0,27.409,0.0,0.0,0.0,32510.0,16.0,31.0,29.0,27.53,0.0,0.0,0.0,32510.0,16.0,31.0,29.0,1613438960.459,2021-02-16 01:29:20.459000111
51918166157,r1039410-n948219,0,262.61300015449524,39.0,42.743725,3.743724822998047,Medium,Medium,30.0,60.0,100.0,7.09055100417137,56.72440803337096,262.61300015449524,27.186,0.0,0.0,0.802,32509.198,16.0,38.311,38.006,27.186,0.0,0.0,0.802,32509.198,16.0,38.311,38.006,27.52,0.0,0.0,4.0,32510.0,16.0,39.0,39.0,1614339440.827,2021-02-26 11:37:20.826999903
41116288516,r7753495-n303509,0,13187.240999937056,74.0,71.44363,-2.5563735961914062,Critical,Critical,100.0,100.0,100.0,13187.240999937056,13187.240999937056,13187.240999937056,133.753,52.36,32.799,2880.152,29629.848,16.0,50.723,50.98,128.858,46.507,29.387,4208.562,28301.438,16.0,53.409,53.28,273.85,98.0,64.0,7299.0,32510.0,16.0,74.0,76.0,1613426248.956,2021-02-15 21:57:28.956000090
49961073558,r7269000-n948219,1,328.27800011634827,73.0,71.81215,-1.1878509521484375,Critical,Critical,100.0,100.0,100.0,328.27800011634827,328.27800011634827,328.27800011634827,200.844,83.192,55.716,6509.051,26000.949,16.0,65.717,70.301,200.844,83.192,55.716,6509.051,26000.949,16.0,65.717,70.301,256.77,95.0,64.0,6799.0,32510.0,16.0,73.0,78.0,1613443135.636,2021-02-16 02:38:55.635999918
44531018569,r7462820-n303766,1,353.7730000019073,70.0,70.98499,0.9849929809570312,High,High,47.5,80.0,100.0,37.9145157345794,181.13177600097657,353.7730000019073,201.386,89.081,59.777,6665.284,25844.716,16.0,62.068,66.798,201.386,89.081,59.777,6665.284,25844.716,16.0,62.068,66.798,245.37,95.0,67.0,6799.0,32510.0,16.0,70.0,76.0,1613650451.69,2021-02-18 12:14:11.690000057
39780389347,r9988778-n303766,0,2604.9400000572205,52.0,44.990425,-7.009574890136719,High,Medium,30.0,80.0,100.0,70.33338000154494,1333.7292800292971,2604.9400000572205,40.448,2.784,0.76,1594.241,30915.759,16.0,38.642,37.511,42.881,4.365,1.206,1947.981,30562.019,16.0,37.429,36.261,246.9,99.0,36.0,6411.0,32510.0,16.0,52.0,51.0,1613159488.283,2021-02-12 19:51:28.282999992
17910370799,r8275852-n303766,1,361.5809998512268,31.0,31.162037,0.1620368957519531,Low,Low,30.0,40.0,100.0,9.762686995983122,23.14118399047852,361.5809998512268,27.385,0.0,0.0,0.0,32510.0,16.0,31.0,27.808,27.385,0.0,0.0,0.0,32510.0,16.0,31.0,27.808,27.58,0.0,0.0,0.0,32510.0,16.0,31.0,28.0,1613168807.456,2021-02-12 22:26:47.456000090
10735000684,r7462820-n303766,1,3310.1340000629425,29.0,30.333132,1.3331317901611328,Low,Low,30.0,40.0,100.0,89.37361800169944,211.84857600402836,3310.1340000629425,25.275,0.0,0.0,0.02,32509.98,16.0,28.998,27.49,25.278,0.0,0.0,0.004,32509.996,16.0,28.998,27.651,25.69,0.0,0.0,4.0,32510.0,16.0,29.0,28.0,1613355713.001,2021-02-15 02:21:53.000999928
45665674578,r8024255-n303766,0,62.19799995422363,36.0,39.30023,3.3002281188964844,Medium,Medium,30.0,60.0,100.0,1.6793459987640378,13.434767990112302,62.19799995422363,35.325,0.123,0.003,550.068,31959.932,16.0,35.218,32.696,35.325,0.123,0.003,550.068,31959.932,16.0,35.218,32.696,38.36,14.0,1.0,713.0,32510.0,16.0,36.0,34.0,1614184687.244,2021-02-24 16:38:07.243999958
18700730240,r8972851-n948219,0,17.561000108718872,33.0,34.933937,1.9339370727539065,Low,Low,30.0,40.0,100.0,0.47414700293540946,1.1239040069580082,17.561000108718872,36.535,1.154,0.006,1403.148,31106.852,16.0,32.828,31.391,36.535,1.154,0.006,1403.148,31106.852,16.0,32.828,31.391,39.97,12.0,1.0,2245.0,32510.0,16.0,33.0,32.0,1613184160.014,2021-02-13 02:42:40.013999939
14603920991,r5198790-n772143,0,9316.587000131609,37.0,37.952805,0.9528045654296876,Medium,Medium,30.0,60.0,100.0,251.5478490035534,2012.3827920284273,9316.587000131609,39.543,25.177,0.926,30702.089,1807.911,16.0,36.992,33.999,39.335,22.41,0.816,31046.89,1463.11,16.0,36.964,34.008,53.37,100.0,6.0,31071.0,32510.0,16.0,37.0,35.0,1614733099.873,2021-03-03 00:58:19.872999907
49751767267,r2215649-n303766,0,0.3159999847412109,33.0,33.828045,0.8280448913574219,Low,Low,30.0,40.0,100.0,0.008531999588012693,0.0202239990234375,0.3159999847412109,25.287,0.0,0.0,0.0,32510.0,16.0,32.75,30.0,25.287,0.0,0.0,0.0,32510.0,16.0,32.75,30.0,25.33,0.0,0.0,0.0,32510.0,16.0,33.0,30.0,1614368399.297,2021-02-26 19:39:59.296999931
11046373326,r9480604-n303766,0,184.77600002288816,45.0,48.128197,3.1281967163085938,High,High,47.5,80.0,100.0,19.802790377452965,94.60531201171875,184.77600002288816,69.627,31.678,4.368,1256.99,31253.01,16.0,43.717,41.264,69.627,31.678,4.368,1256.99,31253.01,16.0,43.717,41.264,119.92,90.0,13.0,1315.0,32510.0,16.0,45.0,43.0,1613795525.536,2021-02-20 04:32:05.536000013
11627880106,r2684277-n948219,0,91.27699995040894,37.0,42.08033,5.080329895019531,Medium,Medium,30.0,60.0,100.0,2.4644789986610407,19.715831989288326,91.27699995040894,41.902,3.759,2.35,8747.516,23762.484,16.0,32.962,31.289,41.902,3.759,2.35,8747.516,23762.484,16.0,32.962,31.289,191.92,100.0,80.0,27771.0,32510.0,16.0,37.0,40.0,1613258737.662,2021-02-13 23:25:37.661999941
4682289870,r2215649-n303766,0,12157.328000068665,33.0,36.078094,3.078094482421875,Low,Medium,30.0,40.0,100.0,328.2478560018539,778.0689920043948,12157.328000068665,25.339,0.0,0.0,0.0,32510.0,16.0,32.425,30.249,25.382,0.0,0.0,0.0,32510.0,16.0,32.84,30.39,25.69,0.0,0.0,0.0,32510.0,16.0,33.0,31.0,1614348642.319,2021-02-26 14:10:42.319000006
19534378987,r8141575-n303766,0,30.125999927520752,43.0,44.93547,1.9354705810546875,Medium,Medium,30.0,60.0,100.0,0.8134019980430602,6.507215984344482,30.125999927520752,33.33,1.576,0.253,432.507,32077.493,16.0,39.597,39.323,33.33,1.576,0.253,432.507,32077.493,16.0,39.597,39.323,161.98,100.0,29.0,2413.0,32510.0,16.0,43.0,42.0,1613942355.115,2021-02-21 21:19:15.115000010
27835310991,r492024-n303766,0,50652.75099992752,42.0,41.549274,-0.4507255554199219,Medium,Medium,30.0,60.0,100.0,1367.624276998043,10940.994215984343,50652.75099992752,35.328,0.098,0.044,5026.087,27483.913,16.0,35.804,33.795,36.866,0.106,0.055,29053.05,3456.95,16.0,36.232,34.272,236.66,100.0,79.0,29343.0,32510.0,16.0,42.0,48.0,1613158425.242,2021-02-12 19:33:45.242000103
47097796469,r7141590-n948219,0,351.69000005722046,73.0,71.34625,-1.65374755859375,Critical,Critical,100.0,100.0,100.0,351.69000005722046,351.69000005722046,351.69000005722046,214.998,89.196,59.697,6642.429,25867.571,16.0,68.615,73.768,214.998,89.196,59.697,6642.429,25867.571,16.0,68.615,73.768,262.39,96.0,66.0,6793.0,32510.0,16.0,73.0,78.0,1613432307.763,2021-02-15 23:38:27.763000011
62741042798,r3955005-n772143,0,14096.026000022888,34.0,36.08896,2.088958740234375,Low,Medium,30.0,40.0,100.0,380.5927020006179,902.1456640014651,14096.026000022888,25.943,0.0,0.0,0.0,32510.0,16.0,32.01,30.376,25.98,0.0,0.0,0.0,32510.0,16.0,32.593,30.665,26.39,0.0,0.0,0.0,32510.0,16.0,34.0,32.0,1614717433.657,2021-03-02 20:37:13.657000065
63993222363,r7419443-n948219,0,2.009000062942505,30.0,30.353628,0.3536281585693359,Low,Low,30.0,40.0,100.0,0.054243001699447624,0.12857600402832034,2.009000062942505,26.964,0.0,0.0,0.0,32510.0,16.0,30.0,28.35,26.964,0.0,0.0,0.0,32510.0,16.0,30.0,28.35,27.12,0.0,0.0,0.0,32510.0,16.0,30.0,29.0,1613942302.221,2021-02-21 21:18:22.220999956
41984366659,r414303-n303509,0,74.06399989128113,34.0,34.41015,0.4101486206054687,Low,Low,30.0,40.0,100.0,1.9997279970645903,4.740095993041994,74.06399989128113,27.238,0.0,0.0,0.0,32510.0,16.0,34.0,33.976,27.238,0.0,0.0,0.0,32510.0,16.0,34.0,33.976,27.47,0.0,0.0,0.0,32510.0,16.0,34.0,34.0,1613429409.321,2021-02-15 22:50:09.321000099
19394492274,r5179276-n948219,0,355.7569999694824,71.0,71.40201,0.402008056640625,Critical,Critical,100.0,100.0,100.0,355.7569999694824,355.7569999694824,355.7569999694824,204.548,88.021,59.138,6662.896,25847.104,16.0,67.988,75.676,204.548,88.021,59.138,6662.896,25847.104,16.0,67.988,75.676,244.42,100.0,66.0,6799.0,32510.0,16.0,71.0,80.0,1613578011.764,2021-02-17 16:06:51.763999939
19407450719,r4144777-n303509,0,95.07500004768372,32.0,34.765812,2.765811920166016,Low,Low,30.0,40.0,100.0,2.56702500128746,6.084800003051759,95.07500004768372,26.853,0.0,0.0,0.0,32510.0,16.0,32.0,30.181,26.853,0.0,0.0,0.0,32510.0,16.0,32.0,30.181,26.99,0.0,0.0,0.0,32510.0,16.0,32.0,31.0,1613051738.697,2021-02-11 13:55:38.697000027
18749296119,r974863-n410412,0,50.407999992370605,38.0,39.61753,1.6175308227539062,Medium,Medium,30.0,60.0,100.0,1.3610159997940061,10.888127998352049,50.407999992370605,26.136,0.0,0.0,3.004,32506.996,16.0,37.526,37.043,26.136,0.0,0.0,3.004,32506.996,16.0,37.526,37.043,26.4,0.0,0.0,4.0,32510.0,16.0,38.0,38.0,1613011010.496,2021-02-11 02:36:50.496000051
58414061172,r1039410-n948219,1,160.49900007247925,30.0,29.987797,-0.0122032165527343,Low,Low,30.0,40.0,100.0,4.333473001956939,10.271936004638674,160.49900007247925,25.001,0.0,0.0,0.0,32510.0,16.0,30.0,26.595,25.001,0.0,0.0,0.0,32510.0,16.0,30.0,26.595,25.16,0.0,0.0,0.0,32510.0,16.0,30.0,27.0,1613651214.282,2021-02-18 12:26:54.282000065
38376752436,r8275852-n303766,0,263559.7090001106,74.0,60.709164,-13.290836334228516,Critical,High,47.5,100.0,100.0,28246.188187996227,263559.7090001106,263559.7090001106,60.25,11.972,5.459,21265.44,11244.56,16.0,43.785,42.012,101.423,34.369,15.267,27696.226,4813.774,16.0,52.806,51.797,278.58,100.0,69.0,27713.0,32510.0,16.0,74.0,78.0,1613840634.889,2021-02-20 17:03:54.888999939
52569210509,r4683026-n303509,1,145534.63199996948,65.0,68.80046,3.800460815429688,High,High,47.5,80.0,100.0,15597.219388871727,74513.7315839844,145534.63199996948,120.225,72.148,24.304,1053.648,31456.352,16.0,55.086,56.253,130.371,79.516,26.984,1064.914,31445.086,16.0,58.422,60.482,153.89,97.0,33.0,1065.0,32510.0,16.0,65.0,68.0,1612820464.828,2021-02-08 21:41:04.828000069
12869263330,r6727430-n948219,0,377.3380000591278,70.0,71.69609,1.6960906982421875,High,Critical,100.0,80.0,100.0,377.3380000591278,193.19705603027347,377.3380000591278,198.45,83.198,55.982,6622.14,25887.86,16.0,66.88,71.7,198.45,83.198,55.982,6622.14,25887.86,16.0,66.88,71.7,248.97,94.0,64.0,6793.0,32510.0,16.0,70.0,76.0,1613601409.026,2021-02-17 22:36:49.026000023
57511224041,r7141590-n303509,0,3.78600001335144,39.0,39.317234,0.3172340393066406,Medium,Medium,30.0,60.0,100.0,0.10222200036048887,0.817776002883911,3.78600001335144,26.859,0.0,0.0,0.0,32510.0,16.0,39.0,38.0,26.859,0.0,0.0,0.0,32510.0,16.0,39.0,38.0,27.06,0.0,0.0,0.0,32510.0,16.0,39.0,38.0,1613144915.587,2021-02-12 15:48:35.586999893
1495559714,r810901-n303509,0,3456.322999954224,68.0,46.69545,-21.30455017089844,High,High,47.5,80.0,100.0,370.42061651071907,1769.6373759765631,3456.322999954224,29.156,0.038,0.002,0.0,32510.0,16.0,34.878,34.384,88.718,38.587,24.193,15118.89,17391.11,16.0,47.199,49.876,195.78,100.0,61.0,31079.0,32510.0,16.0,68.0,76.0,1612958553.778,2021-02-10 12:02:33.778000116
10969022550,r1039410-n948219,1,172666.74700021744,64.0,64.081184,0.0811843872070312,High,High,47.5,80.0,100.0,18505.019026163925,88405.37446411134,172666.74700021744,127.856,80.095,69.406,21270.788,11239.212,16.0,56.386,60.65,122.459,73.226,63.447,21641.464,10868.536,16.0,58.638,62.155,176.35,100.0,86.0,21643.0,32510.0,16.0,64.0,71.0,1613477429.6,2021-02-16 12:10:29.599999905
40583240849,r2215649-n410412,0,277.05799984931946,62.0,55.534744,-6.465255737304688,High,High,47.5,80.0,100.0,29.69282532760128,141.85369592285159,277.05799984931946,73.458,23.768,6.468,5768.0,26742.0,16.0,39.245,36.14,73.458,23.768,6.468,5768.0,26742.0,16.0,39.245,36.14,277.42,100.0,37.0,15173.0,32510.0,16.0,62.0,57.0,1613300873.266,2021-02-14 11:07:53.266000032
42556479621,r492024-n410412,0,172836.50699996948,66.0,62.149597,-3.85040283203125,High,High,47.5,80.0,100.0,18523.21252363735,88492.29158398439,172836.50699996948,87.926,75.883,11.139,16525.976,15984.024,16.0,47.66,46.525,114.088,99.059,15.791,21012.142,11497.858,16.0,59.791,59.461,263.72,100.0,50.0,21037.0,32510.0,16.0,66.0,67.0,1614383905.127,2021-02-26 23:58:25.127000093
10115911544,r4683026-n948219,0,13364.665999889374,74.0,72.80098,-1.1990203857421875,Critical,Critical,100.0,100.0,100.0,13364.665999889374,13364.665999889374,13364.665999889374,168.792,71.711,49.072,2596.18,29913.82,16.0,60.91,67.781,207.989,91.695,63.089,3290.381,29219.619,16.0,68.141,76.901,239.92,98.0,69.0,7145.0,32510.0,16.0,74.0,84.0,1614603061.855,2021-03-01 12:51:01.855000019
25695070073,r8141575-n303766,0,609.4409999847412,33.0,33.253933,0.2539329528808594,Low,Low,30.0,40.0,100.0,16.45490699958801,39.004223999023445,609.4409999847412,26.153,0.0,0.0,0.0,32510.0,16.0,32.001,32.102,26.154,0.0,0.0,0.0,32510.0,16.0,32.001,32.107,26.38,0.0,0.0,0.0,32510.0,16.0,33.0,33.0,1614759517.458,2021-03-03 08:18:37.457999945
34763377476,r4506251-n303766,0,4817.254999876022,48.0,49.71722,1.7172203063964844,High,High,47.5,80.0,100.0,516.274250689838,2466.4345599365242,4817.254999876022,55.742,27.091,5.002,794.525,31715.475,16.0,42.196,43.128,62.454,35.228,6.488,998.04,31511.96,16.0,43.907,44.901,103.67,48.0,10.0,1027.0,32510.0,16.0,48.0,49.0,1613478238.443,2021-02-16 12:23:58.443000078
15721980679,r9480604-n410412,1,134.9779999256134,30.0,29.89575,-0.1042499542236328,Low,Low,30.0,40.0,100.0,3.6444059979915613,8.63859199523926,134.9779999256134,25.133,0.098,0.0,69.792,32440.208,16.0,29.067,27.049,25.133,0.098,0.0,69.792,32440.208,16.0,29.067,27.049,37.47,10.0,0.0,1205.0,32510.0,16.0,30.0,28.0,1614736398.207,2021-03-03 01:53:18.207000017
57894468410,r1051355-n172107,0,9335.421000003817,38.0,40.222073,2.22207260131836,Medium,Medium,30.0,60.0,100.0,252.05636700010302,2016.4509360008242,9335.421000003817,39.866,21.627,1.79,30440.167,2069.833,16.0,37.817,36.51,39.746,21.192,1.523,31030.095,1479.905,16.0,37.237,35.985,52.42,100.0,6.0,31071.0,32510.0,16.0,38.0,37.0,1614735817.596,2021-03-03 01:43:37.595999956
45709609553,r8972851-n948219,0,8276.147000074387,50.0,49.679478,-0.3205223083496094,High,High,47.5,80.0,100.0,886.970191773597,4237.387264038087,8276.147000074387,48.945,16.036,4.182,1154.189,31355.811,16.0,44.026,42.578,63.03,32.838,7.188,1572.128,30937.872,16.0,47.995,46.53,130.54,59.0,17.0,1605.0,32510.0,16.0,50.0,49.0,1613385157.911,2021-02-15 10:32:37.911000013
19814409695,r8473362-n410412,0,158.59999990463257,50.0,45.71323,-4.286769866943359,High,High,47.5,80.0,100.0,16.997459364779292,81.2031999511719,158.59999990463257,29.956,0.616,0.186,96.083,32413.917,16.0,42.706,41.251,29.956,0.616,0.186,96.083,32413.917,16.0,42.706,41.251,240.83,97.0,46.0,7145.0,32510.0,16.0,50.0,49.0,1614003225.595,2021-02-22 14:13:45.595000029
12876590570,r492024-n303766,0,64.16300010681152,33.0,33.99849,0.9984893798828124,Low,Low,30.0,40.0,100.0,1.732401002883911,4.106432006835939,64.16300010681152,25.18,0.0,0.0,1.601,32508.399,16.0,33.0,31.634,25.18,0.0,0.0,1.601,32508.399,16.0,33.0,31.634,25.31,0.0,0.0,4.0,32510.0,16.0,33.0,32.0,1614715535.863,2021-03-02 20:05:35.862999916
42556479621,r492024-n410412,1,172836.50699996948,66.0,59.935688,-6.064311981201172,High,High,47.5,80.0,100.0,18523.21252363735,88492.29158398439,172836.50699996948,87.703,68.934,10.825,21696.779,10813.221,16.0,46.537,44.482,112.534,94.779,15.245,30218.995,2291.005,16.0,58.169,55.712,280.6,100.0,49.0,30263.0,32510.0,16.0,66.0,63.0,1614383905.13,2021-02-26 23:58:25.130000114
1664167053,r4506251-n303766,0,354.72500014305115,73.0,71.76501,-1.2349929809570312,Critical,Critical,100.0,100.0,100.0,354.72500014305115,354.72500014305115,354.72500014305115,212.213,88.516,59.498,6663.824,25846.176,16.0,67.514,74.161,212.213,88.516,59.498,6663.824,25846.176,16.0,67.514,74.161,258.3,95.0,68.0,6793.0,32510.0,16.0,73.0,81.0,1613500578.264,2021-02-16 18:36:18.263999939
44224473967,r8473362-n410412,0,29.227999925613403,44.0,44.81124,0.8112411499023438,Medium,Medium,30.0,60.0,100.0,0.7891559979915618,6.313247983932494,29.227999925613403,34.487,3.819,1.188,373.408,32136.592,16.0,38.245,36.296,34.487,3.819,1.188,373.408,32136.592,16.0,38.245,36.296,243.99,96.0,48.0,7145.0,32510.0,16.0,44.0,44.0,1614003411.578,2021-02-22 14:16:51.578000069
67104715508,r492024-n303766,0,371.2760000228882,71.0,71.312935,0.3129348754882812,Critical,Critical,100.0,100.0,100.0,371.2760000228882,371.2760000228882,371.2760000228882,199.98,83.559,56.287,6669.012,25840.988,16.0,68.309,72.892,199.98,83.559,56.287,6669.012,25840.988,16.0,68.309,72.892,250.27,95.0,64.0,6801.0,32510.0,16.0,71.0,77.0,1613431142.337,2021-02-15 23:19:02.336999893
37212186386,r8024255-n410412,0,386.0869998931885,71.0,71.30416,0.3041610717773437,Critical,Critical,100.0,100.0,100.0,386.0869998931885,386.0869998931885,386.0869998931885,196.421,81.451,54.672,6612.113,25897.887,16.0,67.982,71.702,196.421,81.451,54.672,6612.113,25897.887,16.0,67.982,71.702,250.96,94.0,63.0,6793.0,32510.0,16.0,71.0,75.0,1613527512.595,2021-02-17 02:05:12.595000029
49180208657,r5179276-n948219,0,12629.095999956133,44.0,46.413666,2.413665771484375,Medium,High,47.5,60.0,100.0,1353.4838978702985,2727.8847359905244,12629.095999956133,39.301,6.624,1.087,667.796,31842.204,16.0,39.34,38.155,53.538,26.317,4.171,1072.801,31437.199,16.0,42.534,41.155,95.82,47.0,9.0,1093.0,32510.0,16.0,44.0,44.0,1613401488.499,2021-02-15 15:04:48.499000072
6004233796,r4099734-n200569,0,17.157000064849854,44.0,49.423008,5.423007965087891,Medium,High,47.5,60.0,100.0,1.8387478663250802,3.7059120140075676,17.157000064849854,133.481,60.765,34.319,16194.59,16315.41,16.0,36.994,37.47,133.481,60.765,34.319,16194.59,16315.41,16.0,36.994,37.47,250.12,100.0,63.0,29667.0,32510.0,16.0,44.0,45.0,1614720036.182,2021-03-02 21:20:36.181999922
27324019132,r44132-n303766,1,5497.0979998111725,40.0,42.2901,2.29010009765625,Medium,Medium,30.0,60.0,100.0,148.42164599490164,1187.373167959213,5497.0979998111725,38.359,11.721,1.813,758.257,31751.743,16.0,34.986,30.634,47.044,28.46,4.562,997.633,31512.367,16.0,38.455,34.362,80.66,41.0,8.0,1027.0,32510.0,16.0,40.0,36.0,1613312388.683,2021-02-14 14:19:48.683000088
31173488735,r7317916-n772143,1,8.954999923706055,29.0,29.778769,0.7787685394287109,Low,Low,30.0,40.0,100.0,0.24178499794006345,0.5731199951171876,8.954999923706055,24.667,0.0,0.0,0.0,32510.0,16.0,29.0,28.0,24.667,0.0,0.0,0.0,32510.0,16.0,29.0,28.0,24.71,0.0,0.0,0.0,32510.0,16.0,29.0,28.0,1614725703.539,2021-03-02 22:55:03.539000034
23841459356,r7419443-n948219,0,85.69799995422363,31.0,31.631342,0.6313419342041016,Low,Low,30.0,40.0,100.0,2.313845998764038,5.484671997070314,85.69799995422363,27.137,0.0,0.0,0.0,32510.0,16.0,31.0,29.047,27.137,0.0,0.0,0.0,32510.0,16.0,31.0,29.047,27.31,0.0,0.0,0.0,32510.0,16.0,31.0,30.0,1613643824.331,2021-02-18 10:23:44.331000090
32426358971,r6727430-n303509,0,380.6819999217987,71.0,71.31817,0.3181686401367187,Critical,Critical,100.0,100.0,100.0,380.6819999217987,380.6819999217987,380.6819999217987,193.817,81.409,54.665,6627.022,25882.978,16.0,68.183,72.64,193.817,81.409,54.665,6627.022,25882.978,16.0,68.183,72.64,247.01,100.0,66.0,6799.0,32510.0,16.0,71.0,77.0,1613440226.704,2021-02-16 01:50:26.703999996
45156918534,r7419443-n948219,0,15240.115000009537,71.0,71.99662,0.9966201782226562,Critical,Critical,100.0,100.0,100.0,15240.115000009537,15240.115000009537,15240.115000009537,195.247,93.335,62.2,2795.769,29714.231,16.0,64.107,70.202,205.678,96.355,64.373,2885.298,29624.702,16.0,68.348,75.276,230.77,99.0,67.0,4309.0,32510.0,16.0,71.0,79.0,1613942596.731,2021-02-21 21:23:16.730999947
30763608010,r9480604-n410412,1,22.02899980545044,29.0,29.38775,0.3877506256103515,Low,Low,30.0,40.0,100.0,0.5947829947471618,1.4098559875488286,22.02899980545044,24.278,0.0,0.0,0.0,32510.0,16.0,29.0,27.0,24.278,0.0,0.0,0.0,32510.0,16.0,29.0,27.0,24.4,0.0,0.0,0.0,32510.0,16.0,29.0,27.0,1614734934.16,2021-03-03 01:28:54.160000086
56582247580,r974863-n410412,0,69.65199995040894,30.0,30.274683,0.2746829986572265,Low,Low,30.0,40.0,100.0,1.880603998661041,4.457727996826173,69.65199995040894,25.129,0.0,0.0,0.0,32510.0,16.0,30.0,29.968,25.129,0.0,0.0,0.0,32510.0,16.0,30.0,29.968,25.24,0.0,0.0,0.0,32510.0,16.0,30.0,30.0,1614734634.944,2021-03-03 01:23:54.944000006
4722135196,r7141590-n772143,1,2466.473999977112,31.0,34.258522,3.2585220336914062,Low,Low,30.0,40.0,100.0,66.59479799938201,157.8543359985352,2466.473999977112,27.303,0.0,0.0,0.0,32510.0,16.0,30.733,30.153,27.314,0.0,0.0,0.0,32510.0,16.0,30.935,30.045,27.53,0.0,0.0,0.0,32510.0,16.0,31.0,31.0,1614723650.481,2021-03-02 22:20:50.480999947
32793031471,r7753495-n200569,0,1321.2089998722076,33.0,41.447693,8.44769287109375,Low,Medium,30.0,40.0,100.0,35.6726429965496,84.5573759918213,1321.2089998722076,31.514,0.9,0.125,11733.945,20776.055,16.0,30.965,29.215,29.041,0.409,0.057,5331.019,27178.981,16.0,29.893,28.287,55.85,100.0,6.0,30707.0,32510.0,16.0,33.0,31.0,1614723861.828,2021-03-02 22:24:21.828000069
23211391888,r8972851-n303509,0,386.7000000476837,72.0,71.30416,-0.6958389282226562,Critical,Critical,100.0,100.0,100.0,386.7000000476837,386.7000000476837,386.7000000476837,197.229,80.791,54.273,6609.985,25900.015,16.0,67.962,72.7,197.229,80.791,54.273,6609.985,25900.015,16.0,67.962,72.7,251.33,95.0,64.0,6799.0,32510.0,16.0,72.0,77.0,1613603185.455,2021-02-17 23:06:25.454999924
36729748754,r4506251-n303766,0,527.300999879837,73.0,72.10595,-0.8940505981445312,Critical,Critical,100.0,100.0,100.0,527.300999879837,527.300999879837,527.300999879837,162.202,59.7,40.042,6704.68,25805.32,16.0,67.27,72.493,162.202,59.7,40.042,6704.68,25805.32,16.0,67.27,72.493,259.21,95.0,65.0,6799.0,32510.0,16.0,73.0,81.0,1613503938.051,2021-02-16 19:32:18.051000118
42881210924,r8275852-n303766,0,3387.718999862671,53.0,54.75385,1.7538490295410156,High,High,47.5,80.0,100.0,363.0681971884071,1734.512127929688,3387.718999862671,60.585,17.555,5.284,4006.594,28503.406,16.0,39.795,37.828,75.951,24.568,7.404,5838.444,26671.556,16.0,46.128,43.727,190.47,68.0,21.0,6233.0,32510.0,16.0,53.0,52.0,1613663487.779,2021-02-18 15:51:27.779000044
54425831372,r8972851-n200569,1,30244.83200001717,30.0,29.7398,-0.2602005004882812,Low,Low,30.0,40.0,100.0,816.6104640004635,1935.6692480010993,30244.83200001717,25.647,0.0,0.0,3.998,32506.002,16.0,29.02,28.342,25.536,0.0,0.0,4.0,32506.0,16.0,28.466,28.035,25.95,0.0,0.0,4.0,32510.0,16.0,30.0,29.0,1614716120.604,2021-03-02 20:15:20.604000092
38686190704,r2684277-n948219,0,8374.6859998703,73.0,72.28419,-0.7158126831054688,Critical,Critical,100.0,100.0,100.0,8374.6859998703,8374.6859998703,8374.6859998703,169.428,74.157,45.183,2578.109,29931.891,16.0,59.759,62.034,210.984,95.295,58.456,3304.434,29205.566,16.0,67.914,71.27,224.71,98.0,60.0,3361.0,32510.0,16.0,73.0,77.0,1614067656.434,2021-02-23 08:07:36.434000015
8607926066,r9170217-n948219,0,416.2339999675751,69.0,71.42549,2.4254913330078125,High,Critical,100.0,80.0,100.0,416.2339999675751,213.11180798339848,416.2339999675751,181.449,75.245,50.537,6581.548,25928.452,16.0,64.805,69.201,181.449,75.245,50.537,6581.548,25928.452,16.0,64.805,69.201,245.9,96.0,63.0,6807.0,32510.0,16.0,69.0,74.0,1613580376.808,2021-02-17 16:46:16.808000088
52827696491,r414303-n303509,0,2.315000057220459,35.0,35.89398,0.8939781188964844,Medium,Medium,30.0,60.0,100.0,0.06250500154495238,0.500040012359619,2.315000057220459,27.12,0.0,0.0,0.0,32510.0,16.0,34.261,34.609,27.12,0.0,0.0,0.0,32510.0,16.0,34.261,34.609,27.2,0.0,0.0,0.0,32510.0,16.0,35.0,35.0,1613429338.251,2021-02-15 22:48:58.250999927
37315816827,r9480604-n303766,0,31583.00699996948,61.0,59.990055,-1.0099449157714844,High,High,47.5,80.0,100.0,3384.8100783248537,16170.499583984378,31583.00699996948,99.745,47.437,19.797,26932.92,5577.08,16.0,46.291,45.826,101.067,46.664,19.555,28548.27,3961.73,16.0,49.031,48.691,269.27,100.0,73.0,28581.0,32510.0,16.0,61.0,66.0,1613356882.056,2021-02-15 02:41:22.055999994
3943041189,r8141575-n410412,1,166483.7730000019,37.0,38.167473,1.1674728393554688,Medium,Medium,30.0,60.0,100.0,4495.061871000051,35960.49496800041,166483.7730000019,35.099,0.019,0.0,801.013,31708.987,16.0,34.363,32.45,39.046,0.0,0.0,1203.542,31306.458,16.0,35.42,33.35,39.69,24.0,1.0,1205.0,32510.0,16.0,37.0,35.0,1614181447.97,2021-02-24 15:44:07.970000029
38580272243,r3974592-n303509,0,364.8729999065399,33.0,33.845337,0.8453369140625,Low,Low,30.0,40.0,100.0,9.851570997476577,23.35187199401856,364.8729999065399,26.597,0.45,0.0,264.12,32245.88,16.0,30.321,29.144,26.597,0.45,0.0,264.12,32245.88,16.0,30.321,29.144,39.15,25.0,1.0,2480.0,32510.0,16.0,33.0,31.0,1613178198.194,2021-02-13 01:03:18.194000006
623371232,r7753495-n303509,0,206.606999874115,41.0,42.781143,1.7811431884765625,Medium,Medium,30.0,60.0,100.0,5.578388996601104,44.627111972808834,206.606999874115,38.749,0.47,0.018,1001.242,31508.758,16.0,40.315,38.12,38.749,0.47,0.018,1001.242,31508.758,16.0,40.315,38.12,57.32,27.0,2.0,1093.0,32510.0,16.0,41.0,39.0,1613372681.686,2021-02-15 07:04:41.686000109
897068570,r8024255-n303766,0,14853.271999835968,34.0,35.984352,1.9843521118164065,Low,Medium,30.0,40.0,100.0,401.0383439955711,950.6094079895022,14853.271999835968,26.904,0.0,0.0,2.957,32507.043,16.0,33.831,31.664,26.767,0.0,0.0,3.958,32506.042,16.0,33.152,31.012,27.16,0.0,0.0,4.0,32510.0,16.0,34.0,32.0,1614373454.364,2021-02-26 21:04:14.364000082
63194635547,r1039410-n948219,1,39659.823999881744,34.0,34.01366,0.0136604309082031,Low,Low,30.0,40.0,100.0,1070.8152479968069,2538.228735992432,39659.823999881744,33.409,0.017,0.0,827.782,31682.218,16.0,31.974,28.588,37.103,0.0,0.0,1199.31,31310.69,16.0,33.956,30.001,38.27,24.0,1.0,1205.0,32510.0,16.0,34.0,31.0,1613435990.841,2021-02-16 00:39:50.841000080
42715354933,r6727430-n772143,1,19.401000022888184,29.0,29.472393,0.4723930358886719,Low,Low,30.0,40.0,100.0,0.5238270006179809,1.2416640014648441,19.401000022888184,26.396,0.0,0.0,0.0,32510.0,16.0,28.725,27.94,26.396,0.0,0.0,0.0,32510.0,16.0,28.725,27.94,26.46,0.0,0.0,0.0,32510.0,16.0,29.0,28.0,1614725066.192,2021-03-02 22:44:26.191999912
62551518142,r7317916-n948219,1,367.6199998855591,71.0,71.83279,0.8327865600585938,Critical,Critical,100.0,100.0,100.0,367.6199998855591,367.6199998855591,367.6199998855591,204.6,85.112,57.296,6668.256,25841.744,16.0,65.12,70.52,204.6,85.112,57.296,6668.256,25841.744,16.0,65.12,70.52,257.52,95.0,66.0,6807.0,32510.0,16.0,71.0,78.0,1613478268.667,2021-02-16 12:24:28.667000055
10086618948,r414303-n303509,0,1.7710001468658447,43.0,43.8021,0.8021011352539062,Medium,Medium,30.0,60.0,100.0,0.0478170039653778,0.3825360317230224,1.7710001468658447,28.858,0.0,0.0,0.0,32510.0,16.0,42.444,44.0,28.858,0.0,0.0,0.0,32510.0,16.0,42.444,44.0,28.95,0.0,0.0,0.0,32510.0,16.0,43.0,44.0,1613429094.09,2021-02-15 22:44:54.089999914
48232555752,r810901-n303509,1,34220.480999946594,49.0,49.147263,0.1472625732421875,High,High,47.5,80.0,100.0,3667.4731121661507,17520.88627197266,34220.480999946594,58.958,21.389,9.243,1396.247,31113.753,16.0,39.452,40.066,73.158,33.368,14.413,1536.457,30973.543,16.0,45.974,47.415,126.4,46.0,21.0,1539.0,32510.0,16.0,49.0,51.0,1613101994.003,2021-02-12 03:53:14.003000021
7886294256,r9648383-n303766,1,8048.490000009537,45.0,49.106262,4.10626220703125,High,High,47.5,80.0,100.0,862.5717642197719,4120.826880004884,8048.490000009537,60.255,42.04,25.893,18154.866,14355.134,16.0,39.034,38.138,68.268,52.394,32.106,25901.313,6608.687,16.0,42.496,42.05,202.44,100.0,79.0,32427.0,32510.0,16.0,45.0,46.0,1614121454.289,2021-02-23 23:04:14.289000034
10045588334,r7269000-n948219,0,9.412000179290771,40.0,40.4489,0.4488983154296875,Medium,Medium,30.0,60.0,100.0,0.2541240048408508,2.0329920387268063,9.412000179290771,37.283,1.652,0.022,380.438,32129.562,16.0,39.483,38.0,37.283,1.652,0.022,380.438,32129.562,16.0,39.483,38.0,42.72,23.0,1.0,1197.0,32510.0,16.0,40.0,38.0,1613430165.498,2021-02-15 23:02:45.497999907
51797859798,r414303-n303509,0,94950.6470000744,63.0,61.837082,-1.1629180908203125,High,High,47.5,80.0,100.0,10176.038871461098,48614.731264038106,94950.6470000744,97.109,46.34,6.912,4541.596,27968.404,16.0,48.122,48.282,128.058,64.491,9.631,6233.534,26276.466,16.0,59.954,60.994,259.23,100.0,24.0,9875.0,32510.0,16.0,63.0,66.0,1613334090.685,2021-02-14 20:21:30.684999943
31156789660,r44132-n303766,0,357.21399998664856,72.0,71.36943,-0.6305694580078125,Critical,Critical,100.0,100.0,100.0,357.21399998664856,357.21399998664856,357.21399998664856,208.528,87.82,58.937,6652.693,25857.307,16.0,68.347,75.524,208.528,87.82,58.937,6652.693,25857.307,16.0,68.347,75.524,252.26,96.0,64.0,6799.0,32510.0,16.0,72.0,80.0,1613467436.613,2021-02-16 09:23:56.612999916
2067157326,r4683026-n948219,0,1407.59099984169,50.0,49.581394,-0.4186058044433594,High,High,47.5,80.0,100.0,150.8541666861586,720.6865919189455,1407.59099984169,53.405,19.961,2.671,887.161,31622.839,16.0,44.109,44.069,60.95,25.532,3.42,1132.488,31377.512,16.0,46.511,46.499,114.79,89.0,12.0,1315.0,32510.0,16.0,50.0,50.0,1613862458.351,2021-02-20 23:07:38.351000071
39339051459,r6727430-n303509,0,345.4319999217987,71.0,71.34512,0.345123291015625,Critical,Critical,100.0,100.0,100.0,345.4319999217987,345.4319999217987,345.4319999217987,208.344,89.803,60.275,6666.717,25843.283,16.0,68.417,73.523,208.344,89.803,60.275,6666.717,25843.283,16.0,68.417,73.523,247.05,95.0,64.0,6807.0,32510.0,16.0,71.0,77.0,1613434430.551,2021-02-16 00:13:50.551000118
22729539516,r7462820-n303766,0,352.0440001487732,73.0,71.3795,-1.6204986572265625,Critical,Critical,100.0,100.0,100.0,352.0440001487732,352.0440001487732,352.0440001487732,209.211,89.01,59.74,6661.597,25848.403,16.0,68.535,73.827,209.211,89.01,59.74,6661.597,25848.403,16.0,68.535,73.827,249.62,95.0,66.0,6793.0,32510.0,16.0,73.0,78.0,1613653559.445,2021-02-18 13:05:59.444999933
33240464125,r7317916-n948219,0,386.5460000038147,72.0,71.45055,-0.5494537353515625,Critical,Critical,100.0,100.0,100.0,386.5460000038147,386.5460000038147,386.5460000038147,187.992,81.06,54.486,6588.802,25921.198,16.0,67.779,75.07,187.992,81.06,54.486,6588.802,25921.198,16.0,67.779,75.07,241.2,94.0,64.0,6793.0,32510.0,16.0,72.0,80.0,1613483934.763,2021-02-16 13:58:54.763000011
5307833186,r216287-n303509,1,169.4060001373291,43.0,49.02258,6.022579193115234,Medium,High,47.5,60.0,100.0,18.155558670967814,36.59169602966308,169.4060001373291,67.185,40.262,15.578,1302.799,31207.201,16.0,41.913,41.211,67.185,40.262,15.578,1302.799,31207.201,16.0,41.913,41.211,78.74,56.0,20.0,1331.0,32510.0,16.0,43.0,42.0,1612829313.064,2021-02-09 00:08:33.063999891
63207838141,r7317916-n948219,1,406.8230001926422,73.0,70.90523,-2.0947723388671875,Critical,High,47.5,100.0,100.0,43.59998372377082,406.8230001926422,406.8230001926422,189.986,76.992,51.734,6600.644,25909.356,16.0,64.082,68.708,189.986,76.992,51.734,6600.644,25909.356,16.0,64.082,68.708,256.82,94.0,63.0,6807.0,32510.0,16.0,73.0,78.0,1613480863.307,2021-02-16 13:07:43.306999922
51131212052,r9648383-n410412,0,90060.76300001144,34.0,35.287468,1.2874679565429688,Low,Medium,30.0,40.0,100.0,2431.640601000309,5763.888832000734,90060.76300001144,26.212,0.0,0.0,2.802,32507.198,16.0,32.494,31.915,26.118,0.0,0.0,3.992,32506.008,16.0,32.181,31.933,26.72,0.0,0.0,4.0,32510.0,16.0,34.0,34.0,1614259836.518,2021-02-25 13:30:36.517999887
7978181999,r368967-n772143,1,14096.02999997139,32.0,31.215479,-0.7845211029052734,Low,Low,30.0,40.0,100.0,380.5928099992275,902.1459199981691,14096.02999997139,26.38,0.0,0.0,0.0,32510.0,16.0,31.0,28.0,26.38,0.0,0.0,0.0,32510.0,16.0,30.796,27.983,26.69,0.0,0.0,0.0,32510.0,16.0,32.0,29.0,1614717433.657,2021-03-02 20:37:13.657000065
58844228286,r4144777-n200569,0,36782.44000005722,39.0,32.205578,-6.794422149658203,Medium,Low,30.0,60.0,100.0,993.1258800015448,7945.007040012359,36782.44000005722,26.604,0.0,0.0,0.002,32509.998,16.0,29.4,27.359,28.124,0.0,0.0,0.0,32510.0,16.0,37.946,36.101,28.86,0.0,0.0,4.0,32510.0,16.0,39.0,38.0,1614723250.151,2021-03-02 22:14:10.151000023
53142726496,r44132-n303766,0,96599.35699987411,52.0,53.667507,1.6675071716308594,High,High,47.5,80.0,100.0,10352.734213470882,49458.870783935556,96599.35699987411,59.432,22.961,14.822,3931.547,28578.453,16.0,37.317,38.313,84.478,44.467,28.803,4736.887,27773.113,16.0,46.123,49.27,156.77,59.0,43.0,4742.0,32510.0,16.0,52.0,58.0,1613169944.059,2021-02-12 22:45:44.059000015
32543208702,r1051355-n172107,0,10930.448000192642,44.0,46.09851,2.0985107421875,Medium,High,47.5,60.0,100.0,1171.4366067706458,2360.9767680416103,10930.448000192642,62.222,29.517,12.32,30750.307,1759.693,16.0,42.551,43.211,59.118,26.936,11.157,31053.097,1456.903,16.0,41.2,41.585,135.63,100.0,20.0,31071.0,32510.0,16.0,44.0,46.0,1614745153.317,2021-03-03 04:19:13.316999912
16262954922,r6707841-n200569,0,5369.861999988556,35.0,36.80291,1.8029098510742188,Medium,Medium,30.0,60.0,100.0,144.98627399969098,1159.8901919975278,5369.861999988556,38.262,0.018,0.0,1027.243,31482.757,16.0,34.836,31.459,38.39,0.003,0.0,1037.367,31472.633,16.0,34.719,31.616,40.12,21.0,1.0,1039.0,32510.0,16.0,35.0,32.0,1614719066.224,2021-03-02 21:04:26.223999977
27953383585,r7753495-n303509,0,8176.463999986649,50.0,43.033913,-6.966087341308594,High,Medium,30.0,80.0,100.0,220.76452799963948,4186.349567993165,8176.463999986649,39.062,7.093,1.553,669.451,31840.549,16.0,33.672,31.828,47.094,14.011,3.444,1000.817,31509.183,16.0,36.444,34.561,110.37,44.0,11.0,1027.0,32510.0,16.0,50.0,49.0,1613545773.952,2021-02-17 07:09:33.951999903
35839276130,r6727430-n303509,0,345.6490001678467,71.0,71.30283,0.3028335571289062,Critical,Critical,100.0,100.0,100.0,345.6490001678467,345.6490001678467,345.6490001678467,209.016,89.677,60.227,6656.211,25853.789,16.0,68.338,73.399,209.016,89.677,60.227,6656.211,25853.789,16.0,68.338,73.399,247.04,95.0,64.0,6799.0,32510.0,16.0,71.0,77.0,1613434084.735,2021-02-16 00:08:04.734999895
43244798064,r974863-n410412,0,351.7720000743866,71.0,71.212204,0.2122039794921875,Critical,Critical,100.0,100.0,100.0,351.7720000743866,351.7720000743866,351.7720000743866,214.2,89.753,60.037,6640.915,25869.085,16.0,67.746,72.983,214.2,89.753,60.037,6640.915,25869.085,16.0,67.746,72.983,260.86,96.0,65.0,6801.0,32510.0,16.0,71.0,77.0,1613448890.735,2021-02-16 04:14:50.734999895
30174376074,r216287-n303509,1,52.83200001716614,29.0,29.69981,0.6998100280761719,Low,Low,30.0,40.0,100.0,1.4264640004634854,3.3812480010986334,52.83200001716614,26.15,0.0,0.0,3.062,32506.938,16.0,29.0,27.998,26.15,0.0,0.0,3.062,32506.938,16.0,29.0,27.998,26.42,0.0,0.0,4.0,32510.0,16.0,29.0,28.0,1613099539.555,2021-02-12 03:12:19.555000067
13747531195,r9515777-n303766,0,7.418999910354614,41.0,41.558678,0.5586776733398438,Medium,Medium,30.0,60.0,100.0,0.20031299757957455,1.6025039806365964,7.418999910354614,30.408,0.423,0.0,104.31,32405.69,16.0,40.183,38.0,30.408,0.423,0.0,104.31,32405.69,16.0,40.183,38.0,40.18,9.0,0.0,457.0,32510.0,16.0,41.0,38.0,1614488155.141,2021-02-28 04:55:55.141000032
27875383871,r2215649-n303766,0,207563.08100008965,38.0,42.0851,4.0850982666015625,Medium,Medium,30.0,60.0,100.0,5604.203187002419,44833.625496019355,207563.08100008965,29.266,0.02,0.0,372.285,32137.715,16.0,32.907,30.311,37.648,0.0,0.0,1202.627,31307.373,16.0,36.658,33.885,39.12,24.0,1.0,1205.0,32510.0,16.0,38.0,36.0,1614140369.615,2021-02-24 04:19:29.615000010
53913359789,r9170217-n303509,0,351.16799998283386,71.0,71.40432,0.4043197631835937,Critical,Critical,100.0,100.0,100.0,351.16799998283386,351.16799998283386,351.16799998283386,210.65,88.743,59.552,6646.555,25863.445,16.0,67.825,69.83,210.65,88.743,59.552,6646.555,25863.445,16.0,67.825,69.83,254.83,95.0,64.0,6793.0,32510.0,16.0,71.0,73.0,1613435809.535,2021-02-16 00:36:49.535000086
61569077755,r9852763-n200569,1,5373.90399980545,33.0,33.95753,0.9575309753417968,Low,Low,30.0,40.0,100.0,145.09540799474715,343.92985598754893,5373.90399980545,38.919,0.015,0.0,1023.695,31486.305,16.0,31.838,30.742,39.093,0.003,0.0,1036.972,31473.028,16.0,31.938,30.847,40.65,21.0,1.0,1039.0,32510.0,16.0,33.0,32.0,1614719062.193,2021-03-02 21:04:22.193000078
33238422153,r5179276-n948219,0,198123.2380001545,55.0,57.291935,2.291934967041016,High,High,47.5,80.0,100.0,21233.238897547806,101439.09785607913,198123.2380001545,72.691,37.012,13.373,6058.65,26451.35,16.0,44.715,44.482,99.347,62.597,22.707,8957.157,23552.843,16.0,50.964,51.418,165.6,100.0,33.0,8966.0,32510.0,16.0,55.0,57.0,1613183307.074,2021-02-13 02:28:27.073999882
1455662346,r7141590-n172107,0,11058.983999967577,44.0,44.399014,0.3990135192871094,Medium,Medium,30.0,60.0,100.0,298.5925679991245,2388.740543992996,11058.983999967577,63.902,28.781,12.026,30600.568,1909.432,16.0,40.844,40.614,61.384,26.526,11.01,31045.182,1464.818,16.0,41.215,40.967,144.44,100.0,20.0,31071.0,32510.0,16.0,44.0,44.0,1614736440.713,2021-03-03 01:54:00.713000059
46593005199,r974863-n410412,0,43.84800004959106,37.0,37.373432,0.3734321594238281,Medium,Medium,30.0,60.0,100.0,1.1838960013389583,9.471168010711667,43.84800004959106,26.044,0.0,0.0,3.0,32507.0,16.0,37.0,36.734,26.044,0.0,0.0,3.0,32507.0,16.0,37.0,36.734,26.32,0.0,0.0,4.0,32510.0,16.0,37.0,37.0,1613011071.986,2021-02-11 02:37:51.986000061
7950780746,r216287-n303509,1,2.621999979019165,37.0,38.39803,1.398029327392578,Medium,Medium,30.0,60.0,100.0,0.07079399943351744,0.5663519954681395,2.621999979019165,27.565,0.0,0.0,2.385,32507.615,16.0,37.0,35.077,27.565,0.0,0.0,2.385,32507.615,16.0,37.0,35.077,27.68,0.0,0.0,4.0,32510.0,16.0,37.0,36.0,1612829834.918,2021-02-09 00:17:14.917999983
5805000493,r5179276-n948219,0,355.5460000038147,71.0,71.40201,0.402008056640625,Critical,Critical,100.0,100.0,100.0,355.5460000038147,355.5460000038147,355.5460000038147,204.649,87.883,59.119,6663.102,25846.898,16.0,68.262,75.726,204.649,87.883,59.119,6663.102,25846.898,16.0,68.262,75.726,245.05,95.0,66.0,6807.0,32510.0,16.0,71.0,79.0,1613579802.574,2021-02-17 16:36:42.573999882
1198345028,r4506251-n410412,0,86.30399990081787,50.0,45.759766,-4.240234375,High,High,47.5,80.0,100.0,9.249361489370465,44.18764794921876,86.30399990081787,32.796,0.0,0.0,0.0,32510.0,16.0,44.245,43.755,32.796,0.0,0.0,0.0,32510.0,16.0,44.245,43.755,49.61,0.0,0.0,0.0,32510.0,16.0,50.0,49.0,1613390607.648,2021-02-15 12:03:27.648000002
61034640097,r7462820-n410412,1,367.2019999027252,73.0,71.461876,-1.5381240844726562,Critical,Critical,100.0,100.0,100.0,367.2019999027252,367.2019999027252,367.2019999027252,205.719,85.865,57.627,6524.504,25985.496,16.0,64.68,67.978,205.719,85.865,57.627,6524.504,25985.496,16.0,64.68,67.978,260.77,97.0,65.0,6801.0,32510.0,16.0,73.0,78.0,1613571526.815,2021-02-17 14:18:46.815000057
25252149395,r7141590-n303509,0,2.360999822616577,39.0,39.553112,0.5531120300292969,Medium,Medium,30.0,60.0,100.0,0.06374699521064757,0.5099759616851806,2.360999822616577,26.85,0.0,0.0,0.348,32509.652,16.0,39.0,38.0,26.85,0.0,0.0,0.348,32509.652,16.0,39.0,38.0,27.07,0.0,0.0,4.0,32510.0,16.0,39.0,38.0,1613145836.545,2021-02-12 16:03:56.545000076
48569767813,r7753495-n303509,0,22.40000009536743,30.0,30.248821,0.2488212585449218,Low,Low,30.0,40.0,100.0,0.6048000025749206,1.433600006103516,22.40000009536743,24.672,0.0,0.0,0.0,32510.0,16.0,30.0,29.0,24.672,0.0,0.0,0.0,32510.0,16.0,30.0,29.0,24.83,0.0,0.0,0.0,32510.0,16.0,30.0,29.0,1613565146.587,2021-02-17 12:32:26.586999893
29495357384,r8275852-n303766,0,354.8069999217987,73.0,71.76148,-1.2385177612304688,Critical,Critical,100.0,100.0,100.0,354.8069999217987,354.8069999217987,354.8069999217987,201.018,87.945,59.222,6657.947,25852.053,16.0,67.144,70.851,201.018,87.945,59.222,6657.947,25852.053,16.0,67.144,70.851,243.57,95.0,65.0,6807.0,32510.0,16.0,73.0,78.0,1613667303.808,2021-02-18 16:55:03.808000088
21121345712,r9988778-n303766,0,29846.433000087734,73.0,60.364956,-12.63504409790039,Critical,High,47.5,100.0,100.0,3198.698186681277,29846.433000087734,29846.433000087734,61.765,14.239,8.41,3269.638,29240.362,16.0,41.038,40.714,91.679,27.543,16.304,9291.917,23218.083,16.0,52.397,52.791,258.41,100.0,67.0,10485.0,32510.0,16.0,73.0,78.0,1614715624.171,2021-03-02 20:07:04.171000004
34859094387,r8473362-n410412,0,130265.77799987792,41.0,37.00076,-3.9992408752441406,Medium,Medium,30.0,60.0,100.0,3517.176005996703,28137.408047973626,130265.77799987792,36.197,0.06,0.014,2090.826,30419.174,16.0,34.191,31.923,38.037,0.067,0.021,2887.284,29622.716,16.0,38.096,35.77,87.61,46.0,10.0,2891.0,32510.0,16.0,41.0,40.0,1613659202.088,2021-02-18 14:40:02.088000059
23202874310,r8024255-n410412,0,420.3729999065399,72.0,71.44027,-0.5597305297851562,Critical,Critical,100.0,100.0,100.0,420.3729999065399,420.3729999065399,420.3729999065399,185.276,74.653,50.147,6535.541,25974.459,16.0,67.62,71.101,185.276,74.653,50.147,6535.541,25974.459,16.0,67.62,71.101,253.45,94.0,63.0,6793.0,32510.0,16.0,72.0,76.0,1613528304.377,2021-02-17 02:18:24.377000093
58717225052,r3974592-n172107,1,10914.12599992752,31.0,31.84579,0.8457908630371094,Low,Low,30.0,40.0,100.0,294.68140199804304,698.5040639953615,10914.12599992752,48.807,25.906,7.22,30723.459,1786.541,16.0,29.998,28.693,48.133,25.479,7.055,31051.595,1458.405,16.0,29.943,28.503,106.97,100.0,11.0,31071.0,32510.0,16.0,31.0,30.0,1614747672.305,2021-03-03 05:01:12.305000067
24430576150,r8141575-n303766,0,184.65899991989136,34.0,39.058105,5.05810546875,Low,Medium,30.0,40.0,100.0,4.985792997837066,11.81817599487305,184.65899991989136,26.748,0.296,0.048,227.857,32282.143,16.0,32.052,32.043,26.748,0.296,0.048,227.857,32282.143,16.0,32.052,32.043,64.13,79.0,23.0,7733.0,32510.0,16.0,34.0,35.0,1614251757.265,2021-02-25 11:15:57.265000105
3975864097,r9988778-n303766,0,379.2539999485016,73.0,71.6718,-1.3282012939453125,Critical,Critical,100.0,100.0,100.0,379.2539999485016,379.2539999485016,379.2539999485016,195.936,82.755,55.367,6195.116,26314.884,16.0,63.566,69.822,195.936,82.755,55.367,6195.116,26314.884,16.0,63.566,69.822,256.17,95.0,65.0,6865.0,32510.0,16.0,73.0,80.0,1613462091.101,2021-02-16 07:54:51.101000071
8182770269,r9170217-n303509,0,353.914999961853,72.0,71.44665,-0.5533523559570312,Critical,Critical,100.0,100.0,100.0,353.914999961853,353.914999961853,353.914999961853,209.742,87.837,59.005,6663.511,25846.489,16.0,68.46,70.051,209.742,87.837,59.005,6663.511,25846.489,16.0,68.46,70.051,254.0,94.0,64.0,6807.0,32510.0,16.0,72.0,74.0,1613438723.332,2021-02-16 01:25:23.332000017
2839751274,r2684277-n948219,0,3345.023999929428,60.0,50.409332,-9.590667724609377,High,High,47.5,80.0,100.0,358.4924939924366,1712.6522879638676,3345.023999929428,57.274,24.049,5.004,990.403,31519.597,16.0,45.411,43.833,66.435,34.859,7.305,1074.48,31435.52,16.0,47.837,46.238,103.9,46.0,10.0,1093.0,32510.0,16.0,60.0,59.0,1614076033.326,2021-02-23 10:27:13.325999975
40108309088,r4683026-n772143,0,6.026999950408936,31.0,31.53933,0.5393295288085938,Low,Low,30.0,40.0,100.0,0.16272899866104126,0.38572799682617204,6.026999950408936,25.875,0.0,0.0,0.0,32510.0,16.0,31.0,28.946,25.875,0.0,0.0,0.0,32510.0,16.0,31.0,28.946,25.97,0.0,0.0,0.0,32510.0,16.0,31.0,29.0,1614726048.114,2021-03-02 23:00:48.114000082
58117322031,r7753495-n303509,0,2961.983999967575,51.0,50.61903,-0.3809700012207031,High,High,47.5,80.0,100.0,317.4413789965249,1516.5358079833989,2961.983999967575,63.324,26.773,7.431,1070.306,31439.694,16.0,45.539,43.681,70.906,34.28,9.554,1088.159,31421.841,16.0,48.795,47.22,112.61,47.0,14.0,1093.0,32510.0,16.0,51.0,50.0,1613358579.64,2021-02-15 03:09:39.640000105
34065954947,r810901-n948219,0,40295.375,39.0,40.62807,1.628070831298828,Medium,Medium,30.0,60.0,100.0,1087.975125,8703.801,40295.375,40.66,4.316,0.903,1017.779,31492.221,16.0,34.241,34.013,42.74,4.699,0.965,1155.92,31354.08,16.0,35.393,35.185,104.46,53.0,12.0,1159.0,32510.0,16.0,39.0,39.0,1613982361.414,2021-02-22 08:26:01.414000034
51522343752,r492024-n303766,0,354.2310001850128,72.0,71.27957,-0.720428466796875,Critical,Critical,100.0,100.0,100.0,354.2310001850128,354.2310001850128,354.2310001850128,206.888,87.549,58.894,6604.188,25905.812,16.0,67.749,72.339,206.888,87.549,58.894,6604.188,25905.812,16.0,67.749,72.339,250.37,95.0,64.0,6799.0,32510.0,16.0,72.0,77.0,1613430441.12,2021-02-15 23:07:21.119999886
62204565968,r4683026-n303509,1,353.67500019073486,35.0,38.22239,3.2223892211914062,Medium,Medium,30.0,60.0,100.0,9.54922500514984,76.39380004119872,353.67500019073486,31.43,1.567,0.413,594.634,31915.366,16.0,31.886,30.134,31.43,1.567,0.413,594.634,31915.366,16.0,31.886,30.134,156.47,37.0,11.0,1905.0,32510.0,16.0,35.0,34.0,1613055997.567,2021-02-11 15:06:37.566999912
49970964412,r8024255-n303766,0,15825.391999959946,47.0,45.43381,-1.5661888122558594,High,High,47.5,80.0,100.0,1696.0369332457071,8102.600703979494,15825.391999959946,61.87,27.517,11.415,30734.384,1775.616,16.0,42.006,40.463,59.701,23.399,9.635,31058.006,1451.994,16.0,44.412,42.61,145.05,100.0,20.0,31071.0,32510.0,16.0,47.0,46.0,1614194894.364,2021-02-24 19:28:14.364000082
58729630773,r4506251-n410412,0,5349.279000043869,53.0,52.665897,-0.3341026306152344,High,High,47.5,80.0,100.0,573.2922603328265,2738.8308480224614,5349.279000043869,66.688,32.506,7.644,1262.035,31247.965,16.0,47.958,46.666,75.115,39.487,9.394,1507.805,31002.195,16.0,51.065,49.872,124.72,53.0,14.0,1539.0,32510.0,16.0,53.0,52.0,1613240181.905,2021-02-13 18:16:21.904999971
10998208221,r44132-n303766,0,361.73099994659424,71.0,71.34659,0.346588134765625,Critical,Critical,100.0,100.0,100.0,361.73099994659424,361.73099994659424,361.73099994659424,206.666,87.136,58.42,6641.739,25868.261,16.0,67.858,74.87,206.666,87.136,58.42,6641.739,25868.261,16.0,67.858,74.87,250.79,95.0,65.0,6793.0,32510.0,16.0,71.0,79.0,1613465967.322,2021-02-16 08:59:27.322000027
38286911624,r492024-n303766,1,9404.206000089644,67.0,57.45404,-9.54595947265625,High,High,47.5,80.0,100.0,1007.8663899158571,4814.953472045899,9404.206000089644,72.437,30.202,10.322,1996.344,30513.656,16.0,47.922,46.692,99.119,49.474,16.962,2586.76,29923.24,16.0,61.971,60.41,159.15,70.0,25.0,2627.0,32510.0,16.0,67.0,66.0,1613409090.373,2021-02-15 17:11:30.372999907
39270476703,r4506251-n303766,0,1.991999864578247,46.0,47.80861,1.8086090087890625,High,High,47.5,80.0,100.0,0.2134863604865968,1.0199039306640627,1.991999864578247,31.944,0.0,0.0,0.5,32509.5,16.0,46.0,47.95,31.944,0.0,0.0,0.5,32509.5,16.0,46.0,47.95,32.06,0.0,0.0,4.0,32510.0,16.0,46.0,48.0,1613507959.594,2021-02-16 20:39:19.594000101
53473705884,r7317916-n948219,0,352.4270000457764,73.0,71.40201,-1.597991943359375,Critical,Critical,100.0,100.0,100.0,352.4270000457764,352.4270000457764,352.4270000457764,198.774,89.262,60.115,6647.14,25862.86,16.0,67.933,76.333,198.774,89.262,60.115,6647.14,25862.86,16.0,67.933,76.333,238.76,95.0,67.0,6793.0,32510.0,16.0,73.0,82.0,1613477134.802,2021-02-16 12:05:34.802000046
33182342925,r7462820-n303766,0,349.3829998970032,72.0,71.32249,-0.6775131225585938,Critical,Critical,100.0,100.0,100.0,349.3829998970032,349.3829998970032,349.3829998970032,210.625,89.647,60.225,6664.037,25845.963,16.0,68.35,73.732,210.625,89.647,60.225,6664.037,25845.963,16.0,68.35,73.732,249.04,95.0,66.0,6799.0,32510.0,16.0,72.0,78.0,1613653209.891,2021-02-18 13:00:09.891000032
44216461157,r9480604-n410412,0,3546.914999961853,45.0,43.668213,-1.331787109375,High,Medium,30.0,80.0,100.0,95.76670499897001,1816.0204799804692,3546.914999961853,45.74,13.848,2.466,30497.225,2012.775,16.0,41.764,39.403,45.561,12.391,2.119,30966.527,1543.473,16.0,43.17,40.817,61.24,100.0,12.0,31071.0,32510.0,16.0,45.0,43.0,1614182879.559,2021-02-24 16:07:59.559000015
30834867273,r8473362-n410412,0,24136.54600000381,33.0,37.14938,4.149379730224609,Low,Medium,30.0,40.0,100.0,651.6867420001028,1544.7389440002444,24136.54600000381,26.804,0.0,0.0,0.145,32509.855,16.0,32.149,30.299,26.802,0.0,0.0,0.015,32509.985,16.0,32.088,30.162,27.09,0.0,0.0,4.0,32510.0,16.0,33.0,31.0,1612988828.645,2021-02-10 20:27:08.644999981
36009235761,r7753495-n303509,0,177298.91799998283,38.0,34.045837,-3.95416259765625,Medium,Low,30.0,60.0,100.0,4787.0707859995355,38296.566287996284,177298.91799998283,36.309,3.43,0.02,1053.811,31456.189,16.0,33.206,31.223,39.053,5.175,0.05,2029.736,30480.264,16.0,34.83,32.755,50.53,46.0,2.0,2047.0,32510.0,16.0,38.0,35.0,1612806787.153,2021-02-08 17:53:07.153000116
16285697235,r9480604-n303766,0,22341.65700006485,59.0,55.130997,-3.8690032958984375,High,High,47.5,80.0,100.0,2394.3972713038247,11438.928384033206,22341.65700006485,67.934,19.646,11.044,4618.139,27891.861,16.0,40.513,39.01,87.333,27.73,15.81,8522.438,23987.562,16.0,48.536,47.988,229.44,100.0,65.0,9169.0,32510.0,16.0,59.0,62.0,1613388743.98,2021-02-15 11:32:23.980000019
29582558715,r9170217-n948219,0,5.980000019073486,35.0,35.31049,0.3104896545410156,Medium,Medium,30.0,60.0,100.0,0.1614600005149841,1.2916800041198728,5.980000019073486,27.851,0.0,0.0,0.0,32510.0,16.0,35.0,33.737,27.851,0.0,0.0,0.0,32510.0,16.0,35.0,33.737,27.99,0.0,0.0,0.0,32510.0,16.0,35.0,34.0,1613429320.862,2021-02-15 22:48:40.861999989
63644708748,r8024255-n303766,0,38251.18899989128,51.0,50.31238,-0.6876182556152344,High,High,47.5,80.0,100.0,4099.451646097723,19584.60876794434,38251.18899989128,58.433,32.556,18.971,16774.739,15735.261,16.0,41.268,40.641,69.595,41.166,24.027,28248.654,4261.346,16.0,47.049,46.952,214.78,100.0,100.0,31701.0,32510.0,16.0,51.0,57.0,1614221945.265,2021-02-25 02:59:05.265000105
33343673189,r7462820-n303766,0,5507.507000207901,43.0,42.697384,-0.3026161193847656,Medium,Medium,30.0,60.0,100.0,148.7026890056133,1189.6215120449065,5507.507000207901,44.482,13.298,3.475,1115.18,31394.82,16.0,35.813,34.207,60.057,33.68,8.173,1551.324,30958.676,16.0,41.055,39.733,118.77,56.0,16.0,1605.0,32510.0,16.0,43.0,42.0,1613323609.748,2021-02-14 17:26:49.747999907
13528340621,r1039410-n172107,1,14096.023000001907,30.0,30.213957,0.2139568328857422,Low,Low,30.0,40.0,100.0,380.59262100005145,902.1454720001223,14096.023000001907,24.698,0.0,0.0,0.0,32510.0,16.0,29.0,27.999,24.445,0.0,0.0,0.0,32510.0,16.0,27.206,25.771,24.92,0.0,0.0,0.0,32510.0,16.0,30.0,29.0,1614717433.654,2021-03-02 20:37:13.654000044
21098985056,r2215649-n410412,1,39.875,31.0,31.109522,0.1095218658447265,Low,Low,30.0,40.0,100.0,1.076625,2.5520000000000005,39.875,26.119,0.0,0.0,0.0,32510.0,16.0,31.0,29.0,26.119,0.0,0.0,0.0,32510.0,16.0,31.0,29.0,26.29,0.0,0.0,0.0,32510.0,16.0,31.0,29.0,1614734527.46,2021-03-03 01:22:07.460000038
45688606540,r6727430-n303509,0,10382.495000123978,40.0,40.077297,0.0772972106933593,Medium,Medium,30.0,60.0,100.0,280.3273650033474,2242.618920026779,10382.495000123978,27.541,0.0,0.0,3.926,32506.074,16.0,38.286,35.621,27.752,0.0,0.0,3.996,32506.004,16.0,39.302,36.763,28.3,0.0,0.0,4.0,32510.0,16.0,40.0,38.0,1613013093.438,2021-02-11 03:11:33.437999964
12431525495,r492024-n410412,1,40487.39899992943,50.0,48.480694,-1.519306182861328,High,High,47.5,80.0,100.0,4339.110464695561,20729.548287963873,40487.39899992943,54.688,27.076,15.327,13288.005,19221.995,16.0,37.27,37.227,75.217,45.919,24.49,31082.672,1427.328,16.0,45.726,45.268,239.94,100.0,100.0,31623.0,32510.0,16.0,50.0,54.0,1614327627.243,2021-02-26 08:20:27.243000031
57156085806,r5051220-n772143,1,11289.769999980928,38.0,39.402756,1.4027557373046875,Medium,Medium,30.0,60.0,100.0,304.82378999948503,2438.5903199958802,11289.769999980928,46.299,25.37,3.788,30263.64,2246.36,16.0,36.783,36.383,45.543,22.687,3.356,31027.802,1482.198,16.0,35.912,34.987,101.48,100.0,6.0,31071.0,32510.0,16.0,38.0,38.0,1614730406.679,2021-03-03 00:13:26.678999901
913003833,r5051220-n772143,0,10437.335000038149,39.0,36.363926,-2.6360740661621094,Medium,Medium,30.0,60.0,100.0,281.80804500103,2254.46436000824,10437.335000038149,42.07,25.498,1.759,30755.524,1754.476,16.0,35.972,32.947,41.801,21.58,1.527,31052.551,1457.449,16.0,37.156,34.141,71.93,100.0,6.0,31071.0,32510.0,16.0,39.0,36.0,1614743636.721,2021-03-03 03:53:56.720999956
12634738497,r4144777-n303509,0,21828.34700012207,39.0,42.275845,3.2758445739746094,Medium,Medium,30.0,60.0,100.0,589.3653690032958,4714.922952026366,21828.34700012207,38.443,9.859,0.613,26403.321,6106.679,16.0,34.953,32.326,41.003,12.976,0.883,30590.924,1919.076,16.0,37.458,34.878,46.06,26.0,2.0,30709.0,32510.0,16.0,39.0,36.0,1614380725.041,2021-02-26 23:05:25.040999889
49575096221,r810901-n172107,1,71.12000012397766,31.0,32.864185,1.864185333251953,Low,Low,30.0,40.0,100.0,1.9202400033473965,4.551680007934571,71.12000012397766,34.557,0.205,0.003,929.744,31580.256,16.0,30.696,29.823,34.557,0.205,0.003,929.744,31580.256,16.0,30.696,29.823,35.63,20.0,1.0,1039.0,32510.0,16.0,31.0,30.0,1614718743.985,2021-03-02 20:59:03.984999895
6890100323,r8024255-n410412,0,392.1070001125336,71.0,71.33402,0.3340225219726562,Critical,Critical,100.0,100.0,100.0,392.1070001125336,392.1070001125336,392.1070001125336,194.27,79.818,53.672,6603.071,25906.929,16.0,67.731,71.279,194.27,79.818,53.672,6603.071,25906.929,16.0,67.731,71.279,254.73,94.0,64.0,6807.0,32510.0,16.0,71.0,75.0,1613535623.817,2021-02-17 04:20:23.816999912
35114523450,r9480604-n410412,1,237453.17700004575,74.0,71.52748,-2.472518920898437,Critical,Critical,100.0,100.0,100.0,237453.17700004575,237453.17700004575,237453.17700004575,118.78,43.267,17.259,19241.398,13268.602,16.0,51.636,50.937,131.761,48.918,19.838,22520.608,9989.392,16.0,61.324,60.907,287.77,100.0,79.0,22531.0,32510.0,16.0,74.0,77.0,1614043863.999,2021-02-23 01:31:03.999000072
43468450649,r8473362-n410412,0,251.2939999103546,33.0,34.829105,1.8291053771972656,Low,Low,30.0,40.0,100.0,6.784937997579573,16.0828159942627,251.2939999103546,26.718,0.0,0.0,0.0,32510.0,16.0,33.0,30.947,26.718,0.0,0.0,0.0,32510.0,16.0,33.0,30.947,26.96,0.0,0.0,0.0,32510.0,16.0,33.0,31.0,1613395284.571,2021-02-15 13:21:24.571000099
1293929395,r1039410-n948219,0,20968.13000011444,38.0,38.087032,0.0870323181152343,Medium,Medium,30.0,60.0,100.0,566.1395100030899,4529.116080024719,20968.13000011444,26.536,0.0,0.0,3.673,32506.327,16.0,34.284,34.205,27.167,0.0,0.0,3.991,32506.009,16.0,37.894,37.606,27.68,0.0,0.0,4.0,32510.0,16.0,38.0,38.0,1613907110.534,2021-02-21 11:31:50.533999919
29459810629,r8275852-n410412,0,18699.56500005722,38.0,41.835846,3.835845947265625,Medium,Medium,30.0,60.0,100.0,504.8882550015449,4039.1060400123592,18699.56500005722,38.217,12.05,0.817,24673.458,7836.542,16.0,34.236,35.263,40.447,15.078,0.996,30515.534,1994.466,16.0,35.071,35.984,44.56,27.0,2.0,30709.0,32510.0,16.0,38.0,39.0,1614379741.814,2021-02-26 22:49:01.813999891
44485093328,r216287-n303509,1,56.70300006866455,29.0,29.69981,0.6998100280761719,Low,Low,30.0,40.0,100.0,1.5309810018539427,3.628992004394532,56.70300006866455,26.145,0.0,0.0,3.199,32506.801,16.0,29.0,27.998,26.145,0.0,0.0,3.199,32506.801,16.0,29.0,27.998,26.35,0.0,0.0,4.0,32510.0,16.0,29.0,28.0,1613099592.587,2021-02-12 03:13:12.586999893
49422139851,r8972851-n172107,1,8656.267999887466,36.0,35.023296,-0.976703643798828,Medium,Medium,30.0,60.0,100.0,233.71923599696157,1869.7538879756926,8656.267999887466,40.836,25.16,1.839,30627.237,1882.763,16.0,33.326,32.95,40.668,22.814,1.632,31039.831,1470.169,16.0,33.658,33.372,50.64,100.0,6.0,31071.0,32510.0,16.0,36.0,36.0,1614725964.227,2021-03-02 22:59:24.226999998
29540871432,r4506251-n410412,0,1026.7599999904633,31.0,31.176992,0.1769924163818359,Low,Low,30.0,40.0,100.0,27.722519999742506,65.71263999938967,1026.7599999904633,25.994,0.0,0.0,0.0,32510.0,16.0,31.0,30.0,25.996,0.0,0.0,0.294,32509.706,16.0,31.0,30.0,26.12,0.0,0.0,4.0,32510.0,16.0,31.0,30.0,1614735079.562,2021-03-03 01:31:19.562000036
33035505566,r8024255-n410412,0,0.2100000381469726,32.0,32.76146,0.7614593505859375,Low,Low,30.0,40.0,100.0,0.00567000102996826,0.01344000244140625,0.2100000381469726,24.963,0.0,0.0,0.0,32510.0,16.0,32.0,31.0,24.963,0.0,0.0,0.0,32510.0,16.0,32.0,31.0,25.04,0.0,0.0,0.0,32510.0,16.0,32.0,31.0,1614734668.987,2021-03-03 01:24:28.986999989
50718528165,r204106-n172107,0,34951.13700008392,31.0,30.107098,-0.8929023742675781,Low,Low,30.0,40.0,100.0,943.6806990022658,2236.8727680053717,34951.13700008392,26.0,0.0,0.0,0.0,32510.0,16.0,29.973,29.925,25.951,0.0,0.0,0.0,32510.0,16.0,29.298,29.334,26.28,0.0,0.0,0.0,32510.0,16.0,31.0,31.0,1614715513.724,2021-03-02 20:05:13.723999977
19831251563,r2215649-n303766,0,2633.664999961853,38.0,41.6516,3.651599884033203,Medium,Medium,30.0,60.0,100.0,71.10895499897002,568.8716399917602,2633.664999961853,38.725,17.089,1.307,25297.603,7212.397,16.0,36.127,33.592,40.864,20.698,1.581,29473.268,3036.732,16.0,36.891,34.108,46.01,100.0,6.0,30709.0,32510.0,16.0,38.0,35.0,1614370880.218,2021-02-26 20:21:20.217999935
26521362510,r7419443-n948219,1,183.66599988937375,35.0,37.468647,2.468647003173828,Medium,Medium,30.0,60.0,100.0,4.95898199701309,39.67185597610472,183.66599988937375,32.465,2.951,0.516,16795.641,15714.359,16.0,30.297,27.975,32.465,2.951,0.516,16795.641,15714.359,16.0,30.297,27.975,119.58,100.0,48.0,31079.0,32510.0,16.0,35.0,39.0,1613170391.937,2021-02-12 22:53:11.937000036
22759113315,r4506251-n303766,0,356.83700013160706,71.0,71.820404,0.820404052734375,Critical,Critical,100.0,100.0,100.0,356.83700013160706,356.83700013160706,356.83700013160706,210.068,87.609,58.949,6667.607,25842.393,16.0,67.522,74.366,210.068,87.609,58.949,6667.607,25842.393,16.0,67.522,74.366,256.23,95.0,64.0,6807.0,32510.0,16.0,71.0,78.0,1613468107.892,2021-02-16 09:35:07.891999960
23108736470,r6727430-n303509,1,31.512999773025516,29.0,29.653387,0.6533870697021484,Low,Low,30.0,40.0,100.0,0.8508509938716888,2.0168319854736336,31.512999773025516,24.481,0.0,0.0,0.0,32510.0,16.0,29.0,28.957,24.481,0.0,0.0,0.0,32510.0,16.0,29.0,28.957,24.58,0.0,0.0,0.0,32510.0,16.0,29.0,29.0,1612974925.551,2021-02-10 16:35:25.551000118
16430084958,r8972851-n303509,0,387.62000012397766,71.0,71.50584,0.5058364868164062,Critical,Critical,100.0,100.0,100.0,387.62000012397766,387.62000012397766,387.62000012397766,196.513,80.681,54.12,6595.913,25914.087,16.0,67.581,72.138,196.513,80.681,54.12,6595.913,25914.087,16.0,67.581,72.138,249.54,94.0,64.0,6799.0,32510.0,16.0,71.0,76.0,1613607669.314,2021-02-18 00:21:09.313999891
36460305090,r7462820-n410412,0,397.13700008392334,72.0,71.341736,-0.65826416015625,Critical,Critical,100.0,100.0,100.0,397.13700008392334,397.13700008392334,397.13700008392334,193.744,78.919,53.023,6596.612,25913.388,16.0,68.008,73.569,193.744,78.919,53.023,6596.612,25913.388,16.0,68.008,73.569,253.74,94.0,64.0,6807.0,32510.0,16.0,72.0,78.0,1613575551.544,2021-02-17 15:25:51.543999910
37097048659,r7141590-n948219,0,351.9839999675751,71.0,71.26553,0.265533447265625,Critical,Critical,100.0,100.0,100.0,351.9839999675751,351.9839999675751,351.9839999675751,213.529,89.139,59.618,6636.47,25873.53,16.0,68.368,73.533,213.529,89.139,59.618,6636.47,25873.53,16.0,68.368,73.533,262.35,95.0,65.0,6799.0,32510.0,16.0,71.0,77.0,1613434774.628,2021-02-16 00:19:34.628000021
28710850208,r4683026-n772143,1,141.864000082016,36.0,39.2413,3.2412986755371094,Medium,Medium,30.0,60.0,100.0,3.830328002214431,30.64262401771545,141.864000082016,35.28,1.017,0.218,7567.916,24942.084,16.0,30.405,29.824,35.28,1.017,0.218,7567.916,24942.084,16.0,30.405,29.824,207.39,100.0,28.0,28939.0,32510.0,16.0,36.0,35.0,1614726716.594,2021-03-02 23:11:56.594000101
42553603191,r7462820-n410412,0,445.845999956131,72.0,71.405304,-0.594696044921875,Critical,Critical,100.0,100.0,100.0,445.845999956131,445.845999956131,445.845999956131,179.265,70.363,47.189,6583.202,25926.798,16.0,67.853,73.167,179.265,70.363,47.189,6583.202,25926.798,16.0,67.853,73.167,254.15,100.0,63.0,6799.0,32510.0,16.0,72.0,78.0,1613573818.152,2021-02-17 14:56:58.151999950
67028347857,r8024255-n410412,0,350.05099987983704,71.0,71.2197,0.2197036743164062,Critical,Critical,100.0,100.0,100.0,350.05099987983704,350.05099987983704,350.05099987983704,211.561,89.741,60.262,6654.752,25855.248,16.0,67.732,71.636,211.561,89.741,60.262,6654.752,25855.248,16.0,67.732,71.636,254.53,95.0,65.0,6801.0,32510.0,16.0,71.0,76.0,1613531124.732,2021-02-17 03:05:24.732000113
60770662989,r974863-n410412,0,355.3840000629425,72.0,71.77628,-0.2237167358398437,Critical,Critical,100.0,100.0,100.0,355.3840000629425,355.3840000629425,355.3840000629425,211.939,88.573,59.401,6672.285,25837.715,16.0,67.204,72.18,211.939,88.573,59.401,6672.285,25837.715,16.0,67.204,72.18,263.35,95.0,66.0,6807.0,32510.0,16.0,72.0,77.0,1613448517.352,2021-02-16 04:08:37.351999998
31168093032,r6727430-n948219,0,144.61899995803833,33.0,34.925957,1.9259567260742188,Low,Low,30.0,40.0,100.0,3.9047129988670344,9.255615997314456,144.61899995803833,26.926,0.083,0.0,38.286,32471.714,16.0,32.041,31.0,26.926,0.083,0.0,38.286,32471.714,16.0,32.041,31.0,38.42,7.0,0.0,1295.0,32510.0,16.0,33.0,31.0,1613613612.553,2021-02-18 02:00:12.552999973
566295061,r4605940-n948219,1,40599.46099996567,42.0,43.28887,1.2888717651367188,Medium,Medium,30.0,60.0,100.0,1096.1854469990728,8769.483575992583,40599.46099996567,52.525,22.44,3.982,993.981,31516.019,16.0,37.111,33.894,59.775,34.001,6.096,1026.495,31483.505,16.0,40.68,37.8,96.8,42.0,8.0,1027.0,32510.0,16.0,42.0,40.0,1614499663.548,2021-02-28 08:07:43.548000097
41954913877,r8972851-n303509,0,391.6779999732971,71.0,71.31817,0.3181686401367187,Critical,Critical,100.0,100.0,100.0,391.6779999732971,391.6779999732971,391.6779999732971,195.297,79.752,53.57,6605.327,25904.673,16.0,67.947,72.513,195.297,79.752,53.57,6605.327,25904.673,16.0,67.947,72.513,250.19,95.0,64.0,6807.0,32510.0,16.0,71.0,77.0,1613593312.732,2021-02-17 20:21:52.732000113
42493110971,r1039410-n948219,1,954.6240000724792,44.0,48.894207,4.894207000732422,Medium,High,47.5,60.0,100.0,102.30884400776772,206.1987840156555,954.6240000724792,67.974,29.941,4.118,1293.304,31216.696,16.0,42.77,39.196,68.184,30.243,4.153,1301.219,31208.781,16.0,42.861,39.268,121.78,90.0,13.0,1315.0,32510.0,16.0,44.0,41.0,1613861899.27,2021-02-20 22:58:19.269999981
56582247580,r974863-n410412,1,69.65199995040894,31.0,31.279072,0.2790718078613281,Low,Low,30.0,40.0,100.0,1.880603998661041,4.457727996826173,69.65199995040894,25.666,0.0,0.0,0.0,32510.0,16.0,31.0,28.0,25.666,0.0,0.0,0.0,32510.0,16.0,31.0,28.0,25.83,0.0,0.0,0.0,32510.0,16.0,31.0,28.0,1614734634.948,2021-03-03 01:23:54.947999954
57628777704,r44132-n303766,0,368.0199999809265,70.0,71.78264,1.7826385498046875,High,Critical,100.0,80.0,100.0,368.0199999809265,188.42623999023442,368.0199999809265,203.886,85.008,57.097,6463.641,26046.359,16.0,67.449,74.429,203.886,85.008,57.097,6463.641,26046.359,16.0,67.449,74.429,251.38,95.0,65.0,6807.0,32510.0,16.0,70.0,78.0,1613463549.678,2021-02-16 08:19:09.677999973
9494291120,r3974592-n948219,0,259222.31299996376,54.0,42.74912,-11.25088119506836,High,Medium,30.0,80.0,100.0,6999.002450999021,132721.82425598148,259222.31299996376,37.094,0.016,0.0,898.41,31611.59,16.0,36.31,36.191,37.11,0.014,0.008,23414.1,9095.9,16.0,33.735,33.877,197.46,100.0,75.0,23517.0,32510.0,16.0,54.0,53.0,1614230852.8,2021-02-25 05:27:32.799999952
30795833154,r9659953-n172107,0,12784.06299996376,39.0,42.349182,3.34918212890625,Medium,Medium,30.0,60.0,100.0,345.1697009990215,2761.357607992172,12784.06299996376,52.665,25.452,5.945,30771.634,1738.366,16.0,38.348,38.486,51.129,23.687,5.503,31056.696,1453.304,16.0,37.895,37.913,117.48,100.0,10.0,31071.0,32510.0,16.0,39.0,40.0,1614726246.795,2021-03-02 23:04:06.795000076
35858094130,r6727430-n303509,0,349.53600001335144,71.0,71.334076,0.334075927734375,Critical,Critical,100.0,100.0,100.0,349.53600001335144,349.53600001335144,349.53600001335144,207.332,88.841,59.579,6623.73,25886.27,16.0,68.379,73.425,207.332,88.841,59.579,6623.73,25886.27,16.0,68.379,73.425,248.43,95.0,65.0,6793.0,32510.0,16.0,71.0,77.0,1613433735.03,2021-02-16 00:02:15.029999971
13279273680,r7141590-n948219,0,351.6470000743866,72.0,71.30036,-0.6996383666992188,Critical,Critical,100.0,100.0,100.0,351.6470000743866,351.6470000743866,351.6470000743866,214.047,89.084,59.563,6614.221,25895.779,16.0,68.424,73.464,214.047,89.084,59.563,6614.221,25895.779,16.0,68.424,73.464,262.82,96.0,65.0,6807.0,32510.0,16.0,72.0,77.0,1613436885.518,2021-02-16 00:54:45.517999887
4421064049,r810901-n948219,1,0.6130001544952393,29.0,30.073566,1.073566436767578,Low,Low,30.0,40.0,100.0,0.016551004171371456,0.039232009887695325,0.6130001544952393,25.862,0.0,0.0,0.0,32510.0,16.0,29.0,29.0,25.862,0.0,0.0,0.0,32510.0,16.0,29.0,29.0,25.91,0.0,0.0,0.0,32510.0,16.0,29.0,29.0,1613749604.245,2021-02-19 15:46:44.244999886
65646176711,r9170217-n948219,0,7541.217000007629,51.0,59.009026,8.009025573730469,High,High,47.5,80.0,100.0,808.2063656726925,3861.103104003907,7541.217000007629,92.454,56.196,21.129,2482.294,30027.706,16.0,48.755,49.075,75.336,37.448,14.392,4369.526,28140.474,16.0,42.214,41.629,147.58,68.0,28.0,4611.0,32510.0,16.0,51.0,52.0,1613572345.193,2021-02-17 14:32:25.193000078
3904282188,r414303-n948219,0,14283.651000022888,74.0,62.103912,-11.896087646484377,Critical,High,47.5,100.0,100.0,1530.8056595180778,14283.651000022888,14283.651000022888,88.377,43.364,9.544,9162.035,23347.965,16.0,45.003,42.337,152.428,93.898,20.599,19496.241,13013.759,16.0,66.589,65.158,265.65,100.0,55.0,19959.0,32510.0,16.0,74.0,74.0,1613990825.023,2021-02-22 10:47:05.023000002
20480571297,r974863-n410412,1,484.2699999809265,68.0,68.2103,0.210296630859375,High,High,47.5,80.0,100.0,51.90012390420585,247.94623999023443,484.2699999809265,156.125,64.817,43.54,6703.592,25806.408,16.0,53.999,55.069,156.125,64.817,43.54,6703.592,25806.408,16.0,53.999,55.069,241.72,95.0,65.0,6801.0,32510.0,16.0,68.0,72.0,1613450220.399,2021-02-16 04:37:00.398999929
50674746715,r974863-n410412,0,350.117999792099,72.0,71.28275,-0.7172470092773438,Critical,Critical,100.0,100.0,100.0,350.117999792099,350.117999792099,350.117999792099,215.369,90.262,60.397,6658.051,25851.949,16.0,68.417,73.631,215.369,90.262,60.397,6658.051,25851.949,16.0,68.417,73.631,260.87,96.0,65.0,6793.0,32510.0,16.0,72.0,77.0,1613446741.311,2021-02-16 03:39:01.311000109
879181917,r9170217-n948219,0,413.64800000190735,70.0,71.396576,1.396575927734375,High,Critical,100.0,80.0,100.0,413.64800000190735,211.7877760009766,413.64800000190735,183.754,75.391,50.693,6589.428,25920.572,16.0,66.262,70.828,183.754,75.391,50.693,6589.428,25920.572,16.0,66.262,70.828,246.63,94.0,64.0,6807.0,32510.0,16.0,70.0,76.0,1613587041.908,2021-02-17 18:37:21.907999992
1830596030,r6727430-n303509,0,345.3729999065399,71.0,71.33762,0.3376235961914062,Critical,Critical,100.0,100.0,100.0,345.3729999065399,345.3729999065399,345.3729999065399,207.324,89.238,59.936,6636.475,25873.525,16.0,68.423,73.462,207.324,89.238,59.936,6636.475,25873.525,16.0,68.423,73.462,246.94,100.0,64.0,6801.0,32510.0,16.0,71.0,77.0,1613443118.52,2021-02-16 02:38:38.519999981
10330541552,r7419443-n948219,0,222.35199999809265,30.0,30.83084,0.8308391571044922,Low,Low,30.0,40.0,100.0,6.003503999948501,14.230527999877934,222.35199999809265,26.999,0.0,0.0,3.904,32506.096,16.0,30.0,28.8,26.999,0.0,0.0,3.904,32506.096,16.0,30.0,28.8,27.19,0.0,0.0,4.0,32510.0,16.0,30.0,29.0,1613685139.327,2021-02-18 21:52:19.326999903
52399270154,r492024-n303766,0,6.797999858856201,34.0,34.335365,0.3353652954101562,Low,Low,30.0,40.0,100.0,0.1835459961891174,0.435071990966797,6.797999858856201,25.031,0.0,0.0,0.0,32510.0,16.0,34.0,32.0,25.031,0.0,0.0,0.0,32510.0,16.0,34.0,32.0,25.13,0.0,0.0,0.0,32510.0,16.0,34.0,32.0,1613357701.325,2021-02-15 02:55:01.325000048
34957468739,r7141590-n948219,0,354.00400018692017,72.0,71.2872,-0.712799072265625,Critical,Critical,100.0,100.0,100.0,354.00400018692017,354.00400018692017,354.00400018692017,213.465,88.233,59.031,6627.841,25882.159,16.0,68.41,73.422,213.465,88.233,59.031,6627.841,25882.159,16.0,68.41,73.422,262.11,96.0,65.0,6807.0,32510.0,16.0,72.0,77.0,1613440049.478,2021-02-16 01:47:29.477999926
48444854843,r492024-n303766,0,349.2229998111725,71.0,71.334076,0.334075927734375,Critical,Critical,100.0,100.0,100.0,349.2229998111725,349.2229998111725,349.2229998111725,209.425,88.85,59.763,6645.847,25864.153,16.0,68.404,73.299,209.425,88.85,59.763,6645.847,25864.153,16.0,68.404,73.299,250.29,94.0,64.0,6793.0,32510.0,16.0,71.0,77.0,1613434650.864,2021-02-16 00:17:30.864000082
57219511217,r2215649-n410412,0,0.4189999103546142,35.0,35.363197,0.3631973266601562,Medium,Medium,30.0,60.0,100.0,0.011312997579574581,0.09050398063659665,0.4189999103546142,26.668,0.0,0.0,0.0,32510.0,16.0,35.0,32.0,26.668,0.0,0.0,0.0,32510.0,16.0,35.0,32.0,26.68,0.0,0.0,0.0,32510.0,16.0,35.0,32.0,1614113518.946,2021-02-23 20:51:58.946000099
19511565039,r8473362-n410412,1,10362.03200006485,73.0,72.484474,-0.5155258178710938,Critical,Critical,100.0,100.0,100.0,10362.03200006485,10362.03200006485,10362.03200006485,195.079,96.888,54.968,3962.918,28547.082,16.0,65.547,70.678,201.206,99.712,56.699,4484.804,28025.196,16.0,68.33,74.057,221.53,100.0,60.0,4517.0,32510.0,16.0,73.0,79.0,1613012965.374,2021-02-11 03:09:25.374000072
32510145550,r7462820-n410412,1,383.1150000095368,69.0,70.7165,1.7164993286132812,High,High,47.5,80.0,100.0,41.059152891647074,196.1548800048829,383.1150000095368,198.572,82.006,55.177,6649.039,25860.961,16.0,62.395,65.087,198.572,82.006,55.177,6649.039,25860.961,16.0,62.395,65.087,259.02,100.0,64.0,6799.0,32510.0,16.0,69.0,73.0,1613572705.041,2021-02-17 14:38:25.040999889
48160797102,r3974592-n303509,0,108675.46900010107,43.0,49.119015,6.119014739990234,Medium,High,47.5,60.0,100.0,11646.953779245207,23473.90130402183,108675.46900010107,48.329,14.034,6.279,2863.596,29646.404,16.0,37.278,35.974,47.249,13.601,5.4,3446.699,29063.301,16.0,37.083,35.673,166.35,93.0,34.0,8044.0,32510.0,16.0,43.0,45.0,1613068953.941,2021-02-11 18:42:33.940999985
49833940786,r6707841-n200569,1,153.81199979782104,29.0,29.676687,0.6766872406005859,Low,Low,30.0,40.0,100.0,4.152923994541168,9.84396798706055,153.81199979782104,26.66,0.0,0.0,0.0,32510.0,16.0,29.0,29.001,26.66,0.0,0.0,0.0,32510.0,16.0,29.0,29.001,26.75,0.0,0.0,0.0,32510.0,16.0,29.0,30.0,1614716436.298,2021-03-02 20:20:36.298000097
50116672580,r216287-n303509,0,2518.203000068665,47.0,47.576862,0.5768623352050781,High,High,47.5,80.0,100.0,269.88053714798394,1289.3199360351568,2518.203000068665,52.42,33.745,3.392,16876.387,15633.613,16.0,37.521,36.441,55.596,79.839,3.669,18665.523,13844.477,16.0,39.757,38.845,264.33,100.0,76.0,19253.0,32510.0,16.0,47.0,51.0,1614709676.596,2021-03-02 18:27:56.595999956
54819650979,r4506251-n303766,0,109.59899997711182,39.0,42.00717,3.007171630859375,Medium,Medium,30.0,60.0,100.0,2.9591729993820186,23.67338399505615,109.59899997711182,29.488,0.0,0.0,0.0,32510.0,16.0,37.343,38.305,29.488,0.0,0.0,0.0,32510.0,16.0,37.343,38.305,30.16,0.0,0.0,0.0,32510.0,16.0,39.0,41.0,1613470596.696,2021-02-16 10:16:36.696000099
24627951701,r7753495-n303509,0,131.49000000953674,36.0,37.68344,1.683441162109375,Medium,Medium,30.0,60.0,100.0,3.5502300002574914,28.40184000205993,131.49000000953674,25.445,0.0,0.0,3.798,32506.202,16.0,36.0,35.0,25.445,0.0,0.0,3.798,32506.202,16.0,36.0,35.0,25.7,0.0,0.0,4.0,32510.0,16.0,36.0,35.0,1613683810.908,2021-02-18 21:30:10.907999992
13612704365,r8141575-n410412,0,9544.90799999237,42.0,44.06479,2.064788818359375,Medium,Medium,30.0,60.0,100.0,257.712515999794,2061.700127998352,9544.90799999237,55.46,25.98,8.649,30147.303,2362.697,16.0,39.652,38.238,53.77,22.661,7.372,31012.242,1497.758,16.0,39.641,38.14,123.2,50.0,16.0,31071.0,32510.0,16.0,42.0,41.0,1614355471.603,2021-02-26 16:04:31.602999926
9890999195,r8024255-n303766,0,140.32500004768372,38.0,43.0892,5.089199066162109,Medium,Medium,30.0,60.0,100.0,3.7887750012874597,30.310200010299678,140.32500004768372,40.667,2.924,1.897,10407.873,22102.127,16.0,35.514,32.822,40.667,2.924,1.897,10407.873,22102.127,16.0,35.514,32.822,197.09,100.0,92.0,31537.0,32510.0,16.0,38.0,43.0,1613365807.892,2021-02-15 05:10:07.891999960
38975731272,r4099734-n172107,0,8994.545000076294,40.0,39.87191,-0.1280899047851562,Medium,Medium,30.0,60.0,100.0,242.8527150020599,1942.8217200164793,8994.545000076294,42.178,22.756,1.758,30397.401,2112.599,16.0,38.901,36.919,42.104,21.36,1.753,31025.699,1484.301,16.0,39.207,37.273,69.84,100.0,6.0,31071.0,32510.0,16.0,40.0,38.0,1614737556.337,2021-03-03 02:12:36.336999893
18888127632,r8024255-n410412,0,397.91299986839294,71.0,71.33302,0.3330230712890625,Critical,Critical,100.0,100.0,100.0,397.91299986839294,397.91299986839294,397.91299986839294,192.753,78.954,53.015,6595.634,25914.366,16.0,67.899,71.444,192.753,78.954,53.015,6595.634,25914.366,16.0,67.899,71.444,253.24,96.0,63.0,6799.0,32510.0,16.0,71.0,76.0,1613526335.986,2021-02-17 01:45:35.986000061
55823347786,r7753495-n772143,0,48.83299994468689,37.0,39.13848,2.1384811401367188,Medium,Medium,30.0,60.0,100.0,1.3184909985065458,10.547927988052367,48.83299994468689,44.598,4.17,0.657,19464.295,13045.705,16.0,33.072,30.782,44.598,4.17,0.657,19464.295,13045.705,16.0,33.072,30.782,202.82,100.0,27.0,27193.0,32510.0,16.0,37.0,34.0,1614726922.139,2021-03-02 23:15:22.138999939
3442758129,r2684277-n948219,0,2928.141000032425,43.0,43.280827,0.2808265686035156,Medium,Medium,30.0,60.0,100.0,79.05980700087547,632.4784560070037,2928.141000032425,46.647,16.308,2.665,30399.963,2110.037,16.0,41.816,39.936,46.75,14.915,2.452,30931.016,1578.984,16.0,42.1,40.214,60.45,100.0,11.0,31071.0,32510.0,16.0,43.0,42.0,1614079401.136,2021-02-23 11:23:21.135999918
17040552927,r9480604-n303766,0,3099.398000001908,46.0,47.446358,1.4463577270507812,High,High,47.5,80.0,100.0,332.1682950314544,1586.8917760009772,3099.398000001908,58.581,24.472,8.38,1385.367,31124.633,16.0,38.116,36.053,70.712,36.81,12.483,1576.072,30933.928,16.0,42.457,40.832,116.61,54.0,18.0,1671.0,32510.0,16.0,46.0,46.0,1613329495.514,2021-02-14 19:04:55.513999938
13823042574,r5179276-n948219,0,355.9689998626709,72.0,71.412865,-0.5871353149414062,Critical,Critical,100.0,100.0,100.0,355.9689998626709,355.9689998626709,355.9689998626709,204.537,87.788,59.07,6651.582,25858.418,16.0,68.445,76.945,204.537,87.788,59.07,6651.582,25858.418,16.0,68.445,76.945,246.18,95.0,66.0,6799.0,32510.0,16.0,72.0,81.0,1613574008.334,2021-02-17 15:00:08.334000111
37864616137,r7419443-n772143,0,593.954999923706,30.0,30.172716,0.1727161407470703,Low,Low,30.0,40.0,100.0,16.03678499794006,38.013119995117194,593.954999923706,25.365,0.0,0.0,0.0,32510.0,16.0,29.759,28.0,25.365,0.0,0.0,0.0,32510.0,16.0,29.759,28.0,25.58,0.0,0.0,0.0,32510.0,16.0,30.0,28.0,1614759517.426,2021-03-03 08:18:37.426000118
29814388896,r2684277-n948219,0,12041.46700000763,74.0,71.29303,-2.70697021484375,Critical,Critical,100.0,100.0,100.0,12041.46700000763,12041.46700000763,12041.46700000763,157.543,68.225,45.544,2062.929,30447.071,16.0,56.224,58.454,208.17,93.902,62.977,2819.366,29690.634,16.0,67.875,72.026,235.44,98.0,69.0,4279.0,32510.0,16.0,74.0,78.0,1613993645.374,2021-02-22 11:34:05.374000072
45114595657,r8275852-n410412,0,475.930999994278,36.0,38.373135,2.3731346130371094,Medium,Medium,30.0,60.0,100.0,12.850136999845505,102.80109599876404,475.930999994278,28.901,0.0,0.0,3.935,32506.065,16.0,36.0,37.0,28.901,0.0,0.0,3.935,32506.065,16.0,36.0,37.0,29.22,0.0,0.0,4.0,32510.0,16.0,36.0,38.0,1613688526.908,2021-02-18 22:48:46.907999992
11983359824,r5179276-n948219,0,10729.572000026705,41.0,41.119343,0.1193428039550781,Medium,Medium,30.0,60.0,100.0,289.698444000721,2317.587552005768,10729.572000026705,42.86,24.196,1.712,30559.877,1950.123,16.0,40.377,38.941,42.469,20.834,1.479,31042.127,1467.873,16.0,40.454,39.0,71.35,34.0,3.0,31071.0,32510.0,16.0,41.0,40.0,1613414117.776,2021-02-15 18:35:17.776000023
3100229904,r8275852-n303766,0,6.519000053405762,31.0,31.168344,0.168344497680664,Low,Low,30.0,40.0,100.0,0.17601300144195553,0.41721600341796883,6.519000053405762,25.811,0.0,0.0,0.0,32510.0,16.0,31.0,30.0,25.811,0.0,0.0,0.0,32510.0,16.0,31.0,30.0,25.91,0.0,0.0,0.0,32510.0,16.0,31.0,30.0,1613165433.182,2021-02-12 21:30:33.181999922
11628119649,r4144777-n303509,0,3342.1849999427795,41.0,45.992496,4.992496490478516,Medium,High,47.5,60.0,100.0,358.18823304074255,721.9119599876403,3342.1849999427795,41.921,15.925,2.073,24423.389,8086.611,16.0,39.233,36.983,44.862,19.444,2.519,29572.773,2937.227,16.0,39.879,37.468,52.62,100.0,6.0,30709.0,32510.0,16.0,41.0,38.0,1614311568.971,2021-02-26 03:52:48.970999956
24251224664,r7269000-n948219,1,404.0640001296997,72.0,70.888535,-1.1114654541015625,Critical,High,47.5,100.0,100.0,43.304296513900155,404.0640001296997,404.0640001296997,191.207,77.626,52.132,6585.221,25924.779,16.0,63.623,67.66,191.207,77.626,52.132,6585.221,25924.779,16.0,63.623,67.66,254.71,93.0,63.0,6793.0,32510.0,16.0,72.0,76.0,1613444946.573,2021-02-16 03:09:06.572999954
55206225054,r7269000-n303509,0,353.9530000686645,71.0,71.19635,0.19635009765625,Critical,Critical,100.0,100.0,100.0,353.9530000686645,353.9530000686645,353.9530000686645,213.33,88.819,59.594,6646.758,25863.242,16.0,68.096,72.995,213.33,88.819,59.594,6646.758,25863.242,16.0,68.096,72.995,254.86,100.0,65.0,6801.0,32510.0,16.0,71.0,77.0,1613586099.004,2021-02-17 18:21:39.003999949
21879720755,r492024-n410412,0,56513.92200016976,72.0,40.19593,-31.80406951904297,Critical,Medium,30.0,100.0,100.0,1525.8758940045834,56513.92200016976,56513.92200016976,35.116,0.121,0.048,8994.876,23515.124,16.0,33.806,32.32,159.27,83.595,28.435,27626.646,4883.354,16.0,63.561,64.836,274.5,100.0,46.0,31127.0,32510.0,16.0,72.0,74.0,1613688902.748,2021-02-18 22:55:02.747999907
48130599015,r9515777-n303766,0,329.9249999523163,58.0,62.695183,4.695182800292969,High,High,47.5,80.0,100.0,35.35868085426464,168.921599975586,329.9249999523163,120.814,61.938,33.956,4759.98,27750.02,16.0,56.184,57.714,120.814,61.938,33.956,4759.98,27750.02,16.0,56.184,57.714,224.63,87.0,57.0,4955.0,32510.0,16.0,58.0,61.0,1614610066.821,2021-03-01 14:47:46.821000099
48883240108,r5179276-n948219,0,350.90499997138977,72.0,71.42819,-0.571807861328125,Critical,Critical,100.0,100.0,100.0,350.90499997138977,350.90499997138977,350.90499997138977,206.546,89.067,59.831,6664.172,25845.828,16.0,68.432,75.558,206.546,89.067,59.831,6664.172,25845.828,16.0,68.432,75.558,246.12,95.0,66.0,6799.0,32510.0,16.0,72.0,80.0,1613583820.953,2021-02-17 17:43:40.953000069
16134055238,r4506251-n303766,0,0.4149999618530273,31.0,32.63065,1.6306495666503906,Low,Low,30.0,40.0,100.0,0.011204998970031734,0.026559997558593753,0.4149999618530273,28.052,0.0,0.0,0.0,32510.0,16.0,31.0,31.0,28.052,0.0,0.0,0.0,32510.0,16.0,31.0,31.0,28.12,0.0,0.0,0.0,32510.0,16.0,31.0,31.0,1614724777.055,2021-03-02 22:39:37.055000067
48128508635,r2215649-n303766,0,190.92999982833865,44.0,42.602173,-1.3978271484375,Medium,Medium,30.0,60.0,100.0,5.155109995365143,41.24087996292114,190.92999982833865,39.616,0.834,0.1,1051.023,31458.977,16.0,36.806,33.898,39.616,0.834,0.1,1051.023,31458.977,16.0,36.806,33.898,228.12,100.0,19.0,9143.0,32510.0,16.0,44.0,37.0,1614367149.782,2021-02-26 19:19:09.782000065
5524269537,r7269000-n303509,0,351.896999835968,71.0,71.19635,0.19635009765625,Critical,Critical,100.0,100.0,100.0,351.896999835968,351.896999835968,351.896999835968,213.803,89.582,60.087,6634.187,25875.813,16.0,68.09,73.063,213.803,89.582,60.087,6634.187,25875.813,16.0,68.09,73.063,253.94,100.0,69.0,6801.0,32510.0,16.0,71.0,76.0,1613579812.65,2021-02-17 16:36:52.650000095
40004119704,r4506251-n303766,0,5644.213999986649,45.0,47.22204,2.2220382690429688,High,High,47.5,80.0,100.0,604.900997279819,2889.8375679931646,5644.213999986649,50.557,17.771,4.658,1339.684,31170.316,16.0,39.269,39.97,61.696,32.262,7.503,1576.425,30933.575,16.0,43.268,44.452,128.48,53.0,15.0,1605.0,32510.0,16.0,45.0,46.0,1613328622.156,2021-02-14 18:50:22.155999899
24891011704,r8141575-n303766,1,75.36699986457825,30.0,30.330246,0.3302459716796875,Low,Low,30.0,40.0,100.0,2.034908996343612,4.823487991333009,75.36699986457825,25.334,0.0,0.0,0.0,32510.0,16.0,30.0,28.0,25.334,0.0,0.0,0.0,32510.0,16.0,30.0,28.0,25.53,0.0,0.0,0.0,32510.0,16.0,30.0,28.0,1614047654.005,2021-02-23 02:34:14.005000114
56807814632,r2684277-n948219,0,66.68600010871887,31.0,32.4161,1.4160995483398438,Low,Low,30.0,40.0,100.0,1.8005220029354092,4.267904006958009,66.68600010871887,26.453,0.0,0.0,3.745,32506.255,16.0,30.399,29.107,26.453,0.0,0.0,3.745,32506.255,16.0,30.399,29.107,26.6,0.0,0.0,4.0,32510.0,16.0,31.0,30.0,1613477350.975,2021-02-16 12:09:10.974999905
3920101496,r974863-n410412,1,6777.838000059128,44.0,44.95816,0.958160400390625,Medium,Medium,30.0,60.0,100.0,183.00162600159643,1464.0130080127715,6777.838000059128,50.491,21.19,6.481,1321.797,31188.203,16.0,38.058,34.591,58.886,30.941,9.652,1519.702,30990.298,16.0,41.085,38.095,104.89,41.0,14.0,1539.0,32510.0,16.0,44.0,41.0,1613429755.858,2021-02-15 22:55:55.858000040
14788719891,r204106-n200569,0,62.52999997138977,33.0,35.032932,2.0329322814941406,Low,Medium,30.0,40.0,100.0,1.6883099992275237,4.001919998168947,62.52999997138977,27.693,0.0,0.0,0.0,32510.0,16.0,32.882,30.97,27.693,0.0,0.0,0.0,32510.0,16.0,32.882,30.97,27.83,0.0,0.0,0.0,32510.0,16.0,33.0,31.0,1614718332.608,2021-03-02 20:52:12.608000040
25525170311,r492024-n303766,0,166.37299990653992,39.0,43.467575,4.467575073242188,Medium,Medium,30.0,60.0,100.0,4.492070997476577,35.936567979812615,166.37299990653992,30.032,1.429,1.012,1531.512,30978.488,16.0,34.43,32.649,30.032,1.429,1.012,1531.512,30978.488,16.0,34.43,32.649,204.12,91.0,69.0,18813.0,32510.0,16.0,39.0,42.0,1613366999.594,2021-02-15 05:29:59.594000101
34906052487,r2215649-n410412,0,47.56699991226196,38.0,43.58152,5.581520080566406,Medium,Medium,30.0,60.0,100.0,1.2843089976310729,10.274471981048583,47.56699991226196,27.143,0.0,0.0,0.0,32510.0,16.0,37.323,34.996,27.143,0.0,0.0,0.0,32510.0,16.0,37.323,34.996,27.41,0.0,0.0,0.0,32510.0,16.0,38.0,35.0,1613922739.825,2021-02-21 15:52:19.825000048
55862616584,r4506251-n303766,0,392.84500002861023,71.0,71.73073,0.7307281494140625,Critical,Critical,100.0,100.0,100.0,392.84500002861023,392.84500002861023,392.84500002861023,195.853,79.637,53.556,6674.835,25835.165,16.0,66.894,73.436,195.853,79.637,53.556,6674.835,25835.165,16.0,66.894,73.436,254.12,95.0,65.0,6799.0,32510.0,16.0,71.0,79.0,1613464628.828,2021-02-16 08:37:08.828000069
3470677188,r8972851-n948219,0,42855.6289999485,57.0,61.60867,4.608669281005859,High,High,47.5,80.0,100.0,4592.918114228855,21942.08204797364,42855.6289999485,79.847,24.288,20.134,23794.726,8715.274,16.0,48.991,49.159,87.314,29.523,24.533,26714.214,5795.786,16.0,50.273,50.682,217.38,100.0,91.0,26757.0,32510.0,16.0,57.0,63.0,1613478490.762,2021-02-16 12:28:10.762000084
24425875217,r7141590-n303509,0,437.0690000057221,73.0,71.43059,-1.5694122314453125,Critical,Critical,100.0,100.0,100.0,437.0690000057221,437.0690000057221,437.0690000057221,185.587,72.492,48.333,6559.627,25950.373,16.0,67.458,68.693,185.587,72.492,48.333,6559.627,25950.373,16.0,67.458,68.693,269.17,94.0,64.0,6799.0,32510.0,16.0,73.0,75.0,1613484954.663,2021-02-16 14:15:54.663000107
39616236927,r8473362-n410412,0,3343.971999883652,49.0,46.467476,-2.5325241088867188,High,High,47.5,80.0,100.0,358.3797491750307,1712.1136639404303,3343.971999883652,50.522,18.03,4.576,909.75,31600.25,16.0,40.009,38.139,62.322,29.58,7.589,1059.828,31450.172,16.0,44.863,43.243,101.82,45.0,13.0,1093.0,32510.0,16.0,49.0,48.0,1613791358.378,2021-02-20 03:22:38.378000021
6610958728,r9988778-n303766,1,5308.9420001506805,42.0,40.89604,-1.1039581298828125,Medium,Medium,30.0,60.0,100.0,143.34143400406836,1146.731472032547,5308.9420001506805,36.007,4.71,0.918,501.543,32008.457,16.0,32.193,29.6,59.016,30.55,5.921,967.96,31542.04,16.0,39.722,37.493,107.24,46.0,10.0,1027.0,32510.0,16.0,42.0,40.0,1613456886.916,2021-02-16 06:28:06.915999889
42389854608,r8972851-n948219,0,351.1860001087189,71.0,71.219604,0.2196044921875,Critical,Critical,100.0,100.0,100.0,351.1860001087189,351.1860001087189,351.1860001087189,215.137,89.86,60.072,6629.294,25880.706,16.0,68.187,72.4,215.137,89.86,60.072,6629.294,25880.706,16.0,68.187,72.4,259.02,96.0,66.0,6807.0,32510.0,16.0,71.0,76.0,1613523113.047,2021-02-17 00:51:53.046999931
26385977070,r2684277-n948219,1,151.48300004005432,30.0,31.154978,1.154977798461914,Low,Low,30.0,40.0,100.0,4.090041001081466,9.694912002563479,151.48300004005432,26.782,0.0,0.0,3.863,32506.137,16.0,30.0,28.65,26.782,0.0,0.0,3.863,32506.137,16.0,30.0,28.65,26.91,0.0,0.0,4.0,32510.0,16.0,30.0,29.0,1613477197.431,2021-02-16 12:06:37.430999994
42666593714,r7462820-n303766,1,4152.388000011444,40.0,43.7632,3.7631988525390634,Medium,Medium,30.0,60.0,100.0,112.11447600030897,896.9158080024717,4152.388000011444,51.478,21.237,4.652,998.459,31511.541,16.0,36.243,34.938,57.943,30.355,6.697,1022.562,31487.438,16.0,38.825,37.566,96.09,43.0,10.0,1027.0,32510.0,16.0,40.0,39.0,1613377066.873,2021-02-15 08:17:46.872999907
64249433600,r9170217-n303509,0,43216.49399995804,47.0,33.866024,-13.133975982666016,High,Low,30.0,80.0,100.0,1166.8453379988669,22126.84492797852,43216.49399995804,25.949,0.0,0.0,0.002,32509.998,16.0,32.002,29.014,32.86,1.655,0.045,823.055,31686.945,16.0,34.975,31.489,179.74,93.0,60.0,1483.0,32510.0,16.0,47.0,46.0,1613392069.923,2021-02-15 12:27:49.923000097
55761022752,r4683026-n948219,0,32571.40199995041,55.0,59.486065,4.486064910888672,High,High,47.5,80.0,100.0,3490.7382237134348,16676.557823974614,32571.40199995041,55.46,10.599,5.84,5372.216,27137.784,16.0,41.426,41.861,73.386,18.055,10.098,8585.206,23924.794,16.0,46.791,47.68,219.36,100.0,58.0,9147.0,32510.0,16.0,55.0,58.0,1613938183.279,2021-02-21 20:09:43.279000044
57926608082,r7269000-n948219,0,376.0580000877381,71.0,71.889626,0.8896255493164062,Critical,Critical,100.0,100.0,100.0,376.0580000877381,376.0580000877381,376.0580000877381,206.045,83.961,55.927,6575.405,25934.595,16.0,66.682,69.582,206.045,83.961,55.927,6575.405,25934.595,16.0,66.682,69.582,264.06,95.0,64.0,6793.0,32510.0,16.0,71.0,75.0,1613441609.932,2021-02-16 02:13:29.931999922
6181980570,r8141575-n410412,1,3828.590000152588,36.0,32.440487,-3.559513092041016,Medium,Low,30.0,60.0,100.0,103.37193000411986,826.9754400329589,3828.590000152588,26.717,0.0,0.0,1.383,32508.617,16.0,31.924,29.994,31.996,0.004,0.0,525.441,31984.559,16.0,33.16,31.164,40.68,24.0,1.0,1211.0,32510.0,16.0,36.0,34.0,1614616238.08,2021-03-01 16:30:38.079999924
46013556703,r2215649-n410412,1,11232.65499997139,42.0,38.830235,-3.1697654724121094,Medium,Medium,30.0,60.0,100.0,303.2816849992275,2426.25347999382,11232.65499997139,34.688,3.207,0.522,531.452,31978.548,16.0,33.763,30.533,53.588,26.889,4.57,1000.651,31509.349,16.0,40.424,36.788,95.89,44.0,9.0,1027.0,32510.0,16.0,42.0,39.0,1613457268.973,2021-02-16 06:34:28.973000050
62624255081,r2215649-n410412,0,58.3970000743866,38.0,39.072216,1.0722160339355469,Medium,Medium,30.0,60.0,100.0,1.5767190020084378,12.613752016067503,58.3970000743866,42.152,27.353,0.0,968.678,31541.322,16.0,37.261,34.143,42.152,27.353,0.0,968.678,31541.322,16.0,37.261,34.143,44.86,49.0,0.0,1065.0,32510.0,16.0,38.0,35.0,1614114797.649,2021-02-23 21:13:17.648999929
47119029873,r4099734-n172107,1,11002.020000219343,39.0,39.622284,0.622283935546875,Medium,Medium,30.0,60.0,100.0,297.0545400059222,2376.4363200473776,11002.020000219343,47.004,24.304,3.579,30766.343,1743.657,16.0,37.859,36.569,46.555,23.454,3.435,31054.086,1455.914,16.0,37.015,35.616,107.38,38.0,5.0,31071.0,32510.0,16.0,39.0,38.0,1614743352.86,2021-03-03 03:49:12.859999895
13777816958,r7317916-n948219,1,386.2400000095368,73.0,71.147194,-1.8528060913085935,Critical,Critical,100.0,100.0,100.0,386.2400000095368,386.2400000095368,386.2400000095368,196.65,81.213,54.6,6586.72,25923.28,16.0,63.342,68.172,196.65,81.213,54.6,6586.72,25923.28,16.0,63.342,68.172,260.19,100.0,64.0,6801.0,32510.0,16.0,73.0,79.0,1613483514.886,2021-02-16 13:51:54.885999918
6167723078,r4605940-n948219,0,84874.42300009727,64.0,57.854137,-6.145862579345703,High,High,47.5,80.0,100.0,9096.151052463549,43455.704576049815,84874.42300009727,89.927,87.442,12.969,27732.4,4777.6,16.0,48.415,46.351,101.242,99.11,14.782,31601.587,908.413,16.0,56.372,54.682,259.72,100.0,49.0,31641.0,32510.0,16.0,64.0,64.0,1614558342.11,2021-03-01 00:25:42.109999895
10564472974,r9170217-n303509,1,188254.5380001068,37.0,35.5231,-1.476898193359375,Medium,Medium,30.0,60.0,100.0,5082.872526002883,40662.980208023066,188254.5380001068,39.056,16.712,0.597,993.173,31516.827,16.0,33.155,31.238,42.4,12.783,3.101,1375.732,31134.268,16.0,34.576,32.903,85.57,41.0,10.0,1377.0,32510.0,16.0,37.0,36.0,1613128889.773,2021-02-12 11:21:29.773000002
19654398853,r7141590-n303509,0,427.710000038147,72.0,71.48625,-0.5137481689453125,Critical,Critical,100.0,100.0,100.0,427.710000038147,427.710000038147,427.710000038147,188.843,74.015,49.346,6578.128,25931.872,16.0,67.961,69.322,188.843,74.015,49.346,6578.128,25931.872,16.0,67.961,69.322,266.58,94.0,64.0,6799.0,32510.0,16.0,72.0,74.0,1613483934.796,2021-02-16 13:58:54.796000004
64414857128,r8024255-n410412,0,384.9370000362396,71.0,71.30416,0.3041610717773437,Critical,Critical,100.0,100.0,100.0,384.9370000362396,384.9370000362396,384.9370000362396,197.84,81.571,54.822,6599.119,25910.881,16.0,67.815,71.486,197.84,81.571,54.822,6599.119,25910.881,16.0,67.815,71.486,252.83,94.0,63.0,6793.0,32510.0,16.0,71.0,75.0,1613526734.216,2021-02-17 01:52:14.216000080
3904282188,r2215649-n303766,0,14283.651000022888,74.0,63.53106,-10.46894073486328,Critical,High,47.5,100.0,100.0,1530.8056595180778,14283.651000022888,14283.651000022888,90.991,43.891,9.569,9136.745,23373.255,16.0,46.509,43.401,156.542,93.998,20.535,19492.589,13017.411,16.0,66.903,65.005,277.24,100.0,55.0,19959.0,32510.0,16.0,74.0,74.0,1613990825.024,2021-02-22 10:47:05.023999929
24625976766,r3974592-n303509,1,24.14400005340576,28.0,28.433079,0.4330787658691406,Low,Low,30.0,40.0,100.0,0.6518880014419555,1.5452160034179692,24.14400005340576,24.824,0.0,0.0,3.664,32506.336,16.0,28.0,27.0,24.824,0.0,0.0,3.664,32506.336,16.0,28.0,27.0,25.13,0.0,0.0,4.0,32510.0,16.0,28.0,27.0,1613287604.865,2021-02-14 07:26:44.865000010
44562577425,r7317916-n948219,1,357.35599994659424,69.0,71.98925,2.9892501831054688,High,Critical,100.0,80.0,100.0,357.35599994659424,182.9662719726563,357.35599994659424,209.155,87.914,59.115,6643.012,25866.988,16.0,64.953,70.487,209.155,87.914,59.115,6643.012,25866.988,16.0,64.953,70.487,258.13,95.0,65.0,6793.0,32510.0,16.0,69.0,76.0,1613478658.632,2021-02-16 12:30:58.631999969
7170057274,r1039410-n303509,0,95.09300017356873,38.0,46.484303,8.484302520751953,Medium,High,47.5,60.0,100.0,10.191295127976684,20.540088037490843,95.09300017356873,26.73,0.0,0.0,0.0,32510.0,16.0,38.0,36.1,26.73,0.0,0.0,0.0,32510.0,16.0,38.0,36.1,27.02,0.0,0.0,0.0,32510.0,16.0,38.0,37.0,1613051738.689,2021-02-11 13:55:38.688999891
16285697235,r9480604-n303766,1,22341.65700006485,56.0,55.2169,-0.7831001281738281,High,High,47.5,80.0,100.0,2394.3972713038247,11438.928384033206,22341.65700006485,68.932,24.403,11.417,4619.915,27890.085,16.0,38.977,38.522,87.303,34.468,16.201,8837.838,23672.162,16.0,45.549,45.505,234.73,100.0,65.0,8955.0,32510.0,16.0,56.0,60.0,1613388743.983,2021-02-15 11:32:23.983000040
20045180051,r492024-n303766,0,373.1670000553131,72.0,71.312935,-0.6870651245117188,Critical,Critical,100.0,100.0,100.0,373.1670000553131,373.1670000553131,373.1670000553131,199.758,83.132,55.948,6646.008,25863.992,16.0,68.337,72.88,199.758,83.132,55.948,6646.008,25863.992,16.0,68.337,72.88,250.26,94.0,64.0,6807.0,32510.0,16.0,72.0,77.0,1613436465.411,2021-02-16 00:47:45.411000013
3100229904,r8275852-n303766,1,6.519000053405762,31.0,31.162037,0.1620368957519531,Low,Low,30.0,40.0,100.0,0.17601300144195553,0.41721600341796883,6.519000053405762,27.475,0.0,0.0,0.0,32510.0,16.0,31.0,28.0,27.475,0.0,0.0,0.0,32510.0,16.0,31.0,28.0,27.59,0.0,0.0,0.0,32510.0,16.0,31.0,28.0,1613165433.185,2021-02-12 21:30:33.184999943
20218826461,r2215649-n410412,0,7614.214999914169,51.0,45.489677,-5.510322570800781,High,High,47.5,80.0,100.0,816.0296981939263,3898.478079956056,7614.214999914169,58.29,27.185,6.79,901.923,31608.077,16.0,39.352,36.646,73.929,43.952,10.949,1280.154,31229.846,16.0,48.3,45.908,123.08,58.0,16.0,1671.0,32510.0,16.0,51.0,49.0,1613419908.512,2021-02-15 20:11:48.512000083
54302782832,r4506251-n303766,0,27688.99699997902,62.0,62.4474,0.4473991394042969,High,High,47.5,80.0,100.0,2967.481725357126,14176.766463989261,27688.99699997902,109.64,51.323,21.435,27241.451,5268.549,16.0,52.766,55.409,113.578,53.271,22.323,28550.811,3959.189,16.0,56.179,59.194,270.75,100.0,73.0,28581.0,32510.0,16.0,62.0,68.0,1613356871.952,2021-02-15 02:41:11.951999903
56667914638,r9988778-n303766,0,421.60599994659424,74.0,71.57409,-2.4259109497070312,Critical,Critical,100.0,100.0,100.0,421.60599994659424,421.60599994659424,421.60599994659424,183.908,74.667,49.986,6694.97,25815.03,16.0,68.038,73.466,183.908,74.667,49.986,6694.97,25815.03,16.0,68.038,73.466,257.59,96.0,68.0,6807.0,32510.0,16.0,74.0,81.0,1613462470.533,2021-02-16 08:01:10.532999992
30064154216,r492024-n303766,0,392.2480001449585,72.0,71.49801,-0.5019912719726562,Critical,Critical,100.0,100.0,100.0,392.2480001449585,392.2480001449585,392.2480001449585,190.729,79.26,53.278,6649.035,25860.965,16.0,66.306,70.428,190.729,79.26,53.278,6649.035,25860.965,16.0,66.306,70.428,251.09,94.0,65.0,6793.0,32510.0,16.0,72.0,78.0,1613439478.79,2021-02-16 01:37:58.789999962
10969022550,r1039410-n948219,0,172666.74700021744,71.0,69.22213,-1.7778701782226562,Critical,High,47.5,100.0,100.0,18505.019026163925,172666.74700021744,172666.74700021744,135.312,79.987,69.252,21278.638,11231.362,16.0,60.661,65.454,130.958,73.229,63.389,21641.478,10868.522,16.0,65.116,69.378,185.12,100.0,89.0,21643.0,32510.0,16.0,71.0,78.0,1613477429.597,2021-02-16 12:10:29.596999884
10577630989,r6727430-n303509,0,346.085000038147,71.0,71.295334,0.2953338623046875,Critical,Critical,100.0,100.0,100.0,346.085000038147,346.085000038147,346.085000038147,208.104,89.56,60.102,6640.83,25869.17,16.0,68.345,73.403,208.104,89.56,60.102,6640.83,25869.17,16.0,68.345,73.403,246.63,95.0,65.0,6799.0,32510.0,16.0,71.0,76.0,1613433040.901,2021-02-15 23:50:40.901000023
53211124375,r8972851-n200569,1,62.67400002479553,28.0,28.93121,0.9312095642089844,Low,Low,30.0,40.0,100.0,1.6921980006694792,4.011136001586915,62.67400002479553,25.62,0.0,0.0,0.0,32510.0,16.0,28.0,27.895,25.62,0.0,0.0,0.0,32510.0,16.0,28.0,27.895,25.67,0.0,0.0,0.0,32510.0,16.0,28.0,28.0,1614758538.331,2021-03-03 08:02:18.331000090
57304990340,r9648383-n410412,1,68.77900004386902,32.0,32.24541,0.2454109191894531,Low,Low,30.0,40.0,100.0,1.8570330011844633,4.401856002807619,68.77900004386902,26.855,0.0,0.0,0.0,32510.0,16.0,32.0,29.016,26.855,0.0,0.0,0.0,32510.0,16.0,32.0,29.016,26.99,0.0,0.0,0.0,32510.0,16.0,32.0,30.0,1614734634.968,2021-03-03 01:23:54.967999935
60804573610,r974863-n303766,1,604858.3359999657,49.0,48.224537,-0.7754631042480469,High,High,47.5,80.0,100.0,64823.80197849631,309687.4680319825,604858.3359999657,39.67,33.309,3.045,5712.205,26797.795,16.0,33.385,31.43,67.543,98.847,9.044,18070.285,14439.715,16.0,41.18,38.975,199.97,100.0,68.0,18271.0,32510.0,16.0,49.0,48.0,1613214328.213,2021-02-13 11:05:28.213000059
22136128559,r9648383-n410412,0,39.86299991607666,32.0,32.774475,0.77447509765625,Low,Low,30.0,40.0,100.0,1.0763009977340696,2.551231994628907,39.86299991607666,26.409,0.0,0.0,0.0,32510.0,16.0,32.0,31.981,26.409,0.0,0.0,0.0,32510.0,16.0,32.0,31.981,26.51,0.0,0.0,0.0,32510.0,16.0,32.0,32.0,1614734527.447,2021-03-03 01:22:07.447000027
5231649935,r4683026-n948219,0,881.789999961853,39.0,40.399117,1.3991165161132812,Medium,Medium,30.0,60.0,100.0,23.808329998970027,190.46663999176022,881.789999961853,35.828,0.021,0.0,1174.833,31335.167,16.0,35.591,34.889,36.25,0.03,0.002,1241.258,31268.742,16.0,35.8,35.072,56.02,35.0,6.0,3515.0,32510.0,16.0,39.0,37.0,1613971579.496,2021-02-22 05:26:19.496000051
45764867848,r216287-n303509,0,29610.62800002098,59.0,61.26658,2.2665786743164062,High,High,47.5,80.0,100.0,3173.4265226897483,15160.641536010746,29610.62800002098,110.931,57.332,21.435,23076.177,9433.823,16.0,50.024,50.273,117.317,61.198,22.901,25033.701,7476.299,16.0,55.238,55.89,256.08,100.0,71.0,25075.0,32510.0,16.0,59.0,61.0,1612856086.762,2021-02-09 07:34:46.762000084
43083487485,r2215649-n410412,0,119.72699999809264,39.0,40.663364,1.6633644104003906,Medium,Medium,30.0,60.0,100.0,3.232628999948501,25.861031999588008,119.72699999809264,44.139,28.959,0.003,1009.788,31500.212,16.0,38.472,35.119,44.139,28.959,0.003,1009.788,31500.212,16.0,38.472,35.119,45.85,50.0,1.0,1065.0,32510.0,16.0,39.0,36.0,1614113754.597,2021-02-23 20:55:54.596999884
18331731730,r9170217-n303509,1,26980.00500011444,44.0,40.64612,-3.3538818359375,Medium,Medium,30.0,60.0,100.0,728.4601350030898,5827.6810800247185,26980.00500011444,43.581,13.34,3.54,704.844,31805.156,16.0,34.003,32.306,67.038,31.634,8.759,1019.902,31490.098,16.0,41.677,40.596,108.87,42.0,12.0,1027.0,32510.0,16.0,44.0,44.0,1613069831.678,2021-02-11 18:57:11.677999973
42553503703,r4506251-n303766,0,1508.112999916077,33.0,33.0391,0.0391006469726562,Low,Low,30.0,40.0,100.0,40.71905099773407,96.51923199462894,1508.112999916077,27.991,0.0,0.0,0.0,32510.0,16.0,30.553,31.398,27.991,0.0,0.0,0.0,32510.0,16.0,30.819,31.19,28.68,0.0,0.0,0.0,32510.0,16.0,33.0,34.0,1614723102.482,2021-03-02 22:11:42.482000113
12825144153,r6727430-n303509,0,376.941999912262,71.0,71.32694,0.3269424438476562,Critical,Critical,100.0,100.0,100.0,376.941999912262,376.941999912262,376.941999912262,195.89,82.26,55.267,6643.624,25866.376,16.0,68.324,72.789,195.89,82.26,55.267,6643.624,25866.376,16.0,68.324,72.789,248.62,95.0,66.0,6807.0,32510.0,16.0,71.0,77.0,1613437337.999,2021-02-16 01:02:17.999000072
40221766530,r4683026-n948219,0,111.97399997711182,42.0,44.133343,2.133342742919922,Medium,Medium,30.0,60.0,100.0,3.023297999382019,24.18638399505615,111.97399997711182,31.739,0.52,0.089,977.876,31532.124,16.0,36.658,36.4,31.739,0.52,0.089,977.876,31532.124,16.0,36.658,36.4,197.4,74.0,29.0,15723.0,32510.0,16.0,42.0,40.0,1614341141.225,2021-02-26 12:05:41.224999905
42274023965,r414303-n772143,0,321.71399998664856,32.0,32.231537,0.231536865234375,Low,Low,30.0,40.0,100.0,8.68627799963951,20.589695999145512,321.71399998664856,26.562,0.0,0.0,0.0,32510.0,16.0,31.73,29.872,26.562,0.0,0.0,0.0,32510.0,16.0,31.73,29.872,26.65,0.0,0.0,0.0,32510.0,16.0,32.0,30.0,1614722473.048,2021-03-02 22:01:13.048000097
43300551106,r7419443-n948219,1,86459.6859998703,58.0,59.417095,1.417095184326172,High,High,47.5,80.0,100.0,9266.046660517348,44267.3592319336,86459.6859998703,82.907,68.366,12.247,10628.765,21881.235,16.0,44.878,45.751,108.794,97.418,17.795,14351.126,18158.874,16.0,54.309,57.001,229.21,100.0,48.0,14385.0,32510.0,16.0,58.0,63.0,1614119930.03,2021-02-23 22:38:50.029999971
15549105442,r4683026-n948219,0,4864.394999980927,50.0,51.59529,1.5952911376953125,High,High,47.5,80.0,100.0,521.3263328885809,2490.570239990235,4864.394999980927,60.889,27.347,8.121,1182.229,31327.771,16.0,45.983,46.751,68.93,34.039,10.472,2389.399,30120.601,16.0,47.409,48.426,127.85,49.0,16.0,2563.0,32510.0,16.0,50.0,52.0,1613574649.068,2021-02-17 15:10:49.068000078
60869490370,r6727430-n303509,1,60.20000004768372,32.0,37.6855,5.6855010986328125,Low,Medium,30.0,40.0,100.0,1.6254000012874603,3.852800003051759,60.20000004768372,35.284,2.708,0.292,15308.095,17201.905,16.0,30.225,29.691,35.284,2.708,0.292,15308.095,17201.905,16.0,30.225,29.691,100.93,100.0,11.0,31053.0,32510.0,16.0,32.0,31.0,1614709860.876,2021-03-02 18:31:00.875999928
36338702917,r4506251-n303766,0,358.5350000858307,71.0,71.41315,0.41314697265625,Critical,Critical,100.0,100.0,100.0,358.5350000858307,358.5350000858307,358.5350000858307,211.238,87.719,58.871,6661.89,25848.11,16.0,68.408,75.29,211.238,87.719,58.871,6661.89,25848.11,16.0,68.408,75.29,255.93,95.0,67.0,6801.0,32510.0,16.0,71.0,79.0,1613466554.846,2021-02-16 09:09:14.845999956
18370466357,r9480604-n410412,0,21.860999822616577,31.0,32.050747,1.0507469177246094,Low,Low,30.0,40.0,100.0,0.5902469952106475,1.3991039886474612,21.860999822616577,26.182,0.0,0.0,0.0,32510.0,16.0,31.0,29.526,26.182,0.0,0.0,0.0,32510.0,16.0,31.0,29.526,26.3,0.0,0.0,0.0,32510.0,16.0,31.0,30.0,1614734934.13,2021-03-03 01:28:54.130000114
46284970947,r44132-n410412,1,68.76799988746643,29.0,29.480726,0.4807262420654297,Low,Low,30.0,40.0,100.0,1.8567359969615933,4.401151992797852,68.76799988746643,25.83,0.0,0.0,0.0,32510.0,16.0,28.964,29.0,25.83,0.0,0.0,0.0,32510.0,16.0,28.964,29.0,25.93,0.0,0.0,0.0,32510.0,16.0,29.0,29.0,1614734634.969,2021-03-03 01:23:54.969000101
19962337491,r3974592-n303509,0,27116.07799983025,61.0,62.070625,1.0706253051757812,High,High,47.5,80.0,100.0,2906.080921888057,13883.431935913091,27116.07799983025,112.423,54.781,22.854,27333.471,5176.529,16.0,51.203,51.047,112.712,54.615,22.866,28552.479,3957.521,16.0,53.208,53.181,284.47,100.0,74.0,28581.0,32510.0,16.0,61.0,63.0,1613241562.338,2021-02-13 18:39:22.338000059
12299370945,r216287-n303509,0,118.8159999847412,31.0,31.640484,0.6404838562011719,Low,Low,30.0,40.0,100.0,3.208031999588012,7.604223999023438,118.8159999847412,27.936,0.0,0.0,1.553,32508.447,16.0,30.513,29.972,27.936,0.0,0.0,1.553,32508.447,16.0,30.513,29.972,28.14,0.0,0.0,4.0,32510.0,16.0,31.0,30.0,1613099371.496,2021-02-12 03:09:31.496000051
43342024472,r7462820-n410412,1,395.6710000038147,70.0,71.073555,1.0735549926757812,High,Critical,100.0,80.0,100.0,395.6710000038147,202.58355200195317,395.6710000038147,195.114,79.395,53.422,6644.38,25865.62,16.0,63.66,66.377,195.114,79.395,53.422,6644.38,25865.62,16.0,63.66,66.377,256.76,94.0,64.0,6799.0,32510.0,16.0,70.0,74.0,1613577564.213,2021-02-17 15:59:24.213000059
61644808089,r7141590-n303509,0,130295.44600009918,51.0,57.04182,6.041820526123047,High,High,47.5,80.0,100.0,13964.007251791878,66711.2683520508,130295.44600009918,56.611,18.992,7.469,2782.444,29727.556,16.0,43.903,42.585,72.489,36.823,14.341,4796.676,27713.324,16.0,48.257,46.9,159.68,82.0,30.0,4806.0,32510.0,16.0,51.0,52.0,1613197508.774,2021-02-13 06:25:08.773999929
27016385143,r9988778-n410412,0,21.79200005531311,30.0,30.233557,0.2335567474365234,Low,Low,30.0,40.0,100.0,0.5883840014934539,1.3946880035400393,21.79200005531311,25.251,0.0,0.0,0.0,32510.0,16.0,30.0,29.0,25.251,0.0,0.0,0.0,32510.0,16.0,30.0,29.0,25.39,0.0,0.0,0.0,32510.0,16.0,30.0,29.0,1614734934.201,2021-03-03 01:28:54.200999975
57304990340,r9648383-n410412,0,68.77900004386902,32.0,32.774475,0.77447509765625,Low,Low,30.0,40.0,100.0,1.8570330011844633,4.401856002807619,68.77900004386902,26.402,0.0,0.0,0.0,32510.0,16.0,32.0,31.991,26.402,0.0,0.0,0.0,32510.0,16.0,32.0,31.991,26.51,0.0,0.0,0.0,32510.0,16.0,32.0,32.0,1614734634.965,2021-03-03 01:23:54.964999914
4856307055,r7419443-n948219,0,7.572999954223633,30.0,30.34195,0.341949462890625,Low,Low,30.0,40.0,100.0,0.20447099876403807,0.4846719970703126,7.572999954223633,26.924,0.0,0.0,0.0,32510.0,16.0,30.0,28.781,26.924,0.0,0.0,0.0,32510.0,16.0,30.0,28.781,27.02,0.0,0.0,0.0,32510.0,16.0,30.0,29.0,1613935082.593,2021-02-21 19:18:02.592999935
30805359001,r9480604-n303766,0,176.4909999370575,45.0,48.20218,3.202178955078125,High,High,47.5,80.0,100.0,18.91487138387933,90.36339196777345,176.4909999370575,70.764,31.981,4.408,1257.815,31252.185,16.0,43.862,41.341,70.764,31.981,4.408,1257.815,31252.185,16.0,43.862,41.341,121.29,90.0,13.0,1315.0,32510.0,16.0,45.0,43.0,1613795348.867,2021-02-20 04:29:08.867000103
31054162297,r6727430-n948219,0,0.3139998912811279,32.0,32.66866,0.6686592102050781,Low,Low,30.0,40.0,100.0,0.008477997064590452,0.020095993041992187,0.3139998912811279,26.48,0.0,0.0,0.0,32510.0,16.0,32.0,31.0,26.48,0.0,0.0,0.0,32510.0,16.0,32.0,31.0,26.51,0.0,0.0,0.0,32510.0,16.0,32.0,31.0,1613613185.276,2021-02-18 01:53:05.276000023
7107377039,r7753495-n948219,0,353.1399998664856,71.0,71.29361,0.293609619140625,Critical,Critical,100.0,100.0,100.0,353.1399998664856,353.1399998664856,353.1399998664856,210.601,88.716,59.643,6668.825,25841.175,16.0,67.744,70.913,210.601,88.716,59.643,6668.825,25841.175,16.0,67.744,70.913,253.48,95.0,66.0,6807.0,32510.0,16.0,71.0,74.0,1613568204.808,2021-02-17 13:23:24.808000088
6023478204,r9515777-n410412,0,463412.6870000362,55.0,50.969013,-4.030986785888672,High,High,47.5,80.0,100.0,49664.806564581995,237267.29574401857,463412.6870000362,43.69,6.322,3.319,14351.983,18158.017,16.0,38.003,35.625,55.623,10.779,5.785,30943.958,1566.042,16.0,44.46,42.115,249.27,100.0,90.0,32483.0,32510.0,16.0,55.0,56.0,1613699102.49,2021-02-19 01:45:02.490000010
63973617650,r8275852-n410412,0,49383.2650001049,50.0,53.251446,3.251445770263672,High,High,47.5,80.0,100.0,5292.497103683117,25284.231680053712,49383.2650001049,54.437,12.514,9.849,18258.485,14251.515,16.0,41.661,42.957,72.352,23.742,18.816,28540.937,3969.063,16.0,45.572,47.2,192.0,100.0,88.0,28781.0,32510.0,16.0,50.0,55.0,1613441149.883,2021-02-16 02:05:49.882999897
21371212826,r9170217-n948219,0,399.1640000343323,70.0,71.49977,1.4997711181640625,High,Critical,100.0,80.0,100.0,399.1640000343323,204.37196801757818,399.1640000343323,189.975,78.46,52.722,6583.898,25926.102,16.0,66.737,71.484,189.975,78.46,52.722,6583.898,25926.102,16.0,66.737,71.484,247.35,94.0,63.0,6799.0,32510.0,16.0,70.0,76.0,1613582485.451,2021-02-17 17:21:25.450999975
63828831486,r6707841-n200569,0,154.89800000190735,32.0,32.07611,0.07611083984375,Low,Low,30.0,40.0,100.0,4.182246000051498,9.913472000122074,154.89800000190735,26.07,0.0,0.0,0.0,32510.0,16.0,32.0,29.006,26.07,0.0,0.0,0.0,32510.0,16.0,32.0,29.006,26.14,0.0,0.0,0.0,32510.0,16.0,32.0,30.0,1614716436.255,2021-03-02 20:20:36.255000114
14656002386,r7317916-n948219,1,397.83899998664856,71.0,70.89527,-0.1047286987304687,Critical,High,47.5,100.0,100.0,42.637151576694095,397.83899998664856,397.83899998664856,192.758,78.895,53.047,6590.294,25919.706,16.0,63.57,68.257,192.758,78.895,53.047,6590.294,25919.706,16.0,63.57,68.257,257.26,94.0,63.0,6793.0,32510.0,16.0,71.0,77.0,1613480433.562,2021-02-16 13:00:33.562000036
31429917866,r7317916-n948219,0,18728.21799993515,44.0,38.824738,-5.175262451171875,Medium,Medium,30.0,60.0,100.0,505.661885998249,4045.295087985992,18728.21799993515,32.223,0.214,0.002,776.796,31733.204,16.0,33.089,32.438,45.367,21.794,5.098,1578.447,30931.553,16.0,36.415,36.523,111.52,52.0,16.0,1605.0,32510.0,16.0,44.0,45.0,1613457271.012,2021-02-16 06:34:31.012000084
32044864205,r4506251-n410412,0,18.338000059127808,31.0,31.88356,0.8835601806640625,Low,Low,30.0,40.0,100.0,0.49512600159645076,1.1736320037841799,18.338000059127808,25.898,0.0,0.0,0.0,32510.0,16.0,31.0,30.0,25.898,0.0,0.0,0.0,32510.0,16.0,31.0,30.0,26.01,0.0,0.0,0.0,32510.0,16.0,31.0,30.0,1613388614.734,2021-02-15 11:30:14.733999968
15658911897,r974863-n410412,0,349.393000125885,73.0,71.975044,-1.0249557495117188,Critical,Critical,100.0,100.0,100.0,349.393000125885,349.393000125885,349.393000125885,214.561,90.492,60.622,6669.087,25840.913,16.0,66.156,71.112,214.561,90.492,60.622,6669.087,25840.913,16.0,66.156,71.112,260.01,96.0,66.0,6801.0,32510.0,16.0,73.0,78.0,1613451078.103,2021-02-16 04:51:18.102999926
22713382567,r4683026-n948219,0,91591.01699995996,75.0,72.583336,-2.416664123535156,Critical,Critical,100.0,100.0,100.0,91591.01699995996,91591.01699995996,91591.01699995996,177.962,76.452,52.605,2612.237,29897.763,16.0,60.743,68.076,219.996,98.436,67.997,3320.169,29189.831,16.0,68.429,77.857,238.28,99.0,72.0,5675.0,32510.0,16.0,75.0,85.0,1614341892.187,2021-02-26 12:18:12.187000036
49812772277,r8275852-n410412,0,82974.66599988937,73.0,53.98861,-19.01139068603516,Critical,High,47.5,100.0,100.0,8892.550532706893,82974.66599988937,82974.66599988937,36.647,0.923,0.182,21345.798,11164.202,16.0,37.249,38.013,130.304,60.578,32.654,21816.526,10693.474,16.0,56.307,60.255,248.05,100.0,68.0,31079.0,32510.0,16.0,73.0,80.0,1614076033.348,2021-02-23 10:27:13.348000050
49605258750,r414303-n772143,1,8162.898999929428,31.0,30.136358,-0.8636417388916016,Low,Low,30.0,40.0,100.0,220.39827299809454,522.4255359954835,8162.898999929428,26.867,0.0,0.0,0.0,32510.0,16.0,29.53,27.282,26.918,0.0,0.0,0.0,32510.0,16.0,29.826,27.754,27.27,0.0,0.0,0.0,32510.0,16.0,31.0,29.0,1614722473.749,2021-03-02 22:01:13.749000072
10900277452,r4506251-n410412,0,1876.4079999923704,64.0,55.656143,-8.343856811523438,High,High,47.5,80.0,100.0,201.0981636241823,960.7208959960939,1876.4079999923704,67.959,18.249,10.38,4203.535,28306.465,16.0,41.554,40.487,87.12,26.174,14.97,7116.272,25393.728,16.0,50.164,49.541,250.92,99.0,62.0,8559.0,32510.0,16.0,64.0,66.0,1613388731.058,2021-02-15 11:32:11.058000088
35566704180,r810901-n303509,0,6919.901999950409,68.0,55.578686,-12.421314239501951,High,High,47.5,80.0,100.0,741.6188721509351,3542.9898239746103,6919.901999950409,70.875,26.428,16.41,18360.533,14149.467,16.0,44.072,45.396,147.17,76.224,47.771,28005.654,4504.346,16.0,63.079,69.186,198.46,100.0,61.0,31079.0,32510.0,16.0,68.0,76.0,1612962010.273,2021-02-10 13:00:10.273000002
66493348181,r7462820-n303766,1,724.2360000610352,61.0,70.26933,9.269332885742188,High,High,47.5,80.0,100.0,77.61773006904124,370.80883203125006,724.2360000610352,123.277,44.985,30.277,6447.706,26062.294,16.0,51.928,53.508,119.974,43.275,29.139,6502.355,26007.645,16.0,51.529,53.005,238.69,95.0,64.0,6801.0,32510.0,16.0,61.0,66.0,1613654526.527,2021-02-18 13:22:06.526999950
57769060421,r974863-n410412,0,350.6560001373291,71.0,71.258995,0.2589950561523437,Critical,Critical,100.0,100.0,100.0,350.6560001373291,350.6560001373291,350.6560001373291,214.649,90.075,60.344,6661.692,25848.308,16.0,68.324,73.491,214.649,90.075,60.344,6661.692,25848.308,16.0,68.324,73.491,262.76,96.0,66.0,6801.0,32510.0,16.0,71.0,77.0,1613445288.537,2021-02-16 03:14:48.536999941
29146904327,r4144777-n303509,1,158.05299997329712,34.0,35.11641,1.1164093017578125,Low,Medium,30.0,40.0,100.0,4.267430999279021,10.115391998291019,158.05299997329712,28.657,0.271,0.047,150.148,32359.852,16.0,31.307,28.967,28.657,0.271,0.047,150.148,32359.852,16.0,31.307,28.967,59.83,84.0,32.0,7947.0,32510.0,16.0,34.0,32.0,1614179218.2,2021-02-24 15:06:58.200000048
36918495801,r7419443-n948219,1,43324.52500009537,67.0,57.380688,-9.619312286376951,High,High,47.5,80.0,100.0,4643.170577744595,22182.156800048833,43324.52500009537,34.797,0.998,0.249,24756.67,7753.33,16.0,31.915,29.591,91.904,50.61,25.812,17839.306,14670.694,16.0,46.272,51.046,228.01,100.0,61.0,31127.0,32510.0,16.0,67.0,80.0,1613170575.809,2021-02-12 22:56:15.809000015
2284228052,r9852763-n200569,1,142.0659999847412,30.0,31.516447,1.5164470672607422,Low,Low,30.0,40.0,100.0,3.8357819995880122,9.092223999023439,142.0659999847412,29.066,0.0,0.0,0.0,32510.0,16.0,30.0,29.997,29.066,0.0,0.0,0.0,32510.0,16.0,30.0,29.997,29.18,0.0,0.0,0.0,32510.0,16.0,30.0,30.0,1614716436.266,2021-03-02 20:20:36.266000032
46045972008,r7141590-n948219,0,349.46600008010864,72.0,71.271736,-0.7282638549804688,Critical,Critical,100.0,100.0,100.0,349.46600008010864,349.46600008010864,349.46600008010864,215.149,89.562,59.959,6653.126,25856.874,16.0,68.392,73.428,215.149,89.562,59.959,6653.126,25856.874,16.0,68.392,73.428,261.7,96.0,65.0,6807.0,32510.0,16.0,72.0,77.0,1613438640.531,2021-02-16 01:24:00.530999899
29133358081,r8473362-n410412,0,518.9100000858307,40.0,40.035717,0.0357170104980468,Medium,Medium,30.0,60.0,100.0,14.010570002317426,112.0845600185394,518.9100000858307,38.394,32.545,0.0,1014.649,31495.351,16.0,37.359,34.908,38.394,32.545,0.0,1014.649,31495.351,16.0,37.359,34.908,43.95,47.0,1.0,1065.0,32510.0,16.0,40.0,37.0,1613789473.409,2021-02-20 02:51:13.408999920
25728880554,r7753495-n303509,0,985.3789999485016,47.0,45.155735,-1.8442649841308596,High,High,47.5,80.0,100.0,105.6049150101058,504.51404797363296,985.3789999485016,38.679,0.02,0.0,1268.613,31241.387,16.0,39.884,37.893,45.204,6.528,0.945,1897.271,30612.729,16.0,40.944,38.784,120.64,85.0,12.0,5817.0,32510.0,16.0,47.0,45.0,1613681900.848,2021-02-18 20:58:20.848000050
12722451996,r8141575-n410412,0,20.3970000743866,32.0,34.859413,2.859413146972656,Low,Low,30.0,40.0,100.0,0.5507190020084382,1.3054080047607428,20.3970000743866,27.18,0.0,0.0,0.0,32510.0,16.0,32.0,30.184,27.18,0.0,0.0,0.0,32510.0,16.0,32.0,30.184,27.31,0.0,0.0,0.0,32510.0,16.0,32.0,31.0,1614620584.524,2021-03-01 17:43:04.523999929
61832040041,r9515777-n303766,0,694.6019999980927,63.0,63.511307,0.5113067626953125,High,High,47.5,80.0,100.0,74.44179871854557,355.6362239990235,694.6019999980927,121.183,61.485,33.655,3951.753,28558.247,16.0,57.361,58.645,120.939,61.287,33.535,3968.114,28541.886,16.0,57.647,59.013,233.51,87.0,57.0,4141.0,32510.0,16.0,63.0,66.0,1614609031.982,2021-03-01 14:30:31.982000113
50116672580,r7269000-n303509,1,2518.203000068665,46.0,47.58023,1.580230712890625,High,High,47.5,80.0,100.0,269.88053714798394,1289.3199360351568,2518.203000068665,52.142,35.12,3.312,16983.346,15526.654,16.0,36.847,34.707,54.839,80.223,3.664,18768.453,13741.547,16.0,38.496,36.285,261.04,100.0,74.0,19371.0,32510.0,16.0,46.0,47.0,1614709676.598,2021-03-02 18:27:56.598000050
5604055465,r7269000-n948219,0,7.039999961853027,39.0,41.071766,2.071765899658203,Medium,Medium,30.0,60.0,100.0,0.19007999897003172,1.5206399917602538,7.039999961853027,27.804,0.0,0.0,0.294,32509.706,16.0,38.206,37.132,27.804,0.0,0.0,0.294,32509.706,16.0,38.206,37.132,28.12,0.0,0.0,4.0,32510.0,16.0,39.0,38.0,1613430000.058,2021-02-15 23:00:00.058000088
5791101525,r8024255-n303766,0,3637.714999914169,38.0,42.131824,4.131824493408203,Medium,Medium,30.0,60.0,100.0,98.21830499768255,785.7464399814604,3637.714999914169,35.028,6.912,0.001,20455.158,12054.842,16.0,35.76,33.219,38.434,9.774,0.062,29019.397,3490.603,16.0,36.888,34.244,41.17,19.0,1.0,30709.0,32510.0,16.0,38.0,36.0,1614337124.358,2021-02-26 10:58:44.358000040
29267713431,r492024-n303766,0,352.3980000019073,72.0,71.31241,-0.687591552734375,Critical,Critical,100.0,100.0,100.0,352.3980000019073,352.3980000019073,352.3980000019073,207.915,88.297,59.285,6646.896,25863.104,16.0,68.367,73.061,207.915,88.297,59.285,6646.896,25863.104,16.0,68.367,73.061,249.8,94.0,64.0,6799.0,32510.0,16.0,72.0,76.0,1613438656.314,2021-02-16 01:24:16.313999891
29400734412,r44132-n303766,0,324.95099997520447,46.0,45.24961,-0.7503890991210938,High,High,47.5,80.0,100.0,34.825607950467614,166.37491198730473,324.95099997520447,26.795,0.0,0.0,0.0,32510.0,16.0,39.565,39.051,26.795,0.0,0.0,0.0,32510.0,16.0,39.565,39.051,28.29,0.0,0.0,0.0,32510.0,16.0,46.0,46.0,1613469454.598,2021-02-16 09:57:34.598000050
2502652461,r492024-n303766,0,350.992999792099,72.0,71.34724,-0.6527633666992188,Critical,Critical,100.0,100.0,100.0,350.992999792099,350.992999792099,350.992999792099,209.33,88.393,59.371,6626.066,25883.934,16.0,68.478,73.315,209.33,88.393,59.371,6626.066,25883.934,16.0,68.478,73.315,250.49,94.0,64.0,6793.0,32510.0,16.0,72.0,77.0,1613433941.844,2021-02-16 00:05:41.844000101
1142616489,r7141590-n303509,0,5335.128000020981,48.0,49.203434,1.2034339904785156,High,High,47.5,80.0,100.0,571.7756711272485,2731.585536010743,5335.128000020981,50.784,17.556,3.126,936.189,31573.811,16.0,43.548,41.581,61.087,31.762,5.604,1074.953,31435.047,16.0,45.949,43.748,109.79,46.0,10.0,1093.0,32510.0,16.0,48.0,45.0,1613327804.535,2021-02-14 18:36:44.535000086
36358335891,r4144777-n772143,1,151.94700002670288,37.0,41.62091,4.62091064453125,Medium,Medium,30.0,60.0,100.0,4.102569000720977,32.820552005767816,151.94700002670288,32.89,0.962,0.197,7196.205,25313.795,16.0,31.796,27.764,32.89,0.962,0.197,7196.205,25313.795,16.0,31.796,27.764,203.55,100.0,27.0,28941.0,32510.0,16.0,37.0,32.0,1614726706.524,2021-03-02 23:11:46.523999929
12931749510,r2684277-n948219,1,39672.09299993515,34.0,32.97844,-1.0215606689453125,Low,Low,30.0,40.0,100.0,1071.146510998249,2539.01395199585,39672.09299993515,34.785,0.018,0.0,807.612,31702.388,16.0,31.467,30.001,38.827,0.0,0.0,1200.98,31309.02,16.0,33.547,31.934,39.93,24.0,1.0,1207.0,32510.0,16.0,34.0,32.0,1613435978.555,2021-02-16 00:39:38.555000067
27768201445,r44132-n410412,0,68219.65600013733,45.0,45.541817,0.5418167114257812,High,High,47.5,80.0,100.0,7311.228445389717,34928.46387207032,68219.65600013733,41.144,7.489,4.011,955.347,31554.653,16.0,34.444,32.867,45.636,7.852,3.949,1561.014,30948.986,16.0,36.082,34.459,96.3,56.0,33.0,1649.0,32510.0,16.0,45.0,46.0,1613302911.211,2021-02-14 11:41:51.210999966
56530751093,r44132-n410412,0,81683.28500008583,42.0,43.497208,1.4972076416015625,Medium,Medium,30.0,60.0,100.0,2205.448695002317,17643.589560018536,81683.28500008583,38.833,0.064,0.0,1148.587,31361.413,16.0,38.639,36.778,39.019,0.028,0.0,1248.218,31261.782,16.0,36.276,34.383,41.06,20.0,1.0,1249.0,32510.0,16.0,42.0,40.0,1613439268.58,2021-02-16 01:34:28.579999924
60439333610,r3974592-n303509,1,60286.83299994469,33.0,32.3894,-0.6105995178222656,Low,Low,30.0,40.0,100.0,1627.7444909985063,3858.357311996461,60286.83299994469,36.669,0.017,0.0,1113.507,31396.493,16.0,31.035,29.092,37.703,0.0,0.0,1204.068,31305.932,16.0,32.035,30.094,38.09,14.0,1.0,1205.0,32510.0,16.0,33.0,31.0,1613180082.782,2021-02-13 01:34:42.782000065
38785099470,r8972851-n948219,1,2.753000020980835,28.0,28.368887,0.3688869476318359,Low,Low,30.0,40.0,100.0,0.07433100056648254,0.1761920013427735,2.753000020980835,24.485,0.0,0.0,0.444,32509.556,16.0,28.0,25.741,24.485,0.0,0.0,0.444,32509.556,16.0,28.0,25.741,24.57,0.0,0.0,4.0,32510.0,16.0,28.0,26.0,1613529065.303,2021-02-17 02:31:05.302999973
30349716926,r7269000-n303509,0,351.77999997138977,72.0,71.231476,-0.768524169921875,Critical,Critical,100.0,100.0,100.0,351.77999997138977,351.77999997138977,351.77999997138977,213.867,89.404,59.946,6659.185,25850.815,16.0,68.289,73.215,213.867,89.404,59.946,6659.185,25850.815,16.0,68.289,73.215,254.1,95.0,68.0,6807.0,32510.0,16.0,72.0,77.0,1613588458.418,2021-02-17 19:00:58.417999983
9996807389,r8024255-n410412,1,47544.00100016594,47.0,48.715565,1.7155647277832031,High,High,47.5,80.0,100.0,5095.379732189658,24342.528512084966,47544.00100016594,61.069,34.568,20.176,21453.628,11056.372,16.0,39.375,39.96,67.836,39.938,22.232,27361.785,5148.215,16.0,43.211,43.606,220.77,100.0,100.0,32083.0,32510.0,16.0,47.0,54.0,1613063173.521,2021-02-11 17:06:13.520999907
32799364587,r7462820-n303766,0,492.4860000610352,72.0,72.012955,0.0129547119140625,Critical,Critical,100.0,100.0,100.0,492.4860000610352,492.4860000610352,492.4860000610352,162.581,63.555,42.728,6700.208,25809.792,16.0,64.967,68.498,162.581,63.555,42.728,6700.208,25809.792,16.0,64.967,68.498,249.43,95.0,65.0,6799.0,32510.0,16.0,72.0,78.0,1613654261.766,2021-02-18 13:17:41.766000032
53638283148,r5179276-n948219,0,341.33700013160706,71.0,71.35906,0.3590621948242187,Critical,Critical,100.0,100.0,100.0,341.33700013160706,341.33700013160706,341.33700013160706,209.579,91.237,61.232,6668.011,25841.989,16.0,68.298,74.294,209.579,91.237,61.232,6668.011,25841.989,16.0,68.298,74.294,245.12,95.0,65.0,6807.0,32510.0,16.0,71.0,78.0,1613439076.518,2021-02-16 01:31:16.517999887
13870546883,r9988778-n303766,1,97.15100002288818,30.0,30.93974,0.939739227294922,Low,Low,30.0,40.0,100.0,2.6230770006179807,6.217664001464845,97.15100002288818,26.483,0.0,0.0,3.742,32506.258,16.0,30.0,27.175,26.483,0.0,0.0,3.742,32506.258,16.0,30.0,27.175,26.59,0.0,0.0,4.0,32510.0,16.0,30.0,28.0,1613399593.892,2021-02-15 14:33:13.891999960
61289305514,r2215649-n410412,0,343.6470000743866,71.0,71.238976,0.2389755249023437,Critical,Critical,100.0,100.0,100.0,343.6470000743866,343.6470000743866,343.6470000743866,213.525,90.402,60.614,6655.885,25854.115,16.0,68.357,70.986,213.525,90.402,60.614,6655.885,25854.115,16.0,68.357,70.986,253.6,100.0,66.0,6807.0,32510.0,16.0,71.0,73.0,1613435922.632,2021-02-16 00:38:42.631999969
26460241309,r974863-n410412,1,346.5899999141693,74.0,70.88782,-3.1121826171875,Critical,High,47.5,100.0,100.0,37.14470014705136,346.5899999141693,346.5899999141693,204.861,90.177,60.542,6670.49,25839.51,16.0,62.667,65.981,204.861,90.177,60.542,6670.49,25839.51,16.0,62.667,65.981,250.05,96.0,65.0,6807.0,32510.0,16.0,74.0,78.0,1613447259.552,2021-02-16 03:47:39.552000046
66039169444,r4506251-n410412,0,251.93200016021729,31.0,31.163435,0.1634349822998047,Low,Low,30.0,40.0,100.0,6.802164004325865,16.12364801025391,251.93200016021729,25.723,0.0,0.0,0.0,32510.0,16.0,31.0,29.999,25.723,0.0,0.0,0.0,32510.0,16.0,31.0,29.999,25.93,0.0,0.0,0.0,32510.0,16.0,31.0,30.0,1613395284.574,2021-02-15 13:21:24.573999882
60804573610,r2215649-n303766,1,604858.3359999657,53.0,49.35229,-3.6477088928222656,High,High,47.5,80.0,100.0,64823.80197849631,309687.4680319825,604858.3359999657,40.717,33.727,2.774,6339.823,26170.177,16.0,34.06,32.418,71.467,98.845,9.04,19894.113,12615.887,16.0,43.891,41.961,217.08,100.0,69.0,20097.0,32510.0,16.0,53.0,51.0,1613214328.229,2021-02-13 11:05:28.229000092
21580578436,r8024255-n410412,0,346.62400007247925,71.0,71.238976,0.2389755249023437,Critical,Critical,100.0,100.0,100.0,346.62400007247925,346.62400007247925,346.62400007247925,212.554,90.176,60.575,6667.993,25842.007,16.0,68.213,72.276,212.554,90.176,60.575,6667.993,25842.007,16.0,68.213,72.276,253.7,95.0,65.0,6807.0,32510.0,16.0,71.0,76.0,1613530750.109,2021-02-17 02:59:10.108999968
5316285025,r1039410-n303509,0,52.65899991989136,39.0,44.556244,5.556243896484375,Medium,Medium,30.0,60.0,100.0,1.4217929978370665,11.374343982696532,52.65899991989136,26.705,0.0,0.0,2.315,32507.685,16.0,38.749,36.898,26.705,0.0,0.0,2.315,32507.685,16.0,38.749,36.898,27.09,0.0,0.0,4.0,32510.0,16.0,39.0,37.0,1613081594.357,2021-02-11 22:13:14.357000113
45617309709,r7269000-n303509,0,368.67199993133545,71.0,71.28656,0.28656005859375,Critical,Critical,100.0,100.0,100.0,368.67199993133545,368.67199993133545,368.67199993133545,207.021,84.852,57.046,6664.81,25845.19,16.0,68.182,72.852,207.021,84.852,57.046,6664.81,25845.19,16.0,68.182,72.852,254.4,94.0,64.0,6807.0,32510.0,16.0,71.0,76.0,1613581944.905,2021-02-17 17:12:24.904999971
61059209549,r2215649-n410412,0,47630.04999995232,46.0,47.71745,1.717449188232422,High,High,47.5,80.0,100.0,5104.60176483864,24386.585599975595,47630.04999995232,42.114,9.821,1.219,1811.876,30698.124,16.0,42.182,39.129,36.978,7.864,0.965,4584.631,27925.369,16.0,41.969,39.098,87.26,100.0,20.0,10819.0,32510.0,16.0,46.0,45.0,1613686865.405,2021-02-18 22:21:05.404999971
59861894357,r5179276-n948219,0,352.34500002861023,72.0,71.406525,-0.593475341796875,Critical,Critical,100.0,100.0,100.0,352.34500002861023,352.34500002861023,352.34500002861023,206.087,89.001,59.788,6657.922,25852.078,16.0,68.374,75.394,206.087,89.001,59.788,6657.922,25852.078,16.0,68.374,75.394,245.89,95.0,67.0,6793.0,32510.0,16.0,72.0,80.0,1613586649.815,2021-02-17 18:30:49.815000057
7602490771,r810901-n303509,0,211.4760000705719,66.0,60.336113,-5.663887023925781,High,High,47.5,80.0,100.0,22.66427944506332,108.27571203613284,211.4760000705719,126.228,62.863,28.663,3609.883,28900.117,16.0,48.018,48.715,126.228,62.863,28.663,3609.883,28900.117,16.0,48.018,48.715,233.63,100.0,56.0,5581.0,32510.0,16.0,66.0,71.0,1612969042.083,2021-02-10 14:57:22.082999945
54685900388,r414303-n948219,0,44802.31999993324,71.0,64.06632,-6.933677673339844,Critical,High,47.5,100.0,100.0,4801.548638742845,44802.31999993324,44802.31999993324,85.234,36.767,9.785,3913.124,28596.876,16.0,44.184,41.709,148.492,84.577,22.73,5089.914,27420.086,16.0,65.078,64.106,242.0,100.0,31.0,5106.0,32510.0,16.0,71.0,70.0,1614198016.292,2021-02-24 20:20:16.292000055
10666807260,r5179276-n948219,0,352.1340000629425,72.0,71.41315,-0.58685302734375,Critical,Critical,100.0,100.0,100.0,352.1340000629425,352.1340000629425,352.1340000629425,207.313,89.02,59.711,6659.563,25850.437,16.0,68.394,75.551,207.313,89.02,59.711,6659.563,25850.437,16.0,68.394,75.551,246.59,100.0,66.0,6793.0,32510.0,16.0,72.0,79.0,1613582761.52,2021-02-17 17:26:01.519999981
38147891822,r7141590-n948219,0,367.8939998149872,72.0,71.31241,-0.687591552734375,Critical,Critical,100.0,100.0,100.0,367.8939998149872,367.8939998149872,367.8939998149872,208.328,85.823,57.459,6654.828,25855.172,16.0,68.36,73.39,208.328,85.823,57.459,6654.828,25855.172,16.0,68.36,73.39,262.05,95.0,67.0,6799.0,32510.0,16.0,72.0,78.0,1613445304.489,2021-02-16 03:15:04.489000082
45326046833,r9170217-n948219,0,354.7039999961853,70.0,71.31746,1.3174591064453125,High,Critical,100.0,80.0,100.0,354.7039999961853,181.60844799804693,354.7039999961853,205.918,88.155,59.187,6663.606,25846.394,16.0,67.801,73.172,205.918,88.155,59.187,6663.606,25846.394,16.0,67.801,73.172,246.86,95.0,68.0,6799.0,32510.0,16.0,70.0,77.0,1613458591.641,2021-02-16 06:56:31.641000032
23062391063,r6727430-n303509,0,51.69199991226196,37.0,37.246708,0.2467079162597656,Medium,Medium,30.0,60.0,100.0,1.3956839976310729,11.165471981048583,51.69199991226196,27.097,0.0,0.0,3.01,32506.99,16.0,36.006,33.268,27.097,0.0,0.0,3.01,32506.99,16.0,36.006,33.268,27.36,0.0,0.0,4.0,32510.0,16.0,37.0,34.0,1613012978.043,2021-02-11 03:09:38.042999983
5433951839,r216287-n303509,1,15.111000061035156,33.0,34.909023,1.9090232849121092,Low,Low,30.0,40.0,100.0,0.40799700164794916,0.9671040039062502,15.111000061035156,44.518,20.697,6.662,799.952,31710.048,16.0,31.221,29.841,44.518,20.697,6.662,799.952,31710.048,16.0,31.221,29.841,68.26,41.0,14.0,1327.0,32510.0,16.0,33.0,32.0,1612830300.678,2021-02-09 00:25:00.677999973
24951622081,r9170217-n303509,0,354.6579999923706,72.0,71.36278,-0.6372222900390625,Critical,Critical,100.0,100.0,100.0,354.6579999923706,354.6579999923706,354.6579999923706,209.513,87.816,58.851,6653.999,25856.001,16.0,68.502,70.137,209.513,87.816,58.851,6653.999,25856.001,16.0,68.502,70.137,255.19,94.0,64.0,6807.0,32510.0,16.0,72.0,74.0,1613437241.762,2021-02-16 01:00:41.762000084
26590239582,r9170217-n303509,1,350.8340001106262,66.0,70.48689,4.4868927001953125,High,High,47.5,80.0,100.0,37.59953760560602,179.62700805664068,350.8340001106262,209.973,88.979,59.788,6651.645,25858.355,16.0,62.039,66.014,209.973,88.979,59.788,6651.645,25858.355,16.0,62.039,66.014,256.86,100.0,65.0,6801.0,32510.0,16.0,66.0,71.0,1613438258.268,2021-02-16 01:17:38.267999887
46621413274,r9480604-n410412,0,91.49200010299684,40.0,40.538754,0.5387535095214844,Medium,Medium,30.0,60.0,100.0,2.4702840027809145,19.762272022247316,91.49200010299684,40.69,23.04,0.003,845.085,31664.915,16.0,38.506,36.163,40.69,23.04,0.003,845.085,31664.915,16.0,38.506,36.163,45.36,49.0,1.0,1065.0,32510.0,16.0,40.0,38.0,1614113711.981,2021-02-23 20:55:11.980999947
51664482656,r7462820-n303766,0,5457.960000038147,42.0,45.503246,3.503246307373047,Medium,High,47.5,60.0,100.0,584.9398068790882,1178.9193600082397,5457.960000038147,49.824,19.206,5.01,1710.885,30799.115,16.0,36.583,34.89,60.339,34.176,7.833,2527.352,29982.648,16.0,40.723,39.301,125.94,55.0,17.0,2629.0,32510.0,16.0,42.0,42.0,1613329527.037,2021-02-14 19:05:27.036999941
19787273217,r6727430-n948219,0,0.2120001316070556,32.0,32.675125,0.6751251220703125,Low,Low,30.0,40.0,100.0,0.005724003553390501,0.013568008422851562,0.2120001316070556,26.537,0.0,0.0,0.0,32510.0,16.0,32.0,31.0,26.537,0.0,0.0,0.0,32510.0,16.0,32.0,31.0,26.63,0.0,0.0,0.0,32510.0,16.0,32.0,31.0,1613613328.074,2021-02-18 01:55:28.073999882
63854493412,r2684277-n948219,0,3954.155999898911,49.0,46.48176,-2.5182418823242188,High,High,47.5,80.0,100.0,423.77431255166607,2024.5278719482428,3954.155999898911,48.731,15.529,3.584,847.136,31662.864,16.0,40.724,39.108,63.387,30.869,7.192,1055.489,31454.511,16.0,46.067,44.607,107.46,48.0,12.0,1093.0,32510.0,16.0,49.0,48.0,1614058171.397,2021-02-23 05:29:31.397000074
22812963814,r2684277-n948219,0,108.106999874115,36.0,51.274582,15.274581909179688,Medium,High,47.5,60.0,100.0,11.586029877133667,23.351111972808837,108.106999874115,35.258,3.115,2.076,2577.362,29932.638,16.0,30.441,29.09,35.258,3.115,2.076,2577.362,29932.638,16.0,30.441,29.09,192.5,100.0,77.0,27707.0,32510.0,16.0,36.0,39.0,1613257457.598,2021-02-13 23:04:17.598000050
11122448293,r9648383-n303766,0,295415.4460000992,75.0,64.94069,-10.059310913085938,Critical,High,47.5,100.0,100.0,31660.227251791875,295415.4460000992,295415.4460000992,92.735,32.675,5.674,14429.026,18080.974,16.0,45.063,42.397,161.165,64.034,10.925,25564.626,6945.374,16.0,65.258,63.459,273.16,100.0,54.0,29181.0,32510.0,16.0,75.0,74.0,1614298116.421,2021-02-26 00:08:36.421000004
59202725861,r9170217-n303509,1,20.23799991607666,29.0,29.934078,0.9340782165527344,Low,Low,30.0,40.0,100.0,0.5464259977340697,1.2952319946289066,20.23799991607666,24.835,0.0,0.0,0.022,32509.978,16.0,29.0,27.989,24.835,0.0,0.0,0.022,32509.978,16.0,29.0,27.989,24.94,0.0,0.0,4.0,32510.0,16.0,29.0,28.0,1614729480.2,2021-03-02 23:58:00.200000048
60770293370,r1039410-n948219,0,68633.8900001049,73.0,39.77876,-33.22124099731445,Critical,Medium,30.0,100.0,100.0,1853.115030002832,68633.8900001049,68633.8900001049,26.578,10.014,0.0,69.0,32441.0,16.0,33.012,33.001,123.381,54.771,28.354,21765.229,10744.771,16.0,52.729,53.772,260.48,100.0,67.0,31081.0,32441.0,16.0,73.0,76.0,1614090377.807,2021-02-23 14:26:17.806999922
37864616137,r7419443-n772143,1,593.954999923706,29.0,29.099825,0.0998249053955078,Low,Low,30.0,40.0,100.0,16.03678499794006,38.013119995117194,593.954999923706,26.029,0.0,0.0,0.0,32510.0,16.0,28.479,26.082,26.029,0.0,0.0,0.0,32510.0,16.0,28.479,26.082,26.27,0.0,0.0,0.0,32510.0,16.0,29.0,27.0,1614759517.435,2021-03-03 08:18:37.434999943
30607885277,r9170217-n303509,0,5391.730999946594,44.0,45.388477,1.3884773254394531,Medium,High,47.5,60.0,100.0,577.8419207599013,1164.6138959884643,5391.730999946594,47.92,18.657,3.064,938.122,31571.878,16.0,38.254,34.516,54.678,30.607,4.895,1075.374,31434.626,16.0,41.323,37.473,98.85,47.0,9.0,1093.0,32510.0,16.0,44.0,41.0,1613333323.905,2021-02-14 20:08:43.904999971
60769080055,r8024255-n410412,0,1025.784999847412,33.0,34.528435,1.5284347534179688,Low,Low,30.0,40.0,100.0,27.696194995880123,65.6502399902344,1025.784999847412,24.957,0.0,0.0,0.0,32510.0,16.0,32.0,30.68,24.957,0.0,0.0,0.292,32509.708,16.0,32.0,30.685,25.07,0.0,0.0,4.0,32510.0,16.0,33.0,31.0,1614735079.585,2021-03-03 01:31:19.585000038
25779594908,r492024-n410412,0,13.028000116348268,32.0,32.794636,0.7946357727050781,Low,Low,30.0,40.0,100.0,0.3517560031414032,0.8337920074462893,13.028000116348268,28.113,0.0,0.0,0.0,32510.0,16.0,32.0,30.0,28.113,0.0,0.0,0.0,32510.0,16.0,32.0,30.0,28.16,0.0,0.0,0.0,32510.0,16.0,32.0,30.0,1614735030.222,2021-03-03 01:30:30.221999884
42234838229,r7269000-n948219,0,7.322000026702881,40.0,40.7386,0.7386016845703125,Medium,Medium,30.0,60.0,100.0,0.19769400072097776,1.581552005767822,7.322000026702881,37.69,2.071,0.014,432.371,32077.629,16.0,39.829,38.014,37.69,2.071,0.014,432.371,32077.629,16.0,39.829,38.014,43.07,24.0,1.0,1197.0,32510.0,16.0,40.0,39.0,1613430186.592,2021-02-15 23:03:06.592000008
14972455166,r7462820-n410412,0,397.5279998779297,71.0,71.36746,0.367462158203125,Critical,Critical,100.0,100.0,100.0,397.5279998779297,397.5279998779297,397.5279998779297,194.11,79.181,53.177,6568.219,25941.781,16.0,67.658,73.281,194.11,79.181,53.177,6568.219,25941.781,16.0,67.658,73.281,252.85,94.0,64.0,6793.0,32510.0,16.0,71.0,78.0,1613581224.732,2021-02-17 17:00:24.732000113
