id_job,node_id,gpu_index,runtime_seconds,actual_peak_temp,predicted_peak_temp,prediction_error,actual_tier,predicted_tier,predictive_pwm_pct,stepped_reference_pwm_pct,always_100_pwm_pct,predictive_energy_proxy,stepped_reference_energy_proxy,always_100_energy_proxy,early_power_draw_W,early_utilization_gpu_pct,early_utilization_memory_pct,early_memory_used_MiB,early_memory_free_MiB,early_pcie_link_width_current,early_temperature_gpu,early_temperature_memory,full_power_draw_W_avg,full_utilization_gpu_pct_avg,full_utilization_memory_pct_avg,full_memory_used_MiB_avg,full_memory_free_MiB_avg,full_pcie_link_width_current_avg,full_temperature_gpu_avg,full_temperature_memory_avg,full_power_draw_W_peak,full_utilization_gpu_pct_peak,full_utilization_memory_pct_peak,full_memory_used_MiB_peak,full_memory_free_MiB_peak,full_pcie_link_width_current_peak,full_temperature_gpu_peak,full_temperature_memory_peak,job_start_ts,job_start_date
8846382421,r4506251-n303766,0,361.9930000305176,72.0,71.40781,-0.592193603515625,Critical,Critical,100.0,100.0,100.0,361.9930000305176,361.9930000305176,361.9930000305176,211.84,88.201,59.233,6639.747,25870.253,16.0,68.508,75.423,210.522,87.661,58.934,6664.231,25845.769,16.0,68.434,75.305,254.29,95.0,65.0,6801.0,32510.0,16.0,72.0,79.0,1613466192.685,2021-02-16 09:03:12.684999943
9530319113,r368967-n200569,1,34.520999908447266,29.0,29.945742,0.9457416534423828,Low,Low,30.0,40.0,100.0,0.9320669975280761,2.2093439941406254,34.520999908447266,25.759,0.0,0.0,0.0,32510.0,16.0,29.0,28.0,25.759,0.0,0.0,0.0,32510.0,16.0,29.0,28.0,25.8,0.0,0.0,0.0,32510.0,16.0,29.0,28.0,1614725051.042,2021-03-02 22:44:11.042000055
31211855224,r6707841-n772143,1,10075.87599992752,38.0,36.530636,-1.4693641662597656,Medium,Medium,30.0,60.0,100.0,272.048651998043,2176.389215984344,10075.87599992752,41.52,24.86,1.742,30461.689,2048.311,16.0,35.786,30.992,41.333,22.144,1.497,31052.529,1457.471,16.0,36.687,32.233,71.02,100.0,6.0,31071.0,32510.0,16.0,38.0,34.0,1614740761.736,2021-03-03 03:06:01.736000061
32669422700,r4144777-n303509,0,3228.348999977112,41.0,46.09595,5.095951080322266,Medium,High,47.5,60.0,100.0,345.988215481922,697.323383995056,3228.348999977112,37.236,8.687,0.483,20788.421,11721.579,16.0,38.164,35.854,41.673,14.08,0.784,29783.577,2726.423,16.0,39.746,37.019,46.94,100.0,6.0,30709.0,32510.0,16.0,41.0,38.0,1614323525.134,2021-02-26 07:12:05.134000063
51540616413,r2215649-n303766,0,2.6710000038146973,40.0,41.98235,1.982349395751953,Medium,Medium,30.0,60.0,100.0,0.07211700010299682,0.5769360008239746,2.6710000038146973,26.266,0.0,0.0,1.692,32508.308,16.0,39.769,37.462,26.266,0.0,0.0,1.692,32508.308,16.0,39.769,37.462,26.42,0.0,0.0,4.0,32510.0,16.0,40.0,38.0,1613954834.595,2021-02-22 00:47:14.595000029
55464434451,r414303-n303509,0,1.7739999294281006,43.0,45.604088,2.604087829589844,Medium,High,47.5,60.0,100.0,0.1901228986866772,0.3831839847564697,1.7739999294281006,28.985,0.0,0.0,0.0,32510.0,16.0,43.0,44.0,28.985,0.0,0.0,0.0,32510.0,16.0,43.0,44.0,29.14,0.0,0.0,0.0,32510.0,16.0,43.0,44.0,1613429089.552,2021-02-15 22:44:49.552000046
57386941605,r1039410-n948219,0,236.7550001144409,30.0,36.526134,6.526134490966797,Low,Medium,30.0,40.0,100.0,6.392385003089903,15.15232000732422,236.7550001144409,25.836,0.0,0.0,0.002,32509.998,16.0,30.0,30.0,25.836,0.0,0.0,0.002,32509.998,16.0,30.0,30.0,26.03,0.0,0.0,4.0,32510.0,16.0,30.0,30.0,1614401779.507,2021-02-27 04:56:19.506999969
54541151574,r810901-n303509,0,941917.5360000134,74.0,39.50898,-34.49102020263672,Critical,Medium,30.0,100.0,100.0,25431.773472000357,941917.5360000134,941917.5360000134,28.014,5.275,0.0,66.0,32444.0,16.0,35.0,34.006,38.558,6.344,2.416,9583.102,22926.898,16.0,36.661,36.111,256.92,100.0,58.0,31267.0,32510.0,16.0,74.0,80.0,1613226592.937,2021-02-13 14:29:52.937000036
15715237812,r2215649-n410412,0,12568.43299984932,69.0,66.54506,-2.454940795898437,High,High,47.5,80.0,100.0,1346.982530405726,6435.037695922853,12568.43299984932,112.71,39.901,10.101,4873.51,27636.49,16.0,57.753,54.217,94.277,39.644,10.048,4980.942,27529.058,16.0,55.002,51.639,240.54,99.0,26.0,4999.0,32510.0,16.0,69.0,66.0,1613301154.742,2021-02-14 11:12:34.742000103
7306611376,r8024255-n410412,0,134.97699999809265,34.0,35.967407,1.9674072265625,Low,Medium,30.0,40.0,100.0,3.644378999948501,8.638527999877931,134.97699999809265,25.745,0.084,0.0,67.288,32442.712,16.0,32.107,30.738,25.745,0.084,0.0,67.288,32442.712,16.0,32.107,30.738,37.98,10.0,0.0,1205.0,32510.0,16.0,34.0,31.0,1614736398.178,2021-03-03 01:53:18.177999973
44719024257,r44132-n303766,0,410.02300000190735,72.0,71.497986,-0.50201416015625,Critical,Critical,100.0,100.0,100.0,410.02300000190735,410.02300000190735,410.02300000190735,191.485,78.408,52.628,6559.083,25950.917,16.0,66.375,72.555,187.51,76.528,51.412,6622.21,25887.79,16.0,66.281,72.405,251.92,94.0,65.0,6807.0,32510.0,16.0,72.0,79.0,1613468161.601,2021-02-16 09:36:01.601000071
7762935508,r1051355-n200569,1,5361.572000026703,30.0,30.357227,0.3572273254394531,Low,Low,30.0,40.0,100.0,144.76244400072096,343.14060800170904,5361.572000026703,35.667,0.032,0.0,1013.571,31496.429,16.0,28.804,26.794,35.967,0.003,0.0,1037.257,31472.743,16.0,29.365,27.328,36.35,21.0,1.0,1039.0,32510.0,16.0,30.0,28.0,1614719074.546,2021-03-02 21:04:34.546000004
51625124858,r2215649-n303766,0,2.013000011444092,32.0,32.2167,0.2167015075683593,Low,Low,30.0,40.0,100.0,0.05435100030899047,0.1288320007324219,2.013000011444092,25.216,0.0,0.0,0.0,32510.0,16.0,32.0,30.0,25.216,0.0,0.0,0.0,32510.0,16.0,32.0,30.0,25.25,0.0,0.0,0.0,32510.0,16.0,32.0,30.0,1614369046.646,2021-02-26 19:50:46.645999908
43877167150,r810901-n172107,0,71.33000016212463,32.0,33.877472,1.877471923828125,Low,Low,30.0,40.0,100.0,1.925910004377365,4.565120010375978,71.33000016212463,36.712,0.191,0.003,929.764,31580.236,16.0,31.664,30.7,36.712,0.191,0.003,929.764,31580.236,16.0,31.664,30.7,37.75,20.0,1.0,1039.0,32510.0,16.0,32.0,31.0,1614718743.952,2021-03-02 20:59:03.951999903
28726749356,r4506251-n410412,1,0.315000057220459,32.0,32.251842,0.2518424987792969,Low,Low,30.0,40.0,100.0,0.008505001544952392,0.02016000366210938,0.315000057220459,25.962,0.0,0.0,0.0,32510.0,16.0,32.0,28.5,25.962,0.0,0.0,0.0,32510.0,16.0,32.0,28.5,26.0,0.0,0.0,0.0,32510.0,16.0,32.0,29.0,1614734566.654,2021-03-03 01:22:46.654000044
50504234936,r7753495-n948219,0,15289.210000038149,36.0,41.16428,5.164279937744141,Medium,Medium,30.0,60.0,100.0,412.80867000102995,3302.4693600082396,15289.210000038149,46.757,8.154,4.036,30639.826,1870.174,16.0,34.096,31.769,38.901,2.979,1.234,31061.811,1448.189,16.0,32.508,30.238,141.68,74.0,37.0,31071.0,32510.0,16.0,36.0,36.0,1613572126.954,2021-02-17 14:28:46.953999996
64219558446,r9988778-n303766,0,4135.93700003624,45.0,46.738018,1.738018035888672,High,High,47.5,80.0,100.0,443.25612317575883,2117.599744018555,4135.93700003624,34.284,0.346,0.015,841.4,31668.6,16.0,36.955,36.216,58.342,34.113,6.778,1074.512,31435.488,16.0,42.58,42.157,96.46,45.0,10.0,1093.0,32510.0,16.0,45.0,45.0,1613388090.112,2021-02-15 11:21:30.111999989
31830614139,r7753495-n303509,0,412.0719997882843,40.0,40.556206,0.5562057495117188,Medium,Medium,30.0,60.0,100.0,11.125943994283675,89.0075519542694,412.0719997882843,25.574,0.0,0.0,3.198,32506.802,16.0,37.017,35.717,25.543,0.0,0.0,3.383,32506.617,16.0,36.806,35.526,26.2,0.0,0.0,4.0,32510.0,16.0,40.0,39.0,1613682923.571,2021-02-18 21:15:23.571000099
59860836210,r5179276-n948219,0,350.7569999694824,74.0,71.76982,-2.2301788330078125,Critical,Critical,100.0,100.0,100.0,350.7569999694824,350.7569999694824,350.7569999694824,202.566,88.071,59.158,6436.803,26073.197,16.0,64.917,71.223,203.748,88.649,59.546,6485.257,26024.743,16.0,65.418,71.84,248.69,95.0,66.0,6801.0,32510.0,16.0,74.0,82.0,1613435926.969,2021-02-16 00:38:46.969000101
10718180860,r4144777-n303509,0,39602.9430000782,51.0,47.199184,-3.800815582275391,High,High,47.5,80.0,100.0,4244.321656836505,20276.706816040045,39602.9430000782,55.294,29.417,17.057,17006.845,15503.155,16.0,38.209,37.084,71.16,40.81,23.633,31452.095,1057.905,16.0,47.0,46.361,223.02,100.0,100.0,31725.0,32510.0,16.0,51.0,57.0,1614336585.083,2021-02-26 10:49:45.082999945
37807379580,r9988778-n303766,0,97.07599997520448,40.0,50.394485,10.394485473632812,Medium,High,47.5,60.0,100.0,10.403816934842617,20.968415994644165,97.07599997520448,62.459,45.012,31.435,2851.402,29658.598,16.0,35.881,37.686,62.459,45.012,31.435,2851.402,29658.598,16.0,35.881,37.686,91.89,76.0,64.0,3459.0,32510.0,16.0,40.0,44.0,1614755008.104,2021-03-03 07:03:28.104000092
27810787228,r1039410-n303509,0,5117.881999969482,46.0,48.282322,2.2823219299316406,High,High,47.5,80.0,100.0,548.4930099654792,2620.3555839843757,5117.881999969482,35.407,0.441,0.017,719.959,31790.041,16.0,39.706,37.413,59.039,33.51,5.924,1071.08,31438.92,16.0,44.685,42.868,114.12,46.0,10.0,1093.0,32510.0,16.0,46.0,45.0,1613322379.178,2021-02-14 17:06:19.177999973
26338952628,r810901-n303509,0,224.62200021743772,38.0,51.67189,13.671890258789062,Medium,High,47.5,60.0,100.0,24.073160929553204,48.51835204696654,224.62200021743772,37.212,6.643,1.846,1712.078,30797.922,16.0,34.654,33.453,37.212,6.643,1.846,1712.078,30797.922,16.0,34.654,33.453,138.7,59.0,16.0,3965.0,32510.0,16.0,38.0,38.0,1613066187.416,2021-02-11 17:56:27.415999889
10256084280,r8024255-n410412,0,390.50800013542175,71.0,71.3459,0.3459014892578125,Critical,Critical,100.0,100.0,100.0,390.50800013542175,390.50800013542175,390.50800013542175,196.125,81.089,54.385,6544.599,25965.401,16.0,67.994,71.626,194.269,80.263,53.887,6601.705,25908.295,16.0,67.891,71.491,251.0,92.0,62.0,6807.0,32510.0,16.0,71.0,75.0,1613534422.05,2021-02-17 04:00:22.049999952
29153938586,r1039410-n948219,0,20195.485000133514,74.0,34.119144,-39.880855560302734,Critical,Low,30.0,100.0,100.0,545.2780950036048,20195.485000133514,20195.485000133514,25.843,0.0,0.0,0.0,32510.0,16.0,30.205,30.214,217.782,91.088,64.077,4698.023,27811.977,16.0,67.738,71.381,247.03,97.0,71.0,7145.0,32510.0,16.0,74.0,78.0,1613928464.356,2021-02-21 17:27:44.355999947
65776802327,r1900814-n772143,1,9178.707999944689,37.0,36.032173,-0.9678268432617188,Medium,Medium,30.0,60.0,100.0,247.82511599850656,1982.6009279880525,9178.707999944689,40.141,21.467,1.585,28926.066,3583.934,16.0,33.856,32.637,41.02,20.909,1.489,31000.624,1509.376,16.0,35.499,34.371,73.2,31.0,3.0,31071.0,32510.0,16.0,37.0,36.0,1614721838.821,2021-03-02 21:50:38.821000099
8916268168,r810901-n303509,1,46096.99499988556,54.0,46.002117,-7.997882843017578,High,High,47.5,80.0,100.0,4940.30138600336,23601.66143994141,46096.99499988556,44.157,8.477,2.691,1122.609,31387.391,16.0,35.775,35.597,87.659,46.4,15.034,2617.206,29892.794,16.0,51.595,53.025,151.08,62.0,22.0,2627.0,32510.0,16.0,54.0,56.0,1613136214.653,2021-02-12 13:23:34.653000116
3277108223,r6727430-n948219,0,386.805999994278,70.0,71.525986,1.5259857177734375,High,Critical,100.0,80.0,100.0,386.805999994278,198.0446719970704,386.805999994278,195.396,82.205,55.22,6542.586,25967.414,16.0,64.434,68.88,193.611,80.901,54.373,6589.003,25920.997,16.0,65.283,69.814,248.09,94.0,63.0,6799.0,32510.0,16.0,70.0,76.0,1613651349.513,2021-02-18 12:29:09.513000011
40130924494,r414303-n948219,0,13864.236000061035,72.0,61.30828,-10.69171905517578,Critical,High,47.5,100.0,100.0,1485.856167569041,13864.236000061035,13864.236000061035,63.644,23.588,4.045,3268.286,29241.714,16.0,46.485,43.805,122.365,61.8,10.793,7213.204,25296.796,16.0,63.606,61.331,233.22,100.0,22.0,7299.0,32510.0,16.0,72.0,68.0,1614005115.182,2021-02-22 14:45:15.181999922
62214765329,r2215649-n303766,1,10277.196000099182,72.0,60.492844,-11.507156372070312,Critical,High,47.5,100.0,100.0,1101.4263650731293,10277.196000099182,10277.196000099182,68.243,23.336,4.027,3348.81,29161.19,16.0,44.748,42.468,130.407,61.916,10.926,7219.52,25290.48,16.0,64.101,61.829,246.31,100.0,22.0,7335.0,32510.0,16.0,72.0,68.0,1614005113.092,2021-02-22 14:45:13.092000008
54622062268,r810901-n172107,1,1523.3150000572205,31.0,34.243935,3.243934631347656,Low,Low,30.0,40.0,100.0,41.12950500154495,97.49216000366214,1523.3150000572205,25.249,0.0,0.0,0.0,32510.0,16.0,30.139,30.0,25.249,0.0,0.0,0.0,32510.0,16.0,30.055,30.0,25.39,0.0,0.0,0.0,32510.0,16.0,31.0,30.0,1614716636.741,2021-03-02 20:23:56.740999937
54766243451,r7753495-n948219,0,349.42900013923645,71.0,71.33011,0.330108642578125,Critical,Critical,100.0,100.0,100.0,349.42900013923645,349.42900013923645,349.42900013923645,214.171,90.4,60.704,6650.175,25859.825,16.0,67.966,71.214,212.303,89.49,60.13,6668.425,25841.575,16.0,67.883,71.104,253.52,95.0,64.0,6807.0,32510.0,16.0,71.0,74.0,1613567855.208,2021-02-17 13:17:35.207999945
26905523624,r7269000-n303509,0,687436.120000124,74.0,66.9924,-7.007598876953125,Critical,High,47.5,100.0,100.0,73673.81792313828,687436.120000124,687436.120000124,108.279,36.904,15.326,17021.646,15488.354,16.0,47.079,44.564,141.422,51.52,21.726,17916.491,14593.509,16.0,62.214,61.758,285.64,100.0,65.0,17919.0,32510.0,16.0,74.0,78.0,1612887144.185,2021-02-09 16:12:24.184999943
29764026167,r7462820-n303766,0,5143.963000059128,41.0,42.99334,1.9933395385742188,Medium,Medium,30.0,60.0,100.0,138.88700100159645,1111.0960080127716,5143.963000059128,38.157,2.468,0.447,889.416,31620.584,16.0,34.238,31.847,58.665,30.278,6.084,1080.724,31429.276,16.0,39.657,38.153,112.59,47.0,11.0,1093.0,32510.0,16.0,41.0,40.0,1613281680.491,2021-02-14 05:48:00.490999937
33983766896,r4506251-n410412,0,1539.3849999904633,35.0,43.637794,8.637794494628906,Medium,Medium,30.0,60.0,100.0,41.5633949997425,332.50715999794,1539.3849999904633,38.351,0.053,0.0,1067.729,31442.271,16.0,33.768,31.831,38.644,0.027,0.0,1112.132,31397.868,16.0,34.749,32.771,43.11,22.0,1.0,1123.0,32510.0,16.0,35.0,33.0,1613393419.738,2021-02-15 12:50:19.737999916
47584375067,r8024255-n303766,0,33618.708000183105,49.0,51.5279,2.527900695800781,High,High,47.5,80.0,100.0,3602.979971457123,17212.778496093753,33618.708000183105,65.936,20.346,16.921,22384.874,10125.126,16.0,39.749,38.931,81.759,31.778,26.686,29907.331,2602.669,16.0,46.537,46.483,204.57,100.0,95.0,30087.0,32510.0,16.0,49.0,54.0,1613366862.442,2021-02-15 05:27:42.441999912
50196721169,r7141590-n303509,0,413.70499992370605,74.0,71.5323,-2.4676971435546875,Critical,Critical,100.0,100.0,100.0,413.70499992370605,413.70499992370605,413.70499992370605,194.341,77.313,51.54,6469.881,26040.119,16.0,67.232,68.628,193.498,76.829,51.263,6553.478,25956.522,16.0,67.393,68.823,266.64,94.0,64.0,6793.0,32510.0,16.0,74.0,76.0,1613483514.868,2021-02-16 13:51:54.868000031
61846264860,r8473362-n410412,0,21.871999979019165,33.0,34.483284,1.4832839965820312,Low,Low,30.0,40.0,100.0,0.5905439994335173,1.399807998657227,21.871999979019165,27.075,0.0,0.0,0.0,32510.0,16.0,33.0,31.0,27.075,0.0,0.0,0.0,32510.0,16.0,33.0,31.0,27.2,0.0,0.0,0.0,32510.0,16.0,33.0,31.0,1614734934.176,2021-03-03 01:28:54.176000118
18262920573,r9170217-n948219,0,1.7969999313354492,34.0,35.858116,1.858116149902344,Low,Medium,30.0,40.0,100.0,0.048518998146057125,0.11500799560546877,1.7969999313354492,27.629,0.0,0.0,0.0,32510.0,16.0,34.0,32.444,27.629,0.0,0.0,0.0,32510.0,16.0,34.0,32.444,27.74,0.0,0.0,0.0,32510.0,16.0,34.0,33.0,1613429365.834,2021-02-15 22:49:25.834000111
59217233317,r7753495-n772143,0,52.30299997329712,36.0,43.98733,7.987331390380859,Medium,Medium,30.0,60.0,100.0,1.412180999279022,11.297447994232176,52.30299997329712,40.461,2.544,0.534,18189.916,14320.084,16.0,31.835,29.709,40.461,2.544,0.534,18189.916,14320.084,16.0,31.835,29.709,202.77,100.0,28.0,27191.0,32510.0,16.0,36.0,33.0,1614726869.538,2021-03-02 23:14:29.538000107
52126320030,r44132-n303766,0,20.513999938964844,44.0,48.420544,4.420543670654297,Medium,High,47.5,60.0,100.0,2.1985238372087474,4.431023986816405,20.513999938964844,36.326,4.633,1.464,451.745,32058.255,16.0,38.469,37.551,36.326,4.633,1.464,451.745,32058.255,16.0,38.469,37.551,232.13,96.0,46.0,5673.0,32510.0,16.0,44.0,45.0,1613473177.174,2021-02-16 10:59:37.174000025
59217233317,r7753495-n772143,1,52.30299997329712,36.0,42.47307,6.473068237304688,Medium,Medium,30.0,60.0,100.0,1.412180999279022,11.297447994232176,52.30299997329712,42.298,2.664,0.589,19784.807,12725.193,16.0,31.717,30.371,42.298,2.664,0.589,19784.807,12725.193,16.0,31.717,30.371,204.54,100.0,28.0,28939.0,32510.0,16.0,36.0,33.0,1614726869.541,2021-03-02 23:14:29.540999889
64578521934,r8275852-n410412,0,437.04900002479553,72.0,71.522,-0.477996826171875,Critical,Critical,100.0,100.0,100.0,437.04900002479553,437.04900002479553,437.04900002479553,177.958,72.586,48.707,6539.455,25970.545,16.0,64.806,69.735,176.369,71.647,48.124,6620.375,25889.625,16.0,65.193,70.201,247.02,96.0,68.0,6807.0,32510.0,16.0,72.0,79.0,1613496678.099,2021-02-16 17:31:18.098999977
11056891962,r4506251-n303766,0,371.0179998874664,73.0,71.599785,-1.4002151489257812,Critical,Critical,100.0,100.0,100.0,371.0179998874664,371.0179998874664,371.0179998874664,201.914,84.118,56.42,6519.46,25990.54,16.0,64.525,70.524,203.142,84.577,56.807,6570.49,25939.51,16.0,65.15,71.305,258.59,95.0,65.0,6807.0,32510.0,16.0,73.0,80.0,1613508018.401,2021-02-16 20:40:18.401000023
27369314922,r3974592-n303509,0,412532.7350001335,57.0,64.40003,7.400032043457031,High,High,47.5,80.0,100.0,44211.90670884243,211216.7603200684,412532.7350001335,74.792,25.582,11.561,16755.054,15754.946,16.0,40.849,39.205,48.463,6.818,3.089,17755.047,14754.953,16.0,38.241,36.598,260.42,100.0,62.0,32172.0,32510.0,16.0,57.0,58.0,1613287267.392,2021-02-14 07:21:07.391999960
46622867390,r9480604-n303766,0,187.06399989128116,44.0,48.078842,4.0788421630859375,Medium,High,47.5,60.0,100.0,20.047999613348395,40.40582397651672,187.06399989128116,68.679,30.806,4.23,1254.126,31255.874,16.0,41.533,38.764,68.679,30.806,4.23,1254.126,31255.874,16.0,41.533,38.764,119.1,90.0,13.0,1315.0,32510.0,16.0,44.0,42.0,1613794985.128,2021-02-20 04:23:05.128000020
28250083927,r9515777-n303766,0,64137.72200012207,73.0,40.820786,-32.17921447753906,Critical,Medium,30.0,100.0,100.0,1731.7184940032957,64137.72200012207,64137.72200012207,26.357,0.0,0.0,0.0,32510.0,16.0,39.0,37.259,175.465,87.302,51.435,28972.775,3537.225,16.0,66.169,70.477,274.77,100.0,80.0,31079.0,32510.0,16.0,73.0,80.0,1614281959.531,2021-02-25 19:39:19.530999899
7270115381,r9170217-n948219,0,1.821000099182129,34.0,35.32695,1.3269500732421875,Low,Medium,30.0,40.0,100.0,0.049167002677917473,0.11654400634765628,1.821000099182129,27.706,0.0,0.0,0.0,32510.0,16.0,34.0,32.833,27.706,0.0,0.0,0.0,32510.0,16.0,34.0,32.833,27.82,0.0,0.0,0.0,32510.0,16.0,34.0,33.0,1613429358.741,2021-02-15 22:49:18.740999937
63121076023,r810901-n303509,0,44348.484999895096,54.0,53.18684,-0.8131599426269531,High,High,47.5,80.0,100.0,4752.910290848132,22706.424319946294,44348.484999895096,53.516,19.012,5.131,1662.933,30847.067,16.0,39.952,39.455,87.533,54.418,16.104,2751.376,29758.624,16.0,50.52,51.509,139.76,69.0,22.0,2759.0,32444.0,16.0,54.0,55.0,1613104843.006,2021-02-12 04:40:43.006000042
11215228029,r3974592-n303509,0,662.6330001354218,33.0,39.14184,6.141841888427734,Low,Medium,30.0,40.0,100.0,17.891091003656385,42.408512008667,662.6330001354218,24.642,0.006,0.0,3.359,32506.641,16.0,31.073,29.345,24.585,0.003,0.0,3.704,32506.296,16.0,31.033,29.624,37.97,16.0,1.0,4.0,32510.0,16.0,33.0,31.0,1613178563.274,2021-02-13 01:09:23.273999929
8907983500,r44132-n410412,0,95594.39800000192,54.0,47.952606,-6.047393798828125,High,High,47.5,80.0,100.0,10245.030873156455,48944.331776000996,95594.39800000192,37.518,1.973,1.109,3164.379,29345.621,16.0,34.03,32.254,88.651,44.815,28.986,4736.992,27773.008,16.0,49.685,51.941,161.35,61.0,43.0,4742.0,32510.0,16.0,54.0,58.0,1613177402.258,2021-02-13 00:50:02.257999896
21292581649,r810901-n303509,1,46839.17899990082,46.0,46.60511,0.6051101684570312,High,High,47.5,80.0,100.0,5019.842636879995,23981.659647949225,46839.17899990082,43.12,6.924,1.726,1039.178,31470.822,16.0,36.382,36.059,63.607,35.974,8.553,1535.801,30974.199,16.0,42.937,43.462,131.25,52.0,15.0,1539.0,32510.0,16.0,46.0,47.0,1613182312.233,2021-02-13 02:11:52.233000040
60515743394,r9852763-n172107,0,9456.61999988556,39.0,38.968628,-0.0313720703125,Medium,Medium,30.0,60.0,100.0,255.32873999691012,2042.629919975281,9456.61999988556,46.301,27.677,4.266,30557.782,1952.218,16.0,36.796,37.118,45.145,23.483,3.585,31054.369,1455.631,16.0,37.426,37.831,74.57,100.0,6.0,31071.0,32510.0,16.0,39.0,40.0,1614747952.903,2021-03-03 05:05:52.903000116
57833297880,r5354770-n172107,0,10583.705999851229,40.0,37.93833,-2.0616683959960938,Medium,Medium,30.0,60.0,100.0,285.7600619959831,2286.080495967865,10583.705999851229,43.176,20.875,3.404,29882.041,2627.959,16.0,35.082,32.521,44.152,21.336,3.372,31036.992,1473.008,16.0,38.864,36.4,99.73,39.0,6.0,31071.0,32510.0,16.0,40.0,38.0,1614731325.108,2021-03-03 00:28:45.108000040
20856692552,r6727430-n948219,0,0.2070000171661377,32.0,33.35473,1.3547286987304688,Low,Low,30.0,40.0,100.0,0.005589000463485717,0.013248001098632816,0.2070000171661377,26.53,0.0,0.0,0.0,32510.0,16.0,32.0,31.0,26.53,0.0,0.0,0.0,32510.0,16.0,32.0,31.0,26.53,0.0,0.0,0.0,32510.0,16.0,32.0,31.0,1613613330.257,2021-02-18 01:55:30.256999969
28649012486,r9480604-n303766,0,1.688999891281128,31.0,31.692966,0.6929664611816406,Low,Low,30.0,40.0,100.0,0.04560299706459045,0.10809599304199222,1.688999891281128,27.409,0.0,0.0,0.0,32510.0,16.0,31.0,29.0,27.409,0.0,0.0,0.0,32510.0,16.0,31.0,29.0,27.53,0.0,0.0,0.0,32510.0,16.0,31.0,29.0,1613438960.459,2021-02-16 01:29:20.459000111
51918166157,r1039410-n948219,0,262.61300015449524,39.0,39.5587,0.5587005615234375,Medium,Medium,30.0,60.0,100.0,7.09055100417137,56.72440803337096,262.61300015449524,27.186,0.0,0.0,0.802,32509.198,16.0,38.311,38.006,27.186,0.0,0.0,0.802,32509.198,16.0,38.311,38.006,27.52,0.0,0.0,4.0,32510.0,16.0,39.0,39.0,1614339440.827,2021-02-26 11:37:20.826999903
41116288516,r7753495-n303509,0,13187.240999937056,74.0,44.85548,-29.144519805908203,Critical,Medium,30.0,100.0,100.0,356.0555069983005,13187.240999937056,13187.240999937056,54.038,13.018,8.037,1404.564,31105.436,16.0,34.348,33.185,128.858,46.507,29.387,4208.562,28301.438,16.0,53.409,53.28,273.85,98.0,64.0,7299.0,32510.0,16.0,74.0,76.0,1613426248.956,2021-02-15 21:57:28.956000090
49961073558,r7269000-n948219,1,328.27800011634827,73.0,71.599785,-1.4002151489257812,Critical,Critical,100.0,100.0,100.0,328.27800011634827,328.27800011634827,328.27800011634827,201.207,83.15,55.725,6515.603,25994.397,16.0,65.746,70.336,200.844,83.192,55.716,6509.051,26000.949,16.0,65.717,70.301,256.77,95.0,64.0,6799.0,32510.0,16.0,73.0,78.0,1613443135.636,2021-02-16 02:38:55.635999918
44531018569,r7462820-n303766,1,353.7730000019073,70.0,69.94749,-0.0525131225585937,High,High,47.5,80.0,100.0,37.9145157345794,181.13177600097657,353.7730000019073,201.698,89.532,60.025,6646.199,25863.801,16.0,61.15,65.927,201.386,89.081,59.777,6665.284,25844.716,16.0,62.068,66.798,245.37,95.0,67.0,6799.0,32510.0,16.0,70.0,76.0,1613650451.69,2021-02-18 12:14:11.690000057
39780389347,r9988778-n303766,0,2604.9400000572205,52.0,49.635063,-2.364936828613281,High,High,47.5,80.0,100.0,279.17630406863236,1333.7292800292971,2604.9400000572205,36.335,0.072,0.002,1028.195,31481.805,16.0,39.603,38.525,42.881,4.365,1.206,1947.981,30562.019,16.0,37.429,36.261,246.9,99.0,36.0,6411.0,32510.0,16.0,52.0,51.0,1613159488.283,2021-02-12 19:51:28.282999992
17910370799,r8275852-n303766,1,361.5809998512268,31.0,31.989496,0.9894962310791016,Low,Low,30.0,40.0,100.0,9.762686995983122,23.14118399047852,361.5809998512268,27.386,0.0,0.0,0.0,32510.0,16.0,31.0,27.847,27.385,0.0,0.0,0.0,32510.0,16.0,31.0,27.808,27.58,0.0,0.0,0.0,32510.0,16.0,31.0,28.0,1613168807.456,2021-02-12 22:26:47.456000090
10735000684,r7462820-n303766,1,3310.1340000629425,29.0,36.31639,7.3163909912109375,Low,Medium,30.0,40.0,100.0,89.37361800169944,211.84857600402836,3310.1340000629425,25.275,0.0,0.0,0.04,32509.96,16.0,28.996,27.494,25.278,0.0,0.0,0.004,32509.996,16.0,28.998,27.651,25.69,0.0,0.0,4.0,32510.0,16.0,29.0,28.0,1613355713.001,2021-02-15 02:21:53.000999928
45665674578,r8024255-n303766,0,62.19799995422363,36.0,43.08138,7.081378936767578,Medium,Medium,30.0,60.0,100.0,1.6793459987640378,13.434767990112302,62.19799995422363,35.325,0.123,0.003,550.068,31959.932,16.0,35.218,32.696,35.325,0.123,0.003,550.068,31959.932,16.0,35.218,32.696,38.36,14.0,1.0,713.0,32510.0,16.0,36.0,34.0,1614184687.244,2021-02-24 16:38:07.243999958
18700730240,r8972851-n948219,0,17.561000108718872,33.0,36.068012,3.068012237548828,Low,Medium,30.0,40.0,100.0,0.47414700293540946,1.1239040069580082,17.561000108718872,36.535,1.154,0.006,1403.148,31106.852,16.0,32.828,31.391,36.535,1.154,0.006,1403.148,31106.852,16.0,32.828,31.391,39.97,12.0,1.0,2245.0,32510.0,16.0,33.0,32.0,1613184160.014,2021-02-13 02:42:40.013999939
14603920991,r5198790-n772143,0,9316.587000131609,37.0,37.87297,0.8729705810546875,Medium,Medium,30.0,60.0,100.0,251.5478490035534,2012.3827920284273,9316.587000131609,39.379,24.107,0.922,30333.306,2176.694,16.0,36.983,33.999,39.335,22.41,0.816,31046.89,1463.11,16.0,36.964,34.008,53.37,100.0,6.0,31071.0,32510.0,16.0,37.0,35.0,1614733099.873,2021-03-03 00:58:19.872999907
49751767267,r2215649-n303766,0,0.3159999847412109,33.0,34.51187,1.511871337890625,Low,Low,30.0,40.0,100.0,0.008531999588012693,0.0202239990234375,0.3159999847412109,25.287,0.0,0.0,0.0,32510.0,16.0,32.75,30.0,25.287,0.0,0.0,0.0,32510.0,16.0,32.75,30.0,25.33,0.0,0.0,0.0,32510.0,16.0,33.0,30.0,1614368399.297,2021-02-26 19:39:59.296999931
11046373326,r9480604-n303766,0,184.77600002288816,45.0,47.847992,2.847991943359375,High,High,47.5,80.0,100.0,19.802790377452965,94.60531201171875,184.77600002288816,69.627,31.678,4.368,1256.99,31253.01,16.0,43.717,41.264,69.627,31.678,4.368,1256.99,31253.01,16.0,43.717,41.264,119.92,90.0,13.0,1315.0,32510.0,16.0,45.0,43.0,1613795525.536,2021-02-20 04:32:05.536000013
11627880106,r2684277-n948219,0,91.27699995040894,37.0,47.531605,10.531604766845703,Medium,High,47.5,60.0,100.0,9.78232722906023,19.715831989288326,91.27699995040894,41.902,3.759,2.35,8747.516,23762.484,16.0,32.962,31.289,41.902,3.759,2.35,8747.516,23762.484,16.0,32.962,31.289,191.92,100.0,80.0,27771.0,32510.0,16.0,37.0,40.0,1613258737.662,2021-02-13 23:25:37.661999941
4682289870,r2215649-n303766,0,12157.328000068665,33.0,32.231167,-0.7688331604003906,Low,Low,30.0,40.0,100.0,328.2478560018539,778.0689920043948,12157.328000068665,25.285,0.0,0.0,0.0,32510.0,16.0,32.0,29.969,25.382,0.0,0.0,0.0,32510.0,16.0,32.84,30.39,25.69,0.0,0.0,0.0,32510.0,16.0,33.0,31.0,1614348642.319,2021-02-26 14:10:42.319000006
19534378987,r8141575-n303766,0,30.125999927520752,43.0,48.127605,5.127605438232422,Medium,High,47.5,60.0,100.0,3.2286598984822628,6.507215984344482,30.125999927520752,33.33,1.576,0.253,432.507,32077.493,16.0,39.597,39.323,33.33,1.576,0.253,432.507,32077.493,16.0,39.597,39.323,161.98,100.0,29.0,2413.0,32510.0,16.0,43.0,42.0,1613942355.115,2021-02-21 21:19:15.115000010
27835310991,r492024-n303766,0,50652.75099992752,42.0,40.856647,-1.143352508544922,Medium,Medium,30.0,60.0,100.0,1367.624276998043,10940.994215984343,50652.75099992752,33.452,0.029,0.0,698.976,31811.024,16.0,35.227,33.181,36.866,0.106,0.055,29053.05,3456.95,16.0,36.232,34.272,236.66,100.0,79.0,29343.0,32510.0,16.0,42.0,48.0,1613158425.242,2021-02-12 19:33:45.242000103
47097796469,r7141590-n948219,0,351.69000005722046,73.0,71.39958,-1.6004180908203125,Critical,Critical,100.0,100.0,100.0,351.69000005722046,351.69000005722046,351.69000005722046,214.649,88.976,59.531,6621.333,25888.667,16.0,68.661,73.798,214.998,89.196,59.697,6642.429,25867.571,16.0,68.615,73.768,262.39,96.0,66.0,6793.0,32510.0,16.0,73.0,78.0,1613432307.763,2021-02-15 23:38:27.763000011
62741042798,r3955005-n772143,0,14096.026000022888,34.0,36.02066,2.020660400390625,Low,Medium,30.0,40.0,100.0,380.5927020006179,902.1456640014651,14096.026000022888,25.91,0.0,0.0,0.0,32510.0,16.0,32.0,30.017,25.98,0.0,0.0,0.0,32510.0,16.0,32.593,30.665,26.39,0.0,0.0,0.0,32510.0,16.0,34.0,32.0,1614717433.657,2021-03-02 20:37:13.657000065
63993222363,r7419443-n948219,0,2.009000062942505,30.0,31.44068,1.4406795501708984,Low,Low,30.0,40.0,100.0,0.054243001699447624,0.12857600402832034,2.009000062942505,26.964,0.0,0.0,0.0,32510.0,16.0,30.0,28.35,26.964,0.0,0.0,0.0,32510.0,16.0,30.0,28.35,27.12,0.0,0.0,0.0,32510.0,16.0,30.0,29.0,1613942302.221,2021-02-21 21:18:22.220999956
41984366659,r414303-n303509,0,74.06399989128113,34.0,35.537945,1.537944793701172,Low,Medium,30.0,40.0,100.0,1.9997279970645903,4.740095993041994,74.06399989128113,27.238,0.0,0.0,0.0,32510.0,16.0,34.0,33.976,27.238,0.0,0.0,0.0,32510.0,16.0,34.0,33.976,27.47,0.0,0.0,0.0,32510.0,16.0,34.0,34.0,1613429409.321,2021-02-15 22:50:09.321000099
19394492274,r5179276-n948219,0,355.7569999694824,71.0,71.40752,0.4075164794921875,Critical,Critical,100.0,100.0,100.0,355.7569999694824,355.7569999694824,355.7569999694824,205.827,88.664,59.498,6642.209,25867.791,16.0,68.077,75.835,204.548,88.021,59.138,6662.896,25847.104,16.0,67.988,75.676,244.42,100.0,66.0,6799.0,32510.0,16.0,71.0,80.0,1613578011.764,2021-02-17 16:06:51.763999939
19407450719,r4144777-n303509,0,95.07500004768372,32.0,35.95563,3.955631256103516,Low,Medium,30.0,40.0,100.0,2.56702500128746,6.084800003051759,95.07500004768372,26.853,0.0,0.0,0.0,32510.0,16.0,32.0,30.181,26.853,0.0,0.0,0.0,32510.0,16.0,32.0,30.181,26.99,0.0,0.0,0.0,32510.0,16.0,32.0,31.0,1613051738.697,2021-02-11 13:55:38.697000027
18749296119,r974863-n410412,0,50.407999992370605,38.0,39.836025,1.8360252380371092,Medium,Medium,30.0,60.0,100.0,1.3610159997940061,10.888127998352049,50.407999992370605,26.136,0.0,0.0,3.004,32506.996,16.0,37.526,37.043,26.136,0.0,0.0,3.004,32506.996,16.0,37.526,37.043,26.4,0.0,0.0,4.0,32510.0,16.0,38.0,38.0,1613011010.496,2021-02-11 02:36:50.496000051
58414061172,r1039410-n948219,1,160.49900007247925,30.0,30.590284,0.5902843475341797,Low,Low,30.0,40.0,100.0,4.333473001956939,10.271936004638674,160.49900007247925,25.001,0.0,0.0,0.0,32510.0,16.0,30.0,26.595,25.001,0.0,0.0,0.0,32510.0,16.0,30.0,26.595,25.16,0.0,0.0,0.0,32510.0,16.0,30.0,27.0,1613651214.282,2021-02-18 12:26:54.282000065
38376752436,r8275852-n303766,0,263559.7090001106,74.0,55.899593,-18.10040664672852,Critical,High,47.5,100.0,100.0,28246.188187996227,263559.7090001106,263559.7090001106,52.05,8.952,4.045,14815.86,17694.14,16.0,41.574,40.134,101.423,34.369,15.267,27696.226,4813.774,16.0,52.806,51.797,278.58,100.0,69.0,27713.0,32510.0,16.0,74.0,78.0,1613840634.889,2021-02-20 17:03:54.888999939
52569210509,r4683026-n303509,1,145534.63199996948,65.0,65.29212,0.2921218872070312,High,High,47.5,80.0,100.0,15597.219388871727,74513.7315839844,145534.63199996948,115.629,70.106,23.587,1042.11,31467.89,16.0,51.603,52.324,130.371,79.516,26.984,1064.914,31445.086,16.0,58.422,60.482,153.89,97.0,33.0,1065.0,32510.0,16.0,65.0,68.0,1612820464.828,2021-02-08 21:41:04.828000069
12869263330,r6727430-n948219,0,377.3380000591278,70.0,71.56477,1.5647735595703125,High,Critical,100.0,80.0,100.0,377.3380000591278,193.19705603027347,377.3380000591278,198.639,83.208,55.936,6582.859,25927.141,16.0,66.655,71.382,198.45,83.198,55.982,6622.14,25887.86,16.0,66.88,71.7,248.97,94.0,64.0,6793.0,32510.0,16.0,70.0,76.0,1613601409.026,2021-02-17 22:36:49.026000023
57511224041,r7141590-n303509,0,3.78600001335144,39.0,40.208694,1.2086944580078125,Medium,Medium,30.0,60.0,100.0,0.10222200036048887,0.817776002883911,3.78600001335144,26.859,0.0,0.0,0.0,32510.0,16.0,39.0,38.0,26.859,0.0,0.0,0.0,32510.0,16.0,39.0,38.0,27.06,0.0,0.0,0.0,32510.0,16.0,39.0,38.0,1613144915.587,2021-02-12 15:48:35.586999893
1495559714,r810901-n303509,0,3456.322999954224,68.0,46.089417,-21.91058349609375,High,High,47.5,80.0,100.0,370.42061651071907,1769.6373759765631,3456.322999954224,30.89,0.075,0.004,0.0,32510.0,16.0,37.388,37.122,88.718,38.587,24.193,15118.89,17391.11,16.0,47.199,49.876,195.78,100.0,61.0,31079.0,32510.0,16.0,68.0,76.0,1612958553.778,2021-02-10 12:02:33.778000116
10969022550,r1039410-n948219,1,172666.74700021744,64.0,65.36186,1.3618621826171875,High,High,47.5,80.0,100.0,18505.019026163925,88405.37446411134,172666.74700021744,122.631,78.144,67.714,20898.847,11611.153,16.0,50.955,54.611,122.459,73.226,63.447,21641.464,10868.536,16.0,58.638,62.155,176.35,100.0,86.0,21643.0,32510.0,16.0,64.0,71.0,1613477429.6,2021-02-16 12:10:29.599999905
40583240849,r2215649-n410412,0,277.05799984931946,62.0,58.25285,-3.747150421142578,High,High,47.5,80.0,100.0,29.69282532760128,141.85369592285159,277.05799984931946,73.458,23.768,6.468,5768.0,26742.0,16.0,39.245,36.14,73.458,23.768,6.468,5768.0,26742.0,16.0,39.245,36.14,277.42,100.0,37.0,15173.0,32510.0,16.0,62.0,57.0,1613300873.266,2021-02-14 11:07:53.266000032
42556479621,r492024-n410412,0,172836.50699996948,66.0,58.01244,-7.987560272216797,High,High,47.5,80.0,100.0,18523.21252363735,88492.29158398439,172836.50699996948,77.923,59.055,9.842,11987.249,20522.751,16.0,42.126,40.763,114.088,99.059,15.791,21012.142,11497.858,16.0,59.791,59.461,263.72,100.0,50.0,21037.0,32510.0,16.0,66.0,67.0,1614383905.127,2021-02-26 23:58:25.127000093
10115911544,r4683026-n948219,0,13364.665999889374,74.0,72.30347,-1.696533203125,Critical,Critical,100.0,100.0,100.0,13364.665999889374,13364.665999889374,13364.665999889374,126.397,50.67,34.521,1869.474,30640.526,16.0,53.475,58.072,207.989,91.695,63.089,3290.381,29219.619,16.0,68.141,76.901,239.92,98.0,69.0,7145.0,32510.0,16.0,74.0,84.0,1614603061.855,2021-03-01 12:51:01.855000019
25695070073,r8141575-n303766,0,609.4409999847412,33.0,33.10055,0.1005516052246093,Low,Low,30.0,40.0,100.0,16.45490699958801,39.004223999023445,609.4409999847412,26.107,0.0,0.0,0.0,32510.0,16.0,32.0,31.997,26.154,0.0,0.0,0.0,32510.0,16.0,32.001,32.107,26.38,0.0,0.0,0.0,32510.0,16.0,33.0,33.0,1614759517.458,2021-03-03 08:18:37.457999945
34763377476,r4506251-n303766,0,4817.254999876022,48.0,49.726112,1.7261123657226562,High,High,47.5,80.0,100.0,516.274250689838,2466.4345599365242,4817.254999876022,47.144,17.101,3.209,562.703,31947.297,16.0,40.343,41.15,62.454,35.228,6.488,998.04,31511.96,16.0,43.907,44.901,103.67,48.0,10.0,1027.0,32510.0,16.0,48.0,49.0,1613478238.443,2021-02-16 12:23:58.443000078
15721980679,r9480604-n410412,1,134.9779999256134,30.0,30.958488,0.9584884643554688,Low,Low,30.0,40.0,100.0,3.6444059979915613,8.63859199523926,134.9779999256134,25.133,0.098,0.0,69.792,32440.208,16.0,29.067,27.049,25.133,0.098,0.0,69.792,32440.208,16.0,29.067,27.049,37.47,10.0,0.0,1205.0,32510.0,16.0,30.0,28.0,1614736398.207,2021-03-03 01:53:18.207000017
57894468410,r1051355-n172107,0,9335.421000003817,38.0,41.110306,3.1103057861328125,Medium,Medium,30.0,60.0,100.0,252.05636700010302,2016.4509360008242,9335.421000003817,39.688,21.303,1.743,29809.117,2700.883,16.0,37.634,36.187,39.746,21.192,1.523,31030.095,1479.905,16.0,37.237,35.985,52.42,100.0,6.0,31071.0,32510.0,16.0,38.0,37.0,1614735817.596,2021-03-03 01:43:37.595999956
45709609553,r8972851-n948219,0,8276.147000074387,50.0,50.047184,0.0471839904785156,High,High,47.5,80.0,100.0,886.970191773597,4237.387264038087,8276.147000074387,34.987,0.477,0.014,702.59,31807.41,16.0,41.432,40.078,63.03,32.838,7.188,1572.128,30937.872,16.0,47.995,46.53,130.54,59.0,17.0,1605.0,32510.0,16.0,50.0,49.0,1613385157.911,2021-02-15 10:32:37.911000013
19814409695,r8473362-n410412,0,158.59999990463257,50.0,48.832047,-1.1679534912109375,High,High,47.5,80.0,100.0,16.997459364779292,81.2031999511719,158.59999990463257,29.956,0.616,0.186,96.083,32413.917,16.0,42.706,41.251,29.956,0.616,0.186,96.083,32413.917,16.0,42.706,41.251,240.83,97.0,46.0,7145.0,32510.0,16.0,50.0,49.0,1614003225.595,2021-02-22 14:13:45.595000029
12876590570,r492024-n303766,0,64.16300010681152,33.0,35.315796,2.3157958984375,Low,Medium,30.0,40.0,100.0,1.732401002883911,4.106432006835939,64.16300010681152,25.18,0.0,0.0,1.601,32508.399,16.0,33.0,31.634,25.18,0.0,0.0,1.601,32508.399,16.0,33.0,31.634,25.31,0.0,0.0,4.0,32510.0,16.0,33.0,32.0,1614715535.863,2021-03-02 20:05:35.862999916
42556479621,r492024-n410412,1,172836.50699996948,66.0,57.844215,-8.155784606933594,High,High,47.5,80.0,100.0,18523.21252363735,88492.29158398439,172836.50699996948,76.982,59.041,9.29,13133.228,19376.772,16.0,40.911,39.213,112.534,94.779,15.245,30218.995,2291.005,16.0,58.169,55.712,280.6,100.0,49.0,30263.0,32510.0,16.0,66.0,63.0,1614383905.13,2021-02-26 23:58:25.130000114
1664167053,r4506251-n303766,0,354.72500014305115,73.0,71.53117,-1.4688262939453125,Critical,Critical,100.0,100.0,100.0,354.72500014305115,354.72500014305115,354.72500014305115,213.491,89.216,59.911,6642.642,25867.358,16.0,67.535,74.145,212.213,88.516,59.498,6663.824,25846.176,16.0,67.514,74.161,258.3,95.0,68.0,6793.0,32510.0,16.0,73.0,81.0,1613500578.264,2021-02-16 18:36:18.263999939
44224473967,r8473362-n410412,0,29.227999925613403,44.0,48.9449,4.9449005126953125,Medium,High,47.5,60.0,100.0,3.1324195545278486,6.313247983932494,29.227999925613403,34.487,3.819,1.188,373.408,32136.592,16.0,38.245,36.296,34.487,3.819,1.188,373.408,32136.592,16.0,38.245,36.296,243.99,96.0,48.0,7145.0,32510.0,16.0,44.0,44.0,1614003411.578,2021-02-22 14:16:51.578000069
67104715508,r492024-n303766,0,371.2760000228882,71.0,71.35768,0.3576812744140625,Critical,Critical,100.0,100.0,100.0,371.2760000228882,371.2760000228882,371.2760000228882,199.417,83.153,56.001,6642.259,25867.741,16.0,68.363,72.936,199.98,83.559,56.287,6669.012,25840.988,16.0,68.309,72.892,250.27,95.0,64.0,6801.0,32510.0,16.0,71.0,77.0,1613431142.337,2021-02-15 23:19:02.336999893
37212186386,r8024255-n410412,0,386.0869998931885,71.0,71.3459,0.3459014892578125,Critical,Critical,100.0,100.0,100.0,386.0869998931885,386.0869998931885,386.0869998931885,198.203,82.33,55.222,6564.929,25945.071,16.0,68.066,71.808,196.421,81.451,54.672,6612.113,25897.887,16.0,67.982,71.702,250.96,94.0,63.0,6793.0,32510.0,16.0,71.0,75.0,1613527512.595,2021-02-17 02:05:12.595000029
49180208657,r5179276-n948219,0,12629.095999956133,44.0,45.900707,1.9007072448730469,Medium,High,47.5,60.0,100.0,1353.4838978702985,2727.8847359905244,12629.095999956133,31.502,0.428,0.016,241.843,32268.157,16.0,37.806,37.037,53.538,26.317,4.171,1072.801,31437.199,16.0,42.534,41.155,95.82,47.0,9.0,1093.0,32510.0,16.0,44.0,44.0,1613401488.499,2021-02-15 15:04:48.499000072
6004233796,r4099734-n200569,0,17.157000064849854,44.0,49.83507,5.835071563720703,Medium,High,47.5,60.0,100.0,1.8387478663250802,3.7059120140075676,17.157000064849854,133.481,60.765,34.319,16194.59,16315.41,16.0,36.994,37.47,133.481,60.765,34.319,16194.59,16315.41,16.0,36.994,37.47,250.12,100.0,63.0,29667.0,32510.0,16.0,44.0,45.0,1614720036.182,2021-03-02 21:20:36.181999922
27324019132,r44132-n303766,1,5497.0979998111725,40.0,40.817356,0.8173561096191406,Medium,Medium,30.0,60.0,100.0,148.42164599490164,1187.373167959213,5497.0979998111725,31.552,0.303,0.002,486.773,32023.227,16.0,33.16,28.784,47.044,28.46,4.562,997.633,31512.367,16.0,38.455,34.362,80.66,41.0,8.0,1027.0,32510.0,16.0,40.0,36.0,1613312388.683,2021-02-14 14:19:48.683000088
31173488735,r7317916-n772143,1,8.954999923706055,29.0,29.923141,0.9231414794921876,Low,Low,30.0,40.0,100.0,0.24178499794006345,0.5731199951171876,8.954999923706055,24.667,0.0,0.0,0.0,32510.0,16.0,29.0,28.0,24.667,0.0,0.0,0.0,32510.0,16.0,29.0,28.0,24.71,0.0,0.0,0.0,32510.0,16.0,29.0,28.0,1614725703.539,2021-03-02 22:55:03.539000034
23841459356,r7419443-n948219,0,85.69799995422363,31.0,31.889212,0.8892116546630859,Low,Low,30.0,40.0,100.0,2.313845998764038,5.484671997070314,85.69799995422363,27.137,0.0,0.0,0.0,32510.0,16.0,31.0,29.047,27.137,0.0,0.0,0.0,32510.0,16.0,31.0,29.047,27.31,0.0,0.0,0.0,32510.0,16.0,31.0,30.0,1613643824.331,2021-02-18 10:23:44.331000090
32426358971,r6727430-n303509,0,380.6819999217987,71.0,71.3459,0.3459014892578125,Critical,Critical,100.0,100.0,100.0,380.6819999217987,380.6819999217987,380.6819999217987,196.138,82.592,55.461,6590.18,25919.82,16.0,68.352,72.906,193.817,81.409,54.665,6627.022,25882.978,16.0,68.183,72.64,247.01,100.0,66.0,6799.0,32510.0,16.0,71.0,77.0,1613440226.704,2021-02-16 01:50:26.703999996
45156918534,r7419443-n948219,0,15240.115000009537,71.0,69.274475,-1.72552490234375,Critical,High,47.5,100.0,100.0,1633.3116997666468,15240.115000009537,15240.115000009537,186.76,89.635,59.567,2702.473,29807.527,16.0,60.117,65.057,205.678,96.355,64.373,2885.298,29624.702,16.0,68.348,75.276,230.77,99.0,67.0,4309.0,32510.0,16.0,71.0,79.0,1613942596.731,2021-02-21 21:23:16.730999947
30763608010,r9480604-n410412,1,22.02899980545044,29.0,29.516537,0.5165367126464844,Low,Low,30.0,40.0,100.0,0.5947829947471618,1.4098559875488286,22.02899980545044,24.278,0.0,0.0,0.0,32510.0,16.0,29.0,27.0,24.278,0.0,0.0,0.0,32510.0,16.0,29.0,27.0,24.4,0.0,0.0,0.0,32510.0,16.0,29.0,27.0,1614734934.16,2021-03-03 01:28:54.160000086
56582247580,r974863-n410412,0,69.65199995040894,30.0,30.168839,0.1688385009765625,Low,Low,30.0,40.0,100.0,1.880603998661041,4.457727996826173,69.65199995040894,25.129,0.0,0.0,0.0,32510.0,16.0,30.0,29.968,25.129,0.0,0.0,0.0,32510.0,16.0,30.0,29.968,25.24,0.0,0.0,0.0,32510.0,16.0,30.0,30.0,1614734634.944,2021-03-03 01:23:54.944000006
4722135196,r7141590-n772143,1,2466.473999977112,31.0,34.85853,3.8585281372070312,Low,Low,30.0,40.0,100.0,66.59479799938201,157.8543359985352,2466.473999977112,27.216,0.0,0.0,0.0,32510.0,16.0,30.465,29.627,27.314,0.0,0.0,0.0,32510.0,16.0,30.935,30.045,27.53,0.0,0.0,0.0,32510.0,16.0,31.0,31.0,1614723650.481,2021-03-02 22:20:50.480999947
32793031471,r7753495-n200569,0,1321.2089998722076,33.0,54.11519,21.11518859863281,Low,High,47.5,40.0,100.0,141.59644578317923,84.5573759918213,1321.2089998722076,35.828,1.798,0.25,23443.613,9066.387,16.0,31.96,29.967,29.041,0.409,0.057,5331.019,27178.981,16.0,29.893,28.287,55.85,100.0,6.0,30707.0,32510.0,16.0,33.0,31.0,1614723861.828,2021-03-02 22:24:21.828000069
23211391888,r8972851-n303509,0,386.7000000476837,72.0,71.3459,-0.6540985107421875,Critical,Critical,100.0,100.0,100.0,386.7000000476837,386.7000000476837,386.7000000476837,198.783,81.41,54.633,6560.299,25949.701,16.0,68.024,72.776,197.229,80.791,54.273,6609.985,25900.015,16.0,67.962,72.7,251.33,95.0,64.0,6799.0,32510.0,16.0,72.0,77.0,1613603185.455,2021-02-17 23:06:25.454999924
36729748754,r4506251-n303766,0,527.300999879837,73.0,71.7424,-1.257598876953125,Critical,Critical,100.0,100.0,100.0,527.300999879837,527.300999879837,527.300999879837,159.847,58.286,39.044,6635.566,25874.434,16.0,66.744,71.774,162.202,59.7,40.042,6704.68,25805.32,16.0,67.27,72.493,259.21,95.0,65.0,6799.0,32510.0,16.0,73.0,81.0,1613503938.051,2021-02-16 19:32:18.051000118
42881210924,r8275852-n303766,0,3387.718999862671,53.0,48.31055,-4.689449310302734,High,High,47.5,80.0,100.0,363.0681971884071,1734.512127929688,3387.718999862671,40.796,7.56,2.265,1769.255,30740.745,16.0,33.993,32.614,75.951,24.568,7.404,5838.444,26671.556,16.0,46.128,43.727,190.47,68.0,21.0,6233.0,32510.0,16.0,53.0,52.0,1613663487.779,2021-02-18 15:51:27.779000044
54425831372,r8972851-n200569,1,30244.83200001717,30.0,30.227018,0.2270183563232422,Low,Low,30.0,40.0,100.0,816.6104640004635,1935.6692480010993,30244.83200001717,25.692,0.0,0.0,3.996,32506.004,16.0,29.039,28.657,25.536,0.0,0.0,4.0,32506.0,16.0,28.466,28.035,25.95,0.0,0.0,4.0,32510.0,16.0,30.0,29.0,1614716120.604,2021-03-02 20:15:20.604000092
38686190704,r2684277-n948219,0,8374.6859998703,73.0,72.36967,-0.6303329467773438,Critical,Critical,100.0,100.0,100.0,8374.6859998703,8374.6859998703,8374.6859998703,124.522,51.019,30.946,1784.822,30725.178,16.0,51.408,52.124,210.984,95.295,58.456,3304.434,29205.566,16.0,67.914,71.27,224.71,98.0,60.0,3361.0,32510.0,16.0,73.0,77.0,1614067656.434,2021-02-23 08:07:36.434000015
8607926066,r9170217-n948219,0,416.2339999675751,69.0,71.10749,2.107490539550781,High,Critical,100.0,80.0,100.0,416.2339999675751,213.11180798339848,416.2339999675751,180.474,75.348,50.589,6515.658,25994.342,16.0,63.863,68.126,181.449,75.245,50.537,6581.548,25928.452,16.0,64.805,69.201,245.9,96.0,63.0,6807.0,32510.0,16.0,69.0,74.0,1613580376.808,2021-02-17 16:46:16.808000088
52827696491,r414303-n303509,0,2.315000057220459,35.0,37.316357,2.316356658935547,Medium,Medium,30.0,60.0,100.0,0.06250500154495238,0.500040012359619,2.315000057220459,27.12,0.0,0.0,0.0,32510.0,16.0,34.261,34.609,27.12,0.0,0.0,0.0,32510.0,16.0,34.261,34.609,27.2,0.0,0.0,0.0,32510.0,16.0,35.0,35.0,1613429338.251,2021-02-15 22:48:58.250999927
37315816827,r9480604-n303766,0,31583.00699996948,61.0,58.23795,-2.7620506286621094,High,High,47.5,80.0,100.0,3384.8100783248537,16170.499583984378,31583.00699996948,95.492,45.083,18.738,25289.506,7220.494,16.0,43.87,43.154,101.067,46.664,19.555,28548.27,3961.73,16.0,49.031,48.691,269.27,100.0,73.0,28581.0,32510.0,16.0,61.0,66.0,1613356882.056,2021-02-15 02:41:22.055999994
3943041189,r8141575-n410412,1,166483.7730000019,37.0,40.257103,3.2571029663085938,Medium,Medium,30.0,60.0,100.0,4495.061871000051,35960.49496800041,166483.7730000019,30.864,0.037,0.0,392.429,32117.571,16.0,32.709,30.875,39.046,0.0,0.0,1203.542,31306.458,16.0,35.42,33.35,39.69,24.0,1.0,1205.0,32510.0,16.0,37.0,35.0,1614181447.97,2021-02-24 15:44:07.970000029
38580272243,r3974592-n303509,0,364.8729999065399,33.0,31.48883,-1.51116943359375,Low,Low,30.0,40.0,100.0,9.851570997476577,23.35187199401856,364.8729999065399,24.465,0.0,0.0,2.042,32507.958,16.0,30.0,29.0,26.597,0.45,0.0,264.12,32245.88,16.0,30.321,29.144,39.15,25.0,1.0,2480.0,32510.0,16.0,33.0,31.0,1613178198.194,2021-02-13 01:03:18.194000006
623371232,r7753495-n303509,0,206.606999874115,41.0,47.88381,6.883808135986328,Medium,High,47.5,60.0,100.0,22.142459564633665,44.627111972808834,206.606999874115,38.749,0.47,0.018,1001.242,31508.758,16.0,40.315,38.12,38.749,0.47,0.018,1001.242,31508.758,16.0,40.315,38.12,57.32,27.0,2.0,1093.0,32510.0,16.0,41.0,39.0,1613372681.686,2021-02-15 07:04:41.686000109
897068570,r8024255-n303766,0,14853.271999835968,34.0,38.428043,4.428043365478516,Low,Medium,30.0,40.0,100.0,401.0383439955711,950.6094079895022,14853.271999835968,26.888,0.0,0.0,1.913,32508.087,16.0,33.662,31.477,26.767,0.0,0.0,3.958,32506.042,16.0,33.152,31.012,27.16,0.0,0.0,4.0,32510.0,16.0,34.0,32.0,1614373454.364,2021-02-26 21:04:14.364000082
63194635547,r1039410-n948219,1,39659.823999881744,34.0,37.95456,3.954559326171875,Low,Medium,30.0,40.0,100.0,1070.8152479968069,2538.228735992432,39659.823999881744,29.514,0.035,0.0,442.645,32067.355,16.0,30.472,27.236,37.103,0.0,0.0,1199.31,31310.69,16.0,33.956,30.001,38.27,24.0,1.0,1205.0,32510.0,16.0,34.0,31.0,1613435990.841,2021-02-16 00:39:50.841000080
42715354933,r6727430-n772143,1,19.401000022888184,29.0,30.274055,1.2740554809570312,Low,Low,30.0,40.0,100.0,0.5238270006179809,1.2416640014648441,19.401000022888184,26.396,0.0,0.0,0.0,32510.0,16.0,28.725,27.94,26.396,0.0,0.0,0.0,32510.0,16.0,28.725,27.94,26.46,0.0,0.0,0.0,32510.0,16.0,29.0,28.0,1614725066.192,2021-03-02 22:44:26.191999912
62551518142,r7317916-n948219,1,367.6199998855591,71.0,71.78584,0.7858428955078125,Critical,Critical,100.0,100.0,100.0,367.6199998855591,367.6199998855591,367.6199998855591,207.839,86.66,58.279,6641.76,25868.24,16.0,65.634,71.161,204.6,85.112,57.296,6668.256,25841.744,16.0,65.12,70.52,257.52,95.0,66.0,6807.0,32510.0,16.0,71.0,78.0,1613478268.667,2021-02-16 12:24:28.667000055
10086618948,r414303-n303509,0,1.7710001468658447,43.0,45.262608,2.26260757446289,Medium,High,47.5,60.0,100.0,0.18980140636488793,0.3825360317230224,1.7710001468658447,28.858,0.0,0.0,0.0,32510.0,16.0,42.444,44.0,28.858,0.0,0.0,0.0,32510.0,16.0,42.444,44.0,28.95,0.0,0.0,0.0,32510.0,16.0,43.0,44.0,1613429094.09,2021-02-15 22:44:54.089999914
48232555752,r810901-n303509,1,34220.480999946594,49.0,47.21786,-1.7821388244628906,High,High,47.5,80.0,100.0,3667.4731121661507,17520.88627197266,34220.480999946594,43.08,7.375,3.129,1253.444,31256.556,16.0,34.882,34.826,73.158,33.368,14.413,1536.457,30973.543,16.0,45.974,47.415,126.4,46.0,21.0,1539.0,32510.0,16.0,49.0,51.0,1613101994.003,2021-02-12 03:53:14.003000021
7886294256,r9648383-n303766,1,8048.490000009537,45.0,46.94078,1.9407806396484373,High,High,47.5,80.0,100.0,862.5717642197719,4120.826880004884,8048.490000009537,51.104,29.74,18.157,12595.565,19914.435,16.0,35.408,34.121,68.268,52.394,32.106,25901.313,6608.687,16.0,42.496,42.05,202.44,100.0,79.0,32427.0,32510.0,16.0,45.0,46.0,1614121454.289,2021-02-23 23:04:14.289000034
10045588334,r7269000-n948219,0,9.412000179290771,40.0,44.427322,4.4273223876953125,Medium,Medium,30.0,60.0,100.0,0.2541240048408508,2.0329920387268063,9.412000179290771,37.283,1.652,0.022,380.438,32129.562,16.0,39.483,38.0,37.283,1.652,0.022,380.438,32129.562,16.0,39.483,38.0,42.72,23.0,1.0,1197.0,32510.0,16.0,40.0,38.0,1613430165.498,2021-02-15 23:02:45.497999907
51797859798,r414303-n303509,0,94950.6470000744,63.0,55.742283,-7.257717132568359,High,High,47.5,80.0,100.0,10176.038871461098,48614.731264038106,94950.6470000744,70.093,29.639,4.389,2842.37,29667.63,16.0,39.377,39.04,128.058,64.491,9.631,6233.534,26276.466,16.0,59.954,60.994,259.23,100.0,24.0,9875.0,32510.0,16.0,63.0,66.0,1613334090.685,2021-02-14 20:21:30.684999943
31156789660,r44132-n303766,0,357.21399998664856,72.0,71.39603,-0.603973388671875,Critical,Critical,100.0,100.0,100.0,357.21399998664856,357.21399998664856,357.21399998664856,210.699,88.754,59.513,6629.66,25880.34,16.0,68.503,75.738,208.528,87.82,58.937,6652.693,25857.307,16.0,68.347,75.524,252.26,96.0,64.0,6799.0,32510.0,16.0,72.0,80.0,1613467436.613,2021-02-16 09:23:56.612999916
2067157326,r4683026-n948219,0,1407.59099984169,50.0,49.22666,-0.7733383178710938,High,High,47.5,80.0,100.0,150.8541666861586,720.6865919189455,1407.59099984169,40.733,10.055,1.362,458.573,32051.427,16.0,41.361,41.426,60.95,25.532,3.42,1132.488,31377.512,16.0,46.511,46.499,114.79,89.0,12.0,1315.0,32510.0,16.0,50.0,50.0,1613862458.351,2021-02-20 23:07:38.351000071
39339051459,r6727430-n303509,0,345.4319999217987,71.0,71.35846,0.35845947265625,Critical,Critical,100.0,100.0,100.0,345.4319999217987,345.4319999217987,345.4319999217987,208.402,89.765,60.226,6650.161,25859.839,16.0,68.445,73.539,208.344,89.803,60.275,6666.717,25843.283,16.0,68.417,73.523,247.05,95.0,64.0,6807.0,32510.0,16.0,71.0,77.0,1613434430.551,2021-02-16 00:13:50.551000118
22729539516,r7462820-n303766,0,352.0440001487732,73.0,71.41136,-1.5886383056640625,Critical,Critical,100.0,100.0,100.0,352.0440001487732,352.0440001487732,352.0440001487732,210.25,89.571,60.069,6641.219,25868.781,16.0,68.634,73.978,209.211,89.01,59.74,6661.597,25848.403,16.0,68.535,73.827,249.62,95.0,66.0,6793.0,32510.0,16.0,73.0,78.0,1613653559.445,2021-02-18 13:05:59.444999933
33240464125,r7317916-n948219,0,386.5460000038147,72.0,71.39574,-0.6042633056640625,Critical,Critical,100.0,100.0,100.0,386.5460000038147,386.5460000038147,386.5460000038147,189.346,81.818,54.966,6543.841,25966.159,16.0,67.829,75.126,187.992,81.06,54.486,6588.802,25921.198,16.0,67.779,75.07,241.2,94.0,64.0,6793.0,32510.0,16.0,72.0,80.0,1613483934.763,2021-02-16 13:58:54.763000011
5307833186,r216287-n303509,1,169.4060001373291,43.0,48.33805,5.338050842285156,Medium,High,47.5,60.0,100.0,18.155558670967814,36.59169602966308,169.4060001373291,67.185,40.262,15.578,1302.799,31207.201,16.0,41.913,41.211,67.185,40.262,15.578,1302.799,31207.201,16.0,41.913,41.211,78.74,56.0,20.0,1331.0,32510.0,16.0,43.0,42.0,1612829313.064,2021-02-09 00:08:33.063999891
63207838141,r7317916-n948219,1,406.8230001926422,73.0,71.04593,-1.954071044921875,Critical,Critical,100.0,100.0,100.0,406.8230001926422,406.8230001926422,406.8230001926422,189.969,77.052,51.727,6533.954,25976.046,16.0,63.26,67.87,189.986,76.992,51.734,6600.644,25909.356,16.0,64.082,68.708,256.82,94.0,63.0,6807.0,32510.0,16.0,73.0,78.0,1613480863.307,2021-02-16 13:07:43.306999922
51131212052,r9648383-n410412,0,90060.76300001144,34.0,33.584534,-0.41546630859375,Low,Low,30.0,40.0,100.0,2431.640601000309,5763.888832000734,90060.76300001144,26.136,0.0,0.0,1.6,32508.4,16.0,32.059,31.459,26.118,0.0,0.0,3.992,32506.008,16.0,32.181,31.933,26.72,0.0,0.0,4.0,32510.0,16.0,34.0,34.0,1614259836.518,2021-02-25 13:30:36.517999887
7978181999,r368967-n772143,1,14096.02999997139,32.0,32.085766,0.0857658386230468,Low,Low,30.0,40.0,100.0,380.5928099992275,902.1459199981691,14096.02999997139,26.365,0.0,0.0,0.0,32510.0,16.0,31.0,27.999,26.38,0.0,0.0,0.0,32510.0,16.0,30.796,27.983,26.69,0.0,0.0,0.0,32510.0,16.0,32.0,29.0,1614717433.657,2021-03-02 20:37:13.657000065
58844228286,r4144777-n200569,0,36782.44000005722,39.0,35.942272,-3.057727813720703,Medium,Medium,30.0,60.0,100.0,993.1258800015448,7945.007040012359,36782.44000005722,26.541,0.0,0.0,0.004,32509.996,16.0,29.0,27.0,28.124,0.0,0.0,0.0,32510.0,16.0,37.946,36.101,28.86,0.0,0.0,4.0,32510.0,16.0,39.0,38.0,1614723250.151,2021-03-02 22:14:10.151000023
53142726496,r44132-n303766,0,96599.35699987411,52.0,58.333706,6.333705902099609,High,High,47.5,80.0,100.0,10352.734213470882,49458.870783935556,96599.35699987411,34.495,0.315,0.024,3119.954,29390.046,16.0,32.314,31.447,84.478,44.467,28.803,4736.887,27773.113,16.0,46.123,49.27,156.77,59.0,43.0,4742.0,32510.0,16.0,52.0,58.0,1613169944.059,2021-02-12 22:45:44.059000015
32543208702,r1051355-n172107,0,10930.448000192642,44.0,44.97401,0.9740104675292968,Medium,Medium,30.0,60.0,100.0,295.1220960052013,2360.9767680416103,10930.448000192642,61.623,29.374,12.185,30429.614,2080.386,16.0,41.75,42.385,59.118,26.936,11.157,31053.097,1456.903,16.0,41.2,41.585,135.63,100.0,20.0,31071.0,32510.0,16.0,44.0,46.0,1614745153.317,2021-03-03 04:19:13.316999912
16262954922,r6707841-n200569,0,5369.861999988556,35.0,38.28882,3.288818359375,Medium,Medium,30.0,60.0,100.0,144.98627399969098,1159.8901919975278,5369.861999988556,38.106,0.036,0.0,1015.49,31494.51,16.0,34.672,31.121,38.39,0.003,0.0,1037.367,31472.633,16.0,34.719,31.616,40.12,21.0,1.0,1039.0,32510.0,16.0,35.0,32.0,1614719066.224,2021-03-02 21:04:26.223999977
27953383585,r7753495-n303509,0,8176.463999986649,50.0,41.675636,-8.324363708496094,High,Medium,30.0,80.0,100.0,220.76452799963948,4186.349567993165,8176.463999986649,32.256,1.208,0.226,303.61,32206.39,16.0,32.293,30.624,47.094,14.011,3.444,1000.817,31509.183,16.0,36.444,34.561,110.37,44.0,11.0,1027.0,32510.0,16.0,50.0,49.0,1613545773.952,2021-02-17 07:09:33.951999903
35839276130,r6727430-n303509,0,345.6490001678467,71.0,71.34497,0.344970703125,Critical,Critical,100.0,100.0,100.0,345.6490001678467,345.6490001678467,345.6490001678467,209.029,89.522,60.117,6641.469,25868.531,16.0,68.377,73.411,209.016,89.677,60.227,6656.211,25853.789,16.0,68.338,73.399,247.04,95.0,64.0,6799.0,32510.0,16.0,71.0,77.0,1613434084.735,2021-02-16 00:08:04.734999895
43244798064,r974863-n410412,0,351.7720000743866,71.0,71.316925,0.316925048828125,Critical,Critical,100.0,100.0,100.0,351.7720000743866,351.7720000743866,351.7720000743866,216.007,90.636,60.578,6617.964,25892.036,16.0,67.81,73.073,214.2,89.753,60.037,6640.915,25869.085,16.0,67.746,72.983,260.86,96.0,65.0,6801.0,32510.0,16.0,71.0,77.0,1613448890.735,2021-02-16 04:14:50.734999895
30174376074,r216287-n303509,1,52.83200001716614,29.0,31.092554,2.0925540924072266,Low,Low,30.0,40.0,100.0,1.4264640004634854,3.3812480010986334,52.83200001716614,26.15,0.0,0.0,3.062,32506.938,16.0,29.0,27.998,26.15,0.0,0.0,3.062,32506.938,16.0,29.0,27.998,26.42,0.0,0.0,4.0,32510.0,16.0,29.0,28.0,1613099539.555,2021-02-12 03:12:19.555000067
13747531195,r9515777-n303766,0,7.418999910354614,41.0,44.31708,3.317081451416016,Medium,Medium,30.0,60.0,100.0,0.20031299757957455,1.6025039806365964,7.418999910354614,30.408,0.423,0.0,104.31,32405.69,16.0,40.183,38.0,30.408,0.423,0.0,104.31,32405.69,16.0,40.183,38.0,40.18,9.0,0.0,457.0,32510.0,16.0,41.0,38.0,1614488155.141,2021-02-28 04:55:55.141000032
27875383871,r2215649-n303766,0,207563.08100008965,38.0,32.624317,-5.375682830810547,Medium,Low,30.0,60.0,100.0,5604.203187002419,44833.625496019355,207563.08100008965,25.238,0.0,0.0,0.0,32510.0,16.0,32.0,29.507,37.648,0.0,0.0,1202.627,31307.373,16.0,36.658,33.885,39.12,24.0,1.0,1205.0,32510.0,16.0,38.0,36.0,1614140369.615,2021-02-24 04:19:29.615000010
53913359789,r9170217-n303509,0,351.16799998283386,71.0,71.52618,0.5261764526367188,Critical,Critical,100.0,100.0,100.0,351.16799998283386,351.16799998283386,351.16799998283386,210.587,88.662,59.494,6626.374,25883.626,16.0,67.611,69.58,210.65,88.743,59.552,6646.555,25863.445,16.0,67.825,69.83,254.83,95.0,64.0,6793.0,32510.0,16.0,71.0,73.0,1613435809.535,2021-02-16 00:36:49.535000086
61569077755,r9852763-n200569,1,5373.90399980545,33.0,33.33439,0.3343887329101562,Low,Low,30.0,40.0,100.0,145.09540799474715,343.92985598754893,5373.90399980545,38.737,0.03,0.0,1008.389,31501.611,16.0,31.675,30.486,39.093,0.003,0.0,1036.972,31473.028,16.0,31.938,30.847,40.65,21.0,1.0,1039.0,32510.0,16.0,33.0,32.0,1614719062.193,2021-03-02 21:04:22.193000078
33238422153,r5179276-n948219,0,198123.2380001545,55.0,53.665165,-1.3348350524902344,High,High,47.5,80.0,100.0,21233.238897547806,101439.09785607913,198123.2380001545,39.598,4.033,1.369,3165.812,29344.188,16.0,38.624,37.503,99.347,62.597,22.707,8957.157,23552.843,16.0,50.964,51.418,165.6,100.0,33.0,8966.0,32510.0,16.0,55.0,57.0,1613183307.074,2021-02-13 02:28:27.073999882
1455662346,r7141590-n172107,0,11058.983999967577,44.0,44.1463,0.14630126953125,Medium,Medium,30.0,60.0,100.0,298.5925679991245,2388.740543992996,11058.983999967577,63.276,28.327,11.792,30129.974,2380.026,16.0,40.112,39.935,61.384,26.526,11.01,31045.182,1464.818,16.0,41.215,40.967,144.44,100.0,20.0,31071.0,32510.0,16.0,44.0,44.0,1614736440.713,2021-03-03 01:54:00.713000059
46593005199,r974863-n410412,0,43.84800004959106,37.0,37.81613,0.816131591796875,Medium,Medium,30.0,60.0,100.0,1.1838960013389583,9.471168010711667,43.84800004959106,26.044,0.0,0.0,3.0,32507.0,16.0,37.0,36.734,26.044,0.0,0.0,3.0,32507.0,16.0,37.0,36.734,26.32,0.0,0.0,4.0,32510.0,16.0,37.0,37.0,1613011071.986,2021-02-11 02:37:51.986000061
7950780746,r216287-n303509,1,2.621999979019165,37.0,36.88164,-0.1183586120605468,Medium,Medium,30.0,60.0,100.0,0.07079399943351744,0.5663519954681395,2.621999979019165,27.565,0.0,0.0,2.385,32507.615,16.0,37.0,35.077,27.565,0.0,0.0,2.385,32507.615,16.0,37.0,35.077,27.68,0.0,0.0,4.0,32510.0,16.0,37.0,36.0,1612829834.918,2021-02-09 00:17:14.917999983
5805000493,r5179276-n948219,0,355.5460000038147,71.0,71.42537,0.4253692626953125,Critical,Critical,100.0,100.0,100.0,355.5460000038147,355.5460000038147,355.5460000038147,208.237,89.671,60.278,6641.148,25868.852,16.0,68.58,76.201,204.649,87.883,59.119,6663.102,25846.898,16.0,68.262,75.726,245.05,95.0,66.0,6807.0,32510.0,16.0,71.0,79.0,1613579802.574,2021-02-17 16:36:42.573999882
1198345028,r4506251-n410412,0,86.30399990081787,50.0,48.150436,-1.8495635986328125,High,High,47.5,80.0,100.0,9.249361489370465,44.18764794921876,86.30399990081787,32.796,0.0,0.0,0.0,32510.0,16.0,44.245,43.755,32.796,0.0,0.0,0.0,32510.0,16.0,44.245,43.755,49.61,0.0,0.0,0.0,32510.0,16.0,50.0,49.0,1613390607.648,2021-02-15 12:03:27.648000002
61034640097,r7462820-n410412,1,367.2019999027252,73.0,71.11595,-1.8840484619140625,Critical,Critical,100.0,100.0,100.0,367.2019999027252,367.2019999027252,367.2019999027252,205.868,86.201,57.834,6481.263,26028.737,16.0,63.906,67.223,205.719,85.865,57.627,6524.504,25985.496,16.0,64.68,67.978,260.77,97.0,65.0,6801.0,32510.0,16.0,73.0,78.0,1613571526.815,2021-02-17 14:18:46.815000057
25252149395,r7141590-n303509,0,2.360999822616577,39.0,40.479717,1.479717254638672,Medium,Medium,30.0,60.0,100.0,0.06374699521064757,0.5099759616851806,2.360999822616577,26.85,0.0,0.0,0.348,32509.652,16.0,39.0,38.0,26.85,0.0,0.0,0.348,32509.652,16.0,39.0,38.0,27.07,0.0,0.0,4.0,32510.0,16.0,39.0,38.0,1613145836.545,2021-02-12 16:03:56.545000076
48569767813,r7753495-n303509,0,22.40000009536743,30.0,30.549564,0.5495643615722656,Low,Low,30.0,40.0,100.0,0.6048000025749206,1.433600006103516,22.40000009536743,24.672,0.0,0.0,0.0,32510.0,16.0,30.0,29.0,24.672,0.0,0.0,0.0,32510.0,16.0,30.0,29.0,24.83,0.0,0.0,0.0,32510.0,16.0,30.0,29.0,1613565146.587,2021-02-17 12:32:26.586999893
29495357384,r8275852-n303766,0,354.8069999217987,73.0,71.657524,-1.3424758911132812,Critical,Critical,100.0,100.0,100.0,354.8069999217987,354.8069999217987,354.8069999217987,202.562,88.762,59.744,6645.122,25864.878,16.0,67.036,70.735,201.018,87.945,59.222,6657.947,25852.053,16.0,67.144,70.851,243.57,95.0,65.0,6807.0,32510.0,16.0,73.0,78.0,1613667303.808,2021-02-18 16:55:03.808000088
21121345712,r9988778-n303766,0,29846.433000087734,73.0,61.806576,-11.193424224853516,Critical,High,47.5,100.0,100.0,3198.698186681277,29846.433000087734,29846.433000087734,70.507,22.14,12.731,4323.535,28186.465,16.0,39.264,39.817,91.679,27.543,16.304,9291.917,23218.083,16.0,52.397,52.791,258.41,100.0,67.0,10485.0,32510.0,16.0,73.0,78.0,1614715624.171,2021-03-02 20:07:04.171000004
34859094387,r8473362-n410412,0,130265.77799987792,41.0,38.120754,-2.8792457580566406,Medium,Medium,30.0,60.0,100.0,3517.176005996703,28137.408047973626,130265.77799987792,35.204,0.055,0.006,1290.579,31219.421,16.0,34.136,31.843,38.037,0.067,0.021,2887.284,29622.716,16.0,38.096,35.77,87.61,46.0,10.0,2891.0,32510.0,16.0,41.0,40.0,1613659202.088,2021-02-18 14:40:02.088000059
23202874310,r8024255-n410412,0,420.3729999065399,72.0,71.55581,-0.4441909790039062,Critical,Critical,100.0,100.0,100.0,420.3729999065399,420.3729999065399,420.3729999065399,184.34,74.081,49.735,6439.352,26070.648,16.0,67.247,70.615,185.276,74.653,50.147,6535.541,25974.459,16.0,67.62,71.101,253.45,94.0,63.0,6793.0,32510.0,16.0,72.0,76.0,1613528304.377,2021-02-17 02:18:24.377000093
58717225052,r3974592-n172107,1,10914.12599992752,31.0,33.794113,2.7941131591796875,Low,Low,30.0,40.0,100.0,294.68140199804304,698.5040639953615,10914.12599992752,49.343,26.338,7.337,30375.917,2134.083,16.0,30.117,28.891,48.133,25.479,7.055,31051.595,1458.405,16.0,29.943,28.503,106.97,100.0,11.0,31071.0,32510.0,16.0,31.0,30.0,1614747672.305,2021-03-03 05:01:12.305000067
24430576150,r8141575-n303766,0,184.65899991989136,34.0,40.740974,6.740974426269531,Low,Medium,30.0,40.0,100.0,4.985792997837066,11.81817599487305,184.65899991989136,26.748,0.296,0.048,227.857,32282.143,16.0,32.052,32.043,26.748,0.296,0.048,227.857,32282.143,16.0,32.052,32.043,64.13,79.0,23.0,7733.0,32510.0,16.0,34.0,35.0,1614251757.265,2021-02-25 11:15:57.265000105
3975864097,r9988778-n303766,0,379.2539999485016,73.0,71.302704,-1.697296142578125,Critical,Critical,100.0,100.0,100.0,379.2539999485016,379.2539999485016,379.2539999485016,194.05,82.082,54.84,6038.794,26471.206,16.0,62.443,68.658,195.936,82.755,55.367,6195.116,26314.884,16.0,63.566,69.822,256.17,95.0,65.0,6865.0,32510.0,16.0,73.0,80.0,1613462091.101,2021-02-16 07:54:51.101000071
8182770269,r9170217-n303509,0,353.914999961853,72.0,71.40328,-0.5967178344726562,Critical,Critical,100.0,100.0,100.0,353.914999961853,353.914999961853,353.914999961853,211.383,88.627,59.535,6642.537,25867.463,16.0,68.598,70.239,209.742,87.837,59.005,6663.511,25846.489,16.0,68.46,70.051,254.0,94.0,64.0,6807.0,32510.0,16.0,72.0,74.0,1613438723.332,2021-02-16 01:25:23.332000017
2839751274,r2684277-n948219,0,3345.023999929428,60.0,51.024754,-8.97524642944336,High,High,47.5,80.0,100.0,358.4924939924366,1712.6522879638676,3345.023999929428,44.374,7.848,1.594,886.961,31623.039,16.0,43.964,42.518,66.435,34.859,7.305,1074.48,31435.52,16.0,47.837,46.238,103.9,46.0,10.0,1093.0,32510.0,16.0,60.0,59.0,1614076033.326,2021-02-23 10:27:13.325999975
40108309088,r4683026-n772143,0,6.026999950408936,31.0,31.552458,0.5524578094482422,Low,Low,30.0,40.0,100.0,0.16272899866104126,0.38572799682617204,6.026999950408936,25.875,0.0,0.0,0.0,32510.0,16.0,31.0,28.946,25.875,0.0,0.0,0.0,32510.0,16.0,31.0,28.946,25.97,0.0,0.0,0.0,32510.0,16.0,31.0,29.0,1614726048.114,2021-03-02 23:00:48.114000082
58117322031,r7753495-n303509,0,2961.983999967575,51.0,49.185802,-1.8141975402832031,High,High,47.5,80.0,100.0,317.4413789965249,1516.5358079833989,2961.983999967575,51.778,14.519,3.993,1047.627,31462.373,16.0,41.588,39.53,70.906,34.28,9.554,1088.159,31421.841,16.0,48.795,47.22,112.61,47.0,14.0,1093.0,32510.0,16.0,51.0,50.0,1613358579.64,2021-02-15 03:09:39.640000105
34065954947,r810901-n948219,0,40295.375,39.0,43.86877,4.868770599365234,Medium,Medium,30.0,60.0,100.0,1087.975125,8703.801,40295.375,36.08,1.495,0.255,905.181,31604.819,16.0,32.67,32.483,42.74,4.699,0.965,1155.92,31354.08,16.0,35.393,35.185,104.46,53.0,12.0,1159.0,32510.0,16.0,39.0,39.0,1613982361.414,2021-02-22 08:26:01.414000034
51522343752,r492024-n303766,0,354.2310001850128,72.0,71.33319,-0.66680908203125,Critical,Critical,100.0,100.0,100.0,354.2310001850128,354.2310001850128,354.2310001850128,210.611,89.46,60.172,6573.723,25936.277,16.0,67.96,72.613,206.888,87.549,58.894,6604.188,25905.812,16.0,67.749,72.339,250.37,95.0,64.0,6799.0,32510.0,16.0,72.0,77.0,1613430441.12,2021-02-15 23:07:21.119999886
62204565968,r4683026-n303509,1,353.67500019073486,35.0,42.889305,7.889305114746094,Medium,Medium,30.0,60.0,100.0,9.54922500514984,76.39380004119872,353.67500019073486,31.097,1.525,0.392,563.284,31946.716,16.0,31.62,29.826,31.43,1.567,0.413,594.634,31915.366,16.0,31.886,30.134,156.47,37.0,11.0,1905.0,32510.0,16.0,35.0,34.0,1613055997.567,2021-02-11 15:06:37.566999912
49970964412,r8024255-n303766,0,15825.391999959946,47.0,43.476753,-3.5232467651367188,High,Medium,30.0,80.0,100.0,427.28558399891847,8102.600703979494,15825.391999959946,60.894,27.022,11.121,30399.06,2110.94,16.0,41.212,39.53,59.701,23.399,9.635,31058.006,1451.994,16.0,44.412,42.61,145.05,100.0,20.0,31071.0,32510.0,16.0,47.0,46.0,1614194894.364,2021-02-24 19:28:14.364000082
58729630773,r4506251-n410412,0,5349.279000043869,53.0,51.515305,-1.4846954345703125,High,High,47.5,80.0,100.0,573.2922603328265,2738.8308480224614,5349.279000043869,57.755,24.815,5.78,985.458,31524.542,16.0,44.946,43.564,75.115,39.487,9.394,1507.805,31002.195,16.0,51.065,49.872,124.72,53.0,14.0,1539.0,32510.0,16.0,53.0,52.0,1613240181.905,2021-02-13 18:16:21.904999971
10998208221,r44132-n303766,0,361.73099994659424,71.0,71.354675,0.35467529296875,Critical,Critical,100.0,100.0,100.0,361.73099994659424,361.73099994659424,361.73099994659424,207.564,87.587,58.673,6615.492,25894.508,16.0,67.768,74.824,206.666,87.136,58.42,6641.739,25868.261,16.0,67.858,74.87,250.79,95.0,65.0,6793.0,32510.0,16.0,71.0,79.0,1613465967.322,2021-02-16 08:59:27.322000027
38286911624,r492024-n303766,1,9404.206000089644,67.0,52.343224,-14.656776428222656,High,High,47.5,80.0,100.0,1007.8663899158571,4814.953472045899,9404.206000089644,45.566,7.635,2.557,1364.364,31145.636,16.0,39.926,38.69,99.119,49.474,16.962,2586.76,29923.24,16.0,61.971,60.41,159.15,70.0,25.0,2627.0,32510.0,16.0,67.0,66.0,1613409090.373,2021-02-15 17:11:30.372999907
39270476703,r4506251-n303766,0,1.991999864578247,46.0,48.567986,2.5679855346679688,High,High,47.5,80.0,100.0,0.2134863604865968,1.0199039306640627,1.991999864578247,31.944,0.0,0.0,0.5,32509.5,16.0,46.0,47.95,31.944,0.0,0.0,0.5,32509.5,16.0,46.0,47.95,32.06,0.0,0.0,4.0,32510.0,16.0,46.0,48.0,1613507959.594,2021-02-16 20:39:19.594000101
53473705884,r7317916-n948219,0,352.4270000457764,73.0,71.36592,-1.6340789794921875,Critical,Critical,100.0,100.0,100.0,352.4270000457764,352.4270000457764,352.4270000457764,200.251,90.096,60.626,6626.576,25883.424,16.0,68.021,76.457,198.774,89.262,60.115,6647.14,25862.86,16.0,67.933,76.333,238.76,95.0,67.0,6793.0,32510.0,16.0,73.0,82.0,1613477134.802,2021-02-16 12:05:34.802000046
33182342925,r7462820-n303766,0,349.3829998970032,72.0,71.3965,-0.6035003662109375,Critical,Critical,100.0,100.0,100.0,349.3829998970032,349.3829998970032,349.3829998970032,212.888,90.729,60.901,6646.642,25863.358,16.0,68.548,73.993,210.625,89.647,60.225,6664.037,25845.963,16.0,68.35,73.732,249.04,95.0,66.0,6799.0,32510.0,16.0,72.0,78.0,1613653209.891,2021-02-18 13:00:09.891000032
44216461157,r9480604-n410412,0,3546.914999961853,45.0,43.344982,-1.6550178527832031,High,Medium,30.0,80.0,100.0,95.76670499897001,1816.0204799804692,3546.914999961853,45.89,13.424,2.458,29924.054,2585.946,16.0,41.811,39.399,45.561,12.391,2.119,30966.527,1543.473,16.0,43.17,40.817,61.24,100.0,12.0,31071.0,32510.0,16.0,45.0,43.0,1614182879.559,2021-02-24 16:07:59.559000015
30834867273,r8473362-n410412,0,24136.54600000381,33.0,34.646503,1.646503448486328,Low,Low,30.0,40.0,100.0,651.6867420001028,1544.7389440002444,24136.54600000381,26.695,0.0,0.0,0.29,32509.71,16.0,31.545,29.657,26.802,0.0,0.0,0.015,32509.985,16.0,32.088,30.162,27.09,0.0,0.0,4.0,32510.0,16.0,33.0,31.0,1612988828.645,2021-02-10 20:27:08.644999981
36009235761,r7753495-n303509,0,177298.91799998283,38.0,42.219612,4.219612121582031,Medium,Medium,30.0,60.0,100.0,4787.0707859995355,38296.566287996284,177298.91799998283,33.945,3.621,0.013,691.798,31818.202,16.0,32.142,30.326,39.053,5.175,0.05,2029.736,30480.264,16.0,34.83,32.755,50.53,46.0,2.0,2047.0,32510.0,16.0,38.0,35.0,1612806787.153,2021-02-08 17:53:07.153000116
16285697235,r9480604-n303766,0,22341.65700006485,59.0,51.442863,-7.557136535644531,High,High,47.5,80.0,100.0,2394.3972713038247,11438.928384033206,22341.65700006485,46.558,9.956,5.569,2362.17,30147.83,16.0,34.418,32.312,87.333,27.73,15.81,8522.438,23987.562,16.0,48.536,47.988,229.44,100.0,65.0,9169.0,32510.0,16.0,59.0,62.0,1613388743.98,2021-02-15 11:32:23.980000019
29582558715,r9170217-n948219,0,5.980000019073486,35.0,36.049046,1.0490455627441406,Medium,Medium,30.0,60.0,100.0,0.1614600005149841,1.2916800041198728,5.980000019073486,27.851,0.0,0.0,0.0,32510.0,16.0,35.0,33.737,27.851,0.0,0.0,0.0,32510.0,16.0,35.0,33.737,27.99,0.0,0.0,0.0,32510.0,16.0,35.0,34.0,1613429320.862,2021-02-15 22:48:40.861999989
63644708748,r8024255-n303766,0,38251.18899989128,51.0,49.100994,-1.899005889892578,High,High,47.5,80.0,100.0,4099.451646097723,19584.60876794434,38251.18899989128,42.013,16.117,9.011,9036.401,23473.599,16.0,36.189,34.72,69.595,41.166,24.027,28248.654,4261.346,16.0,47.049,46.952,214.78,100.0,100.0,31701.0,32510.0,16.0,51.0,57.0,1614221945.265,2021-02-25 02:59:05.265000105
33343673189,r7462820-n303766,0,5507.507000207901,43.0,38.976204,-4.023796081542969,Medium,Medium,30.0,60.0,100.0,148.7026890056133,1189.6215120449065,5507.507000207901,32.919,0.44,0.009,630.177,31879.823,16.0,33.181,31.38,60.057,33.68,8.173,1551.324,30958.676,16.0,41.055,39.733,118.77,56.0,16.0,1605.0,32510.0,16.0,43.0,42.0,1613323609.748,2021-02-14 17:26:49.747999907
13528340621,r1039410-n172107,1,14096.023000001907,30.0,29.817469,-0.1825313568115234,Low,Low,30.0,40.0,100.0,380.59262100005145,902.1454720001223,14096.023000001907,24.685,0.0,0.0,0.0,32510.0,16.0,29.0,27.998,24.445,0.0,0.0,0.0,32510.0,16.0,27.206,25.771,24.92,0.0,0.0,0.0,32510.0,16.0,30.0,29.0,1614717433.654,2021-03-02 20:37:13.654000044
21098985056,r2215649-n410412,1,39.875,31.0,31.837034,0.8370342254638672,Low,Low,30.0,40.0,100.0,1.076625,2.5520000000000005,39.875,26.119,0.0,0.0,0.0,32510.0,16.0,31.0,29.0,26.119,0.0,0.0,0.0,32510.0,16.0,31.0,29.0,26.29,0.0,0.0,0.0,32510.0,16.0,31.0,29.0,1614734527.46,2021-03-03 01:22:07.460000038
45688606540,r6727430-n303509,0,10382.495000123978,40.0,40.879738,0.8797378540039062,Medium,Medium,30.0,60.0,100.0,280.3273650033474,2242.618920026779,10382.495000123978,27.326,0.0,0.0,3.852,32506.148,16.0,37.544,34.536,27.752,0.0,0.0,3.996,32506.004,16.0,39.302,36.763,28.3,0.0,0.0,4.0,32510.0,16.0,40.0,38.0,1613013093.438,2021-02-11 03:11:33.437999964
12431525495,r492024-n410412,1,40487.39899992943,50.0,47.63864,-2.361358642578125,High,High,47.5,80.0,100.0,4339.110464695561,20729.548287963873,40487.39899992943,31.312,4.315,2.331,2265.411,30244.589,16.0,30.771,30.679,75.217,45.919,24.49,31082.672,1427.328,16.0,45.726,45.268,239.94,100.0,100.0,31623.0,32510.0,16.0,50.0,54.0,1614327627.243,2021-02-26 08:20:27.243000031
57156085806,r5051220-n772143,1,11289.769999980928,38.0,39.278355,1.2783546447753906,Medium,Medium,30.0,60.0,100.0,304.82378999948503,2438.5903199958802,11289.769999980928,45.917,25.149,3.769,29455.724,3054.276,16.0,36.562,35.977,45.543,22.687,3.356,31027.802,1482.198,16.0,35.912,34.987,101.48,100.0,6.0,31071.0,32510.0,16.0,38.0,38.0,1614730406.679,2021-03-03 00:13:26.678999901
913003833,r5051220-n772143,0,10437.335000038149,39.0,37.11376,-1.8862380981445312,Medium,Medium,30.0,60.0,100.0,281.80804500103,2254.46436000824,10437.335000038149,41.974,25.353,1.757,30439.939,2070.061,16.0,35.945,32.894,41.801,21.58,1.527,31052.551,1457.449,16.0,37.156,34.141,71.93,100.0,6.0,31071.0,32510.0,16.0,39.0,36.0,1614743636.721,2021-03-03 03:53:56.720999956
12634738497,r4144777-n303509,0,21828.34700012207,39.0,47.185383,8.185382843017578,Medium,High,47.5,60.0,100.0,2339.3848761537074,4714.922952026366,21828.34700012207,36.387,7.563,0.464,22114.32,10395.68,16.0,33.953,31.646,41.003,12.976,0.883,30590.924,1919.076,16.0,37.458,34.878,46.06,26.0,2.0,30709.0,32510.0,16.0,39.0,36.0,1614380725.041,2021-02-26 23:05:25.040999889
49575096221,r810901-n172107,1,71.12000012397766,31.0,35.261387,4.261386871337891,Low,Medium,30.0,40.0,100.0,1.9202400033473965,4.551680007934571,71.12000012397766,34.557,0.205,0.003,929.744,31580.256,16.0,30.696,29.823,34.557,0.205,0.003,929.744,31580.256,16.0,30.696,29.823,35.63,20.0,1.0,1039.0,32510.0,16.0,31.0,30.0,1614718743.985,2021-03-02 20:59:03.984999895
6890100323,r8024255-n410412,0,392.1070001125336,71.0,71.36041,0.36041259765625,Critical,Critical,100.0,100.0,100.0,392.1070001125336,392.1070001125336,392.1070001125336,193.605,79.573,53.456,6545.111,25964.889,16.0,67.664,71.173,194.27,79.818,53.672,6603.071,25906.929,16.0,67.731,71.279,254.73,94.0,64.0,6807.0,32510.0,16.0,71.0,75.0,1613535623.817,2021-02-17 04:20:23.816999912
35114523450,r9480604-n410412,1,237453.17700004575,74.0,60.950066,-13.049934387207031,Critical,High,47.5,100.0,100.0,25448.302203801773,237453.17700004575,237453.17700004575,81.207,23.63,9.017,15997.787,16512.213,16.0,42.511,40.829,131.761,48.918,19.838,22520.608,9989.392,16.0,61.324,60.907,287.77,100.0,79.0,22531.0,32510.0,16.0,74.0,77.0,1614043863.999,2021-02-23 01:31:03.999000072
43468450649,r8473362-n410412,0,251.2939999103546,33.0,36.342808,3.34280776977539,Low,Medium,30.0,40.0,100.0,6.784937997579573,16.0828159942627,251.2939999103546,26.718,0.0,0.0,0.0,32510.0,16.0,33.0,30.947,26.718,0.0,0.0,0.0,32510.0,16.0,33.0,30.947,26.96,0.0,0.0,0.0,32510.0,16.0,33.0,31.0,1613395284.571,2021-02-15 13:21:24.571000099
1293929395,r1039410-n948219,0,20968.13000011444,38.0,34.176914,-3.823085784912109,Medium,Low,30.0,60.0,100.0,566.1395100030899,4529.116080024719,20968.13000011444,26.047,0.0,0.0,3.346,32506.654,16.0,31.478,31.616,27.167,0.0,0.0,3.991,32506.009,16.0,37.894,37.606,27.68,0.0,0.0,4.0,32510.0,16.0,38.0,38.0,1613907110.534,2021-02-21 11:31:50.533999919
29459810629,r8275852-n410412,0,18699.56500005722,38.0,47.492256,9.49225616455078,Medium,High,47.5,60.0,100.0,2004.0674427405072,4039.1060400123592,18699.56500005722,35.815,10.312,0.702,18548.279,13961.721,16.0,33.46,34.518,40.447,15.078,0.996,30515.534,1994.466,16.0,35.071,35.984,44.56,27.0,2.0,30709.0,32510.0,16.0,38.0,39.0,1614379741.814,2021-02-26 22:49:01.813999891
44485093328,r216287-n303509,1,56.70300006866455,29.0,31.381561,2.381561279296875,Low,Low,30.0,40.0,100.0,1.5309810018539427,3.628992004394532,56.70300006866455,26.145,0.0,0.0,3.199,32506.801,16.0,29.0,27.998,26.145,0.0,0.0,3.199,32506.801,16.0,29.0,27.998,26.35,0.0,0.0,4.0,32510.0,16.0,29.0,28.0,1613099592.587,2021-02-12 03:13:12.586999893
49422139851,r8972851-n172107,1,8656.267999887466,36.0,36.525936,0.5259361267089844,Medium,Medium,30.0,60.0,100.0,233.71923599696157,1869.7538879756926,8656.267999887466,40.836,24.625,1.819,30183.321,2326.679,16.0,33.34,32.901,40.668,22.814,1.632,31039.831,1470.169,16.0,33.658,33.372,50.64,100.0,6.0,31071.0,32510.0,16.0,36.0,36.0,1614725964.227,2021-03-02 22:59:24.226999998
29540871432,r4506251-n410412,0,1026.7599999904633,31.0,32.3116,1.3115997314453125,Low,Low,30.0,40.0,100.0,27.722519999742506,65.71263999938967,1026.7599999904633,25.989,0.0,0.0,0.0,32510.0,16.0,31.0,30.0,25.996,0.0,0.0,0.294,32509.706,16.0,31.0,30.0,26.12,0.0,0.0,4.0,32510.0,16.0,31.0,30.0,1614735079.562,2021-03-03 01:31:19.562000036
33035505566,r8024255-n410412,0,0.2100000381469726,32.0,33.84473,1.8447303771972656,Low,Low,30.0,40.0,100.0,0.00567000102996826,0.01344000244140625,0.2100000381469726,24.963,0.0,0.0,0.0,32510.0,16.0,32.0,31.0,24.963,0.0,0.0,0.0,32510.0,16.0,32.0,31.0,25.04,0.0,0.0,0.0,32510.0,16.0,32.0,31.0,1614734668.987,2021-03-03 01:24:28.986999989
50718528165,r204106-n172107,0,34951.13700008392,31.0,30.548946,-0.4510536193847656,Low,Low,30.0,40.0,100.0,943.6806990022658,2236.8727680053717,34951.13700008392,25.983,0.0,0.0,0.0,32510.0,16.0,29.955,29.893,25.951,0.0,0.0,0.0,32510.0,16.0,29.298,29.334,26.28,0.0,0.0,0.0,32510.0,16.0,31.0,31.0,1614715513.724,2021-03-02 20:05:13.723999977
19831251563,r2215649-n303766,0,2633.664999961853,38.0,46.631645,8.631645202636719,Medium,High,47.5,60.0,100.0,282.25481616778666,568.8716399917602,2633.664999961853,35.658,12.519,0.951,19844.376,12665.624,16.0,35.111,32.47,40.864,20.698,1.581,29473.268,3036.732,16.0,36.891,34.108,46.01,100.0,6.0,30709.0,32510.0,16.0,38.0,35.0,1614370880.218,2021-02-26 20:21:20.217999935
26521362510,r7419443-n948219,1,183.66599988937375,35.0,48.579742,13.579742431640623,Medium,High,47.5,60.0,100.0,19.683829581893974,39.67185597610472,183.66599988937375,32.465,2.951,0.516,16795.641,15714.359,16.0,30.297,27.975,32.465,2.951,0.516,16795.641,15714.359,16.0,30.297,27.975,119.58,100.0,48.0,31079.0,32510.0,16.0,35.0,39.0,1613170391.937,2021-02-12 22:53:11.937000036
22759113315,r4506251-n303766,0,356.83700013160706,71.0,71.546036,0.5460357666015625,Critical,Critical,100.0,100.0,100.0,356.83700013160706,356.83700013160706,356.83700013160706,211.643,88.336,59.391,6645.819,25864.181,16.0,67.526,74.354,210.068,87.609,58.949,6667.607,25842.393,16.0,67.522,74.366,256.23,95.0,64.0,6807.0,32510.0,16.0,71.0,78.0,1613468107.892,2021-02-16 09:35:07.891999960
23108736470,r6727430-n303509,1,31.512999773025516,29.0,30.164656,1.164655685424805,Low,Low,30.0,40.0,100.0,0.8508509938716888,2.0168319854736336,31.512999773025516,24.481,0.0,0.0,0.0,32510.0,16.0,29.0,28.957,24.481,0.0,0.0,0.0,32510.0,16.0,29.0,28.957,24.58,0.0,0.0,0.0,32510.0,16.0,29.0,29.0,1612974925.551,2021-02-10 16:35:25.551000118
16430084958,r8972851-n303509,0,387.62000012397766,71.0,71.47789,0.4778900146484375,Critical,Critical,100.0,100.0,100.0,387.62000012397766,387.62000012397766,387.62000012397766,198.797,81.69,54.749,6541.4,25968.6,16.0,67.545,72.137,196.513,80.681,54.12,6595.913,25914.087,16.0,67.581,72.138,249.54,94.0,64.0,6799.0,32510.0,16.0,71.0,76.0,1613607669.314,2021-02-18 00:21:09.313999891
36460305090,r7462820-n410412,0,397.13700008392334,72.0,71.35398,-0.6460189819335938,Critical,Critical,100.0,100.0,100.0,397.13700008392334,397.13700008392334,397.13700008392334,195.402,79.658,53.46,6533.056,25976.944,16.0,68.173,73.774,193.744,78.919,53.023,6596.612,25913.388,16.0,68.008,73.569,253.74,94.0,64.0,6807.0,32510.0,16.0,72.0,78.0,1613575551.544,2021-02-17 15:25:51.543999910
37097048659,r7141590-n948219,0,351.9839999675751,71.0,71.33319,0.33319091796875,Critical,Critical,100.0,100.0,100.0,351.9839999675751,351.9839999675751,351.9839999675751,213.63,89.17,59.654,6634.329,25875.671,16.0,68.359,73.539,213.529,89.139,59.618,6636.47,25873.53,16.0,68.368,73.533,262.35,95.0,65.0,6799.0,32510.0,16.0,71.0,77.0,1613434774.628,2021-02-16 00:19:34.628000021
28710850208,r4683026-n772143,1,141.864000082016,36.0,47.91889,11.91889190673828,Medium,High,47.5,60.0,100.0,15.203830883789806,30.64262401771545,141.864000082016,35.28,1.017,0.218,7567.916,24942.084,16.0,30.405,29.824,35.28,1.017,0.218,7567.916,24942.084,16.0,30.405,29.824,207.39,100.0,28.0,28939.0,32510.0,16.0,36.0,35.0,1614726716.594,2021-03-02 23:11:56.594000101
42553603191,r7462820-n410412,0,445.845999956131,72.0,71.43052,-0.5694808959960938,Critical,Critical,100.0,100.0,100.0,445.845999956131,445.845999956131,445.845999956131,181.77,71.24,47.759,6486.278,26023.722,16.0,67.999,73.368,179.265,70.363,47.189,6583.202,25926.798,16.0,67.853,73.167,254.15,100.0,63.0,6799.0,32510.0,16.0,72.0,78.0,1613573818.152,2021-02-17 14:56:58.151999950
67028347857,r8024255-n410412,0,350.05099987983704,71.0,71.33011,0.330108642578125,Critical,Critical,100.0,100.0,100.0,350.05099987983704,350.05099987983704,350.05099987983704,213.516,90.699,60.878,6646.827,25863.173,16.0,67.745,71.672,211.561,89.741,60.262,6654.752,25855.248,16.0,67.732,71.636,254.53,95.0,65.0,6801.0,32510.0,16.0,71.0,76.0,1613531124.732,2021-02-17 03:05:24.732000113
60770662989,r974863-n410412,0,355.3840000629425,72.0,71.700516,-0.2994842529296875,Critical,Critical,100.0,100.0,100.0,355.3840000629425,355.3840000629425,355.3840000629425,213.849,89.559,60.009,6652.191,25857.809,16.0,67.159,72.157,211.939,88.573,59.401,6672.285,25837.715,16.0,67.204,72.18,263.35,95.0,66.0,6807.0,32510.0,16.0,72.0,77.0,1613448517.352,2021-02-16 04:08:37.351999998
31168093032,r6727430-n948219,0,144.61899995803833,33.0,35.69883,2.6988296508789062,Low,Medium,30.0,40.0,100.0,3.9047129988670344,9.255615997314456,144.61899995803833,26.926,0.083,0.0,38.286,32471.714,16.0,32.041,31.0,26.926,0.083,0.0,38.286,32471.714,16.0,32.041,31.0,38.42,7.0,0.0,1295.0,32510.0,16.0,33.0,31.0,1613613612.553,2021-02-18 02:00:12.552999973
566295061,r4605940-n948219,1,40599.46099996567,42.0,43.570847,1.5708465576171875,Medium,Medium,30.0,60.0,100.0,1096.1854469990728,8769.483575992583,40599.46099996567,43.024,9.009,1.509,960.881,31549.119,16.0,34.041,30.658,59.775,34.001,6.096,1026.495,31483.505,16.0,40.68,37.8,96.8,42.0,8.0,1027.0,32510.0,16.0,42.0,40.0,1614499663.548,2021-02-28 08:07:43.548000097
41954913877,r8972851-n303509,0,391.6779999732971,71.0,71.3459,0.3459014892578125,Critical,Critical,100.0,100.0,100.0,391.6779999732971,391.6779999732971,391.6779999732971,197.322,80.878,54.282,6548.597,25961.403,16.0,67.987,72.587,195.297,79.752,53.57,6605.327,25904.673,16.0,67.947,72.513,250.19,95.0,64.0,6807.0,32510.0,16.0,71.0,77.0,1613593312.732,2021-02-17 20:21:52.732000113
42493110971,r1039410-n948219,1,954.6240000724792,44.0,48.298492,4.298492431640625,Medium,High,47.5,60.0,100.0,102.30884400776772,206.1987840156555,954.6240000724792,67.498,29.362,4.059,1271.584,31238.416,16.0,42.603,39.081,68.184,30.243,4.153,1301.219,31208.781,16.0,42.861,39.268,121.78,90.0,13.0,1315.0,32510.0,16.0,44.0,41.0,1613861899.27,2021-02-20 22:58:19.269999981
56582247580,r974863-n410412,1,69.65199995040894,31.0,32.3488,1.3488006591796875,Low,Low,30.0,40.0,100.0,1.880603998661041,4.457727996826173,69.65199995040894,25.666,0.0,0.0,0.0,32510.0,16.0,31.0,28.0,25.666,0.0,0.0,0.0,32510.0,16.0,31.0,28.0,25.83,0.0,0.0,0.0,32510.0,16.0,31.0,28.0,1614734634.948,2021-03-03 01:23:54.947999954
57628777704,r44132-n303766,0,368.0199999809265,70.0,71.56947,1.5694732666015625,High,Critical,100.0,80.0,100.0,368.0199999809265,188.42623999023442,368.0199999809265,205.736,85.87,57.645,6428.362,26081.638,16.0,67.427,74.452,203.886,85.008,57.097,6463.641,26046.359,16.0,67.449,74.429,251.38,95.0,65.0,6807.0,32510.0,16.0,70.0,78.0,1613463549.678,2021-02-16 08:19:09.677999973
9494291120,r3974592-n948219,0,259222.31299996376,54.0,43.112766,-10.88723373413086,High,Medium,30.0,80.0,100.0,6999.002450999021,132721.82425598148,259222.31299996376,36.991,0.032,0.0,742.92,31767.08,16.0,38.605,38.355,37.11,0.014,0.008,23414.1,9095.9,16.0,33.735,33.877,197.46,100.0,75.0,23517.0,32510.0,16.0,54.0,53.0,1614230852.8,2021-02-25 05:27:32.799999952
30795833154,r9659953-n172107,0,12784.06299996376,39.0,41.051144,2.0511436462402344,Medium,Medium,30.0,60.0,100.0,345.1697009990215,2761.357607992172,12784.06299996376,53.669,24.714,5.746,30472.166,2037.834,16.0,38.369,38.38,51.129,23.687,5.503,31056.696,1453.304,16.0,37.895,37.913,117.48,100.0,10.0,31071.0,32510.0,16.0,39.0,40.0,1614726246.795,2021-03-02 23:04:06.795000076
35858094130,r6727430-n303509,0,349.53600001335144,71.0,71.34668,0.3466796875,Critical,Critical,100.0,100.0,100.0,349.53600001335144,349.53600001335144,349.53600001335144,208.066,89.252,59.875,6635.595,25874.405,16.0,68.442,73.503,207.332,88.841,59.579,6623.73,25886.27,16.0,68.379,73.425,248.43,95.0,65.0,6793.0,32510.0,16.0,71.0,77.0,1613433735.03,2021-02-16 00:02:15.029999971
13279273680,r7141590-n948219,0,351.6470000743866,72.0,71.35807,-0.6419296264648438,Critical,Critical,100.0,100.0,100.0,351.6470000743866,351.6470000743866,351.6470000743866,214.635,89.39,59.78,6635.991,25874.009,16.0,68.461,73.527,214.047,89.084,59.563,6614.221,25895.779,16.0,68.424,73.464,262.82,96.0,65.0,6807.0,32510.0,16.0,72.0,77.0,1613436885.518,2021-02-16 00:54:45.517999887
4421064049,r810901-n948219,1,0.6130001544952393,29.0,30.234138,1.2341384887695312,Low,Low,30.0,40.0,100.0,0.016551004171371456,0.039232009887695325,0.6130001544952393,25.862,0.0,0.0,0.0,32510.0,16.0,29.0,29.0,25.862,0.0,0.0,0.0,32510.0,16.0,29.0,29.0,25.91,0.0,0.0,0.0,32510.0,16.0,29.0,29.0,1613749604.245,2021-02-19 15:46:44.244999886
65646176711,r9170217-n948219,0,7541.217000007629,51.0,62.448486,11.448486328125,High,High,47.5,80.0,100.0,808.2063656726925,3861.103104003907,7541.217000007629,88.404,53.754,19.641,2401.702,30108.298,16.0,47.073,47.039,75.336,37.448,14.392,4369.526,28140.474,16.0,42.214,41.629,147.58,68.0,28.0,4611.0,32510.0,16.0,51.0,52.0,1613572345.193,2021-02-17 14:32:25.193000078
3904282188,r414303-n948219,0,14283.651000022888,74.0,49.67997,-24.320030212402344,Critical,High,47.5,100.0,100.0,1530.8056595180778,14283.651000022888,14283.651000022888,35.218,0.044,0.0,1075.684,31434.316,16.0,33.111,30.47,152.428,93.898,20.599,19496.241,13013.759,16.0,66.589,65.158,265.65,100.0,55.0,19959.0,32510.0,16.0,74.0,74.0,1613990825.023,2021-02-22 10:47:05.023000002
20480571297,r974863-n410412,1,484.2699999809265,68.0,69.35321,1.35321044921875,High,High,47.5,80.0,100.0,51.90012390420585,247.94623999023443,484.2699999809265,160.966,67.606,45.364,6648.586,25861.414,16.0,53.881,55.047,156.125,64.817,43.54,6703.592,25806.408,16.0,53.999,55.069,241.72,95.0,65.0,6801.0,32510.0,16.0,68.0,72.0,1613450220.399,2021-02-16 04:37:00.398999929
50674746715,r974863-n410412,0,350.117999792099,72.0,71.16578,-0.8342208862304688,Critical,Critical,100.0,100.0,100.0,350.117999792099,350.117999792099,350.117999792099,217.119,91.162,60.94,6640.233,25869.767,16.0,68.525,73.803,215.369,90.262,60.397,6658.051,25851.949,16.0,68.417,73.631,260.87,96.0,65.0,6793.0,32510.0,16.0,72.0,77.0,1613446741.311,2021-02-16 03:39:01.311000109
879181917,r9170217-n948219,0,413.64800000190735,70.0,71.42133,1.4213333129882812,High,Critical,100.0,80.0,100.0,413.64800000190735,211.7877760009766,413.64800000190735,185.08,76.544,51.422,6511.398,25998.602,16.0,66.046,70.652,183.754,75.391,50.693,6589.428,25920.572,16.0,66.262,70.828,246.63,94.0,64.0,6807.0,32510.0,16.0,70.0,76.0,1613587041.908,2021-02-17 18:37:21.907999992
1830596030,r6727430-n303509,0,345.3729999065399,71.0,71.35846,0.35845947265625,Critical,Critical,100.0,100.0,100.0,345.3729999065399,345.3729999065399,345.3729999065399,207.623,89.297,60.001,6644.394,25865.606,16.0,68.422,73.481,207.324,89.238,59.936,6636.475,25873.525,16.0,68.423,73.462,246.94,100.0,64.0,6801.0,32510.0,16.0,71.0,77.0,1613443118.52,2021-02-16 02:38:38.519999981
10330541552,r7419443-n948219,0,222.35199999809265,30.0,33.683098,3.6830978393554688,Low,Low,30.0,40.0,100.0,6.003503999948501,14.230527999877934,222.35199999809265,26.999,0.0,0.0,3.904,32506.096,16.0,30.0,28.8,26.999,0.0,0.0,3.904,32506.096,16.0,30.0,28.8,27.19,0.0,0.0,4.0,32510.0,16.0,30.0,29.0,1613685139.327,2021-02-18 21:52:19.326999903
52399270154,r492024-n303766,0,6.797999858856201,34.0,37.829483,3.8294830322265625,Low,Medium,30.0,40.0,100.0,0.1835459961891174,0.435071990966797,6.797999858856201,25.031,0.0,0.0,0.0,32510.0,16.0,34.0,32.0,25.031,0.0,0.0,0.0,32510.0,16.0,34.0,32.0,25.13,0.0,0.0,0.0,32510.0,16.0,34.0,32.0,1613357701.325,2021-02-15 02:55:01.325000048
34957468739,r7141590-n948219,0,354.00400018692017,72.0,71.34668,-0.6533203125,Critical,Critical,100.0,100.0,100.0,354.00400018692017,354.00400018692017,354.00400018692017,213.164,88.038,58.885,6600.385,25909.615,16.0,68.426,73.404,213.465,88.233,59.031,6627.841,25882.159,16.0,68.41,73.422,262.11,96.0,65.0,6807.0,32510.0,16.0,72.0,77.0,1613440049.478,2021-02-16 01:47:29.477999926
48444854843,r492024-n303766,0,349.2229998111725,71.0,71.35807,0.3580703735351562,Critical,Critical,100.0,100.0,100.0,349.2229998111725,349.2229998111725,349.2229998111725,209.298,88.673,59.628,6623.918,25886.082,16.0,68.46,73.332,209.425,88.85,59.763,6645.847,25864.153,16.0,68.404,73.299,250.29,94.0,64.0,6793.0,32510.0,16.0,71.0,77.0,1613434650.864,2021-02-16 00:17:30.864000082
57219511217,r2215649-n410412,0,0.4189999103546142,35.0,37.827984,2.827983856201172,Medium,Medium,30.0,60.0,100.0,0.011312997579574581,0.09050398063659665,0.4189999103546142,26.668,0.0,0.0,0.0,32510.0,16.0,35.0,32.0,26.668,0.0,0.0,0.0,32510.0,16.0,35.0,32.0,26.68,0.0,0.0,0.0,32510.0,16.0,35.0,32.0,1614113518.946,2021-02-23 20:51:58.946000099
19511565039,r8473362-n410412,1,10362.03200006485,73.0,70.97349,-2.0265121459960938,Critical,High,47.5,100.0,100.0,1110.51839825695,10362.03200006485,10362.03200006485,188.542,93.855,53.238,3550.364,28959.636,16.0,62.824,67.34,201.206,99.712,56.699,4484.804,28025.196,16.0,68.33,74.057,221.53,100.0,60.0,4517.0,32510.0,16.0,73.0,79.0,1613012965.374,2021-02-11 03:09:25.374000072
32510145550,r7462820-n410412,1,383.1150000095368,69.0,70.349976,1.3499755859375,High,High,47.5,80.0,100.0,41.059152891647074,196.1548800048829,383.1150000095368,197.055,81.18,54.577,6631.189,25878.811,16.0,61.86,64.501,198.572,82.006,55.177,6649.039,25860.961,16.0,62.395,65.087,259.02,100.0,64.0,6799.0,32510.0,16.0,69.0,73.0,1613572705.041,2021-02-17 14:38:25.040999889
48160797102,r3974592-n303509,0,108675.46900010107,43.0,53.32699,10.326988220214844,Medium,High,47.5,60.0,100.0,11646.953779245207,23473.90130402183,108675.46900010107,39.224,7.335,4.114,2268.871,30241.129,16.0,34.469,33.284,47.249,13.601,5.4,3446.699,29063.301,16.0,37.083,35.673,166.35,93.0,34.0,8044.0,32510.0,16.0,43.0,45.0,1613068953.941,2021-02-11 18:42:33.940999985
49833940786,r6707841-n200569,1,153.81199979782104,29.0,30.740683,1.740682601928711,Low,Low,30.0,40.0,100.0,4.152923994541168,9.84396798706055,153.81199979782104,26.66,0.0,0.0,0.0,32510.0,16.0,29.0,29.001,26.66,0.0,0.0,0.0,32510.0,16.0,29.0,29.001,26.75,0.0,0.0,0.0,32510.0,16.0,29.0,30.0,1614716436.298,2021-03-02 20:20:36.298000097
50116672580,r216287-n303509,0,2518.203000068665,47.0,47.621704,0.6217041015625,High,High,47.5,80.0,100.0,269.88053714798394,1289.3199360351568,2518.203000068665,49.647,18.13,2.899,14495.542,18014.458,16.0,35.824,34.584,55.596,79.839,3.669,18665.523,13844.477,16.0,39.757,38.845,264.33,100.0,76.0,19253.0,32510.0,16.0,47.0,51.0,1614709676.596,2021-03-02 18:27:56.595999956
54819650979,r4506251-n303766,0,109.59899997711182,39.0,40.003376,1.003376007080078,Medium,Medium,30.0,60.0,100.0,2.9591729993820186,23.67338399505615,109.59899997711182,29.488,0.0,0.0,0.0,32510.0,16.0,37.343,38.305,29.488,0.0,0.0,0.0,32510.0,16.0,37.343,38.305,30.16,0.0,0.0,0.0,32510.0,16.0,39.0,41.0,1613470596.696,2021-02-16 10:16:36.696000099
24627951701,r7753495-n303509,0,131.49000000953674,36.0,38.615616,2.6156158447265625,Medium,Medium,30.0,60.0,100.0,3.5502300002574914,28.40184000205993,131.49000000953674,25.445,0.0,0.0,3.798,32506.202,16.0,36.0,35.0,25.445,0.0,0.0,3.798,32506.202,16.0,36.0,35.0,25.7,0.0,0.0,4.0,32510.0,16.0,36.0,35.0,1613683810.908,2021-02-18 21:30:10.907999992
13612704365,r8141575-n410412,0,9544.90799999237,42.0,42.212566,0.2125663757324218,Medium,Medium,30.0,60.0,100.0,257.712515999794,2061.700127998352,9544.90799999237,55.374,27.239,9.073,29223.283,3286.717,16.0,38.765,37.256,53.77,22.661,7.372,31012.242,1497.758,16.0,39.641,38.14,123.2,50.0,16.0,31071.0,32510.0,16.0,42.0,41.0,1614355471.603,2021-02-26 16:04:31.602999926
9890999195,r8024255-n303766,0,140.32500004768372,38.0,50.36957,12.369571685791016,Medium,High,47.5,60.0,100.0,15.038893364485352,30.310200010299678,140.32500004768372,40.667,2.924,1.897,10407.873,22102.127,16.0,35.514,32.822,40.667,2.924,1.897,10407.873,22102.127,16.0,35.514,32.822,197.09,100.0,92.0,31537.0,32510.0,16.0,38.0,43.0,1613365807.892,2021-02-15 05:10:07.891999960
38975731272,r4099734-n172107,0,8994.545000076294,40.0,40.706345,0.7063446044921875,Medium,Medium,30.0,60.0,100.0,242.8527150020599,1942.8217200164793,8994.545000076294,42.296,23.53,1.812,29723.57,2786.43,16.0,38.802,36.84,42.104,21.36,1.753,31025.699,1484.301,16.0,39.207,37.273,69.84,100.0,6.0,31071.0,32510.0,16.0,40.0,38.0,1614737556.337,2021-03-03 02:12:36.336999893
18888127632,r8024255-n410412,0,397.91299986839294,71.0,71.3459,0.3459014892578125,Critical,Critical,100.0,100.0,100.0,397.91299986839294,397.91299986839294,397.91299986839294,195.58,80.149,53.781,6543.57,25966.43,16.0,68.069,71.646,192.753,78.954,53.015,6595.634,25914.366,16.0,67.899,71.444,253.24,96.0,63.0,6799.0,32510.0,16.0,71.0,76.0,1613526335.986,2021-02-17 01:45:35.986000061
55823347786,r7753495-n772143,0,48.83299994468689,37.0,46.31253,9.312530517578123,Medium,High,47.5,60.0,100.0,5.2335241659469895,10.547927988052367,48.83299994468689,44.598,4.17,0.657,19464.295,13045.705,16.0,33.072,30.782,44.598,4.17,0.657,19464.295,13045.705,16.0,33.072,30.782,202.82,100.0,27.0,27193.0,32510.0,16.0,37.0,34.0,1614726922.139,2021-03-02 23:15:22.138999939
3442758129,r2684277-n948219,0,2928.141000032425,43.0,43.01192,0.0119209289550781,Medium,Medium,30.0,60.0,100.0,79.05980700087547,632.4784560070037,2928.141000032425,45.522,14.895,2.41,29731.537,2778.463,16.0,41.536,39.665,46.75,14.915,2.452,30931.016,1578.984,16.0,42.1,40.214,60.45,100.0,11.0,31071.0,32510.0,16.0,43.0,42.0,1614079401.136,2021-02-23 11:23:21.135999918
17040552927,r9480604-n303766,0,3099.398000001908,46.0,47.41354,1.4135398864746094,High,High,47.5,80.0,100.0,332.1682950314544,1586.8917760009772,3099.398000001908,40.796,5.711,1.885,1161.809,31348.191,16.0,34.188,31.523,70.712,36.81,12.483,1576.072,30933.928,16.0,42.457,40.832,116.61,54.0,18.0,1671.0,32510.0,16.0,46.0,46.0,1613329495.514,2021-02-14 19:04:55.513999938
13823042574,r5179276-n948219,0,355.9689998626709,72.0,71.392265,-0.6077346801757812,Critical,Critical,100.0,100.0,100.0,355.9689998626709,355.9689998626709,355.9689998626709,206.242,88.676,59.608,6626.421,25883.579,16.0,68.512,77.086,204.537,87.788,59.07,6651.582,25858.418,16.0,68.445,76.945,246.18,95.0,66.0,6799.0,32510.0,16.0,72.0,81.0,1613574008.334,2021-02-17 15:00:08.334000111
37864616137,r7419443-n772143,0,593.954999923706,30.0,29.763647,-0.2363529205322265,Low,Low,30.0,40.0,100.0,16.03678499794006,38.013119995117194,593.954999923706,25.352,0.0,0.0,0.0,32510.0,16.0,29.522,28.0,25.365,0.0,0.0,0.0,32510.0,16.0,29.759,28.0,25.58,0.0,0.0,0.0,32510.0,16.0,30.0,28.0,1614759517.426,2021-03-03 08:18:37.426000118
29814388896,r2684277-n948219,0,12041.46700000763,74.0,68.592026,-5.407974243164063,Critical,High,47.5,100.0,100.0,1290.5065961414425,12041.46700000763,12041.46700000763,103.525,41.043,27.261,1255.91,31254.09,16.0,43.392,43.57,208.17,93.902,62.977,2819.366,29690.634,16.0,67.875,72.026,235.44,98.0,69.0,4279.0,32510.0,16.0,74.0,78.0,1613993645.374,2021-02-22 11:34:05.374000072
45114595657,r8275852-n410412,0,475.930999994278,36.0,41.53821,5.538211822509766,Medium,Medium,30.0,60.0,100.0,12.850136999845505,102.80109599876404,475.930999994278,28.897,0.0,0.0,3.945,32506.055,16.0,36.0,37.0,28.901,0.0,0.0,3.935,32506.065,16.0,36.0,37.0,29.22,0.0,0.0,4.0,32510.0,16.0,36.0,38.0,1613688526.908,2021-02-18 22:48:46.907999992
11983359824,r5179276-n948219,0,10729.572000026705,41.0,42.18474,1.1847381591796875,Medium,Medium,30.0,60.0,100.0,289.698444000721,2317.587552005768,10729.572000026705,42.401,22.5,1.682,30049.111,2460.889,16.0,40.086,38.832,42.469,20.834,1.479,31042.127,1467.873,16.0,40.454,39.0,71.35,34.0,3.0,31071.0,32510.0,16.0,41.0,40.0,1613414117.776,2021-02-15 18:35:17.776000023
3100229904,r8275852-n303766,0,6.519000053405762,31.0,32.065533,1.065532684326172,Low,Low,30.0,40.0,100.0,0.17601300144195553,0.41721600341796883,6.519000053405762,25.811,0.0,0.0,0.0,32510.0,16.0,31.0,30.0,25.811,0.0,0.0,0.0,32510.0,16.0,31.0,30.0,25.91,0.0,0.0,0.0,32510.0,16.0,31.0,30.0,1613165433.182,2021-02-12 21:30:33.181999922
11628119649,r4144777-n303509,0,3342.1849999427795,41.0,46.901688,5.9016876220703125,Medium,High,47.5,60.0,100.0,358.18823304074255,721.9119599876403,3342.1849999427795,38.145,11.272,1.443,18109.137,14400.863,16.0,38.306,36.012,44.862,19.444,2.519,29572.773,2937.227,16.0,39.879,37.468,52.62,100.0,6.0,30709.0,32510.0,16.0,41.0,38.0,1614311568.971,2021-02-26 03:52:48.970999956
24251224664,r7269000-n948219,1,404.0640001296997,72.0,70.89047,-1.109527587890625,Critical,High,47.5,100.0,100.0,43.304296513900155,404.0640001296997,404.0640001296997,192.844,78.359,52.564,6518.444,25991.556,16.0,62.975,67.1,191.207,77.626,52.132,6585.221,25924.779,16.0,63.623,67.66,254.71,93.0,63.0,6793.0,32510.0,16.0,72.0,76.0,1613444946.573,2021-02-16 03:09:06.572999954
55206225054,r7269000-n303509,0,353.9530000686645,71.0,71.31384,0.3138427734375,Critical,Critical,100.0,100.0,100.0,353.9530000686645,353.9530000686645,353.9530000686645,215.686,90.04,60.383,6647.423,25862.577,16.0,68.179,73.185,213.33,88.819,59.594,6646.758,25863.242,16.0,68.096,72.995,254.86,100.0,65.0,6801.0,32510.0,16.0,71.0,77.0,1613586099.004,2021-02-17 18:21:39.003999949
21879720755,r492024-n410412,0,56513.92200016976,72.0,42.380558,-29.619441986083984,Critical,Medium,30.0,100.0,100.0,1525.8758940045834,56513.92200016976,56513.92200016976,29.969,0.008,0.0,75.287,32434.713,16.0,32.234,31.111,159.27,83.595,28.435,27626.646,4883.354,16.0,63.561,64.836,274.5,100.0,46.0,31127.0,32510.0,16.0,72.0,74.0,1613688902.748,2021-02-18 22:55:02.747999907
48130599015,r9515777-n303766,0,329.9249999523163,58.0,67.61293,9.612930297851562,High,High,47.5,80.0,100.0,35.35868085426464,168.921599975586,329.9249999523163,120.746,61.798,33.864,4742.195,27767.805,16.0,56.107,57.619,120.814,61.938,33.956,4759.98,27750.02,16.0,56.184,57.714,224.63,87.0,57.0,4955.0,32510.0,16.0,58.0,61.0,1614610066.821,2021-03-01 14:47:46.821000099
48883240108,r5179276-n948219,0,350.90499997138977,72.0,71.42537,-0.5746307373046875,Critical,Critical,100.0,100.0,100.0,350.90499997138977,350.90499997138977,350.90499997138977,208.416,89.882,60.333,6646.095,25863.905,16.0,68.611,75.793,206.546,89.067,59.831,6664.172,25845.828,16.0,68.432,75.558,246.12,95.0,66.0,6799.0,32510.0,16.0,72.0,80.0,1613583820.953,2021-02-17 17:43:40.953000069
16134055238,r4506251-n303766,0,0.4149999618530273,31.0,32.52583,1.5258293151855469,Low,Low,30.0,40.0,100.0,0.011204998970031734,0.026559997558593753,0.4149999618530273,28.052,0.0,0.0,0.0,32510.0,16.0,31.0,31.0,28.052,0.0,0.0,0.0,32510.0,16.0,31.0,31.0,28.12,0.0,0.0,0.0,32510.0,16.0,31.0,31.0,1614724777.055,2021-03-02 22:39:37.055000067
48128508635,r2215649-n303766,0,190.92999982833865,44.0,44.260628,0.2606277465820312,Medium,Medium,30.0,60.0,100.0,5.155109995365143,41.24087996292114,190.92999982833865,39.616,0.834,0.1,1051.023,31458.977,16.0,36.806,33.898,39.616,0.834,0.1,1051.023,31458.977,16.0,36.806,33.898,228.12,100.0,19.0,9143.0,32510.0,16.0,44.0,37.0,1614367149.782,2021-02-26 19:19:09.782000065
5524269537,r7269000-n303509,0,351.896999835968,71.0,71.316925,0.316925048828125,Critical,Critical,100.0,100.0,100.0,351.896999835968,351.896999835968,351.896999835968,215.683,90.534,60.685,6612.25,25897.75,16.0,68.23,73.232,213.803,89.582,60.087,6634.187,25875.813,16.0,68.09,73.063,253.94,100.0,69.0,6801.0,32510.0,16.0,71.0,76.0,1613579812.65,2021-02-17 16:36:52.650000095
40004119704,r4506251-n303766,0,5644.213999986649,45.0,44.015892,-0.9841079711914062,High,Medium,30.0,80.0,100.0,152.3937779996395,2889.8375679931646,5644.213999986649,36.885,0.45,0.002,1073.158,31436.842,16.0,36.239,36.519,61.696,32.262,7.503,1576.425,30933.575,16.0,43.268,44.452,128.48,53.0,15.0,1605.0,32510.0,16.0,45.0,46.0,1613328622.156,2021-02-14 18:50:22.155999899
24891011704,r8141575-n303766,1,75.36699986457825,30.0,30.56867,0.5686702728271484,Low,Low,30.0,40.0,100.0,2.034908996343612,4.823487991333009,75.36699986457825,25.334,0.0,0.0,0.0,32510.0,16.0,30.0,28.0,25.334,0.0,0.0,0.0,32510.0,16.0,30.0,28.0,25.53,0.0,0.0,0.0,32510.0,16.0,30.0,28.0,1614047654.005,2021-02-23 02:34:14.005000114
56807814632,r2684277-n948219,0,66.68600010871887,31.0,36.862408,5.862407684326172,Low,Medium,30.0,40.0,100.0,1.8005220029354092,4.267904006958009,66.68600010871887,26.453,0.0,0.0,3.745,32506.255,16.0,30.399,29.107,26.453,0.0,0.0,3.745,32506.255,16.0,30.399,29.107,26.6,0.0,0.0,4.0,32510.0,16.0,31.0,30.0,1613477350.975,2021-02-16 12:09:10.974999905
3920101496,r974863-n410412,1,6777.838000059128,44.0,44.62964,0.629638671875,Medium,Medium,30.0,60.0,100.0,183.00162600159643,1464.0130080127715,6777.838000059128,41.87,8.632,2.578,1103.835,31406.165,16.0,35.672,31.74,58.886,30.941,9.652,1519.702,30990.298,16.0,41.085,38.095,104.89,41.0,14.0,1539.0,32510.0,16.0,44.0,41.0,1613429755.858,2021-02-15 22:55:55.858000040
14788719891,r204106-n200569,0,62.52999997138977,33.0,34.369026,1.3690261840820312,Low,Low,30.0,40.0,100.0,1.6883099992275237,4.001919998168947,62.52999997138977,27.693,0.0,0.0,0.0,32510.0,16.0,32.882,30.97,27.693,0.0,0.0,0.0,32510.0,16.0,32.882,30.97,27.83,0.0,0.0,0.0,32510.0,16.0,33.0,31.0,1614718332.608,2021-03-02 20:52:12.608000040
25525170311,r492024-n303766,0,166.37299990653992,39.0,48.460064,9.460063934326172,Medium,High,47.5,60.0,100.0,17.830506349358707,35.936567979812615,166.37299990653992,30.032,1.429,1.012,1531.512,30978.488,16.0,34.43,32.649,30.032,1.429,1.012,1531.512,30978.488,16.0,34.43,32.649,204.12,91.0,69.0,18813.0,32510.0,16.0,39.0,42.0,1613366999.594,2021-02-15 05:29:59.594000101
34906052487,r2215649-n410412,0,47.56699991226196,38.0,37.786346,-0.213653564453125,Medium,Medium,30.0,60.0,100.0,1.2843089976310729,10.274471981048583,47.56699991226196,27.143,0.0,0.0,0.0,32510.0,16.0,37.323,34.996,27.143,0.0,0.0,0.0,32510.0,16.0,37.323,34.996,27.41,0.0,0.0,0.0,32510.0,16.0,38.0,35.0,1613922739.825,2021-02-21 15:52:19.825000048
55862616584,r4506251-n303766,0,392.84500002861023,71.0,71.368065,0.3680648803710937,Critical,Critical,100.0,100.0,100.0,392.84500002861023,392.84500002861023,392.84500002861023,213.381,89.382,60.047,6640.997,25869.003,16.0,68.3,75.386,195.853,79.637,53.556,6674.835,25835.165,16.0,66.894,73.436,254.12,95.0,65.0,6799.0,32510.0,16.0,71.0,79.0,1613464628.828,2021-02-16 08:37:08.828000069
3470677188,r8972851-n948219,0,42855.6289999485,57.0,55.7229,-1.277099609375,High,High,47.5,80.0,100.0,4592.918114228855,21942.08204797364,42855.6289999485,66.928,16.7,13.747,20834.452,11675.548,16.0,45.597,45.22,87.314,29.523,24.533,26714.214,5795.786,16.0,50.273,50.682,217.38,100.0,91.0,26757.0,32510.0,16.0,57.0,63.0,1613478490.762,2021-02-16 12:28:10.762000084
24425875217,r7141590-n303509,0,437.0690000057221,73.0,71.566574,-1.4334259033203125,Critical,Critical,100.0,100.0,100.0,437.0690000057221,437.0690000057221,437.0690000057221,184.243,72.29,48.166,6486.363,26023.637,16.0,67.253,68.458,185.587,72.492,48.333,6559.627,25950.373,16.0,67.458,68.693,269.17,94.0,64.0,6799.0,32510.0,16.0,73.0,75.0,1613484954.663,2021-02-16 14:15:54.663000107
39616236927,r8473362-n410412,0,3343.971999883652,49.0,46.4522,-2.547798156738281,High,High,47.5,80.0,100.0,358.3797491750307,1712.1136639404303,3343.971999883652,35.576,1.65,0.359,726.116,31783.884,16.0,36.871,34.695,62.322,29.58,7.589,1059.828,31450.172,16.0,44.863,43.243,101.82,45.0,13.0,1093.0,32510.0,16.0,49.0,48.0,1613791358.378,2021-02-20 03:22:38.378000021
6610958728,r9988778-n303766,1,5308.9420001506805,42.0,40.313477,-1.6865234375,Medium,Medium,30.0,60.0,100.0,143.34143400406836,1146.731472032547,5308.9420001506805,26.951,0.01,0.0,19.099,32490.901,16.0,30.074,27.988,59.016,30.55,5.921,967.96,31542.04,16.0,39.722,37.493,107.24,46.0,10.0,1027.0,32510.0,16.0,42.0,40.0,1613456886.916,2021-02-16 06:28:06.915999889
42389854608,r8972851-n948219,0,351.1860001087189,71.0,71.042786,0.04278564453125,Critical,Critical,100.0,100.0,100.0,351.1860001087189,351.1860001087189,351.1860001087189,217.6,91.093,60.873,6653.921,25856.079,16.0,68.288,72.562,215.137,89.86,60.072,6629.294,25880.706,16.0,68.187,72.4,259.02,96.0,66.0,6807.0,32510.0,16.0,71.0,76.0,1613523113.047,2021-02-17 00:51:53.046999931
26385977070,r2684277-n948219,1,151.48300004005432,30.0,32.821228,2.82122802734375,Low,Low,30.0,40.0,100.0,4.090041001081466,9.694912002563479,151.48300004005432,26.782,0.0,0.0,3.863,32506.137,16.0,30.0,28.65,26.782,0.0,0.0,3.863,32506.137,16.0,30.0,28.65,26.91,0.0,0.0,4.0,32510.0,16.0,30.0,29.0,1613477197.431,2021-02-16 12:06:37.430999994
42666593714,r7462820-n303766,1,4152.388000011444,40.0,42.733215,2.73321533203125,Medium,Medium,30.0,60.0,100.0,112.11447600030897,896.9158080024717,4152.388000011444,41.472,7.885,1.608,969.819,31540.181,16.0,33.587,32.323,57.943,30.355,6.697,1022.562,31487.438,16.0,38.825,37.566,96.09,43.0,10.0,1027.0,32510.0,16.0,40.0,39.0,1613377066.873,2021-02-15 08:17:46.872999907
64249433600,r9170217-n303509,0,43216.49399995804,47.0,35.08893,-11.91107177734375,High,Medium,30.0,80.0,100.0,1166.8453379988669,22126.84492797852,43216.49399995804,25.945,0.0,0.0,0.003,32509.997,16.0,32.001,29.002,32.86,1.655,0.045,823.055,31686.945,16.0,34.975,31.489,179.74,93.0,60.0,1483.0,32510.0,16.0,47.0,46.0,1613392069.923,2021-02-15 12:27:49.923000097
55761022752,r4683026-n948219,0,32571.40199995041,55.0,53.314754,-1.6852455139160156,High,High,47.5,80.0,100.0,3490.7382237134348,16676.557823974614,32571.40199995041,44.011,7.369,4.02,2098.924,30411.076,16.0,38.004,38.38,73.386,18.055,10.098,8585.206,23924.794,16.0,46.791,47.68,219.36,100.0,58.0,9147.0,32510.0,16.0,55.0,58.0,1613938183.279,2021-02-21 20:09:43.279000044
57926608082,r7269000-n948219,0,376.0580000877381,71.0,71.69288,0.6928787231445312,Critical,Critical,100.0,100.0,100.0,376.0580000877381,376.0580000877381,376.0580000877381,204.957,83.478,55.613,6527.593,25982.407,16.0,66.237,69.044,206.045,83.961,55.927,6575.405,25934.595,16.0,66.682,69.582,264.06,95.0,64.0,6793.0,32510.0,16.0,71.0,75.0,1613441609.932,2021-02-16 02:13:29.931999922
6181980570,r8141575-n410412,1,3828.590000152588,36.0,33.469498,-2.530502319335937,Medium,Low,30.0,60.0,100.0,103.37193000411986,826.9754400329589,3828.590000152588,26.704,0.0,0.0,0.0,32510.0,16.0,31.849,29.988,31.996,0.004,0.0,525.441,31984.559,16.0,33.16,31.164,40.68,24.0,1.0,1211.0,32510.0,16.0,36.0,34.0,1614616238.08,2021-03-01 16:30:38.079999924
46013556703,r2215649-n410412,1,11232.65499997139,42.0,35.48982,-6.510181427001953,Medium,Medium,30.0,60.0,100.0,303.2816849992275,2426.25347999382,11232.65499997139,27.814,0.232,0.0,71.237,32438.763,16.0,32.179,29.115,53.588,26.889,4.57,1000.651,31509.349,16.0,40.424,36.788,95.89,44.0,9.0,1027.0,32510.0,16.0,42.0,39.0,1613457268.973,2021-02-16 06:34:28.973000050
62624255081,r2215649-n410412,0,58.3970000743866,38.0,38.494957,0.4949569702148437,Medium,Medium,30.0,60.0,100.0,1.5767190020084378,12.613752016067503,58.3970000743866,42.152,27.353,0.0,968.678,31541.322,16.0,37.261,34.143,42.152,27.353,0.0,968.678,31541.322,16.0,37.261,34.143,44.86,49.0,0.0,1065.0,32510.0,16.0,38.0,35.0,1614114797.649,2021-02-23 21:13:17.648999929
47119029873,r4099734-n172107,1,11002.020000219343,39.0,40.468716,1.4687156677246094,Medium,Medium,30.0,60.0,100.0,297.0545400059222,2376.4363200473776,11002.020000219343,46.629,22.651,3.295,30461.686,2048.314,16.0,37.699,36.291,46.555,23.454,3.435,31054.086,1455.914,16.0,37.015,35.616,107.38,38.0,5.0,31071.0,32510.0,16.0,39.0,38.0,1614743352.86,2021-03-03 03:49:12.859999895
13777816958,r7317916-n948219,1,386.2400000095368,73.0,71.02031,-1.9796905517578125,Critical,Critical,100.0,100.0,100.0,386.2400000095368,386.2400000095368,386.2400000095368,197.532,81.825,54.966,6534.739,25975.261,16.0,63.125,67.931,196.65,81.213,54.6,6586.72,25923.28,16.0,63.342,68.172,260.19,100.0,64.0,6801.0,32510.0,16.0,73.0,79.0,1613483514.886,2021-02-16 13:51:54.885999918
6167723078,r4605940-n948219,0,84874.42300009727,64.0,59.568512,-4.431488037109375,High,High,47.5,80.0,100.0,9096.151052463549,43455.704576049815,84874.42300009727,84.437,78.333,12.356,23943.8,8566.2,16.0,43.623,41.404,101.242,99.11,14.782,31601.587,908.413,16.0,56.372,54.682,259.72,100.0,49.0,31641.0,32510.0,16.0,64.0,64.0,1614558342.11,2021-03-01 00:25:42.109999895
10564472974,r9170217-n303509,1,188254.5380001068,37.0,35.341595,-1.658405303955078,Medium,Medium,30.0,60.0,100.0,5082.872526002883,40662.980208023066,188254.5380001068,37.17,15.428,0.136,848.082,31661.918,16.0,32.201,30.279,42.4,12.783,3.101,1375.732,31134.268,16.0,34.576,32.903,85.57,41.0,10.0,1377.0,32510.0,16.0,37.0,36.0,1613128889.773,2021-02-12 11:21:29.773000002
19654398853,r7141590-n303509,0,427.710000038147,72.0,71.33854,-0.6614608764648438,Critical,Critical,100.0,100.0,100.0,427.710000038147,427.710000038147,427.710000038147,190.068,74.466,49.596,6491.675,26018.325,16.0,68.014,69.37,188.843,74.015,49.346,6578.128,25931.872,16.0,67.961,69.322,266.58,94.0,64.0,6799.0,32510.0,16.0,72.0,74.0,1613483934.796,2021-02-16 13:58:54.796000004
64414857128,r8024255-n410412,0,384.9370000362396,71.0,71.3459,0.3459014892578125,Critical,Critical,100.0,100.0,100.0,384.9370000362396,384.9370000362396,384.9370000362396,199.443,82.325,55.283,6549.022,25960.978,16.0,67.947,71.618,197.84,81.571,54.822,6599.119,25910.881,16.0,67.815,71.486,252.83,94.0,63.0,6793.0,32510.0,16.0,71.0,75.0,1613526734.216,2021-02-17 01:52:14.216000080
3904282188,r2215649-n303766,0,14283.651000022888,74.0,43.640427,-30.35957336425781,Critical,Medium,30.0,100.0,100.0,385.6585770006179,14283.651000022888,14283.651000022888,35.911,0.739,0.007,1076.149,31433.851,16.0,34.55,31.55,156.542,93.998,20.535,19492.589,13017.411,16.0,66.903,65.005,277.24,100.0,55.0,19959.0,32510.0,16.0,74.0,74.0,1613990825.024,2021-02-22 10:47:05.023999929
24625976766,r3974592-n303509,1,24.14400005340576,28.0,31.414919,3.414918899536133,Low,Low,30.0,40.0,100.0,0.6518880014419555,1.5452160034179692,24.14400005340576,24.824,0.0,0.0,3.664,32506.336,16.0,28.0,27.0,24.824,0.0,0.0,3.664,32506.336,16.0,28.0,27.0,25.13,0.0,0.0,4.0,32510.0,16.0,28.0,27.0,1613287604.865,2021-02-14 07:26:44.865000010
44562577425,r7317916-n948219,1,357.35599994659424,69.0,71.77406,2.7740631103515625,High,Critical,100.0,80.0,100.0,357.35599994659424,182.9662719726563,357.35599994659424,212.412,89.616,60.218,6619.047,25890.953,16.0,65.057,70.684,209.155,87.914,59.115,6643.012,25866.988,16.0,64.953,70.487,258.13,95.0,65.0,6793.0,32510.0,16.0,69.0,76.0,1613478658.632,2021-02-16 12:30:58.631999969
7170057274,r1039410-n303509,0,95.09300017356873,38.0,46.34918,8.349178314208984,Medium,High,47.5,60.0,100.0,10.191295127976684,20.540088037490843,95.09300017356873,26.73,0.0,0.0,0.0,32510.0,16.0,38.0,36.1,26.73,0.0,0.0,0.0,32510.0,16.0,38.0,36.1,27.02,0.0,0.0,0.0,32510.0,16.0,38.0,37.0,1613051738.689,2021-02-11 13:55:38.688999891
16285697235,r9480604-n303766,1,22341.65700006485,56.0,51.796482,-4.203517913818359,High,High,47.5,80.0,100.0,2394.3972713038247,11438.928384033206,22341.65700006485,48.344,12.35,5.775,2359.284,30150.716,16.0,33.251,32.374,87.303,34.468,16.201,8837.838,23672.162,16.0,45.549,45.505,234.73,100.0,65.0,8955.0,32510.0,16.0,56.0,60.0,1613388743.983,2021-02-15 11:32:23.983000040
20045180051,r492024-n303766,0,373.1670000553131,72.0,71.3459,-0.6540985107421875,Critical,Critical,100.0,100.0,100.0,373.1670000553131,373.1670000553131,373.1670000553131,199.106,82.657,55.605,6609.178,25900.822,16.0,68.344,72.868,199.758,83.132,55.948,6646.008,25863.992,16.0,68.337,72.88,250.26,94.0,64.0,6807.0,32510.0,16.0,72.0,77.0,1613436465.411,2021-02-16 00:47:45.411000013
3100229904,r8275852-n303766,1,6.519000053405762,31.0,31.423344,0.4233436584472656,Low,Low,30.0,40.0,100.0,0.17601300144195553,0.41721600341796883,6.519000053405762,27.475,0.0,0.0,0.0,32510.0,16.0,31.0,28.0,27.475,0.0,0.0,0.0,32510.0,16.0,31.0,28.0,27.59,0.0,0.0,0.0,32510.0,16.0,31.0,28.0,1613165433.185,2021-02-12 21:30:33.184999943
20218826461,r2215649-n410412,0,7614.214999914169,51.0,44.102974,-6.897026062011719,High,Medium,30.0,80.0,100.0,205.58380499768253,3898.478079956056,7614.214999914169,37.346,3.89,0.89,644.936,31865.064,16.0,33.691,30.886,73.929,43.952,10.949,1280.154,31229.846,16.0,48.3,45.908,123.08,58.0,16.0,1671.0,32510.0,16.0,51.0,49.0,1613419908.512,2021-02-15 20:11:48.512000083
54302782832,r4506251-n303766,0,27688.99699997902,62.0,64.20473,2.2047271728515625,High,High,47.5,80.0,100.0,2967.481725357126,14176.766463989261,27688.99699997902,104.625,49.189,20.513,25906.188,6603.812,16.0,49.458,51.684,113.578,53.271,22.323,28550.811,3959.189,16.0,56.179,59.194,270.75,100.0,73.0,28581.0,32510.0,16.0,62.0,68.0,1613356871.952,2021-02-15 02:41:11.951999903
56667914638,r9988778-n303766,0,421.60599994659424,74.0,71.377495,-2.622505187988281,Critical,Critical,100.0,100.0,100.0,421.60599994659424,421.60599994659424,421.60599994659424,187.365,76.339,51.048,6654.477,25855.523,16.0,68.587,74.15,183.908,74.667,49.986,6694.97,25815.03,16.0,68.038,73.466,257.59,96.0,68.0,6807.0,32510.0,16.0,74.0,81.0,1613462470.533,2021-02-16 08:01:10.532999992
30064154216,r492024-n303766,0,392.2480001449585,72.0,71.42133,-0.5786666870117188,Critical,Critical,100.0,100.0,100.0,392.2480001449585,392.2480001449585,392.2480001449585,188.76,78.153,52.524,6609.228,25900.772,16.0,65.868,69.86,190.729,79.26,53.278,6649.035,25860.965,16.0,66.306,70.428,251.09,94.0,65.0,6793.0,32510.0,16.0,72.0,78.0,1613439478.79,2021-02-16 01:37:58.789999962
10969022550,r1039410-n948219,0,172666.74700021744,71.0,69.04734,-1.9526596069335935,Critical,High,47.5,100.0,100.0,18505.019026163925,172666.74700021744,172666.74700021744,129.052,78.106,67.617,20914.541,11595.459,16.0,53.84,58.223,130.958,73.229,63.389,21641.478,10868.522,16.0,65.116,69.378,185.12,100.0,89.0,21643.0,32510.0,16.0,71.0,78.0,1613477429.597,2021-02-16 12:10:29.596999884
10577630989,r6727430-n303509,0,346.085000038147,71.0,71.34497,0.344970703125,Critical,Critical,100.0,100.0,100.0,346.085000038147,346.085000038147,346.085000038147,208.426,89.623,60.165,6642.304,25867.696,16.0,68.338,73.414,208.104,89.56,60.102,6640.83,25869.17,16.0,68.345,73.403,246.63,95.0,65.0,6799.0,32510.0,16.0,71.0,76.0,1613433040.901,2021-02-15 23:50:40.901000023
53211124375,r8972851-n200569,1,62.67400002479553,28.0,29.517998,1.5179977416992188,Low,Low,30.0,40.0,100.0,1.6921980006694792,4.011136001586915,62.67400002479553,25.62,0.0,0.0,0.0,32510.0,16.0,28.0,27.895,25.62,0.0,0.0,0.0,32510.0,16.0,28.0,27.895,25.67,0.0,0.0,0.0,32510.0,16.0,28.0,28.0,1614758538.331,2021-03-03 08:02:18.331000090
57304990340,r9648383-n410412,1,68.77900004386902,32.0,33.20612,1.2061195373535156,Low,Low,30.0,40.0,100.0,1.8570330011844633,4.401856002807619,68.77900004386902,26.855,0.0,0.0,0.0,32510.0,16.0,32.0,29.016,26.855,0.0,0.0,0.0,32510.0,16.0,32.0,29.016,26.99,0.0,0.0,0.0,32510.0,16.0,32.0,30.0,1614734634.968,2021-03-03 01:23:54.967999935
60804573610,r974863-n303766,1,604858.3359999657,49.0,38.071033,-10.928966522216797,High,Medium,30.0,80.0,100.0,16331.17507199907,309687.4680319825,604858.3359999657,26.789,0.0,0.0,3.53,32506.47,16.0,31.921,30.171,67.543,98.847,9.044,18070.285,14439.715,16.0,41.18,38.975,199.97,100.0,68.0,18271.0,32510.0,16.0,49.0,48.0,1613214328.213,2021-02-13 11:05:28.213000059
22136128559,r9648383-n410412,0,39.86299991607666,32.0,33.322243,1.3222427368164062,Low,Low,30.0,40.0,100.0,1.0763009977340696,2.551231994628907,39.86299991607666,26.409,0.0,0.0,0.0,32510.0,16.0,32.0,31.981,26.409,0.0,0.0,0.0,32510.0,16.0,32.0,31.981,26.51,0.0,0.0,0.0,32510.0,16.0,32.0,32.0,1614734527.447,2021-03-03 01:22:07.447000027
5231649935,r4683026-n948219,0,881.789999961853,39.0,39.33861,0.3386116027832031,Medium,Medium,30.0,60.0,100.0,23.808329998970027,190.46663999176022,881.789999961853,34.505,0.043,0.0,999.931,31510.069,16.0,34.936,34.279,36.25,0.03,0.002,1241.258,31268.742,16.0,35.8,35.072,56.02,35.0,6.0,3515.0,32510.0,16.0,39.0,37.0,1613971579.496,2021-02-22 05:26:19.496000051
45764867848,r216287-n303509,0,29610.62800002098,59.0,65.953705,6.953704833984375,High,High,47.5,80.0,100.0,3173.4265226897483,15160.641536010746,29610.62800002098,102.145,52.306,19.534,21068.849,11441.151,16.0,45.467,45.372,117.317,61.198,22.901,25033.701,7476.299,16.0,55.238,55.89,256.08,100.0,71.0,25075.0,32510.0,16.0,59.0,61.0,1612856086.762,2021-02-09 07:34:46.762000084
43083487485,r2215649-n410412,0,119.72699999809264,39.0,40.256058,1.2560577392578125,Medium,Medium,30.0,60.0,100.0,3.232628999948501,25.861031999588008,119.72699999809264,44.139,28.959,0.003,1009.788,31500.212,16.0,38.472,35.119,44.139,28.959,0.003,1009.788,31500.212,16.0,38.472,35.119,45.85,50.0,1.0,1065.0,32510.0,16.0,39.0,36.0,1614113754.597,2021-02-23 20:55:54.596999884
18331731730,r9170217-n303509,1,26980.00500011444,44.0,37.02994,-6.970058441162109,Medium,Medium,30.0,60.0,100.0,728.4601350030898,5827.6810800247185,26980.00500011444,29.912,0.131,0.001,374.717,32135.283,16.0,30.838,28.839,67.038,31.634,8.759,1019.902,31490.098,16.0,41.677,40.596,108.87,42.0,12.0,1027.0,32510.0,16.0,44.0,44.0,1613069831.678,2021-02-11 18:57:11.677999973
42553503703,r4506251-n303766,0,1508.112999916077,33.0,33.141186,0.1411857604980468,Low,Low,30.0,40.0,100.0,40.71905099773407,96.51923199462894,1508.112999916077,28.083,0.0,0.0,0.0,32510.0,16.0,31.058,31.797,27.991,0.0,0.0,0.0,32510.0,16.0,30.819,31.19,28.68,0.0,0.0,0.0,32510.0,16.0,33.0,34.0,1614723102.482,2021-03-02 22:11:42.482000113
12825144153,r6727430-n303509,0,376.941999912262,71.0,71.3459,0.3459014892578125,Critical,Critical,100.0,100.0,100.0,376.941999912262,376.941999912262,376.941999912262,196.611,82.56,55.468,6606.385,25903.615,16.0,68.354,72.82,195.89,82.26,55.267,6643.624,25866.376,16.0,68.324,72.789,248.62,95.0,66.0,6807.0,32510.0,16.0,71.0,77.0,1613437337.999,2021-02-16 01:02:17.999000072
40221766530,r4683026-n948219,0,111.97399997711182,42.0,45.897835,3.8978347778320312,Medium,High,47.5,60.0,100.0,12.00046352879703,24.18638399505615,111.97399997711182,31.739,0.52,0.089,977.876,31532.124,16.0,36.658,36.4,31.739,0.52,0.089,977.876,31532.124,16.0,36.658,36.4,197.4,74.0,29.0,15723.0,32510.0,16.0,42.0,40.0,1614341141.225,2021-02-26 12:05:41.224999905
42274023965,r414303-n772143,0,321.71399998664856,32.0,33.64385,1.6438484191894531,Low,Low,30.0,40.0,100.0,8.68627799963951,20.589695999145512,321.71399998664856,26.569,0.0,0.0,0.0,32510.0,16.0,31.783,29.935,26.562,0.0,0.0,0.0,32510.0,16.0,31.73,29.872,26.65,0.0,0.0,0.0,32510.0,16.0,32.0,30.0,1614722473.048,2021-03-02 22:01:13.048000097
43300551106,r7419443-n948219,1,86459.6859998703,58.0,54.63669,-3.363311767578125,High,High,47.5,80.0,100.0,9266.046660517348,44267.3592319336,86459.6859998703,64.319,42.596,8.022,6922.738,25587.262,16.0,39.349,39.081,108.794,97.418,17.795,14351.126,18158.874,16.0,54.309,57.001,229.21,100.0,48.0,14385.0,32510.0,16.0,58.0,63.0,1614119930.03,2021-02-23 22:38:50.029999971
15549105442,r4683026-n948219,0,4864.394999980927,50.0,51.028873,1.0288734436035156,High,High,47.5,80.0,100.0,521.3263328885809,2490.570239990235,4864.394999980927,50.724,18.854,5.2,823.196,31686.804,16.0,44.028,44.521,68.93,34.039,10.472,2389.399,30120.601,16.0,47.409,48.426,127.85,49.0,16.0,2563.0,32510.0,16.0,50.0,52.0,1613574649.068,2021-02-17 15:10:49.068000078
60869490370,r6727430-n303509,1,60.20000004768372,32.0,45.235565,13.235565185546877,Low,High,47.5,40.0,100.0,6.4517468801103535,3.852800003051759,60.20000004768372,35.284,2.708,0.292,15308.095,17201.905,16.0,30.225,29.691,35.284,2.708,0.292,15308.095,17201.905,16.0,30.225,29.691,100.93,100.0,11.0,31053.0,32510.0,16.0,32.0,31.0,1614709860.876,2021-03-02 18:31:00.875999928
36338702917,r4506251-n303766,0,358.5350000858307,71.0,71.42638,0.4263763427734375,Critical,Critical,100.0,100.0,100.0,358.5350000858307,358.5350000858307,358.5350000858307,212.623,88.439,59.295,6639.594,25870.406,16.0,68.532,75.431,211.238,87.719,58.871,6661.89,25848.11,16.0,68.408,75.29,255.93,95.0,67.0,6801.0,32510.0,16.0,71.0,79.0,1613466554.846,2021-02-16 09:09:14.845999956
18370466357,r9480604-n410412,0,21.860999822616577,31.0,32.763294,1.7632942199707031,Low,Low,30.0,40.0,100.0,0.5902469952106475,1.3991039886474612,21.860999822616577,26.182,0.0,0.0,0.0,32510.0,16.0,31.0,29.526,26.182,0.0,0.0,0.0,32510.0,16.0,31.0,29.526,26.3,0.0,0.0,0.0,32510.0,16.0,31.0,30.0,1614734934.13,2021-03-03 01:28:54.130000114
46284970947,r44132-n410412,1,68.76799988746643,29.0,29.757757,0.7577571868896484,Low,Low,30.0,40.0,100.0,1.8567359969615933,4.401151992797852,68.76799988746643,25.83,0.0,0.0,0.0,32510.0,16.0,28.964,29.0,25.83,0.0,0.0,0.0,32510.0,16.0,28.964,29.0,25.93,0.0,0.0,0.0,32510.0,16.0,29.0,29.0,1614734634.969,2021-03-03 01:23:54.969000101
19962337491,r3974592-n303509,0,27116.07799983025,61.0,62.288017,1.2880172729492188,High,High,47.5,80.0,100.0,2906.080921888057,13883.431935913091,27116.07799983025,107.254,52.028,21.581,26067.213,6442.787,16.0,47.43,46.932,112.712,54.615,22.866,28552.479,3957.521,16.0,53.208,53.181,284.47,100.0,74.0,28581.0,32510.0,16.0,61.0,63.0,1613241562.338,2021-02-13 18:39:22.338000059
12299370945,r216287-n303509,0,118.8159999847412,31.0,32.50321,1.5032081604003906,Low,Low,30.0,40.0,100.0,3.208031999588012,7.604223999023438,118.8159999847412,27.936,0.0,0.0,1.553,32508.447,16.0,30.513,29.972,27.936,0.0,0.0,1.553,32508.447,16.0,30.513,29.972,28.14,0.0,0.0,4.0,32510.0,16.0,31.0,30.0,1613099371.496,2021-02-12 03:09:31.496000051
43342024472,r7462820-n410412,1,395.6710000038147,70.0,71.04151,1.0415115356445312,High,Critical,100.0,80.0,100.0,395.6710000038147,202.58355200195317,395.6710000038147,197.338,80.524,54.114,6599.774,25910.226,16.0,64.09,66.885,195.114,79.395,53.422,6644.38,25865.62,16.0,63.66,66.377,256.76,94.0,64.0,6799.0,32510.0,16.0,70.0,74.0,1613577564.213,2021-02-17 15:59:24.213000059
61644808089,r7141590-n303509,0,130295.44600009918,51.0,51.66864,0.66864013671875,High,High,47.5,80.0,100.0,13964.007251791878,66711.2683520508,130295.44600009918,36.33,0.511,0.013,1502.223,31007.777,16.0,40.459,39.059,72.489,36.823,14.341,4796.676,27713.324,16.0,48.257,46.9,159.68,82.0,30.0,4806.0,32510.0,16.0,51.0,52.0,1613197508.774,2021-02-13 06:25:08.773999929
27016385143,r9988778-n410412,0,21.79200005531311,30.0,30.420748,0.4207477569580078,Low,Low,30.0,40.0,100.0,0.5883840014934539,1.3946880035400393,21.79200005531311,25.251,0.0,0.0,0.0,32510.0,16.0,30.0,29.0,25.251,0.0,0.0,0.0,32510.0,16.0,30.0,29.0,25.39,0.0,0.0,0.0,32510.0,16.0,30.0,29.0,1614734934.201,2021-03-03 01:28:54.200999975
57304990340,r9648383-n410412,0,68.77900004386902,32.0,33.075596,1.0755958557128906,Low,Low,30.0,40.0,100.0,1.8570330011844633,4.401856002807619,68.77900004386902,26.402,0.0,0.0,0.0,32510.0,16.0,32.0,31.991,26.402,0.0,0.0,0.0,32510.0,16.0,32.0,31.991,26.51,0.0,0.0,0.0,32510.0,16.0,32.0,32.0,1614734634.965,2021-03-03 01:23:54.964999914
4856307055,r7419443-n948219,0,7.572999954223633,30.0,32.2349,2.234901428222656,Low,Low,30.0,40.0,100.0,0.20447099876403807,0.4846719970703126,7.572999954223633,26.924,0.0,0.0,0.0,32510.0,16.0,30.0,28.781,26.924,0.0,0.0,0.0,32510.0,16.0,30.0,28.781,27.02,0.0,0.0,0.0,32510.0,16.0,30.0,29.0,1613935082.593,2021-02-21 19:18:02.592999935
30805359001,r9480604-n303766,0,176.4909999370575,45.0,48.183468,3.1834678649902344,High,High,47.5,80.0,100.0,18.91487138387933,90.36339196777345,176.4909999370575,70.764,31.981,4.408,1257.815,31252.185,16.0,43.862,41.341,70.764,31.981,4.408,1257.815,31252.185,16.0,43.862,41.341,121.29,90.0,13.0,1315.0,32510.0,16.0,45.0,43.0,1613795348.867,2021-02-20 04:29:08.867000103
31054162297,r6727430-n948219,0,0.3139998912811279,32.0,33.018566,1.0185661315917969,Low,Low,30.0,40.0,100.0,0.008477997064590452,0.020095993041992187,0.3139998912811279,26.48,0.0,0.0,0.0,32510.0,16.0,32.0,31.0,26.48,0.0,0.0,0.0,32510.0,16.0,32.0,31.0,26.51,0.0,0.0,0.0,32510.0,16.0,32.0,31.0,1613613185.276,2021-02-18 01:53:05.276000023
7107377039,r7753495-n948219,0,353.1399998664856,71.0,71.34497,0.344970703125,Critical,Critical,100.0,100.0,100.0,353.1399998664856,353.1399998664856,353.1399998664856,211.91,89.373,60.024,6649.157,25860.843,16.0,67.814,70.983,210.601,88.716,59.643,6668.825,25841.175,16.0,67.744,70.913,253.48,95.0,66.0,6807.0,32510.0,16.0,71.0,74.0,1613568204.808,2021-02-17 13:23:24.808000088
6023478204,r9515777-n410412,0,463412.6870000362,55.0,49.88136,-5.118640899658203,High,High,47.5,80.0,100.0,49664.806564581995,237267.29574401857,463412.6870000362,32.425,1.995,1.065,5751.948,26758.052,16.0,34.182,31.929,55.623,10.779,5.785,30943.958,1566.042,16.0,44.46,42.115,249.27,100.0,90.0,32483.0,32510.0,16.0,55.0,56.0,1613699102.49,2021-02-19 01:45:02.490000010
63973617650,r8275852-n410412,0,49383.2650001049,50.0,54.632595,4.632595062255859,High,High,47.5,80.0,100.0,5292.497103683117,25284.231680053712,49383.2650001049,40.819,5.055,3.865,7849.97,24660.03,16.0,38.536,39.666,72.352,23.742,18.816,28540.937,3969.063,16.0,45.572,47.2,192.0,100.0,88.0,28781.0,32510.0,16.0,50.0,55.0,1613441149.883,2021-02-16 02:05:49.882999897
21371212826,r9170217-n948219,0,399.1640000343323,70.0,71.467804,1.467803955078125,High,Critical,100.0,80.0,100.0,399.1640000343323,204.37196801757818,399.1640000343323,190.895,79.031,53.048,6517.484,25992.516,16.0,66.12,70.811,189.975,78.46,52.722,6583.898,25926.102,16.0,66.737,71.484,247.35,94.0,63.0,6799.0,32510.0,16.0,70.0,76.0,1613582485.451,2021-02-17 17:21:25.450999975
63828831486,r6707841-n200569,0,154.89800000190735,32.0,32.15635,0.1563491821289062,Low,Low,30.0,40.0,100.0,4.182246000051498,9.913472000122074,154.89800000190735,26.07,0.0,0.0,0.0,32510.0,16.0,32.0,29.006,26.07,0.0,0.0,0.0,32510.0,16.0,32.0,29.006,26.14,0.0,0.0,0.0,32510.0,16.0,32.0,30.0,1614716436.255,2021-03-02 20:20:36.255000114
14656002386,r7317916-n948219,1,397.83899998664856,71.0,70.6213,-0.3787002563476562,Critical,High,47.5,100.0,100.0,42.637151576694095,397.83899998664856,397.83899998664856,193.622,79.567,53.462,6531.387,25978.613,16.0,62.753,67.422,192.758,78.895,53.047,6590.294,25919.706,16.0,63.57,68.257,257.26,94.0,63.0,6793.0,32510.0,16.0,71.0,77.0,1613480433.562,2021-02-16 13:00:33.562000036
31429917866,r7317916-n948219,0,18728.21799993515,44.0,37.260998,-6.739002227783203,Medium,Medium,30.0,60.0,100.0,505.661885998249,4045.295087985992,18728.21799993515,28.406,0.177,0.0,75.546,32434.454,16.0,32.176,31.843,45.367,21.794,5.098,1578.447,30931.553,16.0,36.415,36.523,111.52,52.0,16.0,1605.0,32510.0,16.0,44.0,45.0,1613457271.012,2021-02-16 06:34:31.012000084
32044864205,r4506251-n410412,0,18.338000059127808,31.0,33.63129,2.631290435791016,Low,Low,30.0,40.0,100.0,0.49512600159645076,1.1736320037841799,18.338000059127808,25.898,0.0,0.0,0.0,32510.0,16.0,31.0,30.0,25.898,0.0,0.0,0.0,32510.0,16.0,31.0,30.0,26.01,0.0,0.0,0.0,32510.0,16.0,31.0,30.0,1613388614.734,2021-02-15 11:30:14.733999968
15658911897,r974863-n410412,0,349.393000125885,73.0,71.77098,-1.2290191650390625,Critical,Critical,100.0,100.0,100.0,349.393000125885,349.393000125885,349.393000125885,216.034,91.263,61.077,6649.784,25860.216,16.0,65.948,70.863,214.561,90.492,60.622,6669.087,25840.913,16.0,66.156,71.112,260.01,96.0,66.0,6801.0,32510.0,16.0,73.0,78.0,1613451078.103,2021-02-16 04:51:18.102999926
22713382567,r4683026-n948219,0,91591.01699995996,75.0,72.601295,-2.3987045288085938,Critical,Critical,100.0,100.0,100.0,91591.01699995996,91591.01699995996,91591.01699995996,133.988,55.085,37.73,1892.446,30617.554,16.0,53.035,58.079,219.996,98.436,67.997,3320.169,29189.831,16.0,68.429,77.857,238.28,99.0,72.0,5675.0,32510.0,16.0,75.0,85.0,1614341892.187,2021-02-26 12:18:12.187000036
49812772277,r8275852-n410412,0,82974.66599988937,73.0,59.377075,-13.6229248046875,Critical,High,47.5,100.0,100.0,8892.550532706893,82974.66599988937,82974.66599988937,34.279,0.974,0.046,11737.208,20772.792,16.0,39.867,40.911,130.304,60.578,32.654,21816.526,10693.474,16.0,56.307,60.255,248.05,100.0,68.0,31079.0,32510.0,16.0,73.0,80.0,1614076033.348,2021-02-23 10:27:13.348000050
49605258750,r414303-n772143,1,8162.898999929428,31.0,31.687393,0.6873931884765625,Low,Low,30.0,40.0,100.0,220.39827299809454,522.4255359954835,8162.898999929428,26.992,0.0,0.0,0.0,32510.0,16.0,30.0,27.976,26.918,0.0,0.0,0.0,32510.0,16.0,29.826,27.754,27.27,0.0,0.0,0.0,32510.0,16.0,31.0,29.0,1614722473.749,2021-03-02 22:01:13.749000072
10900277452,r4506251-n410412,0,1876.4079999923704,64.0,49.24311,-14.75688934326172,High,High,47.5,80.0,100.0,201.0981636241823,960.7208959960939,1876.4079999923704,46.243,9.876,5.562,1866.967,30643.033,16.0,33.749,32.6,87.12,26.174,14.97,7116.272,25393.728,16.0,50.164,49.541,250.92,99.0,62.0,8559.0,32510.0,16.0,64.0,66.0,1613388731.058,2021-02-15 11:32:11.058000088
35566704180,r810901-n303509,0,6919.901999950409,68.0,60.22392,-7.776081085205078,High,High,47.5,80.0,100.0,741.6188721509351,3542.9898239746103,6919.901999950409,34.206,0.536,0.045,5666.962,26843.038,16.0,41.174,41.252,147.17,76.224,47.771,28005.654,4504.346,16.0,63.079,69.186,198.46,100.0,61.0,31079.0,32510.0,16.0,68.0,76.0,1612962010.273,2021-02-10 13:00:10.273000002
66493348181,r7462820-n303766,1,724.2360000610352,61.0,68.69867,7.69866943359375,High,High,47.5,80.0,100.0,77.61773006904124,370.80883203125006,724.2360000610352,118.135,42.327,28.451,6094.164,26415.836,16.0,50.119,51.485,119.974,43.275,29.139,6502.355,26007.645,16.0,51.529,53.005,238.69,95.0,64.0,6801.0,32510.0,16.0,61.0,66.0,1613654526.527,2021-02-18 13:22:06.526999950
57769060421,r974863-n410412,0,350.6560001373291,71.0,71.30098,0.3009796142578125,Critical,Critical,100.0,100.0,100.0,350.6560001373291,350.6560001373291,350.6560001373291,216.394,90.896,60.835,6642.926,25867.074,16.0,68.484,73.658,214.649,90.075,60.344,6661.692,25848.308,16.0,68.324,73.491,262.76,96.0,66.0,6801.0,32510.0,16.0,71.0,77.0,1613445288.537,2021-02-16 03:14:48.536999941
29146904327,r4144777-n303509,1,158.05299997329712,34.0,40.76412,6.764118194580078,Low,Medium,30.0,40.0,100.0,4.267430999279021,10.115391998291019,158.05299997329712,28.657,0.271,0.047,150.148,32359.852,16.0,31.307,28.967,28.657,0.271,0.047,150.148,32359.852,16.0,31.307,28.967,59.83,84.0,32.0,7947.0,32510.0,16.0,34.0,32.0,1614179218.2,2021-02-24 15:06:58.200000048
36918495801,r7419443-n948219,1,43324.52500009537,67.0,55.43097,-11.56903076171875,High,High,47.5,80.0,100.0,4643.170577744595,22182.156800048833,43324.52500009537,33.097,1.694,0.357,18353.374,14156.626,16.0,31.296,29.165,91.904,50.61,25.812,17839.306,14670.694,16.0,46.272,51.046,228.01,100.0,61.0,31127.0,32510.0,16.0,67.0,80.0,1613170575.809,2021-02-12 22:56:15.809000015
2284228052,r9852763-n200569,1,142.0659999847412,30.0,32.797756,2.79775619506836,Low,Low,30.0,40.0,100.0,3.8357819995880122,9.092223999023439,142.0659999847412,29.066,0.0,0.0,0.0,32510.0,16.0,30.0,29.997,29.066,0.0,0.0,0.0,32510.0,16.0,30.0,29.997,29.18,0.0,0.0,0.0,32510.0,16.0,30.0,30.0,1614716436.266,2021-03-02 20:20:36.266000032
46045972008,r7141590-n948219,0,349.46600008010864,72.0,71.33319,-0.66680908203125,Critical,Critical,100.0,100.0,100.0,349.46600008010864,349.46600008010864,349.46600008010864,214.756,89.222,59.732,6632.722,25877.278,16.0,68.333,73.359,215.149,89.562,59.959,6653.126,25856.874,16.0,68.392,73.428,261.7,96.0,65.0,6807.0,32510.0,16.0,72.0,77.0,1613438640.531,2021-02-16 01:24:00.530999899
29133358081,r8473362-n410412,0,518.9100000858307,40.0,37.23035,-2.7696495056152344,Medium,Medium,30.0,60.0,100.0,14.010570002317426,112.0845600185394,518.9100000858307,37.9,31.451,0.0,988.859,31521.141,16.0,36.358,33.918,38.394,32.545,0.0,1014.649,31495.351,16.0,37.359,34.908,43.95,47.0,1.0,1065.0,32510.0,16.0,40.0,37.0,1613789473.409,2021-02-20 02:51:13.408999920
25728880554,r7753495-n303509,0,985.3789999485016,47.0,52.887245,5.887245178222656,High,High,47.5,80.0,100.0,105.6049150101058,504.51404797363296,985.3789999485016,38.449,0.038,0.0,1237.672,31272.328,16.0,39.961,37.991,45.204,6.528,0.945,1897.271,30612.729,16.0,40.944,38.784,120.64,85.0,12.0,5817.0,32510.0,16.0,47.0,45.0,1613681900.848,2021-02-18 20:58:20.848000050
12722451996,r8141575-n410412,0,20.3970000743866,32.0,36.34611,4.346111297607422,Low,Medium,30.0,40.0,100.0,0.5507190020084382,1.3054080047607428,20.3970000743866,27.18,0.0,0.0,0.0,32510.0,16.0,32.0,30.184,27.18,0.0,0.0,0.0,32510.0,16.0,32.0,30.184,27.31,0.0,0.0,0.0,32510.0,16.0,32.0,31.0,1614620584.524,2021-03-01 17:43:04.523999929
61832040041,r9515777-n303766,0,694.6019999980927,63.0,64.78194,1.7819366455078125,High,High,47.5,80.0,100.0,74.44179871854557,355.6362239990235,694.6019999980927,117.765,60.369,33.0,3763.462,28746.538,16.0,53.785,54.537,120.939,61.287,33.535,3968.114,28541.886,16.0,57.647,59.013,233.51,87.0,57.0,4141.0,32510.0,16.0,63.0,66.0,1614609031.982,2021-03-01 14:30:31.982000113
50116672580,r7269000-n303509,1,2518.203000068665,46.0,45.93593,-0.0640716552734375,High,High,47.5,80.0,100.0,269.88053714798394,1289.3199360351568,2518.203000068665,49.821,20.917,2.877,14597.691,17912.309,16.0,35.592,33.621,54.839,80.223,3.664,18768.453,13741.547,16.0,38.496,36.285,261.04,100.0,74.0,19371.0,32510.0,16.0,46.0,47.0,1614709676.598,2021-03-02 18:27:56.598000050
5604055465,r7269000-n948219,0,7.039999961853027,39.0,40.064163,1.0641632080078125,Medium,Medium,30.0,60.0,100.0,0.19007999897003172,1.5206399917602538,7.039999961853027,27.804,0.0,0.0,0.294,32509.706,16.0,38.206,37.132,27.804,0.0,0.0,0.294,32509.706,16.0,38.206,37.132,28.12,0.0,0.0,4.0,32510.0,16.0,39.0,38.0,1613430000.058,2021-02-15 23:00:00.058000088
5791101525,r8024255-n303766,0,3637.714999914169,38.0,43.061905,5.0619049072265625,Medium,Medium,30.0,60.0,100.0,98.21830499768255,785.7464399814604,3637.714999914169,31.061,3.471,0.0,10103.832,22406.168,16.0,34.857,32.444,38.434,9.774,0.062,29019.397,3490.603,16.0,36.888,34.244,41.17,19.0,1.0,30709.0,32510.0,16.0,38.0,36.0,1614337124.358,2021-02-26 10:58:44.358000040
29267713431,r492024-n303766,0,352.3980000019073,72.0,71.34668,-0.6533203125,Critical,Critical,100.0,100.0,100.0,352.3980000019073,352.3980000019073,352.3980000019073,208.126,88.334,59.29,6622.623,25887.377,16.0,68.399,73.095,207.915,88.297,59.285,6646.896,25863.104,16.0,68.367,73.061,249.8,94.0,64.0,6799.0,32510.0,16.0,72.0,76.0,1613438656.314,2021-02-16 01:24:16.313999891
29400734412,r44132-n303766,0,324.95099997520447,46.0,44.967693,-1.032306671142578,High,Medium,30.0,80.0,100.0,8.773676999330519,166.37491198730473,324.95099997520447,26.819,0.0,0.0,0.0,32510.0,16.0,39.691,39.217,26.795,0.0,0.0,0.0,32510.0,16.0,39.565,39.051,28.29,0.0,0.0,0.0,32510.0,16.0,46.0,46.0,1613469454.598,2021-02-16 09:57:34.598000050
2502652461,r492024-n303766,0,350.992999792099,72.0,71.35807,-0.6419296264648438,Critical,Critical,100.0,100.0,100.0,350.992999792099,350.992999792099,350.992999792099,208.928,88.136,59.18,6602.601,25907.399,16.0,68.492,73.307,209.33,88.393,59.371,6626.066,25883.934,16.0,68.478,73.315,250.49,94.0,64.0,6793.0,32510.0,16.0,72.0,77.0,1613433941.844,2021-02-16 00:05:41.844000101
1142616489,r7141590-n303509,0,5335.128000020981,48.0,49.066387,1.066387176513672,High,High,47.5,80.0,100.0,571.7756711272485,2731.585536010743,5335.128000020981,37.744,0.444,0.001,778.493,31731.507,16.0,41.344,39.668,61.087,31.762,5.604,1074.953,31435.047,16.0,45.949,43.748,109.79,46.0,10.0,1093.0,32510.0,16.0,48.0,45.0,1613327804.535,2021-02-14 18:36:44.535000086
36358335891,r4144777-n772143,1,151.94700002670288,37.0,42.346252,5.34625244140625,Medium,Medium,30.0,60.0,100.0,4.102569000720977,32.820552005767816,151.94700002670288,32.89,0.962,0.197,7196.205,25313.795,16.0,31.796,27.764,32.89,0.962,0.197,7196.205,25313.795,16.0,31.796,27.764,203.55,100.0,27.0,28941.0,32510.0,16.0,37.0,32.0,1614726706.524,2021-03-02 23:11:46.523999929
12931749510,r2684277-n948219,1,39672.09299993515,34.0,32.00794,-1.9920616149902344,Low,Low,30.0,40.0,100.0,1071.146510998249,2539.01395199585,39672.09299993515,30.635,0.036,0.0,396.383,32113.617,16.0,29.893,28.599,38.827,0.0,0.0,1200.98,31309.02,16.0,33.547,31.934,39.93,24.0,1.0,1207.0,32510.0,16.0,34.0,32.0,1613435978.555,2021-02-16 00:39:38.555000067
27768201445,r44132-n410412,0,68219.65600013733,45.0,66.66213,21.662132263183597,High,High,47.5,80.0,100.0,7311.228445389717,34928.46387207032,68219.65600013733,34.755,5.889,3.24,261.868,32248.132,16.0,31.819,30.21,45.636,7.852,3.949,1561.014,30948.986,16.0,36.082,34.459,96.3,56.0,33.0,1649.0,32510.0,16.0,45.0,46.0,1613302911.211,2021-02-14 11:41:51.210999966
56530751093,r44132-n410412,0,81683.28500008583,42.0,49.61199,7.611991882324219,Medium,High,47.5,60.0,100.0,8754.150809618572,17643.589560018536,81683.28500008583,38.143,0.073,0.0,1048.42,31461.58,16.0,39.195,37.409,39.019,0.028,0.0,1248.218,31261.782,16.0,36.276,34.383,41.06,20.0,1.0,1249.0,32510.0,16.0,42.0,40.0,1613439268.58,2021-02-16 01:34:28.579999924
60439333610,r3974592-n303509,1,60286.83299994469,33.0,32.564247,-0.4357528686523437,Low,Low,30.0,40.0,100.0,1627.7444909985063,3858.357311996461,60286.83299994469,35.636,0.035,0.0,1019.787,31490.213,16.0,30.192,28.293,37.703,0.0,0.0,1204.068,31305.932,16.0,32.035,30.094,38.09,14.0,1.0,1205.0,32510.0,16.0,33.0,31.0,1613180082.782,2021-02-13 01:34:42.782000065
38785099470,r8972851-n948219,1,2.753000020980835,28.0,29.011442,1.0114421844482422,Low,Low,30.0,40.0,100.0,0.07433100056648254,0.1761920013427735,2.753000020980835,24.485,0.0,0.0,0.444,32509.556,16.0,28.0,25.741,24.485,0.0,0.0,0.444,32509.556,16.0,28.0,25.741,24.57,0.0,0.0,4.0,32510.0,16.0,28.0,26.0,1613529065.303,2021-02-17 02:31:05.302999973
30349716926,r7269000-n303509,0,351.77999997138977,72.0,71.20697,-0.79302978515625,Critical,Critical,100.0,100.0,100.0,351.77999997138977,351.77999997138977,351.77999997138977,216.629,90.849,60.859,6635.903,25874.097,16.0,68.466,73.497,213.867,89.404,59.946,6659.185,25850.815,16.0,68.289,73.215,254.1,95.0,68.0,6807.0,32510.0,16.0,72.0,77.0,1613588458.418,2021-02-17 19:00:58.417999983
9996807389,r8024255-n410412,1,47544.00100016594,47.0,46.729218,-0.270782470703125,High,High,47.5,80.0,100.0,5095.379732189658,24342.528512084966,47544.00100016594,53.716,28.286,16.462,14953.089,17556.911,16.0,35.466,35.942,67.836,39.938,22.232,27361.785,5148.215,16.0,43.211,43.606,220.77,100.0,100.0,32083.0,32510.0,16.0,47.0,54.0,1613063173.521,2021-02-11 17:06:13.520999907
32799364587,r7462820-n303766,0,492.4860000610352,72.0,71.540924,-0.459075927734375,Critical,Critical,100.0,100.0,100.0,492.4860000610352,492.4860000610352,492.4860000610352,176.733,71.034,47.705,6644.116,25865.884,16.0,66.556,70.592,162.581,63.555,42.728,6700.208,25809.792,16.0,64.967,68.498,249.43,95.0,65.0,6799.0,32510.0,16.0,72.0,78.0,1613654261.766,2021-02-18 13:17:41.766000032
53638283148,r5179276-n948219,0,341.33700013160706,71.0,71.16278,0.16278076171875,Critical,Critical,100.0,100.0,100.0,341.33700013160706,341.33700013160706,341.33700013160706,209.563,91.185,61.181,6653.699,25856.301,16.0,68.305,74.299,209.579,91.237,61.232,6668.011,25841.989,16.0,68.298,74.294,245.12,95.0,65.0,6807.0,32510.0,16.0,71.0,78.0,1613439076.518,2021-02-16 01:31:16.517999887
13870546883,r9988778-n303766,1,97.15100002288818,30.0,34.88007,4.880069732666016,Low,Low,30.0,40.0,100.0,2.6230770006179807,6.217664001464845,97.15100002288818,26.483,0.0,0.0,3.742,32506.258,16.0,30.0,27.175,26.483,0.0,0.0,3.742,32506.258,16.0,30.0,27.175,26.59,0.0,0.0,4.0,32510.0,16.0,30.0,28.0,1613399593.892,2021-02-15 14:33:13.891999960
61289305514,r2215649-n410412,0,343.6470000743866,71.0,71.33319,0.33319091796875,Critical,Critical,100.0,100.0,100.0,343.6470000743866,343.6470000743866,343.6470000743866,213.155,90.141,60.417,6638.751,25871.249,16.0,68.287,70.906,213.525,90.402,60.614,6655.885,25854.115,16.0,68.357,70.986,253.6,100.0,66.0,6807.0,32510.0,16.0,71.0,73.0,1613435922.632,2021-02-16 00:38:42.631999969
26460241309,r974863-n410412,1,346.5899999141693,74.0,70.476974,-3.5230255126953125,Critical,High,47.5,100.0,100.0,37.14470014705136,346.5899999141693,346.5899999141693,205.903,91.016,61.065,6654.099,25855.901,16.0,61.97,65.234,204.861,90.177,60.542,6670.49,25839.51,16.0,62.667,65.981,250.05,96.0,65.0,6807.0,32510.0,16.0,74.0,78.0,1613447259.552,2021-02-16 03:47:39.552000046
66039169444,r4506251-n410412,0,251.93200016021729,31.0,31.988174,0.9881744384765624,Low,Low,30.0,40.0,100.0,6.802164004325865,16.12364801025391,251.93200016021729,25.723,0.0,0.0,0.0,32510.0,16.0,31.0,29.999,25.723,0.0,0.0,0.0,32510.0,16.0,31.0,29.999,25.93,0.0,0.0,0.0,32510.0,16.0,31.0,30.0,1613395284.574,2021-02-15 13:21:24.573999882
60804573610,r2215649-n303766,1,604858.3359999657,53.0,43.166103,-9.83389663696289,High,Medium,30.0,80.0,100.0,16331.17507199907,309687.4680319825,604858.3359999657,26.811,0.0,0.0,3.528,32506.472,16.0,32.619,31.335,71.467,98.845,9.04,19894.113,12615.887,16.0,43.891,41.961,217.08,100.0,69.0,20097.0,32510.0,16.0,53.0,51.0,1613214328.229,2021-02-13 11:05:28.229000092
21580578436,r8024255-n410412,0,346.62400007247925,71.0,71.33011,0.330108642578125,Critical,Critical,100.0,100.0,100.0,346.62400007247925,346.62400007247925,346.62400007247925,214.313,91.055,61.111,6651.158,25858.842,16.0,68.378,72.478,212.554,90.176,60.575,6667.993,25842.007,16.0,68.213,72.276,253.7,95.0,65.0,6807.0,32510.0,16.0,71.0,76.0,1613530750.109,2021-02-17 02:59:10.108999968
5316285025,r1039410-n303509,0,52.65899991989136,39.0,45.518658,6.518657684326172,Medium,High,47.5,60.0,100.0,5.6435637570396056,11.374343982696532,52.65899991989136,26.705,0.0,0.0,2.315,32507.685,16.0,38.749,36.898,26.705,0.0,0.0,2.315,32507.685,16.0,38.749,36.898,27.09,0.0,0.0,4.0,32510.0,16.0,39.0,37.0,1613081594.357,2021-02-11 22:13:14.357000113
45617309709,r7269000-n303509,0,368.67199993133545,71.0,71.33319,0.33319091796875,Critical,Critical,100.0,100.0,100.0,368.67199993133545,368.67199993133545,368.67199993133545,208.943,85.762,57.603,6636.998,25873.002,16.0,68.255,72.981,207.021,84.852,57.046,6664.81,25845.19,16.0,68.182,72.852,254.4,94.0,64.0,6807.0,32510.0,16.0,71.0,76.0,1613581944.905,2021-02-17 17:12:24.904999971
61059209549,r2215649-n410412,0,47630.04999995232,46.0,48.449898,2.449897766113281,High,High,47.5,80.0,100.0,5104.60176483864,24386.585599975595,47630.04999995232,34.984,0.598,0.054,816.584,31693.416,16.0,39.934,36.861,36.978,7.864,0.965,4584.631,27925.369,16.0,41.969,39.098,87.26,100.0,20.0,10819.0,32510.0,16.0,46.0,45.0,1613686865.405,2021-02-18 22:21:05.404999971
59861894357,r5179276-n948219,0,352.34500002861023,72.0,71.39603,-0.603973388671875,Critical,Critical,100.0,100.0,100.0,352.34500002861023,352.34500002861023,352.34500002861023,208.145,90.03,60.43,6639.095,25870.905,16.0,68.512,75.619,206.087,89.001,59.788,6657.922,25852.078,16.0,68.374,75.394,245.89,95.0,67.0,6793.0,32510.0,16.0,72.0,80.0,1613586649.815,2021-02-17 18:30:49.815000057
7602490771,r810901-n303509,0,211.4760000705719,66.0,64.26281,-1.7371902465820312,High,High,47.5,80.0,100.0,22.66427944506332,108.27571203613284,211.4760000705719,126.228,62.863,28.663,3609.883,28900.117,16.0,48.018,48.715,126.228,62.863,28.663,3609.883,28900.117,16.0,48.018,48.715,233.63,100.0,56.0,5581.0,32510.0,16.0,66.0,71.0,1612969042.083,2021-02-10 14:57:22.082999945
54685900388,r414303-n948219,0,44802.31999993324,71.0,50.22263,-20.77737045288086,Critical,High,47.5,100.0,100.0,4801.548638742845,44802.31999993324,44802.31999993324,37.7,0.516,0.092,2749.218,29760.782,16.0,34.415,31.87,148.492,84.577,22.73,5089.914,27420.086,16.0,65.078,64.106,242.0,100.0,31.0,5106.0,32510.0,16.0,71.0,70.0,1614198016.292,2021-02-24 20:20:16.292000055
10666807260,r5179276-n948219,0,352.1340000629425,72.0,71.42537,-0.5746307373046875,Critical,Critical,100.0,100.0,100.0,352.1340000629425,352.1340000629425,352.1340000629425,209.204,89.988,60.325,6641.287,25868.713,16.0,68.595,75.817,207.313,89.02,59.711,6659.563,25850.437,16.0,68.394,75.551,246.59,100.0,66.0,6793.0,32510.0,16.0,72.0,79.0,1613582761.52,2021-02-17 17:26:01.519999981
38147891822,r7141590-n948219,0,367.8939998149872,72.0,71.35807,-0.6419296264648438,Critical,Critical,100.0,100.0,100.0,367.8939998149872,367.8939998149872,367.8939998149872,208.954,86.227,57.654,6624.509,25885.491,16.0,68.502,73.543,208.328,85.823,57.459,6654.828,25855.172,16.0,68.36,73.39,262.05,95.0,67.0,6799.0,32510.0,16.0,72.0,78.0,1613445304.489,2021-02-16 03:15:04.489000082
45326046833,r9170217-n948219,0,354.7039999961853,70.0,71.35768,1.3576812744140625,High,Critical,100.0,80.0,100.0,354.7039999961853,181.60844799804693,354.7039999961853,206.341,88.413,59.313,6643.706,25866.294,16.0,67.794,73.197,205.918,88.155,59.187,6663.606,25846.394,16.0,67.801,73.172,246.86,95.0,68.0,6799.0,32510.0,16.0,70.0,77.0,1613458591.641,2021-02-16 06:56:31.641000032
23062391063,r6727430-n303509,0,51.69199991226196,37.0,37.090244,0.0902442932128906,Medium,Medium,30.0,60.0,100.0,1.3956839976310729,11.165471981048583,51.69199991226196,27.097,0.0,0.0,3.01,32506.99,16.0,36.006,33.268,27.097,0.0,0.0,3.01,32506.99,16.0,36.006,33.268,27.36,0.0,0.0,4.0,32510.0,16.0,37.0,34.0,1613012978.043,2021-02-11 03:09:38.042999983
5433951839,r216287-n303509,1,15.111000061035156,33.0,42.508076,9.508075714111328,Low,Medium,30.0,40.0,100.0,0.40799700164794916,0.9671040039062502,15.111000061035156,44.518,20.697,6.662,799.952,31710.048,16.0,31.221,29.841,44.518,20.697,6.662,799.952,31710.048,16.0,31.221,29.841,68.26,41.0,14.0,1327.0,32510.0,16.0,33.0,32.0,1612830300.678,2021-02-09 00:25:00.677999973
24951622081,r9170217-n303509,0,354.6579999923706,72.0,71.37563,-0.6243667602539062,Critical,Critical,100.0,100.0,100.0,354.6579999923706,354.6579999923706,354.6579999923706,209.758,87.97,58.934,6628.515,25881.485,16.0,68.605,70.253,209.513,87.816,58.851,6653.999,25856.001,16.0,68.502,70.137,255.19,94.0,64.0,6807.0,32510.0,16.0,72.0,74.0,1613437241.762,2021-02-16 01:00:41.762000084
26590239582,r9170217-n303509,1,350.8340001106262,66.0,70.2651,4.265098571777344,High,High,47.5,80.0,100.0,37.59953760560602,179.62700805664068,350.8340001106262,209.892,88.871,59.698,6631.275,25878.725,16.0,62.341,66.352,209.973,88.979,59.788,6651.645,25858.355,16.0,62.039,66.014,256.86,100.0,65.0,6801.0,32510.0,16.0,66.0,71.0,1613438258.268,2021-02-16 01:17:38.267999887
46621413274,r9480604-n410412,0,91.49200010299684,40.0,41.78773,1.7877311706542969,Medium,Medium,30.0,60.0,100.0,2.4702840027809145,19.762272022247316,91.49200010299684,40.69,23.04,0.003,845.085,31664.915,16.0,38.506,36.163,40.69,23.04,0.003,845.085,31664.915,16.0,38.506,36.163,45.36,49.0,1.0,1065.0,32510.0,16.0,40.0,38.0,1614113711.981,2021-02-23 20:55:11.980999947
51664482656,r7462820-n303766,0,5457.960000038147,42.0,42.814064,0.8140640258789062,Medium,Medium,30.0,60.0,100.0,147.36492000102996,1178.9193600082397,5457.960000038147,35.445,0.462,0.02,994.007,31515.993,16.0,33.392,31.252,60.339,34.176,7.833,2527.352,29982.648,16.0,40.723,39.301,125.94,55.0,17.0,2629.0,32510.0,16.0,42.0,42.0,1613329527.037,2021-02-14 19:05:27.036999941
19787273217,r6727430-n948219,0,0.2120001316070556,32.0,33.35473,1.3547286987304688,Low,Low,30.0,40.0,100.0,0.005724003553390501,0.013568008422851562,0.2120001316070556,26.537,0.0,0.0,0.0,32510.0,16.0,32.0,31.0,26.537,0.0,0.0,0.0,32510.0,16.0,32.0,31.0,26.63,0.0,0.0,0.0,32510.0,16.0,32.0,31.0,1613613328.074,2021-02-18 01:55:28.073999882
63854493412,r2684277-n948219,0,3954.155999898911,49.0,46.19449,-2.805511474609375,High,High,47.5,80.0,100.0,423.77431255166607,2024.5278719482428,3954.155999898911,34.456,0.301,0.013,597.136,31912.864,16.0,37.482,35.924,63.387,30.869,7.192,1055.489,31454.511,16.0,46.067,44.607,107.46,48.0,12.0,1093.0,32510.0,16.0,49.0,48.0,1614058171.397,2021-02-23 05:29:31.397000074
22812963814,r2684277-n948219,0,108.106999874115,36.0,47.929947,11.929946899414062,Medium,High,47.5,60.0,100.0,11.586029877133667,23.351111972808837,108.106999874115,35.258,3.115,2.076,2577.362,29932.638,16.0,30.441,29.09,35.258,3.115,2.076,2577.362,29932.638,16.0,30.441,29.09,192.5,100.0,77.0,27707.0,32510.0,16.0,36.0,39.0,1613257457.598,2021-02-13 23:04:17.598000050
11122448293,r9648383-n303766,0,295415.4460000992,75.0,36.696613,-38.30338668823242,Critical,Medium,30.0,100.0,100.0,7976.217042002677,295415.4460000992,295415.4460000992,26.371,0.0,0.0,3.936,32506.064,16.0,32.0,30.272,161.165,64.034,10.925,25564.626,6945.374,16.0,65.258,63.459,273.16,100.0,54.0,29181.0,32510.0,16.0,75.0,74.0,1614298116.421,2021-02-26 00:08:36.421000004
59202725861,r9170217-n303509,1,20.23799991607666,29.0,36.25357,7.253570556640625,Low,Medium,30.0,40.0,100.0,0.5464259977340697,1.2952319946289066,20.23799991607666,24.835,0.0,0.0,0.022,32509.978,16.0,29.0,27.989,24.835,0.0,0.0,0.022,32509.978,16.0,29.0,27.989,24.94,0.0,0.0,4.0,32510.0,16.0,29.0,28.0,1614729480.2,2021-03-02 23:58:00.200000048
60770293370,r1039410-n948219,0,68633.8900001049,73.0,40.57997,-32.42002868652344,Critical,Medium,30.0,100.0,100.0,1853.115030002832,68633.8900001049,68633.8900001049,26.612,10.809,0.0,69.0,32441.0,16.0,33.018,33.001,123.381,54.771,28.354,21765.229,10744.771,16.0,52.729,53.772,260.48,100.0,67.0,31081.0,32441.0,16.0,73.0,76.0,1614090377.807,2021-02-23 14:26:17.806999922
37864616137,r7419443-n772143,1,593.954999923706,29.0,29.53148,0.5314807891845703,Low,Low,30.0,40.0,100.0,16.03678499794006,38.013119995117194,593.954999923706,26.03,0.0,0.0,0.0,32510.0,16.0,28.294,26.151,26.029,0.0,0.0,0.0,32510.0,16.0,28.479,26.082,26.27,0.0,0.0,0.0,32510.0,16.0,29.0,27.0,1614759517.435,2021-03-03 08:18:37.434999943
30607885277,r9170217-n303509,0,5391.730999946594,44.0,46.3548,2.354801177978516,Medium,High,47.5,60.0,100.0,577.8419207599013,1164.6138959884643,5391.730999946594,36.241,1.527,0.203,782.214,31727.786,16.0,36.003,32.42,54.678,30.607,4.895,1075.374,31434.626,16.0,41.323,37.473,98.85,47.0,9.0,1093.0,32510.0,16.0,44.0,41.0,1613333323.905,2021-02-14 20:08:43.904999971
60769080055,r8024255-n410412,0,1025.784999847412,33.0,34.715847,1.7158470153808594,Low,Low,30.0,40.0,100.0,27.696194995880123,65.6502399902344,1025.784999847412,24.955,0.0,0.0,0.0,32510.0,16.0,32.0,30.593,24.957,0.0,0.0,0.292,32509.708,16.0,32.0,30.685,25.07,0.0,0.0,4.0,32510.0,16.0,33.0,31.0,1614735079.585,2021-03-03 01:31:19.585000038
25779594908,r492024-n410412,0,13.028000116348268,32.0,32.81883,0.8188285827636719,Low,Low,30.0,40.0,100.0,0.3517560031414032,0.8337920074462893,13.028000116348268,28.113,0.0,0.0,0.0,32510.0,16.0,32.0,30.0,28.113,0.0,0.0,0.0,32510.0,16.0,32.0,30.0,28.16,0.0,0.0,0.0,32510.0,16.0,32.0,30.0,1614735030.222,2021-03-03 01:30:30.221999884
42234838229,r7269000-n948219,0,7.322000026702881,40.0,44.0079,4.007900238037109,Medium,Medium,30.0,60.0,100.0,0.19769400072097776,1.581552005767822,7.322000026702881,37.69,2.071,0.014,432.371,32077.629,16.0,39.829,38.014,37.69,2.071,0.014,432.371,32077.629,16.0,39.829,38.014,43.07,24.0,1.0,1197.0,32510.0,16.0,40.0,39.0,1613430186.592,2021-02-15 23:03:06.592000008
14972455166,r7462820-n410412,0,397.5279998779297,71.0,71.36041,0.36041259765625,Critical,Critical,100.0,100.0,100.0,397.5279998779297,397.5279998779297,397.5279998779297,194.844,79.677,53.467,6500.6,26009.4,16.0,67.665,73.319,194.11,79.181,53.177,6568.219,25941.781,16.0,67.658,73.281,252.85,94.0,64.0,6793.0,32510.0,16.0,71.0,78.0,1613581224.732,2021-02-17 17:00:24.732000113
