id_job,node_id,gpu_index,runtime_seconds,actual_peak_temp,predicted_peak_temp,prediction_error,actual_tier,predicted_tier,predictive_pwm_pct,stepped_reference_pwm_pct,always_100_pwm_pct,predictive_energy_proxy,stepped_reference_energy_proxy,always_100_energy_proxy,early_power_draw_W,early_utilization_gpu_pct,early_utilization_memory_pct,early_memory_used_MiB,early_memory_free_MiB,early_pcie_link_width_current,early_temperature_gpu,early_temperature_memory,full_power_draw_W_avg,full_utilization_gpu_pct_avg,full_utilization_memory_pct_avg,full_memory_used_MiB_avg,full_memory_free_MiB_avg,full_pcie_link_width_current_avg,full_temperature_gpu_avg,full_temperature_memory_avg,full_power_draw_W_peak,full_utilization_gpu_pct_peak,full_utilization_memory_pct_peak,full_memory_used_MiB_peak,full_memory_free_MiB_peak,full_pcie_link_width_current_peak,full_temperature_gpu_peak,full_temperature_memory_peak,job_start_ts,job_start_date
8846382421,r4506251-n303766,0,361.9930000305176,72.0,71.1453,-0.8546981811523438,Critical,Critical,100.0,100.0,100.0,361.9930000305176,361.9930000305176,361.9930000305176,171.742,66.247,43.944,5203.024,27306.976,16.0,64.455,69.712,210.522,87.661,58.934,6664.231,25845.769,16.0,68.434,75.305,254.29,95.0,65.0,6801.0,32510.0,16.0,72.0,79.0,1613466192.685,2021-02-16 09:03:12.684999943
9530319113,r368967-n200569,1,34.520999908447266,29.0,40.36843,11.368431091308594,Low,Medium,30.0,40.0,100.0,0.9320669975280761,2.2093439941406254,34.520999908447266,25.758,0.0,0.0,0.0,32510.0,16.0,29.0,28.0,25.759,0.0,0.0,0.0,32510.0,16.0,29.0,28.0,25.8,0.0,0.0,0.0,32510.0,16.0,29.0,28.0,1614725051.042,2021-03-02 22:44:11.042000055
31211855224,r6707841-n772143,1,10075.87599992752,38.0,36.985916,-1.0140838623046875,Medium,Medium,30.0,60.0,100.0,272.048651998043,2176.389215984344,10075.87599992752,40.118,16.952,1.368,24984.172,7525.828,16.0,35.003,30.842,41.333,22.144,1.497,31052.529,1457.471,16.0,36.687,32.233,71.02,100.0,6.0,31071.0,32510.0,16.0,38.0,34.0,1614740761.736,2021-03-03 03:06:01.736000061
32669422700,r4144777-n303509,0,3228.348999977112,41.0,51.801643,10.801643371582031,Medium,High,47.5,60.0,100.0,345.988215481922,697.323383995056,3228.348999977112,28.083,0.0,0.0,0.0,32510.0,16.0,37.416,35.413,41.673,14.08,0.784,29783.577,2726.423,16.0,39.746,37.019,46.94,100.0,6.0,30709.0,32510.0,16.0,41.0,38.0,1614323525.134,2021-02-26 07:12:05.134000063
51540616413,r2215649-n303766,0,2.6710000038146973,40.0,43.042942,3.0429420471191406,Medium,Medium,30.0,60.0,100.0,0.07211700010299682,0.5769360008239746,2.6710000038146973,26.266,0.0,0.0,1.692,32508.308,16.0,39.769,37.462,26.266,0.0,0.0,1.692,32508.308,16.0,39.769,37.462,26.42,0.0,0.0,4.0,32510.0,16.0,40.0,38.0,1613954834.595,2021-02-22 00:47:14.595000029
55464434451,r414303-n303509,0,1.7739999294281006,43.0,46.053116,3.0531158447265625,Medium,High,47.5,60.0,100.0,0.1901228986866772,0.3831839847564697,1.7739999294281006,28.985,0.0,0.0,0.0,32510.0,16.0,43.0,44.0,28.985,0.0,0.0,0.0,32510.0,16.0,43.0,44.0,29.14,0.0,0.0,0.0,32510.0,16.0,43.0,44.0,1613429089.552,2021-02-15 22:44:49.552000046
57386941605,r1039410-n948219,0,236.7550001144409,30.0,35.562904,5.562904357910156,Low,Medium,30.0,40.0,100.0,6.392385003089903,15.15232000732422,236.7550001144409,25.838,0.0,0.0,0.015,32509.985,16.0,30.0,30.0,25.836,0.0,0.0,0.002,32509.998,16.0,30.0,30.0,26.03,0.0,0.0,4.0,32510.0,16.0,30.0,30.0,1614401779.507,2021-02-27 04:56:19.506999969
54541151574,r810901-n303509,0,941917.5360000134,74.0,43.521828,-30.478172302246094,Critical,Medium,30.0,100.0,100.0,25431.773472000357,941917.5360000134,941917.5360000134,28.003,5.152,0.0,66.0,32444.0,16.0,35.0,34.0,38.558,6.344,2.416,9583.102,22926.898,16.0,36.661,36.111,256.92,100.0,58.0,31267.0,32510.0,16.0,74.0,80.0,1613226592.937,2021-02-13 14:29:52.937000036
15715237812,r2215649-n410412,0,12568.43299984932,69.0,67.1234,-1.8766021728515625,High,High,47.5,80.0,100.0,1346.982530405726,6435.037695922853,12568.43299984932,103.723,35.191,8.854,3891.899,28618.101,16.0,53.715,50.323,94.277,39.644,10.048,4980.942,27529.058,16.0,55.002,51.639,240.54,99.0,26.0,4999.0,32510.0,16.0,69.0,66.0,1613301154.742,2021-02-14 11:12:34.742000103
7306611376,r8024255-n410412,0,134.97699999809265,34.0,42.307545,8.307544708251953,Low,Medium,30.0,40.0,100.0,3.644378999948501,8.638527999877931,134.97699999809265,24.935,0.0,0.0,0.0,32510.0,16.0,32.0,30.5,25.745,0.084,0.0,67.288,32442.712,16.0,32.107,30.738,37.98,10.0,0.0,1205.0,32510.0,16.0,34.0,31.0,1614736398.178,2021-03-03 01:53:18.177999973
44719024257,r44132-n303766,0,410.02300000190735,72.0,70.98498,-1.0150222778320312,Critical,High,47.5,100.0,100.0,43.94293370332941,410.02300000190735,410.02300000190735,98.136,28.084,18.365,4313.912,28196.088,16.0,58.951,61.102,187.51,76.528,51.412,6622.21,25887.79,16.0,66.281,72.405,251.92,94.0,65.0,6807.0,32510.0,16.0,72.0,79.0,1613468161.601,2021-02-16 09:36:01.601000071
7762935508,r1051355-n200569,1,5361.572000026703,30.0,30.832405,0.8324050903320312,Low,Low,30.0,40.0,100.0,144.76244400072096,343.14060800170904,5361.572000026703,33.446,0.321,0.0,784.976,31725.024,16.0,27.745,25.738,35.967,0.003,0.0,1037.257,31472.743,16.0,29.365,27.328,36.35,21.0,1.0,1039.0,32510.0,16.0,30.0,28.0,1614719074.546,2021-03-02 21:04:34.546000004
51625124858,r2215649-n303766,0,2.013000011444092,32.0,35.842785,3.842784881591797,Low,Medium,30.0,40.0,100.0,0.05435100030899047,0.1288320007324219,2.013000011444092,25.216,0.0,0.0,0.0,32510.0,16.0,32.0,30.0,25.216,0.0,0.0,0.0,32510.0,16.0,32.0,30.0,25.25,0.0,0.0,0.0,32510.0,16.0,32.0,30.0,1614369046.646,2021-02-26 19:50:46.645999908
43877167150,r810901-n172107,0,71.33000016212463,32.0,37.182312,5.18231201171875,Low,Medium,30.0,40.0,100.0,1.925910004377365,4.565120010375978,71.33000016212463,35.527,0.317,0.0,836.424,31673.576,16.0,31.2,30.286,36.712,0.191,0.003,929.764,31580.236,16.0,31.664,30.7,37.75,20.0,1.0,1039.0,32510.0,16.0,32.0,31.0,1614718743.952,2021-03-02 20:59:03.951999903
28726749356,r4506251-n410412,1,0.315000057220459,32.0,38.242363,6.242362976074219,Low,Medium,30.0,40.0,100.0,0.008505001544952392,0.02016000366210938,0.315000057220459,25.962,0.0,0.0,0.0,32510.0,16.0,32.0,28.5,25.962,0.0,0.0,0.0,32510.0,16.0,32.0,28.5,26.0,0.0,0.0,0.0,32510.0,16.0,32.0,29.0,1614734566.654,2021-03-03 01:22:46.654000044
50504234936,r7753495-n948219,0,15289.210000038149,36.0,41.099934,5.099933624267578,Medium,Medium,30.0,60.0,100.0,412.80867000102995,3302.4693600082396,15289.210000038149,44.097,7.304,3.599,26768.208,5741.792,16.0,33.145,30.779,38.901,2.979,1.234,31061.811,1448.189,16.0,32.508,30.238,141.68,74.0,37.0,31071.0,32510.0,16.0,36.0,36.0,1613572126.954,2021-02-17 14:28:46.953999996
64219558446,r9988778-n303766,0,4135.93700003624,45.0,53.107048,8.107048034667969,High,High,47.5,80.0,100.0,443.25612317575883,2117.599744018555,4135.93700003624,26.429,0.099,0.007,0.0,32510.0,16.0,37.039,36.482,58.342,34.113,6.778,1074.512,31435.488,16.0,42.58,42.157,96.46,45.0,10.0,1093.0,32510.0,16.0,45.0,45.0,1613388090.112,2021-02-15 11:21:30.111999989
31830614139,r7753495-n303509,0,412.0719997882843,40.0,51.265682,11.265682220458984,Medium,High,47.5,60.0,100.0,44.162528852310025,89.0075519542694,412.0719997882843,25.911,0.0,0.0,0.0,32510.0,16.0,39.068,37.789,25.543,0.0,0.0,3.383,32506.617,16.0,36.806,35.526,26.2,0.0,0.0,4.0,32510.0,16.0,40.0,39.0,1613682923.571,2021-02-18 21:15:23.571000099
59860836210,r5179276-n948219,0,350.7569999694824,74.0,70.66569,-3.334312438964844,Critical,High,47.5,100.0,100.0,37.59128535610437,350.7569999694824,350.7569999694824,103.134,39.919,26.53,3155.2,29354.8,16.0,42.663,43.733,203.748,88.649,59.546,6485.257,26024.743,16.0,65.418,71.84,248.69,95.0,66.0,6801.0,32510.0,16.0,74.0,82.0,1613435926.969,2021-02-16 00:38:46.969000101
10718180860,r4144777-n303509,0,39602.9430000782,51.0,43.4389,-7.561100006103516,High,Medium,30.0,80.0,100.0,1069.2794610021112,20276.706816040045,39602.9430000782,26.91,0.0,0.0,0.0,32510.0,16.0,32.985,30.985,71.16,40.81,23.633,31452.095,1057.905,16.0,47.0,46.361,223.02,100.0,100.0,31725.0,32510.0,16.0,51.0,57.0,1614336585.083,2021-02-26 10:49:45.082999945
37807379580,r9988778-n303766,0,97.07599997520448,40.0,43.850636,3.850635528564453,Medium,Medium,30.0,60.0,100.0,2.6210519993305206,20.968415994644165,97.07599997520448,46.222,24.418,17.101,1658.223,30851.777,16.0,32.328,32.787,62.459,45.012,31.435,2851.402,29658.598,16.0,35.881,37.686,91.89,76.0,64.0,3459.0,32510.0,16.0,40.0,44.0,1614755008.104,2021-03-03 07:03:28.104000092
27810787228,r1039410-n303509,0,5117.881999969482,46.0,50.142963,4.142963409423828,High,High,47.5,80.0,100.0,548.4930099654792,2620.3555839843757,5117.881999969482,26.805,0.0,0.0,0.0,32510.0,16.0,38.0,36.185,59.039,33.51,5.924,1071.08,31438.92,16.0,44.685,42.868,114.12,46.0,10.0,1093.0,32510.0,16.0,46.0,45.0,1613322379.178,2021-02-14 17:06:19.177999973
26338952628,r810901-n303509,0,224.62200021743772,38.0,43.39842,5.398418426513672,Medium,Medium,30.0,60.0,100.0,6.064794005870818,48.51835204696654,224.62200021743772,27.467,0.0,0.0,3.746,32506.254,16.0,33.0,32.0,37.212,6.643,1.846,1712.078,30797.922,16.0,34.654,33.453,138.7,59.0,16.0,3965.0,32510.0,16.0,38.0,38.0,1613066187.416,2021-02-11 17:56:27.415999889
10256084280,r8024255-n410412,0,390.50800013542175,71.0,71.155426,0.155426025390625,Critical,Critical,100.0,100.0,100.0,390.50800013542175,390.50800013542175,390.50800013542175,133.422,47.334,31.505,4195.787,28314.213,16.0,61.171,62.798,194.269,80.263,53.887,6601.705,25908.295,16.0,67.891,71.491,251.0,92.0,62.0,6807.0,32510.0,16.0,71.0,75.0,1613534422.05,2021-02-17 04:00:22.049999952
29153938586,r1039410-n948219,0,20195.485000133514,74.0,36.465385,-37.53461456298828,Critical,Medium,30.0,100.0,100.0,545.2780950036048,20195.485000133514,20195.485000133514,25.962,0.0,0.0,0.0,32510.0,16.0,31.0,31.0,217.782,91.088,64.077,4698.023,27811.977,16.0,67.738,71.381,247.03,97.0,71.0,7145.0,32510.0,16.0,74.0,78.0,1613928464.356,2021-02-21 17:27:44.355999947
65776802327,r1900814-n772143,1,9178.707999944689,37.0,37.57084,0.5708389282226562,Medium,Medium,30.0,60.0,100.0,247.82511599850656,1982.6009279880525,9178.707999944689,28.124,0.112,0.0,9237.832,23272.168,16.0,30.267,29.158,41.02,20.909,1.489,31000.624,1509.376,16.0,35.499,34.371,73.2,31.0,3.0,31071.0,32510.0,16.0,37.0,36.0,1614721838.821,2021-03-02 21:50:38.821000099
8916268168,r810901-n303509,1,46096.99499988556,54.0,52.050842,-1.94915771484375,High,High,47.5,80.0,100.0,4940.30138600336,23601.66143994141,46096.99499988556,25.953,0.102,0.007,0.0,32510.0,16.0,34.979,35.293,87.659,46.4,15.034,2617.206,29892.794,16.0,51.595,53.025,151.08,62.0,22.0,2627.0,32510.0,16.0,54.0,56.0,1613136214.653,2021-02-12 13:23:34.653000116
3277108223,r6727430-n948219,0,386.805999994278,70.0,70.78672,0.7867202758789062,High,High,47.5,80.0,100.0,41.45472428063676,198.0446719970704,386.805999994278,119.793,43.654,28.997,4237.545,28272.455,16.0,51.056,52.811,193.611,80.901,54.373,6589.003,25920.997,16.0,65.283,69.814,248.09,94.0,63.0,6799.0,32510.0,16.0,70.0,76.0,1613651349.513,2021-02-18 12:29:09.513000011
40130924494,r414303-n948219,0,13864.236000061035,72.0,65.96303,-6.0369720458984375,Critical,High,47.5,100.0,100.0,1485.856167569041,13864.236000061035,13864.236000061035,31.065,0.0,0.0,0.0,32510.0,16.0,52.882,52.374,122.365,61.8,10.793,7213.204,25296.796,16.0,63.606,61.331,233.22,100.0,22.0,7299.0,32510.0,16.0,72.0,68.0,1614005115.182,2021-02-22 14:45:15.181999922
62214765329,r2215649-n303766,1,10277.196000099182,72.0,61.756367,-10.243633270263672,Critical,High,47.5,100.0,100.0,1101.4263650731293,10277.196000099182,10277.196000099182,30.409,0.0,0.0,0.0,32510.0,16.0,48.374,48.14,130.407,61.916,10.926,7219.52,25290.48,16.0,64.101,61.829,246.31,100.0,22.0,7335.0,32510.0,16.0,72.0,68.0,1614005113.092,2021-02-22 14:45:13.092000008
54622062268,r810901-n172107,1,1523.3150000572205,31.0,34.1837,3.183700561523437,Low,Low,30.0,40.0,100.0,41.12950500154495,97.49216000366214,1523.3150000572205,25.248,0.0,0.0,0.0,32510.0,16.0,30.268,30.0,25.249,0.0,0.0,0.0,32510.0,16.0,30.055,30.0,25.39,0.0,0.0,0.0,32510.0,16.0,31.0,30.0,1614716636.741,2021-03-02 20:23:56.740999937
54766243451,r7753495-n948219,0,349.42900013923645,71.0,71.1453,0.1453018188476562,Critical,Critical,100.0,100.0,100.0,349.42900013923645,349.42900013923645,349.42900013923645,171.501,67.077,44.655,5244.763,27265.237,16.0,61.484,63.3,212.303,89.49,60.13,6668.425,25841.575,16.0,67.883,71.104,253.52,95.0,64.0,6807.0,32510.0,16.0,71.0,74.0,1613567855.208,2021-02-17 13:17:35.207999945
26905523624,r7269000-n303509,0,687436.120000124,74.0,62.005894,-11.99410629272461,Critical,High,47.5,100.0,100.0,73673.81792313828,687436.120000124,687436.120000124,72.249,20.105,7.811,9117.42,23392.58,16.0,36.399,33.122,141.422,51.52,21.726,17916.491,14593.509,16.0,62.214,61.758,285.64,100.0,65.0,17919.0,32510.0,16.0,74.0,78.0,1612887144.185,2021-02-09 16:12:24.184999943
29764026167,r7462820-n303766,0,5143.963000059128,41.0,39.470783,-1.529216766357422,Medium,Medium,30.0,60.0,100.0,138.88700100159645,1111.0960080127716,5143.963000059128,28.014,0.0,0.0,0.0,32510.0,16.0,32.0,30.007,58.665,30.278,6.084,1080.724,31429.276,16.0,39.657,38.153,112.59,47.0,11.0,1093.0,32510.0,16.0,41.0,40.0,1613281680.491,2021-02-14 05:48:00.490999937
33983766896,r4506251-n410412,0,1539.3849999904633,35.0,39.428818,4.4288177490234375,Medium,Medium,30.0,60.0,100.0,41.5633949997425,332.50715999794,1539.3849999904633,36.128,0.33,0.0,577.66,31932.34,16.0,32.189,30.214,38.644,0.027,0.0,1112.132,31397.868,16.0,34.749,32.771,43.11,22.0,1.0,1123.0,32510.0,16.0,35.0,33.0,1613393419.738,2021-02-15 12:50:19.737999916
47584375067,r8024255-n303766,0,33618.708000183105,49.0,42.006596,-6.993404388427734,High,Medium,30.0,80.0,100.0,907.7051160049438,17212.778496093753,33618.708000183105,28.883,0.106,0.0,92.599,32417.401,16.0,33.135,31.0,81.759,31.778,26.686,29907.331,2602.669,16.0,46.537,46.483,204.57,100.0,95.0,30087.0,32510.0,16.0,49.0,54.0,1613366862.442,2021-02-15 05:27:42.441999912
50196721169,r7141590-n303509,0,413.70499992370605,74.0,70.593994,-3.406005859375,Critical,High,47.5,100.0,100.0,44.33754053869843,413.70499992370605,413.70499992370605,106.754,35.232,23.327,3553.845,28956.155,16.0,53.07,52.486,193.498,76.829,51.263,6553.478,25956.522,16.0,67.393,68.823,266.64,94.0,64.0,6793.0,32510.0,16.0,74.0,76.0,1613483514.868,2021-02-16 13:51:54.868000031
61846264860,r8473362-n410412,0,21.871999979019165,33.0,37.979137,4.979137420654297,Low,Medium,30.0,40.0,100.0,0.5905439994335173,1.399807998657227,21.871999979019165,27.075,0.0,0.0,0.0,32510.0,16.0,33.0,31.0,27.075,0.0,0.0,0.0,32510.0,16.0,33.0,31.0,27.2,0.0,0.0,0.0,32510.0,16.0,33.0,31.0,1614734934.176,2021-03-03 01:28:54.176000118
18262920573,r9170217-n948219,0,1.7969999313354492,34.0,40.21843,6.218429565429688,Low,Medium,30.0,40.0,100.0,0.048518998146057125,0.11500799560546877,1.7969999313354492,27.629,0.0,0.0,0.0,32510.0,16.0,34.0,32.444,27.629,0.0,0.0,0.0,32510.0,16.0,34.0,32.444,27.74,0.0,0.0,0.0,32510.0,16.0,34.0,33.0,1613429365.834,2021-02-15 22:49:25.834000111
59217233317,r7753495-n772143,0,52.30299997329712,36.0,40.89166,4.891658782958984,Medium,Medium,30.0,60.0,100.0,1.412180999279022,11.297447994232176,52.30299997329712,39.503,4.445,0.932,11559.893,20950.107,16.0,31.655,29.498,40.461,2.544,0.534,18189.916,14320.084,16.0,31.835,29.709,202.77,100.0,28.0,27191.0,32510.0,16.0,36.0,33.0,1614726869.538,2021-03-02 23:14:29.538000107
52126320030,r44132-n303766,0,20.513999938964844,44.0,51.677032,7.677032470703125,Medium,High,47.5,60.0,100.0,2.1985238372087474,4.431023986816405,20.513999938964844,36.326,4.633,1.464,451.745,32058.255,16.0,38.469,37.551,36.326,4.633,1.464,451.745,32058.255,16.0,38.469,37.551,232.13,96.0,46.0,5673.0,32510.0,16.0,44.0,45.0,1613473177.174,2021-02-16 10:59:37.174000025
59217233317,r7753495-n772143,1,52.30299997329712,36.0,37.808697,1.808696746826172,Medium,Medium,30.0,60.0,100.0,1.412180999279022,11.297447994232176,52.30299997329712,42.841,4.651,1.028,13046.58,19463.42,16.0,31.505,30.178,42.298,2.664,0.589,19784.807,12725.193,16.0,31.717,30.371,204.54,100.0,28.0,28939.0,32510.0,16.0,36.0,33.0,1614726869.541,2021-03-02 23:14:29.540999889
64578521934,r8275852-n410412,0,437.04900002479553,72.0,71.10307,-0.8969268798828125,Critical,Critical,100.0,100.0,100.0,437.04900002479553,437.04900002479553,437.04900002479553,102.747,30.175,19.934,4114.713,28395.287,16.0,57.79,60.283,176.369,71.647,48.124,6620.375,25889.625,16.0,65.193,70.201,247.02,96.0,68.0,6807.0,32510.0,16.0,72.0,79.0,1613496678.099,2021-02-16 17:31:18.098999977
11056891962,r4506251-n303766,0,371.0179998874664,73.0,69.77241,-3.2275924682617188,Critical,High,47.5,100.0,100.0,39.76269470668956,371.0179998874664,371.0179998874664,87.327,27.781,18.392,3950.569,28559.431,16.0,44.583,46.486,203.142,84.577,56.807,6570.49,25939.51,16.0,65.15,71.305,258.59,95.0,65.0,6807.0,32510.0,16.0,73.0,80.0,1613508018.401,2021-02-16 20:40:18.401000023
27369314922,r3974592-n303509,0,412532.7350001335,57.0,42.631172,-14.36882781982422,High,Medium,30.0,80.0,100.0,11138.383845003604,211216.7603200684,412532.7350001335,55.854,18.824,8.079,7856.892,24653.108,16.0,32.491,30.964,48.463,6.818,3.089,17755.047,14754.953,16.0,38.241,36.598,260.42,100.0,62.0,32172.0,32510.0,16.0,57.0,58.0,1613287267.392,2021-02-14 07:21:07.391999960
46622867390,r9480604-n303766,0,187.06399989128116,44.0,42.605347,-1.3946533203125,Medium,Medium,30.0,60.0,100.0,5.05072799706459,40.40582397651672,187.06399989128116,59.148,23.413,3.252,982.385,31527.615,16.0,38.129,35.332,68.679,30.806,4.23,1254.126,31255.874,16.0,41.533,38.764,119.1,90.0,13.0,1315.0,32510.0,16.0,44.0,42.0,1613794985.128,2021-02-20 04:23:05.128000020
28250083927,r9515777-n303766,0,64137.72200012207,73.0,50.88782,-22.112178802490234,Critical,High,47.5,100.0,100.0,6873.759924981831,64137.72200012207,64137.72200012207,26.369,0.0,0.0,0.0,32510.0,16.0,39.0,37.426,175.465,87.302,51.435,28972.775,3537.225,16.0,66.169,70.477,274.77,100.0,80.0,31079.0,32510.0,16.0,73.0,80.0,1614281959.531,2021-02-25 19:39:19.530999899
7270115381,r9170217-n948219,0,1.821000099182129,34.0,40.393085,6.393085479736328,Low,Medium,30.0,40.0,100.0,0.049167002677917473,0.11654400634765628,1.821000099182129,27.706,0.0,0.0,0.0,32510.0,16.0,34.0,32.833,27.706,0.0,0.0,0.0,32510.0,16.0,34.0,32.833,27.82,0.0,0.0,0.0,32510.0,16.0,34.0,33.0,1613429358.741,2021-02-15 22:49:18.740999937
63121076023,r810901-n303509,0,44348.484999895096,54.0,45.621708,-8.378292083740234,High,High,47.5,80.0,100.0,4752.910290848132,22706.424319946294,44348.484999895096,38.615,5.584,0.168,778.497,31731.503,16.0,38.479,37.864,87.533,54.418,16.104,2751.376,29758.624,16.0,50.52,51.509,139.76,69.0,22.0,2759.0,32444.0,16.0,54.0,55.0,1613104843.006,2021-02-12 04:40:43.006000042
11215228029,r3974592-n303509,0,662.6330001354218,33.0,38.80697,5.806968688964844,Low,Medium,30.0,40.0,100.0,17.891091003656385,42.408512008667,662.6330001354218,25.769,0.062,0.004,0.0,32510.0,16.0,31.754,30.18,24.585,0.003,0.0,3.704,32506.296,16.0,31.033,29.624,37.97,16.0,1.0,4.0,32510.0,16.0,33.0,31.0,1613178563.274,2021-02-13 01:09:23.273999929
8907983500,r44132-n410412,0,95594.39800000192,54.0,42.171963,-11.82803726196289,High,Medium,30.0,80.0,100.0,2581.0487460000513,48944.331776000996,95594.39800000192,28.229,0.0,0.0,0.0,32510.0,16.0,34.053,32.554,88.651,44.815,28.986,4736.992,27773.008,16.0,49.685,51.941,161.35,61.0,43.0,4742.0,32510.0,16.0,54.0,58.0,1613177402.258,2021-02-13 00:50:02.257999896
21292581649,r810901-n303509,1,46839.17899990082,46.0,43.842598,-2.1574020385742188,High,Medium,30.0,80.0,100.0,1264.657832997322,23981.659647949225,46839.17899990082,37.955,3.15,0.0,447.997,32062.003,16.0,36.99,36.608,63.607,35.974,8.553,1535.801,30974.199,16.0,42.937,43.462,131.25,52.0,15.0,1539.0,32510.0,16.0,46.0,47.0,1613182312.233,2021-02-13 02:11:52.233000040
60515743394,r9852763-n172107,0,9456.61999988556,39.0,40.26633,1.2663307189941406,Medium,Medium,30.0,60.0,100.0,255.32873999691012,2042.629919975281,9456.61999988556,44.393,23.388,3.368,25944.107,6565.893,16.0,35.942,36.464,45.145,23.483,3.585,31054.369,1455.631,16.0,37.426,37.831,74.57,100.0,6.0,31071.0,32510.0,16.0,39.0,40.0,1614747952.903,2021-03-03 05:05:52.903000116
57833297880,r5354770-n172107,0,10583.705999851229,40.0,41.20735,1.2073516845703125,Medium,Medium,30.0,60.0,100.0,285.7600619959831,2286.080495967865,10583.705999851229,34.722,6.028,0.972,19156.814,13353.186,16.0,31.869,29.445,44.152,21.336,3.372,31036.992,1473.008,16.0,38.864,36.4,99.73,39.0,6.0,31071.0,32510.0,16.0,40.0,38.0,1614731325.108,2021-03-03 00:28:45.108000040
20856692552,r6727430-n948219,0,0.2070000171661377,32.0,40.557026,8.557025909423828,Low,Medium,30.0,40.0,100.0,0.005589000463485717,0.013248001098632816,0.2070000171661377,26.53,0.0,0.0,0.0,32510.0,16.0,32.0,31.0,26.53,0.0,0.0,0.0,32510.0,16.0,32.0,31.0,26.53,0.0,0.0,0.0,32510.0,16.0,32.0,31.0,1613613330.257,2021-02-18 01:55:30.256999969
28649012486,r9480604-n303766,0,1.688999891281128,31.0,35.263157,4.263156890869141,Low,Medium,30.0,40.0,100.0,0.04560299706459045,0.10809599304199222,1.688999891281128,27.409,0.0,0.0,0.0,32510.0,16.0,31.0,29.0,27.409,0.0,0.0,0.0,32510.0,16.0,31.0,29.0,27.53,0.0,0.0,0.0,32510.0,16.0,31.0,29.0,1613438960.459,2021-02-16 01:29:20.459000111
51918166157,r1039410-n948219,0,262.61300015449524,39.0,46.383934,7.383934020996094,Medium,High,47.5,60.0,100.0,28.14472762593254,56.72440803337096,262.61300015449524,27.256,0.0,0.0,0.0,32510.0,16.0,39.0,38.049,27.186,0.0,0.0,0.802,32509.198,16.0,38.311,38.006,27.52,0.0,0.0,4.0,32510.0,16.0,39.0,39.0,1614339440.827,2021-02-26 11:37:20.826999903
41116288516,r7753495-n303509,0,13187.240999937056,74.0,38.965782,-35.034217834472656,Critical,Medium,30.0,100.0,100.0,356.0555069983005,13187.240999937056,13187.240999937056,25.865,0.0,0.0,0.0,32510.0,16.0,32.089,30.554,128.858,46.507,29.387,4208.562,28301.438,16.0,53.409,53.28,273.85,98.0,64.0,7299.0,32510.0,16.0,74.0,76.0,1613426248.956,2021-02-15 21:57:28.956000090
49961073558,r7269000-n948219,1,328.27800011634827,73.0,71.214066,-1.7859344482421875,Critical,Critical,100.0,100.0,100.0,328.27800011634827,328.27800011634827,328.27800011634827,126.007,46.182,30.782,3970.004,28539.996,16.0,55.319,57.853,200.844,83.192,55.716,6509.051,26000.949,16.0,65.717,70.301,256.77,95.0,64.0,6799.0,32510.0,16.0,73.0,78.0,1613443135.636,2021-02-16 02:38:55.635999918
44531018569,r7462820-n303766,1,353.7730000019073,70.0,71.1453,1.1453018188476562,High,Critical,100.0,80.0,100.0,353.7730000019073,181.13177600097657,353.7730000019073,141.765,54.867,36.497,5271.524,27238.476,16.0,59.259,61.818,201.386,89.081,59.777,6665.284,25844.716,16.0,62.068,66.798,245.37,95.0,67.0,6799.0,32510.0,16.0,70.0,76.0,1613650451.69,2021-02-18 12:14:11.690000057
39780389347,r9988778-n303766,0,2604.9400000572205,52.0,64.532524,12.53252410888672,High,High,47.5,80.0,100.0,279.17630406863236,1333.7292800292971,2604.9400000572205,43.858,0.329,0.021,0.0,32510.0,16.0,49.224,48.395,42.881,4.365,1.206,1947.981,30562.019,16.0,37.429,36.261,246.9,99.0,36.0,6411.0,32510.0,16.0,52.0,51.0,1613159488.283,2021-02-12 19:51:28.282999992
17910370799,r8275852-n303766,1,361.5809998512268,31.0,36.005413,5.005413055419922,Low,Medium,30.0,40.0,100.0,9.762686995983122,23.14118399047852,361.5809998512268,27.403,0.0,0.0,0.0,32510.0,16.0,31.0,27.871,27.385,0.0,0.0,0.0,32510.0,16.0,31.0,27.808,27.58,0.0,0.0,0.0,32510.0,16.0,31.0,28.0,1613168807.456,2021-02-12 22:26:47.456000090
10735000684,r7462820-n303766,1,3310.1340000629425,29.0,44.45305,15.453048706054688,Low,Medium,30.0,40.0,100.0,89.37361800169944,211.84857600402836,3310.1340000629425,25.271,0.0,0.0,0.399,32509.601,16.0,28.996,27.446,25.278,0.0,0.0,0.004,32509.996,16.0,28.998,27.651,25.69,0.0,0.0,4.0,32510.0,16.0,29.0,28.0,1613355713.001,2021-02-15 02:21:53.000999928
45665674578,r8024255-n303766,0,62.19799995422363,36.0,42.067207,6.067207336425781,Medium,Medium,30.0,60.0,100.0,1.6793459987640378,13.434767990112302,62.19799995422363,32.804,0.206,0.003,380.727,32129.273,16.0,34.542,32.35,35.325,0.123,0.003,550.068,31959.932,16.0,35.218,32.696,38.36,14.0,1.0,713.0,32510.0,16.0,36.0,34.0,1614184687.244,2021-02-24 16:38:07.243999958
18700730240,r8972851-n948219,0,17.561000108718872,33.0,37.186867,4.186866760253906,Low,Medium,30.0,40.0,100.0,0.47414700293540946,1.1239040069580082,17.561000108718872,36.535,1.154,0.006,1403.148,31106.852,16.0,32.828,31.391,36.535,1.154,0.006,1403.148,31106.852,16.0,32.828,31.391,39.97,12.0,1.0,2245.0,32510.0,16.0,33.0,32.0,1613184160.014,2021-02-13 02:42:40.013999939
14603920991,r5198790-n772143,0,9316.587000131609,37.0,38.014236,1.0142364501953125,Medium,Medium,30.0,60.0,100.0,251.5478490035534,2012.3827920284273,9316.587000131609,37.742,15.907,0.832,23701.663,8808.337,16.0,36.832,33.986,39.335,22.41,0.816,31046.89,1463.11,16.0,36.964,34.008,53.37,100.0,6.0,31071.0,32510.0,16.0,37.0,35.0,1614733099.873,2021-03-03 00:58:19.872999907
49751767267,r2215649-n303766,0,0.3159999847412109,33.0,41.58776,8.587760925292969,Low,Medium,30.0,40.0,100.0,0.008531999588012693,0.0202239990234375,0.3159999847412109,25.287,0.0,0.0,0.0,32510.0,16.0,32.75,30.0,25.287,0.0,0.0,0.0,32510.0,16.0,32.75,30.0,25.33,0.0,0.0,0.0,32510.0,16.0,33.0,30.0,1614368399.297,2021-02-26 19:39:59.296999931
11046373326,r9480604-n303766,0,184.77600002288816,45.0,47.6811,2.681098937988281,High,High,47.5,80.0,100.0,19.802790377452965,94.60531201171875,184.77600002288816,62.414,24.747,3.46,994.544,31515.456,16.0,42.986,40.758,69.627,31.678,4.368,1256.99,31253.01,16.0,43.717,41.264,119.92,90.0,13.0,1315.0,32510.0,16.0,45.0,43.0,1613795525.536,2021-02-20 04:32:05.536000013
11627880106,r2684277-n948219,0,91.27699995040894,37.0,42.4031,5.403099060058594,Medium,Medium,30.0,60.0,100.0,2.4644789986610407,19.715831989288326,91.27699995040894,33.534,0.312,0.0,486.091,32023.909,16.0,31.025,29.453,41.902,3.759,2.35,8747.516,23762.484,16.0,32.962,31.289,191.92,100.0,80.0,27771.0,32510.0,16.0,37.0,40.0,1613258737.662,2021-02-13 23:25:37.661999941
4682289870,r2215649-n303766,0,12157.328000068665,33.0,42.203903,9.203903198242188,Low,Medium,30.0,40.0,100.0,328.2478560018539,778.0689920043948,12157.328000068665,25.285,0.0,0.0,0.0,32510.0,16.0,32.0,29.972,25.382,0.0,0.0,0.0,32510.0,16.0,32.84,30.39,25.69,0.0,0.0,0.0,32510.0,16.0,33.0,31.0,1614348642.319,2021-02-26 14:10:42.319000006
19534378987,r8141575-n303766,0,30.125999927520752,43.0,46.946953,3.9469528198242183,Medium,High,47.5,60.0,100.0,3.2286598984822628,6.507215984344482,30.125999927520752,33.288,1.587,0.255,435.531,32074.469,16.0,39.587,39.318,33.33,1.576,0.253,432.507,32077.493,16.0,39.597,39.323,161.98,100.0,29.0,2413.0,32510.0,16.0,43.0,42.0,1613942355.115,2021-02-21 21:19:15.115000010
27835310991,r492024-n303766,0,50652.75099992752,42.0,42.525616,0.5256156921386719,Medium,Medium,30.0,60.0,100.0,1367.624276998043,10940.994215984343,50652.75099992752,25.149,0.0,0.0,0.0,32510.0,16.0,34.0,32.0,36.866,0.106,0.055,29053.05,3456.95,16.0,36.232,34.272,236.66,100.0,79.0,29343.0,32510.0,16.0,42.0,48.0,1613158425.242,2021-02-12 19:33:45.242000103
47097796469,r7141590-n948219,0,351.69000005722046,73.0,71.1453,-1.854698181152344,Critical,Critical,100.0,100.0,100.0,351.69000005722046,351.69000005722046,351.69000005722046,170.725,65.067,43.263,5070.909,27439.091,16.0,64.568,67.326,214.998,89.196,59.697,6642.429,25867.571,16.0,68.615,73.768,262.39,96.0,66.0,6793.0,32510.0,16.0,73.0,78.0,1613432307.763,2021-02-15 23:38:27.763000011
62741042798,r3955005-n772143,0,14096.026000022888,34.0,38.060658,4.060657501220703,Low,Medium,30.0,40.0,100.0,380.5927020006179,902.1456640014651,14096.026000022888,25.911,0.0,0.0,0.0,32510.0,16.0,32.0,30.0,25.98,0.0,0.0,0.0,32510.0,16.0,32.593,30.665,26.39,0.0,0.0,0.0,32510.0,16.0,34.0,32.0,1614717433.657,2021-03-02 20:37:13.657000065
63993222363,r7419443-n948219,0,2.009000062942505,30.0,40.674328,10.674327850341797,Low,Medium,30.0,40.0,100.0,0.054243001699447624,0.12857600402832034,2.009000062942505,26.964,0.0,0.0,0.0,32510.0,16.0,30.0,28.35,26.964,0.0,0.0,0.0,32510.0,16.0,30.0,28.35,27.12,0.0,0.0,0.0,32510.0,16.0,30.0,29.0,1613942302.221,2021-02-21 21:18:22.220999956
41984366659,r414303-n303509,0,74.06399989128113,34.0,41.87344,7.873439788818359,Low,Medium,30.0,40.0,100.0,1.9997279970645903,4.740095993041994,74.06399989128113,27.259,0.0,0.0,0.0,32510.0,16.0,34.0,34.0,27.238,0.0,0.0,0.0,32510.0,16.0,34.0,33.976,27.47,0.0,0.0,0.0,32510.0,16.0,34.0,34.0,1613429409.321,2021-02-15 22:50:09.321000099
19394492274,r5179276-n948219,0,355.7569999694824,71.0,71.1453,0.1453018188476562,Critical,Critical,100.0,100.0,100.0,355.7569999694824,355.7569999694824,355.7569999694824,144.432,56.477,37.225,5225.042,27284.958,16.0,60.404,64.474,204.548,88.021,59.138,6662.896,25847.104,16.0,67.988,75.676,244.42,100.0,66.0,6799.0,32510.0,16.0,71.0,80.0,1613578011.764,2021-02-17 16:06:51.763999939
19407450719,r4144777-n303509,0,95.07500004768372,32.0,41.016716,9.016716003417969,Low,Medium,30.0,40.0,100.0,2.56702500128746,6.084800003051759,95.07500004768372,26.832,0.0,0.0,0.0,32510.0,16.0,32.0,30.14,26.853,0.0,0.0,0.0,32510.0,16.0,32.0,30.181,26.99,0.0,0.0,0.0,32510.0,16.0,32.0,31.0,1613051738.697,2021-02-11 13:55:38.697000027
18749296119,r974863-n410412,0,50.407999992370605,38.0,39.911938,1.9119377136230469,Medium,Medium,30.0,60.0,100.0,1.3610159997940061,10.888127998352049,50.407999992370605,26.165,0.0,0.0,2.946,32507.054,16.0,37.884,37.072,26.136,0.0,0.0,3.004,32506.996,16.0,37.526,37.043,26.4,0.0,0.0,4.0,32510.0,16.0,38.0,38.0,1613011010.496,2021-02-11 02:36:50.496000051
58414061172,r1039410-n948219,1,160.49900007247925,30.0,41.31034,11.310340881347656,Low,Medium,30.0,40.0,100.0,4.333473001956939,10.271936004638674,160.49900007247925,25.011,0.0,0.0,0.0,32510.0,16.0,30.0,26.729,25.001,0.0,0.0,0.0,32510.0,16.0,30.0,26.595,25.16,0.0,0.0,0.0,32510.0,16.0,30.0,27.0,1613651214.282,2021-02-18 12:26:54.282000065
38376752436,r8275852-n303766,0,263559.7090001106,74.0,48.211952,-25.788047790527344,Critical,High,47.5,100.0,100.0,28246.188187996227,263559.7090001106,263559.7090001106,26.912,0.0,0.0,0.0,32510.0,16.0,37.004,36.47,101.423,34.369,15.267,27696.226,4813.774,16.0,52.806,51.797,278.58,100.0,69.0,27713.0,32510.0,16.0,74.0,78.0,1613840634.889,2021-02-20 17:03:54.888999939
52569210509,r4683026-n303509,1,145534.63199996948,65.0,69.42936,4.429359436035156,High,High,47.5,80.0,100.0,15597.219388871727,74513.7315839844,145534.63199996948,107.316,68.886,23.059,834.491,31675.509,16.0,39.535,39.236,130.371,79.516,26.984,1064.914,31445.086,16.0,58.422,60.482,153.89,97.0,33.0,1065.0,32510.0,16.0,65.0,68.0,1612820464.828,2021-02-08 21:41:04.828000069
12869263330,r6727430-n948219,0,377.3380000591278,70.0,71.2187,1.2186965942382812,High,Critical,100.0,80.0,100.0,377.3380000591278,193.19705603027347,377.3380000591278,112.005,37.168,24.678,4692.325,27817.675,16.0,55.902,57.409,198.45,83.198,55.982,6622.14,25887.86,16.0,66.88,71.7,248.97,94.0,64.0,6793.0,32510.0,16.0,70.0,76.0,1613601409.026,2021-02-17 22:36:49.026000023
57511224041,r7141590-n303509,0,3.78600001335144,39.0,44.04412,5.044120788574219,Medium,Medium,30.0,60.0,100.0,0.10222200036048887,0.817776002883911,3.78600001335144,26.859,0.0,0.0,0.0,32510.0,16.0,39.0,38.0,26.859,0.0,0.0,0.0,32510.0,16.0,39.0,38.0,27.06,0.0,0.0,0.0,32510.0,16.0,39.0,38.0,1613144915.587,2021-02-12 15:48:35.586999893
1495559714,r810901-n303509,0,3456.322999954224,68.0,63.71146,-4.288539886474609,High,High,47.5,80.0,100.0,370.42061651071907,1769.6373759765631,3456.322999954224,48.524,0.744,0.042,0.0,32510.0,16.0,48.509,48.825,88.718,38.587,24.193,15118.89,17391.11,16.0,47.199,49.876,195.78,100.0,61.0,31079.0,32510.0,16.0,68.0,76.0,1612958553.778,2021-02-10 12:02:33.778000116
10969022550,r1039410-n948219,1,172666.74700021744,64.0,63.21044,-0.7895584106445312,High,High,47.5,80.0,100.0,18505.019026163925,88405.37446411134,172666.74700021744,89.003,52.291,44.985,14231.24,18278.76,16.0,34.458,35.076,122.459,73.226,63.447,21641.464,10868.536,16.0,58.638,62.155,176.35,100.0,86.0,21643.0,32510.0,16.0,64.0,71.0,1613477429.6,2021-02-16 12:10:29.599999905
40583240849,r2215649-n410412,0,277.05799984931946,62.0,46.586056,-15.413944244384766,High,High,47.5,80.0,100.0,29.69282532760128,141.85369592285159,277.05799984931946,26.372,0.0,0.0,0.0,32510.0,16.0,32.0,29.673,73.458,23.768,6.468,5768.0,26742.0,16.0,39.245,36.14,277.42,100.0,37.0,15173.0,32510.0,16.0,62.0,57.0,1613300873.266,2021-02-14 11:07:53.266000032
42556479621,r492024-n410412,0,172836.50699996948,66.0,42.785328,-23.214672088623047,High,Medium,30.0,80.0,100.0,4666.5856889991755,88492.29158398439,172836.50699996948,28.238,0.0,0.0,0.0,32510.0,16.0,33.0,31.67,114.088,99.059,15.791,21012.142,11497.858,16.0,59.791,59.461,263.72,100.0,50.0,21037.0,32510.0,16.0,66.0,67.0,1614383905.127,2021-02-26 23:58:25.127000093
10115911544,r4683026-n948219,0,13364.665999889374,74.0,43.955017,-30.04498291015625,Critical,Medium,30.0,100.0,100.0,360.84598199701304,13364.665999889374,13364.665999889374,27.078,0.0,0.0,0.0,32510.0,16.0,38.0,38.0,207.989,91.695,63.089,3290.381,29219.619,16.0,68.141,76.901,239.92,98.0,69.0,7145.0,32510.0,16.0,74.0,84.0,1614603061.855,2021-03-01 12:51:01.855000019
25695070073,r8141575-n303766,0,609.4409999847412,33.0,42.018963,9.018962860107422,Low,Medium,30.0,40.0,100.0,16.45490699958801,39.004223999023445,609.4409999847412,26.183,0.0,0.0,0.0,32510.0,16.0,32.0,32.0,26.154,0.0,0.0,0.0,32510.0,16.0,32.001,32.107,26.38,0.0,0.0,0.0,32510.0,16.0,33.0,33.0,1614759517.458,2021-03-03 08:18:37.457999945
34763377476,r4506251-n303766,0,4817.254999876022,48.0,50.129154,2.1291542053222656,High,High,47.5,80.0,100.0,516.274250689838,2466.4345599365242,4817.254999876022,30.38,0.0,0.0,0.0,32510.0,16.0,40.839,42.081,62.454,35.228,6.488,998.04,31511.96,16.0,43.907,44.901,103.67,48.0,10.0,1027.0,32510.0,16.0,48.0,49.0,1613478238.443,2021-02-16 12:23:58.443000078
15721980679,r9480604-n410412,1,134.9779999256134,30.0,31.862059,1.8620586395263672,Low,Low,30.0,40.0,100.0,3.6444059979915613,8.63859199523926,134.9779999256134,24.276,0.0,0.0,0.0,32510.0,16.0,29.0,27.067,25.133,0.098,0.0,69.792,32440.208,16.0,29.067,27.049,37.47,10.0,0.0,1205.0,32510.0,16.0,30.0,28.0,1614736398.207,2021-03-03 01:53:18.207000017
57894468410,r1051355-n172107,0,9335.421000003817,38.0,39.539177,1.5391769409179688,Medium,Medium,30.0,60.0,100.0,252.05636700010302,2016.4509360008242,9335.421000003817,36.149,13.81,1.121,18426.066,14083.934,16.0,36.917,35.821,39.746,21.192,1.523,31030.095,1479.905,16.0,37.237,35.985,52.42,100.0,6.0,31071.0,32510.0,16.0,38.0,37.0,1614735817.596,2021-03-03 01:43:37.595999956
45709609553,r8972851-n948219,0,8276.147000074387,50.0,47.603497,-2.396503448486328,High,High,47.5,80.0,100.0,886.970191773597,4237.387264038087,8276.147000074387,30.26,0.021,0.0,0.0,32510.0,16.0,42.322,41.098,63.03,32.838,7.188,1572.128,30937.872,16.0,47.995,46.53,130.54,59.0,17.0,1605.0,32510.0,16.0,50.0,49.0,1613385157.911,2021-02-15 10:32:37.911000013
19814409695,r8473362-n410412,0,158.59999990463257,50.0,61.386337,11.386337280273438,High,High,47.5,80.0,100.0,16.997459364779292,81.2031999511719,158.59999990463257,29.904,0.0,0.0,0.0,32510.0,16.0,47.902,46.752,29.956,0.616,0.186,96.083,32413.917,16.0,42.706,41.251,240.83,97.0,46.0,7145.0,32510.0,16.0,50.0,49.0,1614003225.595,2021-02-22 14:13:45.595000029
12876590570,r492024-n303766,0,64.16300010681152,33.0,44.345245,11.345245361328123,Low,Medium,30.0,40.0,100.0,1.732401002883911,4.106432006835939,64.16300010681152,25.182,0.0,0.0,0.0,32510.0,16.0,33.0,31.554,25.18,0.0,0.0,1.601,32508.399,16.0,33.0,31.634,25.31,0.0,0.0,4.0,32510.0,16.0,33.0,32.0,1614715535.863,2021-03-02 20:05:35.862999916
42556479621,r492024-n410412,1,172836.50699996948,66.0,35.22135,-30.778648376464844,High,Medium,30.0,80.0,100.0,4666.5856889991755,88492.29158398439,172836.50699996948,25.46,0.0,0.0,0.0,32510.0,16.0,30.008,30.0,112.534,94.779,15.245,30218.995,2291.005,16.0,58.169,55.712,280.6,100.0,49.0,30263.0,32510.0,16.0,66.0,63.0,1614383905.13,2021-02-26 23:58:25.130000114
1664167053,r4506251-n303766,0,354.72500014305115,73.0,71.1379,-1.862098693847656,Critical,Critical,100.0,100.0,100.0,354.72500014305115,354.72500014305115,354.72500014305115,163.649,66.919,44.697,5281.475,27228.525,16.0,54.296,58.384,212.213,88.516,59.498,6663.824,25846.176,16.0,67.514,74.161,258.3,95.0,68.0,6793.0,32510.0,16.0,73.0,81.0,1613500578.264,2021-02-16 18:36:18.263999939
44224473967,r8473362-n410412,0,29.227999925613403,44.0,50.369392,6.369392395019531,Medium,High,47.5,60.0,100.0,3.1324195545278486,6.313247983932494,29.227999925613403,34.487,3.819,1.188,373.408,32136.592,16.0,38.245,36.296,34.487,3.819,1.188,373.408,32136.592,16.0,38.245,36.296,243.99,96.0,48.0,7145.0,32510.0,16.0,44.0,44.0,1614003411.578,2021-02-22 14:16:51.578000069
67104715508,r492024-n303766,0,371.2760000228882,71.0,71.1453,0.1453018188476562,Critical,Critical,100.0,100.0,100.0,371.2760000228882,371.2760000228882,371.2760000228882,169.997,68.098,45.554,5216.355,27293.645,16.0,64.878,68.46,199.98,83.559,56.287,6669.012,25840.988,16.0,68.309,72.892,250.27,95.0,64.0,6801.0,32510.0,16.0,71.0,77.0,1613431142.337,2021-02-15 23:19:02.336999893
37212186386,r8024255-n410412,0,386.0869998931885,71.0,71.1453,0.1453018188476562,Critical,Critical,100.0,100.0,100.0,386.0869998931885,386.0869998931885,386.0869998931885,140.907,52.212,34.784,4498.59,28011.41,16.0,62.233,64.138,196.421,81.451,54.672,6612.113,25897.887,16.0,67.982,71.702,250.96,94.0,63.0,6793.0,32510.0,16.0,71.0,75.0,1613527512.595,2021-02-17 02:05:12.595000029
49180208657,r5179276-n948219,0,12629.095999956133,44.0,49.405045,5.405044555664063,Medium,High,47.5,60.0,100.0,1353.4838978702985,2727.8847359905244,12629.095999956133,28.535,0.0,0.0,0.0,32510.0,16.0,37.389,36.821,53.538,26.317,4.171,1072.801,31437.199,16.0,42.534,41.155,95.82,47.0,9.0,1093.0,32510.0,16.0,44.0,44.0,1613401488.499,2021-02-15 15:04:48.499000072
6004233796,r4099734-n200569,0,17.157000064849854,44.0,50.268993,6.268993377685547,Medium,High,47.5,60.0,100.0,1.8387478663250802,3.7059120140075676,17.157000064849854,133.481,60.765,34.319,16194.59,16315.41,16.0,36.994,37.47,133.481,60.765,34.319,16194.59,16315.41,16.0,36.994,37.47,250.12,100.0,63.0,29667.0,32510.0,16.0,44.0,45.0,1614720036.182,2021-03-02 21:20:36.181999922
27324019132,r44132-n303766,1,5497.0979998111725,40.0,39.80757,-0.1924285888671875,Medium,Medium,30.0,60.0,100.0,148.42164599490164,1187.373167959213,5497.0979998111725,26.126,0.0,0.0,0.0,32510.0,16.0,32.0,27.986,47.044,28.46,4.562,997.633,31512.367,16.0,38.455,34.362,80.66,41.0,8.0,1027.0,32510.0,16.0,40.0,36.0,1613312388.683,2021-02-14 14:19:48.683000088
31173488735,r7317916-n772143,1,8.954999923706055,29.0,36.76448,7.764480590820312,Low,Medium,30.0,40.0,100.0,0.24178499794006345,0.5731199951171876,8.954999923706055,24.667,0.0,0.0,0.0,32510.0,16.0,29.0,28.0,24.667,0.0,0.0,0.0,32510.0,16.0,29.0,28.0,24.71,0.0,0.0,0.0,32510.0,16.0,29.0,28.0,1614725703.539,2021-03-02 22:55:03.539000034
23841459356,r7419443-n948219,0,85.69799995422363,31.0,38.113243,7.113243103027344,Low,Medium,30.0,40.0,100.0,2.313845998764038,5.484671997070314,85.69799995422363,27.134,0.0,0.0,0.0,32510.0,16.0,31.0,29.007,27.137,0.0,0.0,0.0,32510.0,16.0,31.0,29.047,27.31,0.0,0.0,0.0,32510.0,16.0,31.0,30.0,1613643824.331,2021-02-18 10:23:44.331000090
32426358971,r6727430-n303509,0,380.6819999217987,71.0,71.1453,0.1453018188476562,Critical,Critical,100.0,100.0,100.0,380.6819999217987,380.6819999217987,380.6819999217987,155.191,61.986,41.007,4709.362,27800.638,16.0,64.303,67.328,193.817,81.409,54.665,6627.022,25882.978,16.0,68.183,72.64,247.01,100.0,66.0,6799.0,32510.0,16.0,71.0,77.0,1613440226.704,2021-02-16 01:50:26.703999996
45156918534,r7419443-n948219,0,15240.115000009537,71.0,66.41221,-4.587791442871094,Critical,High,47.5,100.0,100.0,1633.3116997666468,15240.115000009537,15240.115000009537,72.938,23.171,14.308,1033.612,31476.388,16.0,33.689,32.51,205.678,96.355,64.373,2885.298,29624.702,16.0,68.348,75.276,230.77,99.0,67.0,4309.0,32510.0,16.0,71.0,79.0,1613942596.731,2021-02-21 21:23:16.730999947
30763608010,r9480604-n410412,1,22.02899980545044,29.0,30.910624,1.910623550415039,Low,Low,30.0,40.0,100.0,0.5947829947471618,1.4098559875488286,22.02899980545044,24.278,0.0,0.0,0.0,32510.0,16.0,29.0,27.0,24.278,0.0,0.0,0.0,32510.0,16.0,29.0,27.0,24.4,0.0,0.0,0.0,32510.0,16.0,29.0,27.0,1614734934.16,2021-03-03 01:28:54.160000086
56582247580,r974863-n410412,0,69.65199995040894,30.0,33.654087,3.654087066650391,Low,Low,30.0,40.0,100.0,1.880603998661041,4.457727996826173,69.65199995040894,25.131,0.0,0.0,0.0,32510.0,16.0,30.0,29.952,25.129,0.0,0.0,0.0,32510.0,16.0,30.0,29.968,25.24,0.0,0.0,0.0,32510.0,16.0,30.0,30.0,1614734634.944,2021-03-03 01:23:54.944000006
4722135196,r7141590-n772143,1,2466.473999977112,31.0,37.399475,6.39947509765625,Low,Medium,30.0,40.0,100.0,66.59479799938201,157.8543359985352,2466.473999977112,27.045,0.0,0.0,0.0,32510.0,16.0,30.0,29.0,27.314,0.0,0.0,0.0,32510.0,16.0,30.935,30.045,27.53,0.0,0.0,0.0,32510.0,16.0,31.0,31.0,1614723650.481,2021-03-02 22:20:50.480999947
32793031471,r7753495-n200569,0,1321.2089998722076,33.0,44.295525,11.295524597167969,Low,Medium,30.0,40.0,100.0,35.6726429965496,84.5573759918213,1321.2089998722076,27.121,0.0,0.0,0.0,32510.0,16.0,30.0,28.0,29.041,0.409,0.057,5331.019,27178.981,16.0,29.893,28.287,55.85,100.0,6.0,30707.0,32510.0,16.0,33.0,31.0,1614723861.828,2021-03-02 22:24:21.828000069
23211391888,r8972851-n303509,0,386.7000000476837,72.0,71.155426,-0.844573974609375,Critical,Critical,100.0,100.0,100.0,386.7000000476837,386.7000000476837,386.7000000476837,140.663,50.453,33.638,4420.307,28089.693,16.0,61.223,64.066,197.229,80.791,54.273,6609.985,25900.015,16.0,67.962,72.7,251.33,95.0,64.0,6799.0,32510.0,16.0,72.0,77.0,1613603185.455,2021-02-17 23:06:25.454999924
36729748754,r4506251-n303766,0,527.300999879837,73.0,71.1453,-1.854698181152344,Critical,Critical,100.0,100.0,100.0,527.300999879837,527.300999879837,527.300999879837,171.401,66.207,44.112,5162.94,27347.06,16.0,63.495,68.407,162.202,59.7,40.042,6704.68,25805.32,16.0,67.27,72.493,259.21,95.0,65.0,6799.0,32510.0,16.0,73.0,81.0,1613503938.051,2021-02-16 19:32:18.051000118
42881210924,r8275852-n303766,0,3387.718999862671,53.0,40.0561,-12.94390106201172,High,Medium,30.0,80.0,100.0,91.4684129962921,1734.512127929688,3387.718999862671,25.751,0.0,0.0,0.685,32509.315,16.0,31.409,30.808,75.951,24.568,7.404,5838.444,26671.556,16.0,46.128,43.727,190.47,68.0,21.0,6233.0,32510.0,16.0,53.0,52.0,1613663487.779,2021-02-18 15:51:27.779000044
54425831372,r8972851-n200569,1,30244.83200001717,30.0,33.8592,3.859199523925781,Low,Low,30.0,40.0,100.0,816.6104640004635,1935.6692480010993,30244.83200001717,25.773,0.0,0.0,3.956,32506.044,16.0,29.015,29.0,25.536,0.0,0.0,4.0,32506.0,16.0,28.466,28.035,25.95,0.0,0.0,4.0,32510.0,16.0,30.0,29.0,1614716120.604,2021-03-02 20:15:20.604000092
38686190704,r2684277-n948219,0,8374.6859998703,73.0,44.569096,-28.43090438842773,Critical,Medium,30.0,100.0,100.0,226.11652199649808,8374.6859998703,8374.6859998703,27.247,0.0,0.0,0.0,32510.0,16.0,36.0,34.752,210.984,95.295,58.456,3304.434,29205.566,16.0,67.914,71.27,224.71,98.0,60.0,3361.0,32510.0,16.0,73.0,77.0,1614067656.434,2021-02-23 08:07:36.434000015
8607926066,r9170217-n948219,0,416.2339999675751,69.0,70.50983,1.50982666015625,High,High,47.5,80.0,100.0,44.60857821527495,213.11180798339848,416.2339999675751,93.726,27.85,18.397,3906.78,28603.22,16.0,55.206,56.603,181.449,75.245,50.537,6581.548,25928.452,16.0,64.805,69.201,245.9,96.0,63.0,6807.0,32510.0,16.0,69.0,74.0,1613580376.808,2021-02-17 16:46:16.808000088
52827696491,r414303-n303509,0,2.315000057220459,35.0,40.10133,5.101329803466797,Medium,Medium,30.0,60.0,100.0,0.06250500154495238,0.500040012359619,2.315000057220459,27.12,0.0,0.0,0.0,32510.0,16.0,34.261,34.609,27.12,0.0,0.0,0.0,32510.0,16.0,34.261,34.609,27.2,0.0,0.0,0.0,32510.0,16.0,35.0,35.0,1613429338.251,2021-02-15 22:48:58.250999927
37315816827,r9480604-n303766,0,31583.00699996948,61.0,43.231525,-17.768474578857422,High,Medium,30.0,80.0,100.0,852.7411889991758,16170.499583984378,31583.00699996948,33.869,2.313,0.58,515.21,31994.79,16.0,32.199,29.381,101.067,46.664,19.555,28548.27,3961.73,16.0,49.031,48.691,269.27,100.0,73.0,28581.0,32510.0,16.0,61.0,66.0,1613356882.056,2021-02-15 02:41:22.055999994
3943041189,r8141575-n410412,1,166483.7730000019,37.0,45.325623,8.32562255859375,Medium,High,47.5,60.0,100.0,17842.378109484576,35960.49496800041,166483.7730000019,26.655,0.0,0.0,0.0,32510.0,16.0,31.1,29.896,39.046,0.0,0.0,1203.542,31306.458,16.0,35.42,33.35,39.69,24.0,1.0,1205.0,32510.0,16.0,37.0,35.0,1614181447.97,2021-02-24 15:44:07.970000029
38580272243,r3974592-n303509,0,364.8729999065399,33.0,38.63633,5.636329650878906,Low,Medium,30.0,40.0,100.0,9.851570997476577,23.35187199401856,364.8729999065399,24.462,0.0,0.0,0.0,32510.0,16.0,30.0,29.0,26.597,0.45,0.0,264.12,32245.88,16.0,30.321,29.144,39.15,25.0,1.0,2480.0,32510.0,16.0,33.0,31.0,1613178198.194,2021-02-13 01:03:18.194000006
623371232,r7753495-n303509,0,206.606999874115,41.0,45.08103,4.081031799316406,Medium,High,47.5,60.0,100.0,22.142459564633665,44.627111972808834,206.606999874115,37.217,3.156,0.118,519.726,31990.274,16.0,39.042,37.01,38.749,0.47,0.018,1001.242,31508.758,16.0,40.315,38.12,57.32,27.0,2.0,1093.0,32510.0,16.0,41.0,39.0,1613372681.686,2021-02-15 07:04:41.686000109
897068570,r8024255-n303766,0,14853.271999835968,34.0,42.36332,8.363319396972656,Low,Medium,30.0,40.0,100.0,401.0383439955711,950.6094079895022,14853.271999835968,26.802,0.0,0.0,0.0,32510.0,16.0,33.0,31.0,26.767,0.0,0.0,3.958,32506.042,16.0,33.152,31.012,27.16,0.0,0.0,4.0,32510.0,16.0,34.0,32.0,1614373454.364,2021-02-26 21:04:14.364000082
63194635547,r1039410-n948219,1,39659.823999881744,34.0,36.73103,2.731029510498047,Low,Medium,30.0,40.0,100.0,1070.8152479968069,2538.228735992432,39659.823999881744,24.927,0.0,0.0,0.0,32510.0,16.0,29.0,26.022,37.103,0.0,0.0,1199.31,31310.69,16.0,33.956,30.001,38.27,24.0,1.0,1205.0,32510.0,16.0,34.0,31.0,1613435990.841,2021-02-16 00:39:50.841000080
42715354933,r6727430-n772143,1,19.401000022888184,29.0,45.712055,16.712055206298828,Low,High,47.5,40.0,100.0,2.0792415493279695,1.2416640014648441,19.401000022888184,26.396,0.0,0.0,0.0,32510.0,16.0,28.725,27.94,26.396,0.0,0.0,0.0,32510.0,16.0,28.725,27.94,26.46,0.0,0.0,0.0,32510.0,16.0,29.0,28.0,1614725066.192,2021-03-02 22:44:26.191999912
62551518142,r7317916-n948219,1,367.6199998855591,71.0,71.06133,0.0613327026367187,Critical,Critical,100.0,100.0,100.0,367.6199998855591,367.6199998855591,367.6199998855591,169.144,66.814,44.691,5153.442,27356.558,16.0,57.196,60.189,204.6,85.112,57.296,6668.256,25841.744,16.0,65.12,70.52,257.52,95.0,66.0,6807.0,32510.0,16.0,71.0,78.0,1613478268.667,2021-02-16 12:24:28.667000055
10086618948,r414303-n303509,0,1.7710001468658447,43.0,46.286377,3.286376953125,Medium,High,47.5,60.0,100.0,0.18980140636488793,0.3825360317230224,1.7710001468658447,28.858,0.0,0.0,0.0,32510.0,16.0,42.444,44.0,28.858,0.0,0.0,0.0,32510.0,16.0,42.444,44.0,28.95,0.0,0.0,0.0,32510.0,16.0,43.0,44.0,1613429094.09,2021-02-15 22:44:54.089999914
48232555752,r810901-n303509,1,34220.480999946594,49.0,46.19456,-2.805438995361328,High,High,47.5,80.0,100.0,3667.4731121661507,17520.88627197266,34220.480999946594,25.758,0.0,0.0,0.0,32510.0,16.0,33.982,34.148,73.158,33.368,14.413,1536.457,30973.543,16.0,45.974,47.415,126.4,46.0,21.0,1539.0,32510.0,16.0,49.0,51.0,1613101994.003,2021-02-12 03:53:14.003000021
7886294256,r9648383-n303766,1,8048.490000009537,45.0,38.40031,-6.599689483642578,High,Medium,30.0,80.0,100.0,217.30923000025746,4120.826880004884,8048.490000009537,24.446,0.0,0.0,0.0,32510.0,16.0,30.0,28.11,68.268,52.394,32.106,25901.313,6608.687,16.0,42.496,42.05,202.44,100.0,79.0,32427.0,32510.0,16.0,45.0,46.0,1614121454.289,2021-02-23 23:04:14.289000034
10045588334,r7269000-n948219,0,9.412000179290771,40.0,42.66736,2.6673583984375,Medium,Medium,30.0,60.0,100.0,0.2541240048408508,2.0329920387268063,9.412000179290771,37.283,1.652,0.022,380.438,32129.562,16.0,39.483,38.0,37.283,1.652,0.022,380.438,32129.562,16.0,39.483,38.0,42.72,23.0,1.0,1197.0,32510.0,16.0,40.0,38.0,1613430165.498,2021-02-15 23:02:45.497999907
51797859798,r414303-n303509,0,94950.6470000744,63.0,41.69523,-21.304771423339844,High,Medium,30.0,80.0,100.0,2563.6674690020086,48614.731264038106,94950.6470000744,26.792,0.0,0.0,2.745,32507.255,16.0,32.0,32.0,128.058,64.491,9.631,6233.534,26276.466,16.0,59.954,60.994,259.23,100.0,24.0,9875.0,32510.0,16.0,63.0,66.0,1613334090.685,2021-02-14 20:21:30.684999943
31156789660,r44132-n303766,0,357.21399998664856,72.0,71.1453,-0.8546981811523438,Critical,Critical,100.0,100.0,100.0,357.21399998664856,357.21399998664856,357.21399998664856,167.019,65.376,43.359,5105.596,27404.404,16.0,65.721,70.641,208.528,87.82,58.937,6652.693,25857.307,16.0,68.347,75.524,252.26,96.0,64.0,6799.0,32510.0,16.0,72.0,80.0,1613467436.613,2021-02-16 09:23:56.612999916
2067157326,r4683026-n948219,0,1407.59099984169,50.0,47.165325,-2.834674835205078,High,High,47.5,80.0,100.0,150.8541666861586,720.6865919189455,1407.59099984169,28.47,0.0,0.0,0.0,32510.0,16.0,44.323,45.067,60.95,25.532,3.42,1132.488,31377.512,16.0,46.511,46.499,114.79,89.0,12.0,1315.0,32510.0,16.0,50.0,50.0,1613862458.351,2021-02-20 23:07:38.351000071
39339051459,r6727430-n303509,0,345.4319999217987,71.0,71.1453,0.1453018188476562,Critical,Critical,100.0,100.0,100.0,345.4319999217987,345.4319999217987,345.4319999217987,166.992,67.724,44.983,5236.445,27273.555,16.0,65.124,68.372,208.344,89.803,60.275,6666.717,25843.283,16.0,68.417,73.523,247.05,95.0,64.0,6807.0,32510.0,16.0,71.0,77.0,1613434430.551,2021-02-16 00:13:50.551000118
22729539516,r7462820-n303766,0,352.0440001487732,73.0,71.1453,-1.854698181152344,Critical,Critical,100.0,100.0,100.0,352.0440001487732,352.0440001487732,352.0440001487732,169.446,67.986,45.147,5271.467,27238.533,16.0,64.523,67.818,209.211,89.01,59.74,6661.597,25848.403,16.0,68.535,73.827,249.62,95.0,66.0,6793.0,32510.0,16.0,73.0,78.0,1613653559.445,2021-02-18 13:05:59.444999933
33240464125,r7317916-n948219,0,386.5460000038147,72.0,71.13832,-0.8616790771484375,Critical,Critical,100.0,100.0,100.0,386.5460000038147,386.5460000038147,386.5460000038147,127.134,50.204,33.533,4303.158,28206.842,16.0,57.404,61.87,187.992,81.06,54.486,6588.802,25921.198,16.0,67.779,75.07,241.2,94.0,64.0,6793.0,32510.0,16.0,72.0,80.0,1613483934.763,2021-02-16 13:58:54.763000011
5307833186,r216287-n303509,1,169.4060001373291,43.0,46.137432,3.137432098388672,Medium,High,47.5,60.0,100.0,18.155558670967814,36.59169602966308,169.4060001373291,64.201,35.742,13.721,1177.042,31332.958,16.0,41.906,41.136,67.185,40.262,15.578,1302.799,31207.201,16.0,41.913,41.211,78.74,56.0,20.0,1331.0,32510.0,16.0,43.0,42.0,1612829313.064,2021-02-09 00:08:33.063999891
63207838141,r7317916-n948219,1,406.8230001926422,73.0,70.247116,-2.7528839111328125,Critical,High,47.5,100.0,100.0,43.59998372377082,406.8230001926422,406.8230001926422,93.929,27.668,18.346,4092.766,28417.234,16.0,54.472,55.699,189.986,76.992,51.734,6600.644,25909.356,16.0,64.082,68.708,256.82,94.0,63.0,6807.0,32510.0,16.0,73.0,78.0,1613480863.307,2021-02-16 13:07:43.306999922
51131212052,r9648383-n410412,0,90060.76300001144,34.0,36.67994,2.6799392700195312,Low,Medium,30.0,40.0,100.0,2431.640601000309,5763.888832000734,90060.76300001144,26.069,0.0,0.0,0.0,32510.0,16.0,31.993,31.0,26.118,0.0,0.0,3.992,32506.008,16.0,32.181,31.933,26.72,0.0,0.0,4.0,32510.0,16.0,34.0,34.0,1614259836.518,2021-02-25 13:30:36.517999887
7978181999,r368967-n772143,1,14096.02999997139,32.0,43.904613,11.904613494873049,Low,Medium,30.0,40.0,100.0,380.5928099992275,902.1459199981691,14096.02999997139,26.352,0.0,0.0,0.0,32510.0,16.0,31.0,28.0,26.38,0.0,0.0,0.0,32510.0,16.0,30.796,27.983,26.69,0.0,0.0,0.0,32510.0,16.0,32.0,29.0,1614717433.657,2021-03-02 20:37:13.657000065
58844228286,r4144777-n200569,0,36782.44000005722,39.0,39.483963,0.4839630126953125,Medium,Medium,30.0,60.0,100.0,993.1258800015448,7945.007040012359,36782.44000005722,26.571,0.0,0.0,0.028,32509.972,16.0,29.0,27.0,28.124,0.0,0.0,0.0,32510.0,16.0,37.946,36.101,28.86,0.0,0.0,4.0,32510.0,16.0,39.0,38.0,1614723250.151,2021-03-02 22:14:10.151000023
53142726496,r44132-n303766,0,96599.35699987411,52.0,38.27055,-13.729450225830078,High,Medium,30.0,80.0,100.0,2608.182638996601,49458.870783935556,96599.35699987411,25.37,0.0,0.0,0.0,32510.0,16.0,30.708,30.0,84.478,44.467,28.803,4736.887,27773.113,16.0,46.123,49.27,156.77,59.0,43.0,4742.0,32510.0,16.0,52.0,58.0,1613169944.059,2021-02-12 22:45:44.059000015
32543208702,r1051355-n172107,0,10930.448000192642,44.0,41.834435,-2.165565490722656,Medium,Medium,30.0,60.0,100.0,295.1220960052013,2360.9767680416103,10930.448000192642,47.141,19.718,6.746,24663.753,7846.247,16.0,37.718,37.481,59.118,26.936,11.157,31053.097,1456.903,16.0,41.2,41.585,135.63,100.0,20.0,31071.0,32510.0,16.0,44.0,46.0,1614745153.317,2021-03-03 04:19:13.316999912
16262954922,r6707841-n200569,0,5369.861999988556,35.0,39.14464,4.144641876220703,Medium,Medium,30.0,60.0,100.0,144.98627399969098,1159.8901919975278,5369.861999988556,35.541,0.36,0.0,803.166,31706.834,16.0,33.066,29.754,38.39,0.003,0.0,1037.367,31472.633,16.0,34.719,31.616,40.12,21.0,1.0,1039.0,32510.0,16.0,35.0,32.0,1614719066.224,2021-03-02 21:04:26.223999977
27953383585,r7753495-n303509,0,8176.463999986649,50.0,50.855343,0.8553428649902344,High,High,47.5,80.0,100.0,876.286977748569,4186.349567993165,8176.463999986649,25.404,0.0,0.0,0.0,32510.0,16.0,32.621,31.368,47.094,14.011,3.444,1000.817,31509.183,16.0,36.444,34.561,110.37,44.0,11.0,1027.0,32510.0,16.0,50.0,49.0,1613545773.952,2021-02-17 07:09:33.951999903
35839276130,r6727430-n303509,0,345.6490001678467,71.0,71.1453,0.1453018188476562,Critical,Critical,100.0,100.0,100.0,345.6490001678467,345.6490001678467,345.6490001678467,166.155,67.584,45.124,5226.392,27283.608,16.0,64.522,67.756,209.016,89.677,60.227,6656.211,25853.789,16.0,68.338,73.399,247.04,95.0,64.0,6799.0,32510.0,16.0,71.0,77.0,1613434084.735,2021-02-16 00:08:04.734999895
43244798064,r974863-n410412,0,351.7720000743866,71.0,71.1453,0.1453018188476562,Critical,Critical,100.0,100.0,100.0,351.7720000743866,351.7720000743866,351.7720000743866,165.333,63.281,42.088,4974.491,27535.509,16.0,60.835,63.905,214.2,89.753,60.037,6640.915,25869.085,16.0,67.746,72.983,260.86,96.0,65.0,6801.0,32510.0,16.0,71.0,77.0,1613448890.735,2021-02-16 04:14:50.734999895
30174376074,r216287-n303509,1,52.83200001716614,29.0,29.567286,0.5672855377197266,Low,Low,30.0,40.0,100.0,1.4264640004634854,3.3812480010986334,52.83200001716614,26.144,0.0,0.0,3.007,32506.993,16.0,29.0,27.997,26.15,0.0,0.0,3.062,32506.938,16.0,29.0,27.998,26.42,0.0,0.0,4.0,32510.0,16.0,29.0,28.0,1613099539.555,2021-02-12 03:12:19.555000067
13747531195,r9515777-n303766,0,7.418999910354614,41.0,46.249607,5.249607086181641,Medium,High,47.5,60.0,100.0,0.7951081310175359,1.6025039806365964,7.418999910354614,30.408,0.423,0.0,104.31,32405.69,16.0,40.183,38.0,30.408,0.423,0.0,104.31,32405.69,16.0,40.183,38.0,40.18,9.0,0.0,457.0,32510.0,16.0,41.0,38.0,1614488155.141,2021-02-28 04:55:55.141000032
27875383871,r2215649-n303766,0,207563.08100008965,38.0,39.637123,1.6371231079101562,Medium,Medium,30.0,60.0,100.0,5604.203187002419,44833.625496019355,207563.08100008965,25.213,0.0,0.0,0.0,32510.0,16.0,32.0,29.39,37.648,0.0,0.0,1202.627,31307.373,16.0,36.658,33.885,39.12,24.0,1.0,1205.0,32510.0,16.0,38.0,36.0,1614140369.615,2021-02-24 04:19:29.615000010
53913359789,r9170217-n303509,0,351.16799998283386,71.0,71.1453,0.1453018188476562,Critical,Critical,100.0,100.0,100.0,351.16799998283386,351.16799998283386,351.16799998283386,162.385,65.533,43.641,5137.192,27372.808,16.0,59.024,58.902,210.65,88.743,59.552,6646.555,25863.445,16.0,67.825,69.83,254.83,95.0,64.0,6793.0,32510.0,16.0,71.0,73.0,1613435809.535,2021-02-16 00:36:49.535000086
61569077755,r9852763-n200569,1,5373.90399980545,33.0,37.099915,4.09991455078125,Low,Medium,30.0,40.0,100.0,145.09540799474715,343.92985598754893,5373.90399980545,36.162,0.303,0.0,733.21,31776.79,16.0,30.724,29.8,39.093,0.003,0.0,1036.972,31473.028,16.0,31.938,30.847,40.65,21.0,1.0,1039.0,32510.0,16.0,33.0,32.0,1614719062.193,2021-03-02 21:04:22.193000078
33238422153,r5179276-n948219,0,198123.2380001545,55.0,46.974316,-8.025684356689453,High,High,47.5,80.0,100.0,21233.238897547806,101439.09785607913,198123.2380001545,28.455,0.0,0.0,0.0,32510.0,16.0,37.0,36.0,99.347,62.597,22.707,8957.157,23552.843,16.0,50.964,51.418,165.6,100.0,33.0,8966.0,32510.0,16.0,55.0,57.0,1613183307.074,2021-02-13 02:28:27.073999882
1455662346,r7141590-n172107,0,11058.983999967577,44.0,41.36368,-2.6363182067871094,Medium,Medium,30.0,60.0,100.0,298.5925679991245,2388.740543992996,11058.983999967577,48.874,16.77,5.852,21673.67,10836.33,16.0,36.333,35.581,61.384,26.526,11.01,31045.182,1464.818,16.0,41.215,40.967,144.44,100.0,20.0,31071.0,32510.0,16.0,44.0,44.0,1614736440.713,2021-03-03 01:54:00.713000059
46593005199,r974863-n410412,0,43.84800004959106,37.0,38.3577,1.3577003479003906,Medium,Medium,30.0,60.0,100.0,1.1838960013389583,9.471168010711667,43.84800004959106,26.055,0.0,0.0,2.961,32507.039,16.0,37.0,36.898,26.044,0.0,0.0,3.0,32507.0,16.0,37.0,36.734,26.32,0.0,0.0,4.0,32510.0,16.0,37.0,37.0,1613011071.986,2021-02-11 02:37:51.986000061
7950780746,r216287-n303509,1,2.621999979019165,37.0,40.630096,3.630096435546875,Medium,Medium,30.0,60.0,100.0,0.07079399943351744,0.5663519954681395,2.621999979019165,27.565,0.0,0.0,2.385,32507.615,16.0,37.0,35.077,27.565,0.0,0.0,2.385,32507.615,16.0,37.0,35.077,27.68,0.0,0.0,4.0,32510.0,16.0,37.0,36.0,1612829834.918,2021-02-09 00:17:14.917999983
5805000493,r5179276-n948219,0,355.5460000038147,71.0,71.1453,0.1453018188476562,Critical,Critical,100.0,100.0,100.0,355.5460000038147,355.5460000038147,355.5460000038147,161.95,64.646,43.149,5153.09,27356.91,16.0,62.875,67.625,204.649,87.883,59.119,6663.102,25846.898,16.0,68.262,75.726,245.05,95.0,66.0,6807.0,32510.0,16.0,71.0,79.0,1613579802.574,2021-02-17 16:36:42.573999882
1198345028,r4506251-n410412,0,86.30399990081787,50.0,56.694855,6.694854736328125,High,High,47.5,80.0,100.0,9.249361489370465,44.18764794921876,86.30399990081787,41.788,0.0,0.0,0.0,32510.0,16.0,47.85,47.033,32.796,0.0,0.0,0.0,32510.0,16.0,44.245,43.755,49.61,0.0,0.0,0.0,32510.0,16.0,50.0,49.0,1613390607.648,2021-02-15 12:03:27.648000002
61034640097,r7462820-n410412,1,367.2019999027252,73.0,71.1784,-1.8216018676757808,Critical,Critical,100.0,100.0,100.0,367.2019999027252,367.2019999027252,367.2019999027252,116.643,44.099,29.384,3611.511,28898.489,16.0,37.053,38.113,205.719,85.865,57.627,6524.504,25985.496,16.0,64.68,67.978,260.77,97.0,65.0,6801.0,32510.0,16.0,73.0,78.0,1613571526.815,2021-02-17 14:18:46.815000057
25252149395,r7141590-n303509,0,2.360999822616577,39.0,39.15482,0.1548194885253906,Medium,Medium,30.0,60.0,100.0,0.06374699521064757,0.5099759616851806,2.360999822616577,26.85,0.0,0.0,0.348,32509.652,16.0,39.0,38.0,26.85,0.0,0.0,0.348,32509.652,16.0,39.0,38.0,27.07,0.0,0.0,4.0,32510.0,16.0,39.0,38.0,1613145836.545,2021-02-12 16:03:56.545000076
48569767813,r7753495-n303509,0,22.40000009536743,30.0,43.09988,13.09988021850586,Low,Medium,30.0,40.0,100.0,0.6048000025749206,1.433600006103516,22.40000009536743,24.672,0.0,0.0,0.0,32510.0,16.0,30.0,29.0,24.672,0.0,0.0,0.0,32510.0,16.0,30.0,29.0,24.83,0.0,0.0,0.0,32510.0,16.0,30.0,29.0,1613565146.587,2021-02-17 12:32:26.586999893
29495357384,r8275852-n303766,0,354.8069999217987,73.0,71.35741,-1.6425933837890625,Critical,Critical,100.0,100.0,100.0,354.8069999217987,354.8069999217987,354.8069999217987,154.528,65.729,43.996,5172.257,27337.743,16.0,52.697,54.007,201.018,87.945,59.222,6657.947,25852.053,16.0,67.144,70.851,243.57,95.0,65.0,6807.0,32510.0,16.0,73.0,78.0,1613667303.808,2021-02-18 16:55:03.808000088
21121345712,r9988778-n303766,0,29846.433000087734,73.0,38.867958,-34.132041931152344,Critical,Medium,30.0,100.0,100.0,805.8536910023687,29846.433000087734,29846.433000087734,24.64,0.0,0.0,0.0,32510.0,16.0,30.0,29.996,91.679,27.543,16.304,9291.917,23218.083,16.0,52.397,52.791,258.41,100.0,67.0,10485.0,32510.0,16.0,73.0,78.0,1614715624.171,2021-03-02 20:07:04.171000004
34859094387,r8473362-n410412,0,130265.77799987792,41.0,45.77173,4.771728515625,Medium,High,47.5,60.0,100.0,13960.827676580664,28137.408047973626,130265.77799987792,26.924,0.0,0.0,0.0,32510.0,16.0,33.653,31.828,38.037,0.067,0.021,2887.284,29622.716,16.0,38.096,35.77,87.61,46.0,10.0,2891.0,32510.0,16.0,41.0,40.0,1613659202.088,2021-02-18 14:40:02.088000059
23202874310,r8024255-n410412,0,420.3729999065399,72.0,71.154564,-0.8454360961914062,Critical,Critical,100.0,100.0,100.0,420.3729999065399,420.3729999065399,420.3729999065399,110.255,35.168,23.315,3272.598,29237.402,16.0,57.857,58.811,185.276,74.653,50.147,6535.541,25974.459,16.0,67.62,71.101,253.45,94.0,63.0,6793.0,32510.0,16.0,72.0,76.0,1613528304.377,2021-02-17 02:18:24.377000093
58717225052,r3974592-n172107,1,10914.12599992752,31.0,40.27146,9.271461486816406,Low,Medium,30.0,40.0,100.0,294.68140199804304,698.5040639953615,10914.12599992752,49.825,20.402,5.316,24129.725,8380.275,16.0,30.983,29.491,48.133,25.479,7.055,31051.595,1458.405,16.0,29.943,28.503,106.97,100.0,11.0,31071.0,32510.0,16.0,31.0,30.0,1614747672.305,2021-03-03 05:01:12.305000067
24430576150,r8141575-n303766,0,184.65899991989136,34.0,45.45009,11.450088500976562,Low,High,47.5,40.0,100.0,19.790251257039603,11.81817599487305,184.65899991989136,26.139,0.0,0.0,0.0,32510.0,16.0,32.0,32.045,26.748,0.296,0.048,227.857,32282.143,16.0,32.052,32.043,64.13,79.0,23.0,7733.0,32510.0,16.0,34.0,35.0,1614251757.265,2021-02-25 11:15:57.265000105
3975864097,r9988778-n303766,0,379.2539999485016,73.0,46.221695,-26.778305053710938,Critical,High,47.5,100.0,100.0,40.64536227573081,379.2539999485016,379.2539999485016,27.476,0.316,0.0,231.881,32278.119,16.0,35.0,34.375,195.936,82.755,55.367,6195.116,26314.884,16.0,63.566,69.822,256.17,95.0,65.0,6865.0,32510.0,16.0,73.0,80.0,1613462091.101,2021-02-16 07:54:51.101000071
8182770269,r9170217-n303509,0,353.914999961853,72.0,71.1453,-0.8546981811523438,Critical,Critical,100.0,100.0,100.0,353.914999961853,353.914999961853,353.914999961853,169.163,65.864,43.853,5162.948,27347.052,16.0,64.556,64.58,209.742,87.837,59.005,6663.511,25846.489,16.0,68.46,70.051,254.0,94.0,64.0,6807.0,32510.0,16.0,72.0,74.0,1613438723.332,2021-02-16 01:25:23.332000017
2839751274,r2684277-n948219,0,3345.023999929428,60.0,66.47777,6.4777679443359375,High,High,47.5,80.0,100.0,358.4924939924366,1712.6522879638676,3345.023999929428,32.525,0.0,0.0,0.0,32510.0,16.0,53.744,53.623,66.435,34.859,7.305,1074.48,31435.52,16.0,47.837,46.238,103.9,46.0,10.0,1093.0,32510.0,16.0,60.0,59.0,1614076033.326,2021-02-23 10:27:13.325999975
40108309088,r4683026-n772143,0,6.026999950408936,31.0,37.28747,6.287471771240234,Low,Medium,30.0,40.0,100.0,0.16272899866104126,0.38572799682617204,6.026999950408936,25.875,0.0,0.0,0.0,32510.0,16.0,31.0,28.946,25.875,0.0,0.0,0.0,32510.0,16.0,31.0,28.946,25.97,0.0,0.0,0.0,32510.0,16.0,31.0,29.0,1614726048.114,2021-03-02 23:00:48.114000082
58117322031,r7753495-n303509,0,2961.983999967575,51.0,44.57501,-6.424991607666016,High,Medium,30.0,80.0,100.0,79.97356799912451,1516.5358079833989,2961.983999967575,37.297,2.428,0.12,634.784,31875.216,16.0,37.654,35.682,70.906,34.28,9.554,1088.159,31421.841,16.0,48.795,47.22,112.61,47.0,14.0,1093.0,32510.0,16.0,51.0,50.0,1613358579.64,2021-02-15 03:09:39.640000105
34065954947,r810901-n948219,0,40295.375,39.0,34.66329,-4.336711883544922,Medium,Low,30.0,60.0,100.0,1087.975125,8703.801,40295.375,26.166,0.0,0.0,0.0,32510.0,16.0,30.453,30.996,42.74,4.699,0.965,1155.92,31354.08,16.0,35.393,35.185,104.46,53.0,12.0,1159.0,32510.0,16.0,39.0,39.0,1613982361.414,2021-02-22 08:26:01.414000034
51522343752,r492024-n303766,0,354.2310001850128,72.0,71.1453,-0.8546981811523438,Critical,Critical,100.0,100.0,100.0,354.2310001850128,354.2310001850128,354.2310001850128,148.331,57.309,38.177,4557.965,27952.035,16.0,59.719,61.958,206.888,87.549,58.894,6604.188,25905.812,16.0,67.749,72.339,250.37,95.0,64.0,6799.0,32510.0,16.0,72.0,77.0,1613430441.12,2021-02-15 23:07:21.119999886
62204565968,r4683026-n303509,1,353.67500019073486,35.0,40.60169,5.601688385009766,Medium,Medium,30.0,60.0,100.0,9.54922500514984,76.39380004119872,353.67500019073486,26.382,0.0,0.0,0.0,32510.0,16.0,31.0,29.007,31.43,1.567,0.413,594.634,31915.366,16.0,31.886,30.134,156.47,37.0,11.0,1905.0,32510.0,16.0,35.0,34.0,1613055997.567,2021-02-11 15:06:37.566999912
49970964412,r8024255-n303766,0,15825.391999959946,47.0,41.04567,-5.9543304443359375,High,Medium,30.0,80.0,100.0,427.28558399891847,8102.600703979494,15825.391999959946,48.196,17.863,6.172,24311.516,8198.484,16.0,37.298,35.032,59.701,23.399,9.635,31058.006,1451.994,16.0,44.412,42.61,145.05,100.0,20.0,31071.0,32510.0,16.0,47.0,46.0,1614194894.364,2021-02-24 19:28:14.364000082
58729630773,r4506251-n410412,0,5349.279000043869,53.0,60.892082,7.892082214355469,High,High,47.5,80.0,100.0,573.2922603328265,2738.8308480224614,5349.279000043869,27.497,0.0,0.0,0.0,32510.0,16.0,40.635,39.989,75.115,39.487,9.394,1507.805,31002.195,16.0,51.065,49.872,124.72,53.0,14.0,1539.0,32510.0,16.0,53.0,52.0,1613240181.905,2021-02-13 18:16:21.904999971
10998208221,r44132-n303766,0,361.73099994659424,71.0,71.1453,0.1453018188476562,Critical,Critical,100.0,100.0,100.0,361.73099994659424,361.73099994659424,361.73099994659424,159.691,62.864,41.875,5021.627,27488.373,16.0,59.296,63.756,206.666,87.136,58.42,6641.739,25868.261,16.0,67.858,74.87,250.79,95.0,65.0,6793.0,32510.0,16.0,71.0,79.0,1613465967.322,2021-02-16 08:59:27.322000027
38286911624,r492024-n303766,1,9404.206000089644,67.0,52.49135,-14.508651733398438,High,High,47.5,80.0,100.0,1007.8663899158571,4814.953472045899,9404.206000089644,28.072,0.0,0.0,0.0,32510.0,16.0,40.609,39.544,99.119,49.474,16.962,2586.76,29923.24,16.0,61.971,60.41,159.15,70.0,25.0,2627.0,32510.0,16.0,67.0,66.0,1613409090.373,2021-02-15 17:11:30.372999907
39270476703,r4506251-n303766,0,1.991999864578247,46.0,50.88762,4.887619018554688,High,High,47.5,80.0,100.0,0.2134863604865968,1.0199039306640627,1.991999864578247,31.944,0.0,0.0,0.5,32509.5,16.0,46.0,47.95,31.944,0.0,0.0,0.5,32509.5,16.0,46.0,47.95,32.06,0.0,0.0,4.0,32510.0,16.0,46.0,48.0,1613507959.594,2021-02-16 20:39:19.594000101
53473705884,r7317916-n948219,0,352.4270000457764,73.0,71.06133,-1.9386672973632808,Critical,Critical,100.0,100.0,100.0,352.4270000457764,352.4270000457764,352.4270000457764,153.721,66.416,44.392,5127.017,27382.983,16.0,57.399,63.224,198.774,89.262,60.115,6647.14,25862.86,16.0,67.933,76.333,238.76,95.0,67.0,6793.0,32510.0,16.0,73.0,82.0,1613477134.802,2021-02-16 12:05:34.802000046
33182342925,r7462820-n303766,0,349.3829998970032,72.0,71.1453,-0.8546981811523438,Critical,Critical,100.0,100.0,100.0,349.3829998970032,349.3829998970032,349.3829998970032,171.541,69.091,46.0,5279.132,27230.868,16.0,65.108,68.557,210.625,89.647,60.225,6664.037,25845.963,16.0,68.35,73.732,249.04,95.0,66.0,6799.0,32510.0,16.0,72.0,78.0,1613653209.891,2021-02-18 13:00:09.891000032
44216461157,r9480604-n410412,0,3546.914999961853,45.0,40.957703,-4.04229736328125,High,Medium,30.0,80.0,100.0,95.76670499897001,1816.0204799804692,3546.914999961853,39.031,9.885,1.825,19641.64,12868.36,16.0,38.927,36.685,45.561,12.391,2.119,30966.527,1543.473,16.0,43.17,40.817,61.24,100.0,12.0,31071.0,32510.0,16.0,45.0,43.0,1614182879.559,2021-02-24 16:07:59.559000015
30834867273,r8473362-n410412,0,24136.54600000381,33.0,40.934475,7.934474945068359,Low,Medium,30.0,40.0,100.0,651.6867420001028,1544.7389440002444,24136.54600000381,26.61,0.0,0.0,0.0,32510.0,16.0,31.0,29.007,26.802,0.0,0.0,0.015,32509.985,16.0,32.088,30.162,27.09,0.0,0.0,4.0,32510.0,16.0,33.0,31.0,1612988828.645,2021-02-10 20:27:08.644999981
36009235761,r7753495-n303509,0,177298.91799998283,38.0,42.01079,4.010791778564453,Medium,Medium,30.0,60.0,100.0,4787.0707859995355,38296.566287996284,177298.91799998283,24.737,0.0,0.0,0.0,32510.0,16.0,30.0,29.0,39.053,5.175,0.05,2029.736,30480.264,16.0,34.83,32.755,50.53,46.0,2.0,2047.0,32510.0,16.0,38.0,35.0,1612806787.153,2021-02-08 17:53:07.153000116
16285697235,r9480604-n303766,0,22341.65700006485,59.0,41.150932,-17.84906768798828,High,Medium,30.0,80.0,100.0,603.2247390017509,11438.928384033206,22341.65700006485,27.416,0.0,0.0,0.0,32510.0,16.0,32.055,30.0,87.333,27.73,15.81,8522.438,23987.562,16.0,48.536,47.988,229.44,100.0,65.0,9169.0,32510.0,16.0,59.0,62.0,1613388743.98,2021-02-15 11:32:23.980000019
29582558715,r9170217-n948219,0,5.980000019073486,35.0,43.137096,8.137096405029297,Medium,Medium,30.0,60.0,100.0,0.1614600005149841,1.2916800041198728,5.980000019073486,27.851,0.0,0.0,0.0,32510.0,16.0,35.0,33.737,27.851,0.0,0.0,0.0,32510.0,16.0,35.0,33.737,27.99,0.0,0.0,0.0,32510.0,16.0,35.0,34.0,1613429320.862,2021-02-15 22:48:40.861999989
63644708748,r8024255-n303766,0,38251.18899989128,51.0,45.767593,-5.2324066162109375,High,High,47.5,80.0,100.0,4099.451646097723,19584.60876794434,38251.18899989128,26.902,0.0,0.0,0.0,32510.0,16.0,34.0,31.823,69.595,41.166,24.027,28248.654,4261.346,16.0,47.049,46.952,214.78,100.0,100.0,31701.0,32510.0,16.0,51.0,57.0,1614221945.265,2021-02-25 02:59:05.265000105
33343673189,r7462820-n303766,0,5507.507000207901,43.0,40.327343,-2.672657012939453,Medium,Medium,30.0,60.0,100.0,148.7026890056133,1189.6215120449065,5507.507000207901,28.167,0.0,0.0,0.0,32510.0,16.0,32.46,31.0,60.057,33.68,8.173,1551.324,30958.676,16.0,41.055,39.733,118.77,56.0,16.0,1605.0,32510.0,16.0,43.0,42.0,1613323609.748,2021-02-14 17:26:49.747999907
13528340621,r1039410-n172107,1,14096.023000001907,30.0,36.76448,6.7644805908203125,Low,Medium,30.0,40.0,100.0,380.59262100005145,902.1454720001223,14096.023000001907,24.683,0.0,0.0,0.0,32510.0,16.0,29.0,28.0,24.445,0.0,0.0,0.0,32510.0,16.0,27.206,25.771,24.92,0.0,0.0,0.0,32510.0,16.0,30.0,29.0,1614717433.654,2021-03-02 20:37:13.654000044
21098985056,r2215649-n410412,1,39.875,31.0,35.97313,4.9731292724609375,Low,Medium,30.0,40.0,100.0,1.076625,2.5520000000000005,39.875,26.12,0.0,0.0,0.0,32510.0,16.0,31.0,29.0,26.119,0.0,0.0,0.0,32510.0,16.0,31.0,29.0,26.29,0.0,0.0,0.0,32510.0,16.0,31.0,29.0,1614734527.46,2021-03-03 01:22:07.460000038
45688606540,r6727430-n303509,0,10382.495000123978,40.0,40.253532,0.2535324096679687,Medium,Medium,30.0,60.0,100.0,280.3273650033474,2242.618920026779,10382.495000123978,27.003,0.0,0.0,2.518,32507.482,16.0,36.0,33.0,27.752,0.0,0.0,3.996,32506.004,16.0,39.302,36.763,28.3,0.0,0.0,4.0,32510.0,16.0,40.0,38.0,1613013093.438,2021-02-11 03:11:33.437999964
12431525495,r492024-n410412,1,40487.39899992943,50.0,31.318218,-18.681781768798828,High,Low,30.0,80.0,100.0,1093.1597729980945,20729.548287963873,40487.39899992943,25.467,0.0,0.0,0.0,32510.0,16.0,30.004,30.0,75.217,45.919,24.49,31082.672,1427.328,16.0,45.726,45.268,239.94,100.0,100.0,31623.0,32510.0,16.0,50.0,54.0,1614327627.243,2021-02-26 08:20:27.243000031
57156085806,r5051220-n772143,1,11289.769999980928,38.0,37.060635,-0.9393653869628906,Medium,Medium,30.0,60.0,100.0,304.82378999948503,2438.5903199958802,11289.769999980928,38.052,11.656,1.509,14945.993,17564.007,16.0,34.935,33.79,45.543,22.687,3.356,31027.802,1482.198,16.0,35.912,34.987,101.48,100.0,6.0,31071.0,32510.0,16.0,38.0,38.0,1614730406.679,2021-03-03 00:13:26.678999901
913003833,r5051220-n772143,0,10437.335000038149,39.0,37.813553,-1.1864471435546875,Medium,Medium,30.0,60.0,100.0,281.80804500103,2254.46436000824,10437.335000038149,40.175,19.313,1.354,24769.065,7740.935,16.0,35.46,32.196,41.801,21.58,1.527,31052.551,1457.449,16.0,37.156,34.141,71.93,100.0,6.0,31071.0,32510.0,16.0,39.0,36.0,1614743636.721,2021-03-03 03:53:56.720999956
12634738497,r4144777-n303509,0,21828.34700012207,39.0,40.88158,1.8815803527832031,Medium,Medium,30.0,60.0,100.0,589.3653690032958,4714.922952026366,21828.34700012207,26.81,0.0,0.0,0.0,32510.0,16.0,32.0,30.007,41.003,12.976,0.883,30590.924,1919.076,16.0,37.458,34.878,46.06,26.0,2.0,30709.0,32510.0,16.0,39.0,36.0,1614380725.041,2021-02-26 23:05:25.040999889
49575096221,r810901-n172107,1,71.12000012397766,31.0,36.71941,5.719409942626953,Low,Medium,30.0,40.0,100.0,1.9202400033473965,4.551680007934571,71.12000012397766,33.469,0.348,0.0,833.541,31676.459,16.0,30.279,29.579,34.557,0.205,0.003,929.744,31580.256,16.0,30.696,29.823,35.63,20.0,1.0,1039.0,32510.0,16.0,31.0,30.0,1614718743.985,2021-03-02 20:59:03.984999895
6890100323,r8024255-n410412,0,392.1070001125336,71.0,71.14858,0.1485824584960937,Critical,Critical,100.0,100.0,100.0,392.1070001125336,392.1070001125336,392.1070001125336,105.032,31.916,21.168,4190.853,28319.147,16.0,59.71,60.909,194.27,79.818,53.672,6603.071,25906.929,16.0,67.731,71.279,254.73,94.0,64.0,6807.0,32510.0,16.0,71.0,75.0,1613535623.817,2021-02-17 04:20:23.816999912
35114523450,r9480604-n410412,1,237453.17700004575,74.0,41.774418,-32.225582122802734,Critical,Medium,30.0,100.0,100.0,6411.235779001235,237453.17700004575,237453.17700004575,24.21,0.0,0.0,0.0,32510.0,16.0,29.044,27.985,131.761,48.918,19.838,22520.608,9989.392,16.0,61.324,60.907,287.77,100.0,79.0,22531.0,32510.0,16.0,74.0,77.0,1614043863.999,2021-02-23 01:31:03.999000072
43468450649,r8473362-n410412,0,251.2939999103546,33.0,42.35602,9.356021881103516,Low,Medium,30.0,40.0,100.0,6.784937997579573,16.0828159942627,251.2939999103546,26.716,0.0,0.0,0.0,32510.0,16.0,33.0,30.961,26.718,0.0,0.0,0.0,32510.0,16.0,33.0,30.947,26.96,0.0,0.0,0.0,32510.0,16.0,33.0,31.0,1613395284.571,2021-02-15 13:21:24.571000099
1293929395,r1039410-n948219,0,20968.13000011444,38.0,35.226845,-2.773155212402344,Medium,Medium,30.0,60.0,100.0,566.1395100030899,4529.116080024719,20968.13000011444,25.749,0.0,0.0,0.0,32510.0,16.0,29.352,30.0,27.167,0.0,0.0,3.991,32506.009,16.0,37.894,37.606,27.68,0.0,0.0,4.0,32510.0,16.0,38.0,38.0,1613907110.534,2021-02-21 11:31:50.533999919
29459810629,r8275852-n410412,0,18699.56500005722,38.0,44.53921,6.539211273193359,Medium,Medium,30.0,60.0,100.0,504.8882550015449,4039.1060400123592,18699.56500005722,28.023,0.0,0.0,0.0,32510.0,16.0,32.0,33.011,40.447,15.078,0.996,30515.534,1994.466,16.0,35.071,35.984,44.56,27.0,2.0,30709.0,32510.0,16.0,38.0,39.0,1614379741.814,2021-02-26 22:49:01.813999891
44485093328,r216287-n303509,1,56.70300006866455,29.0,32.544533,3.5445327758789062,Low,Low,30.0,40.0,100.0,1.5309810018539427,3.628992004394532,56.70300006866455,26.146,0.0,0.0,3.158,32506.842,16.0,29.0,28.0,26.145,0.0,0.0,3.199,32506.801,16.0,29.0,27.998,26.35,0.0,0.0,4.0,32510.0,16.0,29.0,28.0,1613099592.587,2021-02-12 03:13:12.586999893
49422139851,r8972851-n172107,1,8656.267999887466,36.0,37.885067,1.8850669860839844,Medium,Medium,30.0,60.0,100.0,233.71923599696157,1869.7538879756926,8656.267999887466,38.825,15.942,1.302,22206.409,10303.591,16.0,32.866,32.124,40.668,22.814,1.632,31039.831,1470.169,16.0,33.658,33.372,50.64,100.0,6.0,31071.0,32510.0,16.0,36.0,36.0,1614725964.227,2021-03-02 22:59:24.226999998
29540871432,r4506251-n410412,0,1026.7599999904633,31.0,35.179974,4.179973602294922,Low,Medium,30.0,40.0,100.0,27.722519999742506,65.71263999938967,1026.7599999904633,25.983,0.0,0.0,0.0,32510.0,16.0,31.0,30.0,25.996,0.0,0.0,0.294,32509.706,16.0,31.0,30.0,26.12,0.0,0.0,4.0,32510.0,16.0,31.0,30.0,1614735079.562,2021-03-03 01:31:19.562000036
33035505566,r8024255-n410412,0,0.2100000381469726,32.0,37.179176,5.179176330566406,Low,Medium,30.0,40.0,100.0,0.00567000102996826,0.01344000244140625,0.2100000381469726,24.963,0.0,0.0,0.0,32510.0,16.0,32.0,31.0,24.963,0.0,0.0,0.0,32510.0,16.0,32.0,31.0,25.04,0.0,0.0,0.0,32510.0,16.0,32.0,31.0,1614734668.987,2021-03-03 01:24:28.986999989
50718528165,r204106-n172107,0,34951.13700008392,31.0,34.89759,3.8975906372070312,Low,Low,30.0,40.0,100.0,943.6806990022658,2236.8727680053717,34951.13700008392,25.972,0.0,0.0,0.0,32510.0,16.0,29.989,29.83,25.951,0.0,0.0,0.0,32510.0,16.0,29.298,29.334,26.28,0.0,0.0,0.0,32510.0,16.0,31.0,31.0,1614715513.724,2021-03-02 20:05:13.723999977
19831251563,r2215649-n303766,0,2633.664999961853,38.0,47.068546,9.068546295166016,Medium,High,47.5,60.0,100.0,282.25481616778666,568.8716399917602,2633.664999961853,25.408,0.0,0.0,0.0,32510.0,16.0,33.0,31.0,40.864,20.698,1.581,29473.268,3036.732,16.0,36.891,34.108,46.01,100.0,6.0,30709.0,32510.0,16.0,38.0,35.0,1614370880.218,2021-02-26 20:21:20.217999935
26521362510,r7419443-n948219,1,183.66599988937375,35.0,46.28437,11.28437042236328,Medium,High,47.5,60.0,100.0,19.683829581893974,39.67185597610472,183.66599988937375,25.846,0.0,0.0,0.0,32510.0,16.0,29.0,27.0,32.465,2.951,0.516,16795.641,15714.359,16.0,30.297,27.975,119.58,100.0,48.0,31079.0,32510.0,16.0,35.0,39.0,1613170391.937,2021-02-12 22:53:11.937000036
22759113315,r4506251-n303766,0,356.83700013160706,71.0,71.1453,0.1453018188476562,Critical,Critical,100.0,100.0,100.0,356.83700013160706,356.83700013160706,356.83700013160706,150.167,56.247,37.439,5204.171,27305.829,16.0,58.324,62.617,210.068,87.609,58.949,6667.607,25842.393,16.0,67.522,74.366,256.23,95.0,64.0,6807.0,32510.0,16.0,71.0,78.0,1613468107.892,2021-02-16 09:35:07.891999960
23108736470,r6727430-n303509,1,31.512999773025516,29.0,32.010574,3.0105743408203125,Low,Low,30.0,40.0,100.0,0.8508509938716888,2.0168319854736336,31.512999773025516,24.482,0.0,0.0,0.0,32510.0,16.0,29.0,28.958,24.481,0.0,0.0,0.0,32510.0,16.0,29.0,28.957,24.58,0.0,0.0,0.0,32510.0,16.0,29.0,29.0,1612974925.551,2021-02-10 16:35:25.551000118
16430084958,r8972851-n303509,0,387.62000012397766,71.0,71.155426,0.155426025390625,Critical,Critical,100.0,100.0,100.0,387.62000012397766,387.62000012397766,387.62000012397766,134.456,48.507,32.199,4229.308,28280.692,16.0,58.325,60.794,196.513,80.681,54.12,6595.913,25914.087,16.0,67.581,72.138,249.54,94.0,64.0,6799.0,32510.0,16.0,71.0,76.0,1613607669.314,2021-02-18 00:21:09.313999891
36460305090,r7462820-n410412,0,397.13700008392334,72.0,71.16006,-0.8399429321289062,Critical,Critical,100.0,100.0,100.0,397.13700008392334,397.13700008392334,397.13700008392334,129.107,44.067,29.137,4063.704,28446.296,16.0,61.398,64.194,193.744,78.919,53.023,6596.612,25913.388,16.0,68.008,73.569,253.74,94.0,64.0,6807.0,32510.0,16.0,72.0,78.0,1613575551.544,2021-02-17 15:25:51.543999910
37097048659,r7141590-n948219,0,351.9839999675751,71.0,71.1453,0.1453018188476562,Critical,Critical,100.0,100.0,100.0,351.9839999675751,351.9839999675751,351.9839999675751,170.456,66.782,44.277,5171.09,27338.91,16.0,64.779,67.934,213.529,89.139,59.618,6636.47,25873.53,16.0,68.368,73.533,262.35,95.0,65.0,6799.0,32510.0,16.0,71.0,77.0,1613434774.628,2021-02-16 00:19:34.628000021
28710850208,r4683026-n772143,1,141.864000082016,36.0,28.467094,-7.532905578613281,Medium,Low,30.0,60.0,100.0,3.830328002214431,30.64262401771545,141.864000082016,28.153,0.0,0.0,0.0,32510.0,16.0,29.0,29.0,35.28,1.017,0.218,7567.916,24942.084,16.0,30.405,29.824,207.39,100.0,28.0,28939.0,32510.0,16.0,36.0,35.0,1614726716.594,2021-03-02 23:11:56.594000101
42553603191,r7462820-n410412,0,445.845999956131,72.0,71.0802,-0.9197998046875,Critical,Critical,100.0,100.0,100.0,445.845999956131,445.845999956131,445.845999956131,120.731,38.766,25.752,3684.899,28825.101,16.0,60.556,63.056,179.265,70.363,47.189,6583.202,25926.798,16.0,67.853,73.167,254.15,100.0,63.0,6799.0,32510.0,16.0,72.0,78.0,1613573818.152,2021-02-17 14:56:58.151999950
67028347857,r8024255-n410412,0,350.05099987983704,71.0,71.1453,0.1453018188476562,Critical,Critical,100.0,100.0,100.0,350.05099987983704,350.05099987983704,350.05099987983704,169.993,68.645,45.742,5261.955,27248.045,16.0,59.436,61.275,211.561,89.741,60.262,6654.752,25855.248,16.0,67.732,71.636,254.53,95.0,65.0,6801.0,32510.0,16.0,71.0,76.0,1613531124.732,2021-02-17 03:05:24.732000113
60770662989,r974863-n410412,0,355.3840000629425,72.0,71.17785,-0.8221511840820312,Critical,Critical,100.0,100.0,100.0,355.3840000629425,355.3840000629425,355.3840000629425,149.02,57.025,37.982,5256.74,27253.26,16.0,54.386,56.828,211.939,88.573,59.401,6672.285,25837.715,16.0,67.204,72.18,263.35,95.0,66.0,6807.0,32510.0,16.0,72.0,77.0,1613448517.352,2021-02-16 04:08:37.351999998
31168093032,r6727430-n948219,0,144.61899995803833,33.0,35.88486,2.8848609924316406,Low,Medium,30.0,40.0,100.0,3.9047129988670344,9.255615997314456,144.61899995803833,26.489,0.0,0.0,3.873,32506.127,16.0,32.0,31.0,26.926,0.083,0.0,38.286,32471.714,16.0,32.041,31.0,38.42,7.0,0.0,1295.0,32510.0,16.0,33.0,31.0,1613613612.553,2021-02-18 02:00:12.552999973
566295061,r4605940-n948219,1,40599.46099996567,42.0,38.55299,-3.447010040283203,Medium,Medium,30.0,60.0,100.0,1096.1854469990728,8769.483575992583,40599.46099996567,36.147,2.663,0.0,441.688,32068.312,16.0,31.386,27.846,59.775,34.001,6.096,1026.495,31483.505,16.0,40.68,37.8,96.8,42.0,8.0,1027.0,32510.0,16.0,42.0,40.0,1614499663.548,2021-02-28 08:07:43.548000097
41954913877,r8972851-n303509,0,391.6779999732971,71.0,71.155426,0.155426025390625,Critical,Critical,100.0,100.0,100.0,391.6779999732971,391.6779999732971,391.6779999732971,136.187,48.01,31.923,4230.196,28279.804,16.0,61.29,63.881,195.297,79.752,53.57,6605.327,25904.673,16.0,67.947,72.513,250.19,95.0,64.0,6807.0,32510.0,16.0,71.0,77.0,1613593312.732,2021-02-17 20:21:52.732000113
42493110971,r1039410-n948219,1,954.6240000724792,44.0,45.5449,1.5448989868164062,Medium,High,47.5,60.0,100.0,102.30884400776772,206.1987840156555,954.6240000724792,56.039,19.891,2.737,880.842,31629.158,16.0,41.291,38.004,68.184,30.243,4.153,1301.219,31208.781,16.0,42.861,39.268,121.78,90.0,13.0,1315.0,32510.0,16.0,44.0,41.0,1613861899.27,2021-02-20 22:58:19.269999981
56582247580,r974863-n410412,1,69.65199995040894,31.0,38.180054,7.1800537109375,Low,Medium,30.0,40.0,100.0,1.880603998661041,4.457727996826173,69.65199995040894,25.666,0.0,0.0,0.0,32510.0,16.0,31.0,28.0,25.666,0.0,0.0,0.0,32510.0,16.0,31.0,28.0,25.83,0.0,0.0,0.0,32510.0,16.0,31.0,28.0,1614734634.948,2021-03-03 01:23:54.947999954
57628777704,r44132-n303766,0,368.0199999809265,70.0,71.09664,1.0966415405273438,High,Critical,100.0,80.0,100.0,368.0199999809265,188.42623999023442,368.0199999809265,113.253,37.154,24.633,3017.969,29492.031,16.0,56.14,59.059,203.886,85.008,57.097,6463.641,26046.359,16.0,67.449,74.429,251.38,95.0,65.0,6807.0,32510.0,16.0,70.0,78.0,1613463549.678,2021-02-16 08:19:09.677999973
9494291120,r3974592-n948219,0,259222.31299996376,54.0,58.928497,4.928497314453125,High,High,47.5,80.0,100.0,27781.341326042988,132721.82425598148,259222.31299996376,44.295,0.0,0.0,0.0,32510.0,16.0,50.972,49.856,37.11,0.014,0.008,23414.1,9095.9,16.0,33.735,33.877,197.46,100.0,75.0,23517.0,32510.0,16.0,54.0,53.0,1614230852.8,2021-02-25 05:27:32.799999952
30795833154,r9659953-n172107,0,12784.06299996376,39.0,41.05139,2.0513916015625,Medium,Medium,30.0,60.0,100.0,345.1697009990215,2761.357607992172,12784.06299996376,50.486,19.632,3.959,25090.89,7419.11,16.0,36.763,36.57,51.129,23.687,5.503,31056.696,1453.304,16.0,37.895,37.913,117.48,100.0,10.0,31071.0,32510.0,16.0,39.0,40.0,1614726246.795,2021-03-02 23:04:06.795000076
35858094130,r6727430-n303509,0,349.53600001335144,71.0,71.1453,0.1453018188476562,Critical,Critical,100.0,100.0,100.0,349.53600001335144,349.53600001335144,349.53600001335144,167.294,67.464,44.818,5223.275,27286.725,16.0,65.371,68.732,207.332,88.841,59.579,6623.73,25886.27,16.0,68.379,73.425,248.43,95.0,65.0,6793.0,32510.0,16.0,71.0,77.0,1613433735.03,2021-02-16 00:02:15.029999971
13279273680,r7141590-n948219,0,351.6470000743866,72.0,71.1453,-0.8546981811523438,Critical,Critical,100.0,100.0,100.0,351.6470000743866,351.6470000743866,351.6470000743866,170.148,66.215,43.833,5112.347,27397.653,16.0,65.125,68.132,214.047,89.084,59.563,6614.221,25895.779,16.0,68.424,73.464,262.82,96.0,65.0,6807.0,32510.0,16.0,72.0,77.0,1613436885.518,2021-02-16 00:54:45.517999887
4421064049,r810901-n948219,1,0.6130001544952393,29.0,33.5501,4.550098419189453,Low,Low,30.0,40.0,100.0,0.016551004171371456,0.039232009887695325,0.6130001544952393,25.862,0.0,0.0,0.0,32510.0,16.0,29.0,29.0,25.862,0.0,0.0,0.0,32510.0,16.0,29.0,29.0,25.91,0.0,0.0,0.0,32510.0,16.0,29.0,29.0,1613749604.245,2021-02-19 15:46:44.244999886
65646176711,r9170217-n948219,0,7541.217000007629,51.0,49.799454,-1.2005462646484375,High,High,47.5,80.0,100.0,808.2063656726925,3861.103104003907,7541.217000007629,49.886,16.481,4.735,958.446,31551.554,16.0,41.324,40.174,75.336,37.448,14.392,4369.526,28140.474,16.0,42.214,41.629,147.58,68.0,28.0,4611.0,32510.0,16.0,51.0,52.0,1613572345.193,2021-02-17 14:32:25.193000078
3904282188,r414303-n948219,0,14283.651000022888,74.0,36.970894,-37.02910614013672,Critical,Medium,30.0,100.0,100.0,385.6585770006179,14283.651000022888,14283.651000022888,25.953,0.0,0.0,0.0,32510.0,16.0,31.0,29.0,152.428,93.898,20.599,19496.241,13013.759,16.0,66.589,65.158,265.65,100.0,55.0,19959.0,32510.0,16.0,74.0,74.0,1613990825.023,2021-02-22 10:47:05.023000002
20480571297,r974863-n410412,1,484.2699999809265,68.0,45.89791,-22.102088928222656,High,High,47.5,80.0,100.0,51.90012390420585,247.94623999023443,484.2699999809265,50.524,8.82,5.519,5260.7,27249.3,16.0,33.226,29.258,156.125,64.817,43.54,6703.592,25806.408,16.0,53.999,55.069,241.72,95.0,65.0,6801.0,32510.0,16.0,68.0,72.0,1613450220.399,2021-02-16 04:37:00.398999929
50674746715,r974863-n410412,0,350.117999792099,72.0,71.11222,-0.8877792358398438,Critical,Critical,100.0,100.0,100.0,350.117999792099,350.117999792099,350.117999792099,176.507,69.01,45.906,5270.101,27239.899,16.0,65.122,68.84,215.369,90.262,60.397,6658.051,25851.949,16.0,68.417,73.631,260.87,96.0,65.0,6793.0,32510.0,16.0,72.0,77.0,1613446741.311,2021-02-16 03:39:01.311000109
879181917,r9170217-n948219,0,413.64800000190735,70.0,71.08105,1.0810470581054688,High,Critical,100.0,80.0,100.0,413.64800000190735,211.7877760009766,413.64800000190735,116.843,39.702,26.414,3850.975,28659.025,16.0,57.663,59.993,183.754,75.391,50.693,6589.428,25920.572,16.0,66.262,70.828,246.63,94.0,64.0,6807.0,32510.0,16.0,70.0,76.0,1613587041.908,2021-02-17 18:37:21.907999992
1830596030,r6727430-n303509,0,345.3729999065399,71.0,71.1453,0.1453018188476562,Critical,Critical,100.0,100.0,100.0,345.3729999065399,345.3729999065399,345.3729999065399,164.757,66.44,44.254,5238.708,27271.292,16.0,64.447,67.612,207.324,89.238,59.936,6636.475,25873.525,16.0,68.423,73.462,246.94,100.0,64.0,6801.0,32510.0,16.0,71.0,77.0,1613443118.52,2021-02-16 02:38:38.519999981
10330541552,r7419443-n948219,0,222.35199999809265,30.0,39.3023,9.30229949951172,Low,Medium,30.0,40.0,100.0,6.003503999948501,14.230527999877934,222.35199999809265,26.982,0.0,0.0,3.502,32506.498,16.0,30.0,28.414,26.999,0.0,0.0,3.904,32506.096,16.0,30.0,28.8,27.19,0.0,0.0,4.0,32510.0,16.0,30.0,29.0,1613685139.327,2021-02-18 21:52:19.326999903
52399270154,r492024-n303766,0,6.797999858856201,34.0,44.557476,10.557476043701172,Low,Medium,30.0,40.0,100.0,0.1835459961891174,0.435071990966797,6.797999858856201,25.031,0.0,0.0,0.0,32510.0,16.0,34.0,32.0,25.031,0.0,0.0,0.0,32510.0,16.0,34.0,32.0,25.13,0.0,0.0,0.0,32510.0,16.0,34.0,32.0,1613357701.325,2021-02-15 02:55:01.325000048
34957468739,r7141590-n948219,0,354.00400018692017,72.0,71.1453,-0.8546981811523438,Critical,Critical,100.0,100.0,100.0,354.00400018692017,354.00400018692017,354.00400018692017,158.066,59.509,39.613,4750.209,27759.791,16.0,64.066,66.679,213.465,88.233,59.031,6627.841,25882.159,16.0,68.41,73.422,262.11,96.0,65.0,6807.0,32510.0,16.0,72.0,77.0,1613440049.478,2021-02-16 01:47:29.477999926
48444854843,r492024-n303766,0,349.2229998111725,71.0,71.1453,0.1453018188476562,Critical,Critical,100.0,100.0,100.0,349.2229998111725,349.2229998111725,349.2229998111725,165.321,66.091,43.983,5104.545,27405.455,16.0,64.668,68.08,209.425,88.85,59.763,6645.847,25864.153,16.0,68.404,73.299,250.29,94.0,64.0,6793.0,32510.0,16.0,71.0,77.0,1613434650.864,2021-02-16 00:17:30.864000082
57219511217,r2215649-n410412,0,0.4189999103546142,35.0,43.06123,8.061229705810547,Medium,Medium,30.0,60.0,100.0,0.011312997579574581,0.09050398063659665,0.4189999103546142,26.668,0.0,0.0,0.0,32510.0,16.0,35.0,32.0,26.668,0.0,0.0,0.0,32510.0,16.0,35.0,32.0,26.68,0.0,0.0,0.0,32510.0,16.0,35.0,32.0,1614113518.946,2021-02-23 20:51:58.946000099
19511565039,r8473362-n410412,1,10362.03200006485,73.0,70.199615,-2.800384521484375,Critical,High,47.5,100.0,100.0,1110.51839825695,10362.03200006485,10362.03200006485,92.527,40.037,22.424,2074.808,30435.192,16.0,35.509,35.406,201.206,99.712,56.699,4484.804,28025.196,16.0,68.33,74.057,221.53,100.0,60.0,4517.0,32510.0,16.0,73.0,79.0,1613012965.374,2021-02-11 03:09:25.374000072
32510145550,r7462820-n410412,1,383.1150000095368,69.0,71.1453,2.145301818847656,High,Critical,100.0,80.0,100.0,383.1150000095368,196.1548800048829,383.1150000095368,169.314,65.198,43.35,5113.177,27396.823,16.0,63.092,65.011,198.572,82.006,55.177,6649.039,25860.961,16.0,62.395,65.087,259.02,100.0,64.0,6799.0,32510.0,16.0,69.0,73.0,1613572705.041,2021-02-17 14:38:25.040999889
48160797102,r3974592-n303509,0,108675.46900010107,43.0,54.321426,11.321426391601562,Medium,High,47.5,60.0,100.0,11646.953779245207,23473.90130402183,108675.46900010107,25.343,0.0,0.0,0.0,32510.0,16.0,35.173,33.838,47.249,13.601,5.4,3446.699,29063.301,16.0,37.083,35.673,166.35,93.0,34.0,8044.0,32510.0,16.0,43.0,45.0,1613068953.941,2021-02-11 18:42:33.940999985
49833940786,r6707841-n200569,1,153.81199979782104,29.0,32.108826,3.10882568359375,Low,Low,30.0,40.0,100.0,4.152923994541168,9.84396798706055,153.81199979782104,26.663,0.0,0.0,0.0,32510.0,16.0,29.0,29.003,26.66,0.0,0.0,0.0,32510.0,16.0,29.0,29.001,26.75,0.0,0.0,0.0,32510.0,16.0,29.0,30.0,1614716436.298,2021-03-02 20:20:36.298000097
50116672580,r216287-n303509,0,2518.203000068665,47.0,41.23045,-5.769550323486328,High,Medium,30.0,80.0,100.0,67.99148100185394,1289.3199360351568,2518.203000068665,34.92,0.652,0.007,629.376,31880.624,16.0,31.513,30.204,55.596,79.839,3.669,18665.523,13844.477,16.0,39.757,38.845,264.33,100.0,76.0,19253.0,32510.0,16.0,47.0,51.0,1614709676.596,2021-03-02 18:27:56.595999956
54819650979,r4506251-n303766,0,109.59899997711182,39.0,49.882256,10.88225555419922,Medium,High,47.5,60.0,100.0,11.74593032567203,23.67338399505615,109.59899997711182,29.836,0.0,0.0,0.0,32510.0,16.0,38.548,39.665,29.488,0.0,0.0,0.0,32510.0,16.0,37.343,38.305,30.16,0.0,0.0,0.0,32510.0,16.0,39.0,41.0,1613470596.696,2021-02-16 10:16:36.696000099
24627951701,r7753495-n303509,0,131.49000000953674,36.0,38.623974,2.623973846435547,Medium,Medium,30.0,60.0,100.0,3.5502300002574914,28.40184000205993,131.49000000953674,25.448,0.0,0.0,3.329,32506.671,16.0,36.0,35.0,25.445,0.0,0.0,3.798,32506.202,16.0,36.0,35.0,25.7,0.0,0.0,4.0,32510.0,16.0,36.0,35.0,1613683810.908,2021-02-18 21:30:10.907999992
13612704365,r8141575-n410412,0,9544.90799999237,42.0,40.415977,-1.5840225219726562,Medium,Medium,30.0,60.0,100.0,257.712515999794,2061.700127998352,9544.90799999237,31.895,0.214,0.011,12251.907,20258.093,16.0,33.441,32.025,53.77,22.661,7.372,31012.242,1497.758,16.0,39.641,38.14,123.2,50.0,16.0,31071.0,32510.0,16.0,42.0,41.0,1614355471.603,2021-02-26 16:04:31.602999926
9890999195,r8024255-n303766,0,140.32500004768372,38.0,43.885902,5.885902404785156,Medium,Medium,30.0,60.0,100.0,3.7887750012874597,30.310200010299678,140.32500004768372,34.003,0.418,0.0,421.326,32088.674,16.0,33.653,31.123,40.667,2.924,1.897,10407.873,22102.127,16.0,35.514,32.822,197.09,100.0,92.0,31537.0,32510.0,16.0,38.0,43.0,1613365807.892,2021-02-15 05:10:07.891999960
38975731272,r4099734-n172107,0,8994.545000076294,40.0,40.713844,0.7138442993164062,Medium,Medium,30.0,60.0,100.0,242.8527150020599,1942.8217200164793,8994.545000076294,36.77,9.859,0.697,17568.817,14941.183,16.0,37.924,36.079,42.104,21.36,1.753,31025.699,1484.301,16.0,39.207,37.273,69.84,100.0,6.0,31071.0,32510.0,16.0,40.0,38.0,1614737556.337,2021-03-03 02:12:36.336999893
18888127632,r8024255-n410412,0,397.91299986839294,71.0,71.16006,0.1600570678710937,Critical,Critical,100.0,100.0,100.0,397.91299986839294,397.91299986839294,397.91299986839294,129.575,45.556,30.259,4248.273,28261.727,16.0,61.266,62.86,192.753,78.954,53.015,6595.634,25914.366,16.0,67.899,71.444,253.24,96.0,63.0,6799.0,32510.0,16.0,71.0,76.0,1613526335.986,2021-02-17 01:45:35.986000061
55823347786,r7753495-n772143,0,48.83299994468689,37.0,40.176353,3.176353454589844,Medium,Medium,30.0,60.0,100.0,1.3184909985065458,10.547927988052367,48.83299994468689,46.824,6.773,1.067,14737.135,17772.865,16.0,33.117,30.652,44.598,4.17,0.657,19464.295,13045.705,16.0,33.072,30.782,202.82,100.0,27.0,27193.0,32510.0,16.0,37.0,34.0,1614726922.139,2021-03-02 23:15:22.138999939
3442758129,r2684277-n948219,0,2928.141000032425,43.0,43.553967,0.5539665222167969,Medium,Medium,30.0,60.0,100.0,79.05980700087547,632.4784560070037,2928.141000032425,35.222,0.035,0.0,17764.278,14745.722,16.0,39.595,38.0,46.75,14.915,2.452,30931.016,1578.984,16.0,42.1,40.214,60.45,100.0,11.0,31071.0,32510.0,16.0,43.0,42.0,1614079401.136,2021-02-23 11:23:21.135999918
17040552927,r9480604-n303766,0,3099.398000001908,46.0,43.363472,-2.6365280151367188,High,Medium,30.0,80.0,100.0,83.6837460000515,1586.8917760009772,3099.398000001908,28.866,0.0,0.0,0.0,32510.0,16.0,33.697,31.398,70.712,36.81,12.483,1576.072,30933.928,16.0,42.457,40.832,116.61,54.0,18.0,1671.0,32510.0,16.0,46.0,46.0,1613329495.514,2021-02-14 19:04:55.513999938
13823042574,r5179276-n948219,0,355.9689998626709,72.0,71.1453,-0.8546981811523438,Critical,Critical,100.0,100.0,100.0,355.9689998626709,355.9689998626709,355.9689998626709,159.767,63.512,42.551,5065.333,27444.667,16.0,62.828,68.354,204.537,87.788,59.07,6651.582,25858.418,16.0,68.445,76.945,246.18,95.0,66.0,6799.0,32510.0,16.0,72.0,81.0,1613574008.334,2021-02-17 15:00:08.334000111
37864616137,r7419443-n772143,0,593.954999923706,30.0,41.516743,11.516742706298828,Low,Medium,30.0,40.0,100.0,16.03678499794006,38.013119995117194,593.954999923706,25.403,0.0,0.0,0.0,32510.0,16.0,30.0,28.0,25.365,0.0,0.0,0.0,32510.0,16.0,29.759,28.0,25.58,0.0,0.0,0.0,32510.0,16.0,30.0,28.0,1614759517.426,2021-03-03 08:18:37.426000118
29814388896,r2684277-n948219,0,12041.46700000763,74.0,41.051884,-32.948116302490234,Critical,Medium,30.0,100.0,100.0,325.11960900020597,12041.46700000763,12041.46700000763,26.333,0.0,0.0,0.0,32510.0,16.0,30.93,29.056,208.17,93.902,62.977,2819.366,29690.634,16.0,67.875,72.026,235.44,98.0,69.0,4279.0,32510.0,16.0,74.0,78.0,1613993645.374,2021-02-22 11:34:05.374000072
45114595657,r8275852-n410412,0,475.930999994278,36.0,41.89066,5.890659332275391,Medium,Medium,30.0,60.0,100.0,12.850136999845505,102.80109599876404,475.930999994278,28.856,0.0,0.0,3.451,32506.549,16.0,36.0,37.0,28.901,0.0,0.0,3.935,32506.065,16.0,36.0,37.0,29.22,0.0,0.0,4.0,32510.0,16.0,36.0,38.0,1613688526.908,2021-02-18 22:48:46.907999992
11983359824,r5179276-n948219,0,10729.572000026705,41.0,45.260178,4.260177612304688,Medium,High,47.5,60.0,100.0,1149.9083491903618,2317.587552005768,10729.572000026705,37.652,6.979,0.598,20837.815,11672.185,16.0,39.769,38.049,42.469,20.834,1.479,31042.127,1467.873,16.0,40.454,39.0,71.35,34.0,3.0,31071.0,32510.0,16.0,41.0,40.0,1613414117.776,2021-02-15 18:35:17.776000023
3100229904,r8275852-n303766,0,6.519000053405762,31.0,35.223568,4.223567962646484,Low,Medium,30.0,40.0,100.0,0.17601300144195553,0.41721600341796883,6.519000053405762,25.811,0.0,0.0,0.0,32510.0,16.0,31.0,30.0,25.811,0.0,0.0,0.0,32510.0,16.0,31.0,30.0,25.91,0.0,0.0,0.0,32510.0,16.0,31.0,30.0,1613165433.182,2021-02-12 21:30:33.181999922
11628119649,r4144777-n303509,0,3342.1849999427795,41.0,50.593975,9.593975067138672,Medium,High,47.5,60.0,100.0,358.18823304074255,721.9119599876403,3342.1849999427795,30.162,2.304,0.14,0.0,32510.0,16.0,38.154,35.986,44.862,19.444,2.519,29572.773,2937.227,16.0,39.879,37.468,52.62,100.0,6.0,30709.0,32510.0,16.0,41.0,38.0,1614311568.971,2021-02-26 03:52:48.970999956
24251224664,r7269000-n948219,1,404.0640001296997,72.0,71.21061,-0.7893905639648438,Critical,Critical,100.0,100.0,100.0,404.0640001296997,404.0640001296997,404.0640001296997,126.852,43.067,28.609,4039.708,28470.292,16.0,54.539,56.035,191.207,77.626,52.132,6585.221,25924.779,16.0,63.623,67.66,254.71,93.0,63.0,6793.0,32510.0,16.0,72.0,76.0,1613444946.573,2021-02-16 03:09:06.572999954
55206225054,r7269000-n303509,0,353.9530000686645,71.0,71.09756,0.0975570678710937,Critical,Critical,100.0,100.0,100.0,353.9530000686645,353.9530000686645,353.9530000686645,177.567,69.543,46.097,5281.706,27228.294,16.0,63.353,66.26,213.33,88.819,59.594,6646.758,25863.242,16.0,68.096,72.995,254.86,100.0,65.0,6801.0,32510.0,16.0,71.0,77.0,1613586099.004,2021-02-17 18:21:39.003999949
21879720755,r492024-n410412,0,56513.92200016976,72.0,38.911602,-33.08839797973633,Critical,Medium,30.0,100.0,100.0,1525.8758940045834,56513.92200016976,56513.92200016976,28.072,0.0,0.0,0.0,32510.0,16.0,32.0,31.0,159.27,83.595,28.435,27626.646,4883.354,16.0,63.561,64.836,274.5,100.0,46.0,31127.0,32510.0,16.0,72.0,74.0,1613688902.748,2021-02-18 22:55:02.747999907
48130599015,r9515777-n303766,0,329.9249999523163,58.0,69.56911,11.569107055664062,High,High,47.5,80.0,100.0,35.35868085426464,168.921599975586,329.9249999523163,107.829,53.169,29.074,3416.095,29093.905,16.0,53.296,54.211,120.814,61.938,33.956,4759.98,27750.02,16.0,56.184,57.714,224.63,87.0,57.0,4955.0,32510.0,16.0,58.0,61.0,1614610066.821,2021-03-01 14:47:46.821000099
48883240108,r5179276-n948219,0,350.90499997138977,72.0,71.1453,-0.8546981811523438,Critical,Critical,100.0,100.0,100.0,350.90499997138977,350.90499997138977,350.90499997138977,167.686,68.123,45.342,5261.335,27248.665,16.0,65.113,70.011,206.546,89.067,59.831,6664.172,25845.828,16.0,68.432,75.558,246.12,95.0,66.0,6799.0,32510.0,16.0,72.0,80.0,1613583820.953,2021-02-17 17:43:40.953000069
16134055238,r4506251-n303766,0,0.4149999618530273,31.0,37.346504,6.346504211425781,Low,Medium,30.0,40.0,100.0,0.011204998970031734,0.026559997558593753,0.4149999618530273,28.052,0.0,0.0,0.0,32510.0,16.0,31.0,31.0,28.052,0.0,0.0,0.0,32510.0,16.0,31.0,31.0,28.12,0.0,0.0,0.0,32510.0,16.0,31.0,31.0,1614724777.055,2021-03-02 22:39:37.055000067
48128508635,r2215649-n303766,0,190.92999982833865,44.0,44.692432,0.6924324035644531,Medium,Medium,30.0,60.0,100.0,5.155109995365143,41.24087996292114,190.92999982833865,42.47,0.122,0.0,519.611,31990.389,16.0,37.0,34.0,39.616,0.834,0.1,1051.023,31458.977,16.0,36.806,33.898,228.12,100.0,19.0,9143.0,32510.0,16.0,44.0,37.0,1614367149.782,2021-02-26 19:19:09.782000065
5524269537,r7269000-n303509,0,351.896999835968,71.0,71.1453,0.1453018188476562,Critical,Critical,100.0,100.0,100.0,351.896999835968,351.896999835968,351.896999835968,167.703,63.889,42.362,4918.108,27591.892,16.0,63.418,65.976,213.803,89.582,60.087,6634.187,25875.813,16.0,68.09,73.063,253.94,100.0,69.0,6801.0,32510.0,16.0,71.0,76.0,1613579812.65,2021-02-17 16:36:52.650000095
40004119704,r4506251-n303766,0,5644.213999986649,45.0,47.74745,2.7474517822265625,High,High,47.5,80.0,100.0,604.900997279819,2889.8375679931646,5644.213999986649,28.696,0.0,0.0,0.0,32510.0,16.0,35.0,35.184,61.696,32.262,7.503,1576.425,30933.575,16.0,43.268,44.452,128.48,53.0,15.0,1605.0,32510.0,16.0,45.0,46.0,1613328622.156,2021-02-14 18:50:22.155999899
24891011704,r8141575-n303766,1,75.36699986457825,30.0,41.859936,11.859935760498049,Low,Medium,30.0,40.0,100.0,2.034908996343612,4.823487991333009,75.36699986457825,25.329,0.0,0.0,0.0,32510.0,16.0,30.0,28.0,25.334,0.0,0.0,0.0,32510.0,16.0,30.0,28.0,25.53,0.0,0.0,0.0,32510.0,16.0,30.0,28.0,1614047654.005,2021-02-23 02:34:14.005000114
56807814632,r2684277-n948219,0,66.68600010871887,31.0,37.624477,6.624477386474609,Low,Medium,30.0,40.0,100.0,1.8005220029354092,4.267904006958009,66.68600010871887,26.457,0.0,0.0,3.82,32506.18,16.0,30.3,29.131,26.453,0.0,0.0,3.745,32506.255,16.0,30.399,29.107,26.6,0.0,0.0,4.0,32510.0,16.0,31.0,30.0,1613477350.975,2021-02-16 12:09:10.974999905
3920101496,r974863-n410412,1,6777.838000059128,44.0,37.578075,-6.421924591064453,Medium,Medium,30.0,60.0,100.0,183.00162600159643,1464.0130080127715,6777.838000059128,35.035,1.552,0.021,501.024,32008.976,16.0,34.231,29.993,58.886,30.941,9.652,1519.702,30990.298,16.0,41.085,38.095,104.89,41.0,14.0,1539.0,32510.0,16.0,44.0,41.0,1613429755.858,2021-02-15 22:55:55.858000040
14788719891,r204106-n200569,0,62.52999997138977,33.0,39.00989,6.009891510009766,Low,Medium,30.0,40.0,100.0,1.6883099992275237,4.001919998168947,62.52999997138977,27.69,0.0,0.0,0.0,32510.0,16.0,32.903,30.962,27.693,0.0,0.0,0.0,32510.0,16.0,32.882,30.97,27.83,0.0,0.0,0.0,32510.0,16.0,33.0,31.0,1614718332.608,2021-03-02 20:52:12.608000040
25525170311,r492024-n303766,0,166.37299990653992,39.0,48.014107,9.01410675048828,Medium,High,47.5,60.0,100.0,17.830506349358707,35.936567979812615,166.37299990653992,25.077,0.0,0.0,0.0,32510.0,16.0,34.0,32.87,30.032,1.429,1.012,1531.512,30978.488,16.0,34.43,32.649,204.12,91.0,69.0,18813.0,32510.0,16.0,39.0,42.0,1613366999.594,2021-02-15 05:29:59.594000101
34906052487,r2215649-n410412,0,47.56699991226196,38.0,46.527172,8.527172088623047,Medium,High,47.5,60.0,100.0,5.09784456872195,10.274471981048583,47.56699991226196,27.155,0.0,0.0,0.0,32510.0,16.0,37.481,35.0,27.143,0.0,0.0,0.0,32510.0,16.0,37.323,34.996,27.41,0.0,0.0,0.0,32510.0,16.0,38.0,35.0,1613922739.825,2021-02-21 15:52:19.825000048
55862616584,r4506251-n303766,0,392.84500002861023,71.0,71.1453,0.1453018188476562,Critical,Critical,100.0,100.0,100.0,392.84500002861023,392.84500002861023,392.84500002861023,173.83,67.202,44.571,5222.822,27287.178,16.0,64.829,70.31,195.853,79.637,53.556,6674.835,25835.165,16.0,66.894,73.436,254.12,95.0,65.0,6799.0,32510.0,16.0,71.0,79.0,1613464628.828,2021-02-16 08:37:08.828000069
3470677188,r8972851-n948219,0,42855.6289999485,57.0,51.10356,-5.8964385986328125,High,High,47.5,80.0,100.0,4592.918114228855,21942.08204797364,42855.6289999485,34.297,0.081,0.0,219.249,32290.751,16.0,40.404,38.947,87.314,29.523,24.533,26714.214,5795.786,16.0,50.273,50.682,217.38,100.0,91.0,26757.0,32510.0,16.0,57.0,63.0,1613478490.762,2021-02-16 12:28:10.762000084
24425875217,r7141590-n303509,0,437.0690000057221,73.0,70.95971,-2.0402908325195312,Critical,High,47.5,100.0,100.0,46.84150423498824,437.0690000057221,437.0690000057221,110.282,36.288,23.961,3678.116,28831.884,16.0,53.712,53.281,185.587,72.492,48.333,6559.627,25950.373,16.0,67.458,68.693,269.17,94.0,64.0,6799.0,32510.0,16.0,73.0,75.0,1613484954.663,2021-02-16 14:15:54.663000107
39616236927,r8473362-n410412,0,3343.971999883652,49.0,42.992588,-6.007411956787109,High,Medium,30.0,80.0,100.0,90.28724399685859,1712.1136639404303,3343.971999883652,27.157,0.0,0.0,0.0,32510.0,16.0,35.0,33.0,62.322,29.58,7.589,1059.828,31450.172,16.0,44.863,43.243,101.82,45.0,13.0,1093.0,32510.0,16.0,49.0,48.0,1613791358.378,2021-02-20 03:22:38.378000021
6610958728,r9988778-n303766,1,5308.9420001506805,42.0,43.83945,1.8394508361816408,Medium,Medium,30.0,60.0,100.0,143.34143400406836,1146.731472032547,5308.9420001506805,26.482,0.0,0.0,0.0,32510.0,16.0,30.043,27.996,59.016,30.55,5.921,967.96,31542.04,16.0,39.722,37.493,107.24,46.0,10.0,1027.0,32510.0,16.0,42.0,40.0,1613456886.916,2021-02-16 06:28:06.915999889
42389854608,r8972851-n948219,0,351.1860001087189,71.0,71.09756,0.0975570678710937,Critical,Critical,100.0,100.0,100.0,351.1860001087189,351.1860001087189,351.1860001087189,178.024,69.353,45.895,5281.024,27228.976,16.0,64.514,67.066,215.137,89.86,60.072,6629.294,25880.706,16.0,68.187,72.4,259.02,96.0,66.0,6807.0,32510.0,16.0,71.0,76.0,1613523113.047,2021-02-17 00:51:53.046999931
26385977070,r2684277-n948219,1,151.48300004005432,30.0,38.556236,8.556236267089844,Low,Medium,30.0,40.0,100.0,4.090041001081466,9.694912002563479,151.48300004005432,26.811,0.0,0.0,3.776,32506.224,16.0,30.0,28.869,26.782,0.0,0.0,3.863,32506.137,16.0,30.0,28.65,26.91,0.0,0.0,4.0,32510.0,16.0,30.0,29.0,1613477197.431,2021-02-16 12:06:37.430999994
42666593714,r7462820-n303766,1,4152.388000011444,40.0,37.59138,-2.408618927001953,Medium,Medium,30.0,60.0,100.0,112.11447600030897,896.9158080024717,4152.388000011444,36.461,2.132,0.021,457.582,32052.418,16.0,33.78,32.0,57.943,30.355,6.697,1022.562,31487.438,16.0,38.825,37.566,96.09,43.0,10.0,1027.0,32510.0,16.0,40.0,39.0,1613377066.873,2021-02-15 08:17:46.872999907
64249433600,r9170217-n303509,0,43216.49399995804,47.0,39.214096,-7.7859039306640625,High,Medium,30.0,80.0,100.0,1166.8453379988669,22126.84492797852,43216.49399995804,25.935,0.0,0.0,0.032,32509.968,16.0,32.0,29.004,32.86,1.655,0.045,823.055,31686.945,16.0,34.975,31.489,179.74,93.0,60.0,1483.0,32510.0,16.0,47.0,46.0,1613392069.923,2021-02-15 12:27:49.923000097
55761022752,r4683026-n948219,0,32571.40199995041,55.0,56.972946,1.9729461669921875,High,High,47.5,80.0,100.0,3490.7382237134348,16676.557823974614,32571.40199995041,27.458,0.0,0.0,0.0,32510.0,16.0,39.362,39.701,73.386,18.055,10.098,8585.206,23924.794,16.0,46.791,47.68,219.36,100.0,58.0,9147.0,32510.0,16.0,55.0,58.0,1613938183.279,2021-02-21 20:09:43.279000044
57926608082,r7269000-n948219,0,376.0580000877381,71.0,71.81237,0.8123703002929688,Critical,Critical,100.0,100.0,100.0,376.0580000877381,376.0580000877381,376.0580000877381,129.12,47.274,31.474,4143.589,28366.411,16.0,46.032,45.982,206.045,83.961,55.927,6575.405,25934.595,16.0,66.682,69.582,264.06,95.0,64.0,6793.0,32510.0,16.0,71.0,75.0,1613441609.932,2021-02-16 02:13:29.931999922
6181980570,r8141575-n410412,1,3828.590000152588,36.0,42.358658,6.358657836914063,Medium,Medium,30.0,60.0,100.0,103.37193000411986,826.9754400329589,3828.590000152588,26.675,0.0,0.0,0.0,32510.0,16.0,31.285,29.941,31.996,0.004,0.0,525.441,31984.559,16.0,33.16,31.164,40.68,24.0,1.0,1211.0,32510.0,16.0,36.0,34.0,1614616238.08,2021-03-01 16:30:38.079999924
46013556703,r2215649-n410412,1,11232.65499997139,42.0,40.351803,-1.6481971740722656,Medium,Medium,30.0,60.0,100.0,303.2816849992275,2426.25347999382,11232.65499997139,26.175,0.0,0.0,0.0,32510.0,16.0,32.0,29.0,53.588,26.889,4.57,1000.651,31509.349,16.0,40.424,36.788,95.89,44.0,9.0,1027.0,32510.0,16.0,42.0,39.0,1613457268.973,2021-02-16 06:34:28.973000050
62624255081,r2215649-n410412,0,58.3970000743866,38.0,37.80049,-0.1995086669921875,Medium,Medium,30.0,60.0,100.0,1.5767190020084378,12.613752016067503,58.3970000743866,39.984,25.086,0.0,892.04,31617.96,16.0,36.547,33.54,42.152,27.353,0.0,968.678,31541.322,16.0,37.261,34.143,44.86,49.0,0.0,1065.0,32510.0,16.0,38.0,35.0,1614114797.649,2021-02-23 21:13:17.648999929
47119029873,r4099734-n172107,1,11002.020000219343,39.0,40.072033,1.0720329284667969,Medium,Medium,30.0,60.0,100.0,297.0545400059222,2376.4363200473776,11002.020000219343,44.284,17.072,2.364,24984.137,7525.863,16.0,36.694,35.371,46.555,23.454,3.435,31054.086,1455.914,16.0,37.015,35.616,107.38,38.0,5.0,31071.0,32510.0,16.0,39.0,38.0,1614743352.86,2021-03-03 03:49:12.859999895
13777816958,r7317916-n948219,1,386.2400000095368,73.0,71.45781,-1.5421905517578125,Critical,Critical,100.0,100.0,100.0,386.2400000095368,386.2400000095368,386.2400000095368,122.824,47.143,31.395,4142.112,28367.888,16.0,42.437,42.99,196.65,81.213,54.6,6586.72,25923.28,16.0,63.342,68.172,260.19,100.0,64.0,6801.0,32510.0,16.0,73.0,79.0,1613483514.886,2021-02-16 13:51:54.885999918
6167723078,r4605940-n948219,0,84874.42300009727,64.0,39.63297,-24.36703109741211,High,Medium,30.0,80.0,100.0,2291.6094210026263,43455.704576049815,84874.42300009727,26.422,0.0,0.0,0.925,32509.075,16.0,30.724,29.0,101.242,99.11,14.782,31601.587,908.413,16.0,56.372,54.682,259.72,100.0,49.0,31641.0,32510.0,16.0,64.0,64.0,1614558342.11,2021-03-01 00:25:42.109999895
10564472974,r9170217-n303509,1,188254.5380001068,37.0,38.228683,1.2286834716796875,Medium,Medium,30.0,60.0,100.0,5082.872526002883,40662.980208023066,188254.5380001068,24.743,0.0,0.0,0.0,32510.0,16.0,29.0,28.0,42.4,12.783,3.101,1375.732,31134.268,16.0,34.576,32.903,85.57,41.0,10.0,1377.0,32510.0,16.0,37.0,36.0,1613128889.773,2021-02-12 11:21:29.773000002
19654398853,r7141590-n303509,0,427.710000038147,72.0,71.0802,-0.9197998046875,Critical,Critical,100.0,100.0,100.0,427.710000038147,427.710000038147,427.710000038147,121.758,37.289,24.662,3718.18,28791.82,16.0,60.599,60.246,188.843,74.015,49.346,6578.128,25931.872,16.0,67.961,69.322,266.58,94.0,64.0,6799.0,32510.0,16.0,72.0,74.0,1613483934.796,2021-02-16 13:58:54.796000004
64414857128,r8024255-n410412,0,384.9370000362396,71.0,71.155426,0.155426025390625,Critical,Critical,100.0,100.0,100.0,384.9370000362396,384.9370000362396,384.9370000362396,138.391,50.559,33.678,4360.902,28149.098,16.0,61.157,62.969,197.84,81.571,54.822,6599.119,25910.881,16.0,67.815,71.486,252.83,94.0,63.0,6793.0,32510.0,16.0,71.0,75.0,1613526734.216,2021-02-17 01:52:14.216000080
3904282188,r2215649-n303766,0,14283.651000022888,74.0,39.637123,-34.362876892089844,Critical,Medium,30.0,100.0,100.0,385.6585770006179,14283.651000022888,14283.651000022888,25.24,0.0,0.0,0.0,32510.0,16.0,32.0,29.361,156.542,93.998,20.535,19492.589,13017.411,16.0,66.903,65.005,277.24,100.0,55.0,19959.0,32510.0,16.0,74.0,74.0,1613990825.024,2021-02-22 10:47:05.023999929
24625976766,r3974592-n303509,1,24.14400005340576,28.0,26.551704,-1.4482955932617188,Low,Low,30.0,40.0,100.0,0.6518880014419555,1.5452160034179692,24.14400005340576,24.824,0.0,0.0,3.664,32506.336,16.0,28.0,27.0,24.824,0.0,0.0,3.664,32506.336,16.0,28.0,27.0,25.13,0.0,0.0,4.0,32510.0,16.0,28.0,27.0,1613287604.865,2021-02-14 07:26:44.865000010
44562577425,r7317916-n948219,1,357.35599994659424,69.0,71.163994,2.1639938354492188,High,Critical,100.0,80.0,100.0,357.35599994659424,182.9662719726563,357.35599994659424,163.171,65.257,43.588,5047.961,27462.039,16.0,55.676,58.542,209.155,87.914,59.115,6643.012,25866.988,16.0,64.953,70.487,258.13,95.0,65.0,6793.0,32510.0,16.0,69.0,76.0,1613478658.632,2021-02-16 12:30:58.631999969
7170057274,r1039410-n303509,0,95.09300017356873,38.0,51.460773,13.460773468017578,Medium,High,47.5,60.0,100.0,10.191295127976684,20.540088037490843,95.09300017356873,26.764,0.0,0.0,0.0,32510.0,16.0,38.0,36.144,26.73,0.0,0.0,0.0,32510.0,16.0,38.0,36.1,27.02,0.0,0.0,0.0,32510.0,16.0,38.0,37.0,1613051738.689,2021-02-11 13:55:38.688999891
16285697235,r9480604-n303766,1,22341.65700006485,56.0,37.722504,-18.277496337890625,High,Medium,30.0,80.0,100.0,603.2247390017509,11438.928384033206,22341.65700006485,25.987,0.0,0.0,0.0,32510.0,16.0,30.0,29.0,87.303,34.468,16.201,8837.838,23672.162,16.0,45.549,45.505,234.73,100.0,65.0,8955.0,32510.0,16.0,56.0,60.0,1613388743.983,2021-02-15 11:32:23.983000040
20045180051,r492024-n303766,0,373.1670000553131,72.0,71.1453,-0.8546981811523438,Critical,Critical,100.0,100.0,100.0,373.1670000553131,373.1670000553131,373.1670000553131,155.313,60.189,40.101,4828.087,27681.913,16.0,63.003,65.808,199.758,83.132,55.948,6646.008,25863.992,16.0,68.337,72.88,250.26,94.0,64.0,6807.0,32510.0,16.0,72.0,77.0,1613436465.411,2021-02-16 00:47:45.411000013
3100229904,r8275852-n303766,1,6.519000053405762,31.0,35.568657,4.568656921386719,Low,Medium,30.0,40.0,100.0,0.17601300144195553,0.41721600341796883,6.519000053405762,27.475,0.0,0.0,0.0,32510.0,16.0,31.0,28.0,27.475,0.0,0.0,0.0,32510.0,16.0,31.0,28.0,27.59,0.0,0.0,0.0,32510.0,16.0,31.0,28.0,1613165433.185,2021-02-12 21:30:33.184999943
20218826461,r2215649-n410412,0,7614.214999914169,51.0,37.966743,-13.03325653076172,High,Medium,30.0,80.0,100.0,205.58380499768253,3898.478079956056,7614.214999914169,26.207,0.0,0.0,0.0,32510.0,16.0,31.0,28.993,73.929,43.952,10.949,1280.154,31229.846,16.0,48.3,45.908,123.08,58.0,16.0,1671.0,32510.0,16.0,51.0,49.0,1613419908.512,2021-02-15 20:11:48.512000083
54302782832,r4506251-n303766,0,27688.99699997902,62.0,48.288174,-13.71182632446289,High,High,47.5,80.0,100.0,2967.481725357126,14176.766463989261,27688.99699997902,37.661,6.557,1.589,2364.188,30145.812,16.0,35.526,36.328,113.578,53.271,22.323,28550.811,3959.189,16.0,56.179,59.194,270.75,100.0,73.0,28581.0,32510.0,16.0,62.0,68.0,1613356871.952,2021-02-15 02:41:11.951999903
56667914638,r9988778-n303766,0,421.60599994659424,74.0,71.1453,-2.854698181152344,Critical,Critical,100.0,100.0,100.0,421.60599994659424,421.60599994659424,421.60599994659424,173.419,68.899,45.661,5285.503,27224.497,16.0,64.871,69.661,183.908,74.667,49.986,6694.97,25815.03,16.0,68.038,73.466,257.59,96.0,68.0,6807.0,32510.0,16.0,74.0,81.0,1613462470.533,2021-02-16 08:01:10.532999992
30064154216,r492024-n303766,0,392.2480001449585,72.0,71.61726,-0.3827362060546875,Critical,Critical,100.0,100.0,100.0,392.2480001449585,392.2480001449585,392.2480001449585,109.021,39.418,26.211,4952.056,27557.944,16.0,48.116,49.018,190.729,79.26,53.278,6649.035,25860.965,16.0,66.306,70.428,251.09,94.0,65.0,6793.0,32510.0,16.0,72.0,78.0,1613439478.79,2021-02-16 01:37:58.789999962
10969022550,r1039410-n948219,0,172666.74700021744,71.0,66.15824,-4.841758728027344,Critical,High,47.5,100.0,100.0,18505.019026163925,172666.74700021744,172666.74700021744,92.65,52.2,44.855,14387.553,18122.447,16.0,35.411,38.36,130.958,73.229,63.389,21641.478,10868.522,16.0,65.116,69.378,185.12,100.0,89.0,21643.0,32510.0,16.0,71.0,78.0,1613477429.597,2021-02-16 12:10:29.596999884
10577630989,r6727430-n303509,0,346.085000038147,71.0,71.1453,0.1453018188476562,Critical,Critical,100.0,100.0,100.0,346.085000038147,346.085000038147,346.085000038147,167.514,68.238,45.324,5231.5,27278.5,16.0,65.483,68.845,208.104,89.56,60.102,6640.83,25869.17,16.0,68.345,73.403,246.63,95.0,65.0,6799.0,32510.0,16.0,71.0,76.0,1613433040.901,2021-02-15 23:50:40.901000023
53211124375,r8972851-n200569,1,62.67400002479553,28.0,40.820732,12.82073211669922,Low,Medium,30.0,40.0,100.0,1.6921980006694792,4.011136001586915,62.67400002479553,25.621,0.0,0.0,0.0,32510.0,16.0,28.0,27.865,25.62,0.0,0.0,0.0,32510.0,16.0,28.0,27.895,25.67,0.0,0.0,0.0,32510.0,16.0,28.0,28.0,1614758538.331,2021-03-03 08:02:18.331000090
57304990340,r9648383-n410412,1,68.77900004386902,32.0,41.961178,9.961177825927734,Low,Medium,30.0,40.0,100.0,1.8570330011844633,4.401856002807619,68.77900004386902,26.854,0.0,0.0,0.0,32510.0,16.0,32.0,29.033,26.855,0.0,0.0,0.0,32510.0,16.0,32.0,29.016,26.99,0.0,0.0,0.0,32510.0,16.0,32.0,30.0,1614734634.968,2021-03-03 01:23:54.967999935
60804573610,r974863-n303766,1,604858.3359999657,49.0,47.661194,-1.33880615234375,High,High,47.5,80.0,100.0,64823.80197849631,309687.4680319825,604858.3359999657,27.495,0.0,0.0,0.0,32510.0,16.0,35.587,33.945,67.543,98.847,9.044,18070.285,14439.715,16.0,41.18,38.975,199.97,100.0,68.0,18271.0,32510.0,16.0,49.0,48.0,1613214328.213,2021-02-13 11:05:28.213000059
22136128559,r9648383-n410412,0,39.86299991607666,32.0,43.70262,11.702621459960938,Low,Medium,30.0,40.0,100.0,1.0763009977340696,2.551231994628907,39.86299991607666,26.41,0.0,0.0,0.0,32510.0,16.0,32.0,31.993,26.409,0.0,0.0,0.0,32510.0,16.0,32.0,31.981,26.51,0.0,0.0,0.0,32510.0,16.0,32.0,32.0,1614734527.447,2021-03-03 01:22:07.447000027
5231649935,r4683026-n948219,0,881.789999961853,39.0,46.44225,7.442249298095703,Medium,High,47.5,60.0,100.0,94.50308765216171,190.46663999176022,881.789999961853,26.211,0.0,0.0,1.394,32508.606,16.0,33.0,33.0,36.25,0.03,0.002,1241.258,31268.742,16.0,35.8,35.072,56.02,35.0,6.0,3515.0,32510.0,16.0,39.0,37.0,1613971579.496,2021-02-22 05:26:19.496000051
45764867848,r216287-n303509,0,29610.62800002098,59.0,36.757057,-22.242942810058597,High,Medium,30.0,80.0,100.0,799.4869560005664,15160.641536010746,29610.62800002098,27.971,0.0,0.0,3.958,32506.042,16.0,31.0,30.0,117.317,61.198,22.901,25033.701,7476.299,16.0,55.238,55.89,256.08,100.0,71.0,25075.0,32510.0,16.0,59.0,61.0,1612856086.762,2021-02-09 07:34:46.762000084
43083487485,r2215649-n410412,0,119.72699999809264,39.0,38.814415,-0.1855850219726562,Medium,Medium,30.0,60.0,100.0,3.232628999948501,25.861031999588008,119.72699999809264,43.697,23.877,0.007,892.407,31617.593,16.0,37.779,34.239,44.139,28.959,0.003,1009.788,31500.212,16.0,38.472,35.119,45.85,50.0,1.0,1065.0,32510.0,16.0,39.0,36.0,1614113754.597,2021-02-23 20:55:54.596999884
18331731730,r9170217-n303509,1,26980.00500011444,44.0,41.42429,-2.57571029663086,Medium,Medium,30.0,60.0,100.0,728.4601350030898,5827.6810800247185,26980.00500011444,24.759,0.0,0.0,0.0,32510.0,16.0,30.0,28.059,67.038,31.634,8.759,1019.902,31490.098,16.0,41.677,40.596,108.87,42.0,12.0,1027.0,32510.0,16.0,44.0,44.0,1613069831.678,2021-02-11 18:57:11.677999973
42553503703,r4506251-n303766,0,1508.112999916077,33.0,44.83119,11.831188201904297,Low,Medium,30.0,40.0,100.0,40.71905099773407,96.51923199462894,1508.112999916077,28.443,0.0,0.0,0.0,32510.0,16.0,32.69,33.697,27.991,0.0,0.0,0.0,32510.0,16.0,30.819,31.19,28.68,0.0,0.0,0.0,32510.0,16.0,33.0,34.0,1614723102.482,2021-03-02 22:11:42.482000113
12825144153,r6727430-n303509,0,376.941999912262,71.0,71.1453,0.1453018188476562,Critical,Critical,100.0,100.0,100.0,376.941999912262,376.941999912262,376.941999912262,154.9,61.247,40.636,4806.361,27703.639,16.0,63.904,66.598,195.89,82.26,55.267,6643.624,25866.376,16.0,68.324,72.789,248.62,95.0,66.0,6807.0,32510.0,16.0,71.0,77.0,1613437337.999,2021-02-16 01:02:17.999000072
40221766530,r4683026-n948219,0,111.97399997711182,42.0,49.184975,7.184974670410156,Medium,High,47.5,60.0,100.0,12.00046352879703,24.18638399505615,111.97399997711182,26.625,0.0,0.0,0.0,32510.0,16.0,36.0,36.0,31.739,0.52,0.089,977.876,31532.124,16.0,36.658,36.4,197.4,74.0,29.0,15723.0,32510.0,16.0,42.0,40.0,1614341141.225,2021-02-26 12:05:41.224999905
42274023965,r414303-n772143,0,321.71399998664856,32.0,41.732193,9.732192993164062,Low,Medium,30.0,40.0,100.0,8.68627799963951,20.589695999145512,321.71399998664856,26.571,0.0,0.0,0.0,32510.0,16.0,31.965,30.0,26.562,0.0,0.0,0.0,32510.0,16.0,31.73,29.872,26.65,0.0,0.0,0.0,32510.0,16.0,32.0,30.0,1614722473.048,2021-03-02 22:01:13.048000097
43300551106,r7419443-n948219,1,86459.6859998703,58.0,53.253647,-4.746353149414063,High,High,47.5,80.0,100.0,9266.046660517348,44267.3592319336,86459.6859998703,40.806,0.0,0.0,0.0,32510.0,16.0,38.326,36.582,108.794,97.418,17.795,14351.126,18158.874,16.0,54.309,57.001,229.21,100.0,48.0,14385.0,32510.0,16.0,58.0,63.0,1614119930.03,2021-02-23 22:38:50.029999971
15549105442,r4683026-n948219,0,4864.394999980927,50.0,48.645737,-1.3542633056640625,High,High,47.5,80.0,100.0,521.3263328885809,2490.570239990235,4864.394999980927,28.129,0.0,0.0,0.0,32510.0,16.0,43.391,43.947,68.93,34.039,10.472,2389.399,30120.601,16.0,47.409,48.426,127.85,49.0,16.0,2563.0,32510.0,16.0,50.0,52.0,1613574649.068,2021-02-17 15:10:49.068000078
60869490370,r6727430-n303509,1,60.20000004768372,32.0,34.745434,2.745433807373047,Low,Low,30.0,40.0,100.0,1.6254000012874603,3.852800003051759,60.20000004768372,30.143,0.098,0.007,958.522,31551.478,16.0,29.42,29.207,35.284,2.708,0.292,15308.095,17201.905,16.0,30.225,29.691,100.93,100.0,11.0,31053.0,32510.0,16.0,32.0,31.0,1614709860.876,2021-03-02 18:31:00.875999928
36338702917,r4506251-n303766,0,358.5350000858307,71.0,71.1453,0.1453018188476562,Critical,Critical,100.0,100.0,100.0,358.5350000858307,358.5350000858307,358.5350000858307,173.351,66.387,43.961,5180.123,27329.877,16.0,64.218,69.574,211.238,87.719,58.871,6661.89,25848.11,16.0,68.408,75.29,255.93,95.0,67.0,6801.0,32510.0,16.0,71.0,79.0,1613466554.846,2021-02-16 09:09:14.845999956
18370466357,r9480604-n410412,0,21.860999822616577,31.0,39.101063,8.101062774658203,Low,Medium,30.0,40.0,100.0,0.5902469952106475,1.3991039886474612,21.860999822616577,26.182,0.0,0.0,0.0,32510.0,16.0,31.0,29.526,26.182,0.0,0.0,0.0,32510.0,16.0,31.0,29.526,26.3,0.0,0.0,0.0,32510.0,16.0,31.0,30.0,1614734934.13,2021-03-03 01:28:54.130000114
46284970947,r44132-n410412,1,68.76799988746643,29.0,34.731342,5.731342315673828,Low,Low,30.0,40.0,100.0,1.8567359969615933,4.401151992797852,68.76799988746643,25.832,0.0,0.0,0.0,32510.0,16.0,28.964,29.0,25.83,0.0,0.0,0.0,32510.0,16.0,28.964,29.0,25.93,0.0,0.0,0.0,32510.0,16.0,29.0,29.0,1614734634.969,2021-03-03 01:23:54.969000101
19962337491,r3974592-n303509,0,27116.07799983025,61.0,39.237347,-21.76265335083008,High,Medium,30.0,80.0,100.0,732.1341059954167,13883.431935913091,27116.07799983025,47.351,13.718,4.923,4407.93,28102.07,16.0,32.211,30.37,112.712,54.615,22.866,28552.479,3957.521,16.0,53.208,53.181,284.47,100.0,74.0,28581.0,32510.0,16.0,61.0,63.0,1613241562.338,2021-02-13 18:39:22.338000059
12299370945,r216287-n303509,0,118.8159999847412,31.0,40.36447,9.364471435546877,Low,Medium,30.0,40.0,100.0,3.208031999588012,7.604223999023438,118.8159999847412,27.919,0.0,0.0,0.0,32510.0,16.0,30.007,29.89,27.936,0.0,0.0,1.553,32508.447,16.0,30.513,29.972,28.14,0.0,0.0,4.0,32510.0,16.0,31.0,30.0,1613099371.496,2021-02-12 03:09:31.496000051
43342024472,r7462820-n410412,1,395.6710000038147,70.0,71.1282,1.1281967163085938,High,Critical,100.0,80.0,100.0,395.6710000038147,202.58355200195317,395.6710000038147,147.531,54.502,36.309,4810.235,27699.765,16.0,56.765,58.053,195.114,79.395,53.422,6644.38,25865.62,16.0,63.66,66.377,256.76,94.0,64.0,6799.0,32510.0,16.0,70.0,74.0,1613577564.213,2021-02-17 15:59:24.213000059
61644808089,r7141590-n303509,0,130295.44600009918,51.0,52.181633,1.1816329956054688,High,High,47.5,80.0,100.0,13964.007251791878,66711.2683520508,130295.44600009918,28.163,0.103,0.007,0.0,32510.0,16.0,40.249,39.171,72.489,36.823,14.341,4796.676,27713.324,16.0,48.257,46.9,159.68,82.0,30.0,4806.0,32510.0,16.0,51.0,52.0,1613197508.774,2021-02-13 06:25:08.773999929
27016385143,r9988778-n410412,0,21.79200005531311,30.0,34.253716,4.253715515136719,Low,Low,30.0,40.0,100.0,0.5883840014934539,1.3946880035400393,21.79200005531311,25.251,0.0,0.0,0.0,32510.0,16.0,30.0,29.0,25.251,0.0,0.0,0.0,32510.0,16.0,30.0,29.0,25.39,0.0,0.0,0.0,32510.0,16.0,30.0,29.0,1614734934.201,2021-03-03 01:28:54.200999975
57304990340,r9648383-n410412,0,68.77900004386902,32.0,43.70262,11.702621459960938,Low,Medium,30.0,40.0,100.0,1.8570330011844633,4.401856002807619,68.77900004386902,26.4,0.0,0.0,0.0,32510.0,16.0,32.0,31.993,26.402,0.0,0.0,0.0,32510.0,16.0,32.0,31.991,26.51,0.0,0.0,0.0,32510.0,16.0,32.0,32.0,1614734634.965,2021-03-03 01:23:54.964999914
4856307055,r7419443-n948219,0,7.572999954223633,30.0,42.680233,12.680233001708984,Low,Medium,30.0,40.0,100.0,0.20447099876403807,0.4846719970703126,7.572999954223633,26.924,0.0,0.0,0.0,32510.0,16.0,30.0,28.781,26.924,0.0,0.0,0.0,32510.0,16.0,30.0,28.781,27.02,0.0,0.0,0.0,32510.0,16.0,30.0,29.0,1613935082.593,2021-02-21 19:18:02.592999935
30805359001,r9480604-n303766,0,176.4909999370575,45.0,47.76012,2.760120391845703,High,High,47.5,80.0,100.0,18.91487138387933,90.36339196777345,176.4909999370575,62.631,23.343,3.199,997.909,31512.091,16.0,42.993,40.706,70.764,31.981,4.408,1257.815,31252.185,16.0,43.862,41.341,121.29,90.0,13.0,1315.0,32510.0,16.0,45.0,43.0,1613795348.867,2021-02-20 04:29:08.867000103
31054162297,r6727430-n948219,0,0.3139998912811279,32.0,38.34241,6.342411041259766,Low,Medium,30.0,40.0,100.0,0.008477997064590452,0.020095993041992187,0.3139998912811279,26.48,0.0,0.0,0.0,32510.0,16.0,32.0,31.0,26.48,0.0,0.0,0.0,32510.0,16.0,32.0,31.0,26.51,0.0,0.0,0.0,32510.0,16.0,32.0,31.0,1613613185.276,2021-02-18 01:53:05.276000023
7107377039,r7753495-n948219,0,353.1399998664856,71.0,71.1453,0.1453018188476562,Critical,Critical,100.0,100.0,100.0,353.1399998664856,353.1399998664856,353.1399998664856,156.296,59.599,39.536,5244.412,27265.588,16.0,60.855,62.415,210.601,88.716,59.643,6668.825,25841.175,16.0,67.744,70.913,253.48,95.0,66.0,6807.0,32510.0,16.0,71.0,74.0,1613568204.808,2021-02-17 13:23:24.808000088
6023478204,r9515777-n410412,0,463412.6870000362,55.0,43.23601,-11.763988494873049,High,Medium,30.0,80.0,100.0,12512.142549000975,237267.29574401857,463412.6870000362,24.376,0.0,0.0,0.0,32510.0,16.0,33.0,31.0,55.623,10.779,5.785,30943.958,1566.042,16.0,44.46,42.115,249.27,100.0,90.0,32483.0,32510.0,16.0,55.0,56.0,1613699102.49,2021-02-19 01:45:02.490000010
63973617650,r8275852-n410412,0,49383.2650001049,50.0,46.55491,-3.4450912475585938,High,High,47.5,80.0,100.0,5292.497103683117,25284.231680053712,49383.2650001049,29.281,0.0,0.0,0.0,32510.0,16.0,37.0,38.032,72.352,23.742,18.816,28540.937,3969.063,16.0,45.572,47.2,192.0,100.0,88.0,28781.0,32510.0,16.0,50.0,55.0,1613441149.883,2021-02-16 02:05:49.882999897
21371212826,r9170217-n948219,0,399.1640000343323,70.0,71.14295,1.1429519653320312,High,Critical,100.0,80.0,100.0,399.1640000343323,204.37196801757818,399.1640000343323,122.365,43.165,28.635,3981.867,28528.133,16.0,56.761,58.951,189.975,78.46,52.722,6583.898,25926.102,16.0,66.737,71.484,247.35,94.0,63.0,6799.0,32510.0,16.0,70.0,76.0,1613582485.451,2021-02-17 17:21:25.450999975
63828831486,r6707841-n200569,0,154.89800000190735,32.0,39.5179,7.517898559570312,Low,Medium,30.0,40.0,100.0,4.182246000051498,9.913472000122074,154.89800000190735,26.073,0.0,0.0,0.0,32510.0,16.0,32.0,29.003,26.07,0.0,0.0,0.0,32510.0,16.0,32.0,29.006,26.14,0.0,0.0,0.0,32510.0,16.0,32.0,30.0,1614716436.255,2021-03-02 20:20:36.255000114
14656002386,r7317916-n948219,1,397.83899998664856,71.0,71.57842,0.5784225463867188,Critical,Critical,100.0,100.0,100.0,397.83899998664856,397.83899998664856,397.83899998664856,123.812,46.941,31.266,4186.014,28323.986,16.0,47.014,48.423,192.758,78.895,53.047,6590.294,25919.706,16.0,63.57,68.257,257.26,94.0,63.0,6793.0,32510.0,16.0,71.0,77.0,1613480433.562,2021-02-16 13:00:33.562000036
31429917866,r7317916-n948219,0,18728.21799993515,44.0,40.663357,-3.3366432189941406,Medium,Medium,30.0,60.0,100.0,505.661885998249,4045.295087985992,18728.21799993515,27.006,0.0,0.0,0.0,32510.0,16.0,32.0,31.414,45.367,21.794,5.098,1578.447,30931.553,16.0,36.415,36.523,111.52,52.0,16.0,1605.0,32510.0,16.0,44.0,45.0,1613457271.012,2021-02-16 06:34:31.012000084
32044864205,r4506251-n410412,0,18.338000059127808,31.0,35.370487,4.370487213134766,Low,Medium,30.0,40.0,100.0,0.49512600159645076,1.1736320037841799,18.338000059127808,25.898,0.0,0.0,0.0,32510.0,16.0,31.0,30.0,25.898,0.0,0.0,0.0,32510.0,16.0,31.0,30.0,26.01,0.0,0.0,0.0,32510.0,16.0,31.0,30.0,1613388614.734,2021-02-15 11:30:14.733999968
15658911897,r974863-n410412,0,349.393000125885,73.0,71.34215,-1.6578521728515625,Critical,Critical,100.0,100.0,100.0,349.393000125885,349.393000125885,349.393000125885,168.325,69.562,46.292,5304.062,27205.938,16.0,47.389,49.274,214.561,90.492,60.622,6669.087,25840.913,16.0,66.156,71.112,260.01,96.0,66.0,6801.0,32510.0,16.0,73.0,78.0,1613451078.103,2021-02-16 04:51:18.102999926
22713382567,r4683026-n948219,0,91591.01699995996,75.0,47.278122,-27.72187805175781,Critical,High,47.5,100.0,100.0,9815.981025042582,91591.01699995996,91591.01699995996,26.786,0.0,0.0,0.0,32510.0,16.0,37.0,36.993,219.996,98.436,67.997,3320.169,29189.831,16.0,68.429,77.857,238.28,99.0,72.0,5675.0,32510.0,16.0,75.0,85.0,1614341892.187,2021-02-26 12:18:12.187000036
49812772277,r8275852-n410412,0,82974.66599988937,73.0,64.87662,-8.123382568359375,Critical,High,47.5,100.0,100.0,8892.550532706893,82974.66599988937,82974.66599988937,35.756,0.0,0.0,0.0,32510.0,16.0,54.525,56.873,130.304,60.578,32.654,21816.526,10693.474,16.0,56.307,60.255,248.05,100.0,68.0,31079.0,32510.0,16.0,73.0,80.0,1614076033.348,2021-02-23 10:27:13.348000050
49605258750,r414303-n772143,1,8162.898999929428,31.0,45.282253,14.28225326538086,Low,High,47.5,40.0,100.0,874.8331912580616,522.4255359954835,8162.898999929428,26.995,0.0,0.0,0.0,32510.0,16.0,30.0,28.0,26.918,0.0,0.0,0.0,32510.0,16.0,29.826,27.754,27.27,0.0,0.0,0.0,32510.0,16.0,31.0,29.0,1614722473.749,2021-03-02 22:01:13.749000072
10900277452,r4506251-n410412,0,1876.4079999923704,64.0,35.370487,-28.629512786865234,High,Medium,30.0,80.0,100.0,50.66301599979399,960.7208959960939,1876.4079999923704,25.902,0.0,0.0,0.0,32510.0,16.0,31.0,30.0,87.12,26.174,14.97,7116.272,25393.728,16.0,50.164,49.541,250.92,99.0,62.0,8559.0,32510.0,16.0,64.0,66.0,1613388731.058,2021-02-15 11:32:11.058000088
35566704180,r810901-n303509,0,6919.901999950409,68.0,62.867405,-5.132595062255859,High,High,47.5,80.0,100.0,741.6188721509351,3542.9898239746103,6919.901999950409,52.941,1.273,0.077,0.0,32510.0,16.0,57.007,58.689,147.17,76.224,47.771,28005.654,4504.346,16.0,63.079,69.186,198.46,100.0,61.0,31079.0,32510.0,16.0,68.0,76.0,1612962010.273,2021-02-10 13:00:10.273000002
66493348181,r7462820-n303766,1,724.2360000610352,61.0,54.106457,-6.893543243408203,High,High,47.5,80.0,100.0,77.61773006904124,370.80883203125006,724.2360000610352,43.861,0.343,0.0,542.078,31967.922,16.0,45.124,44.311,119.974,43.275,29.139,6502.355,26007.645,16.0,51.529,53.005,238.69,95.0,64.0,6801.0,32510.0,16.0,61.0,66.0,1613654526.527,2021-02-18 13:22:06.526999950
57769060421,r974863-n410412,0,350.6560001373291,71.0,71.1453,0.1453018188476562,Critical,Critical,100.0,100.0,100.0,350.6560001373291,350.6560001373291,350.6560001373291,174.286,68.139,45.348,5226.317,27283.683,16.0,63.774,67.39,214.649,90.075,60.344,6661.692,25848.308,16.0,68.324,73.491,262.76,96.0,66.0,6801.0,32510.0,16.0,71.0,77.0,1613445288.537,2021-02-16 03:14:48.536999941
29146904327,r4144777-n303509,1,158.05299997329712,34.0,34.07543,0.0754318237304687,Low,Low,30.0,40.0,100.0,4.267430999279021,10.115391998291019,158.05299997329712,27.67,0.0,0.0,0.0,32510.0,16.0,31.0,28.843,28.657,0.271,0.047,150.148,32359.852,16.0,31.307,28.967,59.83,84.0,32.0,7947.0,32510.0,16.0,34.0,32.0,1614179218.2,2021-02-24 15:06:58.200000048
36918495801,r7419443-n948219,1,43324.52500009537,67.0,47.825565,-19.174434661865234,High,High,47.5,80.0,100.0,4643.170577744595,22182.156800048833,43324.52500009537,30.522,0.597,0.037,0.0,32510.0,16.0,31.579,29.363,91.904,50.61,25.812,17839.306,14670.694,16.0,46.272,51.046,228.01,100.0,61.0,31127.0,32510.0,16.0,67.0,80.0,1613170575.809,2021-02-12 22:56:15.809000015
2284228052,r9852763-n200569,1,142.0659999847412,30.0,33.027145,3.0271453857421875,Low,Low,30.0,40.0,100.0,3.8357819995880122,9.092223999023439,142.0659999847412,29.065,0.0,0.0,0.0,32510.0,16.0,30.0,30.0,29.066,0.0,0.0,0.0,32510.0,16.0,30.0,29.997,29.18,0.0,0.0,0.0,32510.0,16.0,30.0,30.0,1614716436.266,2021-03-02 20:20:36.266000032
46045972008,r7141590-n948219,0,349.46600008010864,72.0,71.1453,-0.8546981811523438,Critical,Critical,100.0,100.0,100.0,349.46600008010864,349.46600008010864,349.46600008010864,168.031,65.462,43.674,5080.559,27429.441,16.0,64.552,67.497,215.149,89.562,59.959,6653.126,25856.874,16.0,68.392,73.428,261.7,96.0,65.0,6807.0,32510.0,16.0,72.0,77.0,1613438640.531,2021-02-16 01:24:00.530999899
29133358081,r8473362-n410412,0,518.9100000858307,40.0,41.241405,1.2414054870605469,Medium,Medium,30.0,60.0,100.0,14.010570002317426,112.0845600185394,518.9100000858307,32.35,10.298,0.0,424.796,32085.204,16.0,35.295,33.028,38.394,32.545,0.0,1014.649,31495.351,16.0,37.359,34.908,43.95,47.0,1.0,1065.0,32510.0,16.0,40.0,37.0,1613789473.409,2021-02-20 02:51:13.408999920
25728880554,r7753495-n303509,0,985.3789999485016,47.0,47.95212,0.9521217346191406,High,High,47.5,80.0,100.0,105.6049150101058,504.51404797363296,985.3789999485016,35.911,0.385,0.0,944.982,31565.018,16.0,40.025,38.777,45.204,6.528,0.945,1897.271,30612.729,16.0,40.944,38.784,120.64,85.0,12.0,5817.0,32510.0,16.0,47.0,45.0,1613681900.848,2021-02-18 20:58:20.848000050
12722451996,r8141575-n410412,0,20.3970000743866,32.0,40.836185,8.836185455322266,Low,Medium,30.0,40.0,100.0,0.5507190020084382,1.3054080047607428,20.3970000743866,27.18,0.0,0.0,0.0,32510.0,16.0,32.0,30.184,27.18,0.0,0.0,0.0,32510.0,16.0,32.0,30.184,27.31,0.0,0.0,0.0,32510.0,16.0,32.0,31.0,1614620584.524,2021-03-01 17:43:04.523999929
61832040041,r9515777-n303766,0,694.6019999980927,63.0,69.37128,6.37127685546875,High,High,47.5,80.0,100.0,74.44179871854557,355.6362239990235,694.6019999980927,95.051,46.647,25.147,2484.724,30025.276,16.0,44.64,43.99,120.939,61.287,33.535,3968.114,28541.886,16.0,57.647,59.013,233.51,87.0,57.0,4141.0,32510.0,16.0,63.0,66.0,1614609031.982,2021-03-01 14:30:31.982000113
50116672580,r7269000-n303509,1,2518.203000068665,46.0,43.5608,-2.4392013549804688,High,Medium,30.0,80.0,100.0,67.99148100185394,1289.3199360351568,2518.203000068665,34.591,0.461,0.0,615.925,31894.075,16.0,31.482,29.543,54.839,80.223,3.664,18768.453,13741.547,16.0,38.496,36.285,261.04,100.0,74.0,19371.0,32510.0,16.0,46.0,47.0,1614709676.598,2021-03-02 18:27:56.598000050
5604055465,r7269000-n948219,0,7.039999961853027,39.0,40.33817,1.3381690979003906,Medium,Medium,30.0,60.0,100.0,0.19007999897003172,1.5206399917602538,7.039999961853027,27.804,0.0,0.0,0.294,32509.706,16.0,38.206,37.132,27.804,0.0,0.0,0.294,32509.706,16.0,38.206,37.132,28.12,0.0,0.0,4.0,32510.0,16.0,39.0,38.0,1613430000.058,2021-02-15 23:00:00.058000088
5791101525,r8024255-n303766,0,3637.714999914169,38.0,39.317448,1.3174476623535156,Medium,Medium,30.0,60.0,100.0,98.21830499768255,785.7464399814604,3637.714999914169,27.119,0.0,0.0,0.0,32510.0,16.0,35.0,32.332,38.434,9.774,0.062,29019.397,3490.603,16.0,36.888,34.244,41.17,19.0,1.0,30709.0,32510.0,16.0,38.0,36.0,1614337124.358,2021-02-26 10:58:44.358000040
29267713431,r492024-n303766,0,352.3980000019073,72.0,71.1453,-0.8546981811523438,Critical,Critical,100.0,100.0,100.0,352.3980000019073,352.3980000019073,352.3980000019073,162.224,64.745,42.829,5036.462,27473.538,16.0,64.458,67.717,207.915,88.297,59.285,6646.896,25863.104,16.0,68.367,73.061,249.8,94.0,64.0,6799.0,32510.0,16.0,72.0,76.0,1613438656.314,2021-02-16 01:24:16.313999891
29400734412,r44132-n303766,0,324.95099997520447,46.0,47.708992,1.7089920043945312,High,High,47.5,80.0,100.0,34.825607950467614,166.37491198730473,324.95099997520447,27.719,0.0,0.0,0.0,32510.0,16.0,44.368,44.649,26.795,0.0,0.0,0.0,32510.0,16.0,39.565,39.051,28.29,0.0,0.0,0.0,32510.0,16.0,46.0,46.0,1613469454.598,2021-02-16 09:57:34.598000050
2502652461,r492024-n303766,0,350.992999792099,72.0,71.1453,-0.8546981811523438,Critical,Critical,100.0,100.0,100.0,350.992999792099,350.992999792099,350.992999792099,157.704,61.681,41.112,4875.646,27634.354,16.0,64.14,67.316,209.33,88.393,59.371,6626.066,25883.934,16.0,68.478,73.315,250.49,94.0,64.0,6793.0,32510.0,16.0,72.0,77.0,1613433941.844,2021-02-16 00:05:41.844000101
1142616489,r7141590-n303509,0,5335.128000020981,48.0,51.11475,3.1147499084472656,High,High,47.5,80.0,100.0,571.7756711272485,2731.585536010743,5335.128000020981,28.85,0.021,0.0,0.0,32510.0,16.0,40.558,39.47,61.087,31.762,5.604,1074.953,31435.047,16.0,45.949,43.748,109.79,46.0,10.0,1093.0,32510.0,16.0,48.0,45.0,1613327804.535,2021-02-14 18:36:44.535000086
36358335891,r4144777-n772143,1,151.94700002670288,37.0,46.633713,9.633712768554688,Medium,High,47.5,60.0,100.0,16.284444893486796,32.820552005767816,151.94700002670288,25.889,0.0,0.0,0.0,32510.0,16.0,30.839,27.0,32.89,0.962,0.197,7196.205,25313.795,16.0,31.796,27.764,203.55,100.0,27.0,28941.0,32510.0,16.0,37.0,32.0,1614726706.524,2021-03-02 23:11:46.523999929
12931749510,r2684277-n948219,1,39672.09299993515,34.0,37.924217,3.9242172241210938,Low,Medium,30.0,40.0,100.0,1071.146510998249,2539.01395199585,39672.09299993515,26.587,0.0,0.0,0.0,32510.0,16.0,29.0,27.996,38.827,0.0,0.0,1200.98,31309.02,16.0,33.547,31.934,39.93,24.0,1.0,1207.0,32510.0,16.0,34.0,32.0,1613435978.555,2021-02-16 00:39:38.555000067
27768201445,r44132-n410412,0,68219.65600013733,45.0,37.87674,-7.123260498046875,High,Medium,30.0,80.0,100.0,1841.9307120037076,34928.46387207032,68219.65600013733,27.136,0.0,0.0,0.0,32510.0,16.0,31.0,29.201,45.636,7.852,3.949,1561.014,30948.986,16.0,36.082,34.459,96.3,56.0,33.0,1649.0,32510.0,16.0,45.0,46.0,1613302911.211,2021-02-14 11:41:51.210999966
56530751093,r44132-n410412,0,81683.28500008583,42.0,41.058273,-0.9417266845703124,Medium,Medium,30.0,60.0,100.0,2205.448695002317,17643.589560018536,81683.28500008583,28.571,0.0,0.0,0.837,32509.163,16.0,38.0,36.989,39.019,0.028,0.0,1248.218,31261.782,16.0,36.276,34.383,41.06,20.0,1.0,1249.0,32510.0,16.0,42.0,40.0,1613439268.58,2021-02-16 01:34:28.579999924
60439333610,r3974592-n303509,1,60286.83299994469,33.0,34.3731,1.3731002807617188,Low,Low,30.0,40.0,100.0,1627.7444909985063,3858.357311996461,60286.83299994469,24.881,0.0,0.0,0.0,32510.0,16.0,28.0,26.849,37.703,0.0,0.0,1204.068,31305.932,16.0,32.035,30.094,38.09,14.0,1.0,1205.0,32510.0,16.0,33.0,31.0,1613180082.782,2021-02-13 01:34:42.782000065
38785099470,r8972851-n948219,1,2.753000020980835,28.0,30.269594,2.269594192504883,Low,Low,30.0,40.0,100.0,0.07433100056648254,0.1761920013427735,2.753000020980835,24.485,0.0,0.0,0.444,32509.556,16.0,28.0,25.741,24.485,0.0,0.0,0.444,32509.556,16.0,28.0,25.741,24.57,0.0,0.0,4.0,32510.0,16.0,28.0,26.0,1613529065.303,2021-02-17 02:31:05.302999973
30349716926,r7269000-n303509,0,351.77999997138977,72.0,71.1453,-0.8546981811523438,Critical,Critical,100.0,100.0,100.0,351.77999997138977,351.77999997138977,351.77999997138977,173.764,66.297,43.909,5095.43,27414.57,16.0,65.965,68.965,213.867,89.404,59.946,6659.185,25850.815,16.0,68.289,73.215,254.1,95.0,68.0,6807.0,32510.0,16.0,72.0,77.0,1613588458.418,2021-02-17 19:00:58.417999983
9996807389,r8024255-n410412,1,47544.00100016594,47.0,29.778673,-17.22132682800293,High,Low,30.0,80.0,100.0,1283.68802700448,24342.528512084966,47544.00100016594,25.258,0.0,0.0,0.0,32510.0,16.0,29.0,29.0,67.836,39.938,22.232,27361.785,5148.215,16.0,43.211,43.606,220.77,100.0,100.0,32083.0,32510.0,16.0,47.0,54.0,1613063173.521,2021-02-11 17:06:13.520999907
32799364587,r7462820-n303766,0,492.4860000610352,72.0,71.1453,-0.8546981811523438,Critical,Critical,100.0,100.0,100.0,492.4860000610352,492.4860000610352,492.4860000610352,172.462,69.226,46.056,5257.718,27252.282,16.0,64.923,68.345,162.581,63.555,42.728,6700.208,25809.792,16.0,64.967,68.498,249.43,95.0,65.0,6799.0,32510.0,16.0,72.0,78.0,1613654261.766,2021-02-18 13:17:41.766000032
53638283148,r5179276-n948219,0,341.33700013160706,71.0,71.1453,0.1453018188476562,Critical,Critical,100.0,100.0,100.0,341.33700013160706,341.33700013160706,341.33700013160706,170.606,69.639,46.191,5277.184,27232.816,16.0,65.139,69.413,209.579,91.237,61.232,6668.011,25841.989,16.0,68.298,74.294,245.12,95.0,65.0,6807.0,32510.0,16.0,71.0,78.0,1613439076.518,2021-02-16 01:31:16.517999887
13870546883,r9988778-n303766,1,97.15100002288818,30.0,34.72823,4.728229522705078,Low,Low,30.0,40.0,100.0,2.6230770006179807,6.217664001464845,97.15100002288818,26.487,0.0,0.0,3.658,32506.342,16.0,30.0,27.134,26.483,0.0,0.0,3.742,32506.258,16.0,30.0,27.175,26.59,0.0,0.0,4.0,32510.0,16.0,30.0,28.0,1613399593.892,2021-02-15 14:33:13.891999960
61289305514,r2215649-n410412,0,343.6470000743866,71.0,71.1453,0.1453018188476562,Critical,Critical,100.0,100.0,100.0,343.6470000743866,343.6470000743866,343.6470000743866,169.347,67.249,44.519,5126.277,27383.723,16.0,64.512,65.702,213.525,90.402,60.614,6655.885,25854.115,16.0,68.357,70.986,253.6,100.0,66.0,6807.0,32510.0,16.0,71.0,73.0,1613435922.632,2021-02-16 00:38:42.631999969
26460241309,r974863-n410412,1,346.5899999141693,74.0,71.02055,-2.9794464111328125,Critical,Critical,100.0,100.0,100.0,346.5899999141693,346.5899999141693,346.5899999141693,155.109,68.827,45.926,5268.842,27241.158,16.0,41.032,40.796,204.861,90.177,60.542,6670.49,25839.51,16.0,62.667,65.981,250.05,96.0,65.0,6807.0,32510.0,16.0,74.0,78.0,1613447259.552,2021-02-16 03:47:39.552000046
66039169444,r4506251-n410412,0,251.93200016021729,31.0,35.144203,4.144203186035156,Low,Medium,30.0,40.0,100.0,6.802164004325865,16.12364801025391,251.93200016021729,25.734,0.0,0.0,0.0,32510.0,16.0,31.0,30.0,25.723,0.0,0.0,0.0,32510.0,16.0,31.0,29.999,25.93,0.0,0.0,0.0,32510.0,16.0,31.0,30.0,1613395284.574,2021-02-15 13:21:24.573999882
60804573610,r2215649-n303766,1,604858.3359999657,53.0,48.525124,-4.474876403808594,High,High,47.5,80.0,100.0,64823.80197849631,309687.4680319825,604858.3359999657,27.792,0.0,0.0,0.0,32510.0,16.0,37.735,36.821,71.467,98.845,9.04,19894.113,12615.887,16.0,43.891,41.961,217.08,100.0,69.0,20097.0,32510.0,16.0,53.0,51.0,1613214328.229,2021-02-13 11:05:28.229000092
21580578436,r8024255-n410412,0,346.62400007247925,71.0,71.1453,0.1453018188476562,Critical,Critical,100.0,100.0,100.0,346.62400007247925,346.62400007247925,346.62400007247925,172.212,68.607,45.79,5263.628,27246.372,16.0,64.703,67.466,212.554,90.176,60.575,6667.993,25842.007,16.0,68.213,72.276,253.7,95.0,65.0,6807.0,32510.0,16.0,71.0,76.0,1613530750.109,2021-02-17 02:59:10.108999968
5316285025,r1039410-n303509,0,52.65899991989136,39.0,43.49114,4.491138458251953,Medium,Medium,30.0,60.0,100.0,1.4217929978370665,11.374343982696532,52.65899991989136,26.614,0.0,0.0,1.053,32508.947,16.0,38.989,36.986,26.705,0.0,0.0,2.315,32507.685,16.0,38.749,36.898,27.09,0.0,0.0,4.0,32510.0,16.0,39.0,37.0,1613081594.357,2021-02-11 22:13:14.357000113
45617309709,r7269000-n303509,0,368.67199993133545,71.0,71.1453,0.1453018188476562,Critical,Critical,100.0,100.0,100.0,368.67199993133545,368.67199993133545,368.67199993133545,166.231,62.483,41.753,5119.962,27390.038,16.0,63.684,66.25,207.021,84.852,57.046,6664.81,25845.19,16.0,68.182,72.852,254.4,94.0,64.0,6807.0,32510.0,16.0,71.0,76.0,1613581944.905,2021-02-17 17:12:24.904999971
61059209549,r2215649-n410412,0,47630.04999995232,46.0,49.11634,3.1163406372070312,High,High,47.5,80.0,100.0,5104.60176483864,24386.585599975595,47630.04999995232,27.319,0.0,0.0,0.0,32510.0,16.0,38.0,35.221,36.978,7.864,0.965,4584.631,27925.369,16.0,41.969,39.098,87.26,100.0,20.0,10819.0,32510.0,16.0,46.0,45.0,1613686865.405,2021-02-18 22:21:05.404999971
59861894357,r5179276-n948219,0,352.34500002861023,72.0,71.1453,-0.8546981811523438,Critical,Critical,100.0,100.0,100.0,352.34500002861023,352.34500002861023,352.34500002861023,166.538,66.746,44.258,5257.167,27252.833,16.0,64.962,69.557,206.087,89.001,59.788,6657.922,25852.078,16.0,68.374,75.394,245.89,95.0,67.0,6793.0,32510.0,16.0,72.0,80.0,1613586649.815,2021-02-17 18:30:49.815000057
7602490771,r810901-n303509,0,211.4760000705719,66.0,43.61184,-22.388160705566406,High,Medium,30.0,80.0,100.0,5.709852001905441,108.27571203613284,211.4760000705719,27.49,0.0,0.0,0.0,32510.0,16.0,33.0,31.36,126.228,62.863,28.663,3609.883,28900.117,16.0,48.018,48.715,233.63,100.0,56.0,5581.0,32510.0,16.0,66.0,71.0,1612969042.083,2021-02-10 14:57:22.082999945
54685900388,r414303-n948219,0,44802.31999993324,71.0,39.99714,-31.00286102294922,Critical,Medium,30.0,100.0,100.0,1209.6626399981974,44802.31999993324,44802.31999993324,35.633,0.114,0.0,522.685,31987.315,16.0,32.782,30.377,148.492,84.577,22.73,5089.914,27420.086,16.0,65.078,64.106,242.0,100.0,31.0,5106.0,32510.0,16.0,71.0,70.0,1614198016.292,2021-02-24 20:20:16.292000055
10666807260,r5179276-n948219,0,352.1340000629425,72.0,71.1453,-0.8546981811523438,Critical,Critical,100.0,100.0,100.0,352.1340000629425,352.1340000629425,352.1340000629425,168.725,67.951,45.091,5271.098,27238.902,16.0,64.948,69.825,207.313,89.02,59.711,6659.563,25850.437,16.0,68.394,75.551,246.59,100.0,66.0,6793.0,32510.0,16.0,72.0,79.0,1613582761.52,2021-02-17 17:26:01.519999981
38147891822,r7141590-n948219,0,367.8939998149872,72.0,71.16006,-0.8399429321289062,Critical,Critical,100.0,100.0,100.0,367.8939998149872,367.8939998149872,367.8939998149872,128.475,43.26,28.551,5050.418,27459.582,16.0,63.832,65.446,208.328,85.823,57.459,6654.828,25855.172,16.0,68.36,73.39,262.05,95.0,67.0,6799.0,32510.0,16.0,72.0,78.0,1613445304.489,2021-02-16 03:15:04.489000082
45326046833,r9170217-n948219,0,354.7039999961853,70.0,71.16006,1.1600570678710938,High,Critical,100.0,80.0,100.0,354.7039999961853,181.60844799804693,354.7039999961853,121.251,41.368,27.503,5260.622,27249.378,16.0,60.413,62.833,205.918,88.155,59.187,6663.606,25846.394,16.0,67.801,73.172,246.86,95.0,68.0,6799.0,32510.0,16.0,70.0,77.0,1613458591.641,2021-02-16 06:56:31.641000032
23062391063,r6727430-n303509,0,51.69199991226196,37.0,37.51826,0.5182609558105469,Medium,Medium,30.0,60.0,100.0,1.3956839976310729,11.165471981048583,51.69199991226196,27.102,0.0,0.0,2.889,32507.111,16.0,36.007,33.292,27.097,0.0,0.0,3.01,32506.99,16.0,36.006,33.268,27.36,0.0,0.0,4.0,32510.0,16.0,37.0,34.0,1613012978.043,2021-02-11 03:09:38.042999983
5433951839,r216287-n303509,1,15.111000061035156,33.0,37.41175,4.411750793457031,Low,Medium,30.0,40.0,100.0,0.40799700164794916,0.9671040039062502,15.111000061035156,44.518,20.697,6.662,799.952,31710.048,16.0,31.221,29.841,44.518,20.697,6.662,799.952,31710.048,16.0,31.221,29.841,68.26,41.0,14.0,1327.0,32510.0,16.0,33.0,32.0,1612830300.678,2021-02-09 00:25:00.677999973
24951622081,r9170217-n303509,0,354.6579999923706,72.0,71.1453,-0.8546981811523438,Critical,Critical,100.0,100.0,100.0,354.6579999923706,354.6579999923706,354.6579999923706,161.402,62.773,41.675,5026.521,27483.479,16.0,64.112,64.031,209.513,87.816,58.851,6653.999,25856.001,16.0,68.502,70.137,255.19,94.0,64.0,6807.0,32510.0,16.0,72.0,74.0,1613437241.762,2021-02-16 01:00:41.762000084
26590239582,r9170217-n303509,1,350.8340001106262,66.0,71.163994,5.163993835449219,High,Critical,100.0,80.0,100.0,350.8340001106262,179.62700805664068,350.8340001106262,164.673,64.78,42.979,5109.682,27400.318,16.0,55.983,58.455,209.973,88.979,59.788,6651.645,25858.355,16.0,62.039,66.014,256.86,100.0,65.0,6801.0,32510.0,16.0,66.0,71.0,1613438258.268,2021-02-16 01:17:38.267999887
46621413274,r9480604-n410412,0,91.49200010299684,40.0,43.24717,3.2471694946289062,Medium,Medium,30.0,60.0,100.0,2.4702840027809145,19.762272022247316,91.49200010299684,33.24,8.937,0.0,444.68,32065.32,16.0,36.824,35.155,40.69,23.04,0.003,845.085,31664.915,16.0,38.506,36.163,45.36,49.0,1.0,1065.0,32510.0,16.0,40.0,38.0,1614113711.981,2021-02-23 20:55:11.980999947
51664482656,r7462820-n303766,0,5457.960000038147,42.0,38.568176,-3.43182373046875,Medium,Medium,30.0,60.0,100.0,147.36492000102996,1178.9193600082397,5457.960000038147,28.038,0.0,0.0,0.0,32510.0,16.0,32.0,30.0,60.339,34.176,7.833,2527.352,29982.648,16.0,40.723,39.301,125.94,55.0,17.0,2629.0,32510.0,16.0,42.0,42.0,1613329527.037,2021-02-14 19:05:27.036999941
19787273217,r6727430-n948219,0,0.2120001316070556,32.0,40.557026,8.557025909423828,Low,Medium,30.0,40.0,100.0,0.005724003553390501,0.013568008422851562,0.2120001316070556,26.537,0.0,0.0,0.0,32510.0,16.0,32.0,31.0,26.537,0.0,0.0,0.0,32510.0,16.0,32.0,31.0,26.63,0.0,0.0,0.0,32510.0,16.0,32.0,31.0,1613613328.074,2021-02-18 01:55:28.073999882
63854493412,r2684277-n948219,0,3954.155999898911,49.0,44.692463,-4.307537078857422,High,Medium,30.0,80.0,100.0,106.76221199727058,2024.5278719482428,3954.155999898911,27.224,0.0,0.0,0.0,32510.0,16.0,36.0,34.989,63.387,30.869,7.192,1055.489,31454.511,16.0,46.067,44.607,107.46,48.0,12.0,1093.0,32510.0,16.0,49.0,48.0,1614058171.397,2021-02-23 05:29:31.397000074
22812963814,r2684277-n948219,0,108.106999874115,36.0,39.855396,3.855396270751953,Medium,Medium,30.0,60.0,100.0,2.9188889966011047,23.351111972808837,108.106999874115,26.174,0.0,0.0,0.954,32509.046,16.0,29.0,28.0,35.258,3.115,2.076,2577.362,29932.638,16.0,30.441,29.09,192.5,100.0,77.0,27707.0,32510.0,16.0,36.0,39.0,1613257457.598,2021-02-13 23:04:17.598000050
11122448293,r9648383-n303766,0,295415.4460000992,75.0,38.668453,-36.33154678344727,Critical,Medium,30.0,100.0,100.0,7976.217042002677,295415.4460000992,295415.4460000992,26.364,0.0,0.0,3.353,32506.647,16.0,32.0,30.015,161.165,64.034,10.925,25564.626,6945.374,16.0,65.258,63.459,273.16,100.0,54.0,29181.0,32510.0,16.0,75.0,74.0,1614298116.421,2021-02-26 00:08:36.421000004
59202725861,r9170217-n303509,1,20.23799991607666,29.0,33.70651,4.706508636474609,Low,Low,30.0,40.0,100.0,0.5464259977340697,1.2952319946289066,20.23799991607666,24.835,0.0,0.0,0.022,32509.978,16.0,29.0,27.989,24.835,0.0,0.0,0.022,32509.978,16.0,29.0,27.989,24.94,0.0,0.0,4.0,32510.0,16.0,29.0,28.0,1614729480.2,2021-03-02 23:58:00.200000048
60770293370,r1039410-n948219,0,68633.8900001049,73.0,53.00298,-19.997020721435547,Critical,High,47.5,100.0,100.0,7355.6226798549915,68633.8900001049,68633.8900001049,26.578,8.281,0.0,69.0,32441.0,16.0,33.084,33.0,123.381,54.771,28.354,21765.229,10744.771,16.0,52.729,53.772,260.48,100.0,67.0,31081.0,32441.0,16.0,73.0,76.0,1614090377.807,2021-02-23 14:26:17.806999922
37864616137,r7419443-n772143,1,593.954999923706,29.0,36.146675,7.146675109863281,Low,Medium,30.0,40.0,100.0,16.03678499794006,38.013119995117194,593.954999923706,26.103,0.0,0.0,0.0,32510.0,16.0,29.0,26.989,26.029,0.0,0.0,0.0,32510.0,16.0,28.479,26.082,26.27,0.0,0.0,0.0,32510.0,16.0,29.0,27.0,1614759517.435,2021-03-03 08:18:37.434999943
30607885277,r9170217-n303509,0,5391.730999946594,44.0,43.274605,-0.7253952026367188,Medium,Medium,30.0,60.0,100.0,145.57673699855803,1164.6138959884643,5391.730999946594,27.705,0.0,0.0,0.0,32510.0,16.0,36.431,33.237,54.678,30.607,4.895,1075.374,31434.626,16.0,41.323,37.473,98.85,47.0,9.0,1093.0,32510.0,16.0,44.0,41.0,1613333323.905,2021-02-14 20:08:43.904999971
60769080055,r8024255-n410412,0,1025.784999847412,33.0,37.45673,4.456729888916016,Low,Medium,30.0,40.0,100.0,27.696194995880123,65.6502399902344,1025.784999847412,24.956,0.0,0.0,0.0,32510.0,16.0,32.0,30.72,24.957,0.0,0.0,0.292,32509.708,16.0,32.0,30.685,25.07,0.0,0.0,4.0,32510.0,16.0,33.0,31.0,1614735079.585,2021-03-03 01:31:19.585000038
25779594908,r492024-n410412,0,13.028000116348268,32.0,38.44641,6.4464111328125,Low,Medium,30.0,40.0,100.0,0.3517560031414032,0.8337920074462893,13.028000116348268,28.113,0.0,0.0,0.0,32510.0,16.0,32.0,30.0,28.113,0.0,0.0,0.0,32510.0,16.0,32.0,30.0,28.16,0.0,0.0,0.0,32510.0,16.0,32.0,30.0,1614735030.222,2021-03-03 01:30:30.221999884
42234838229,r7269000-n948219,0,7.322000026702881,40.0,45.72747,5.727470397949219,Medium,High,47.5,60.0,100.0,0.7847124716117977,1.581552005767822,7.322000026702881,37.69,2.071,0.014,432.371,32077.629,16.0,39.829,38.014,37.69,2.071,0.014,432.371,32077.629,16.0,39.829,38.014,43.07,24.0,1.0,1197.0,32510.0,16.0,40.0,39.0,1613430186.592,2021-02-15 23:03:06.592000008
14972455166,r7462820-n410412,0,397.5279998779297,71.0,71.08105,0.0810470581054687,Critical,Critical,100.0,100.0,100.0,397.5279998779297,397.5279998779297,397.5279998779297,122.41,42.273,28.046,3848.266,28661.734,16.0,58.383,61.117,194.11,79.181,53.177,6568.219,25941.781,16.0,67.658,73.281,252.85,94.0,64.0,6793.0,32510.0,16.0,71.0,78.0,1613581224.732,2021-02-17 17:00:24.732000113
