id_job,Node,gpu_index,job_start_ts
17860694,r8024255-n303766,0,1614178685.907
17860694,r8024255-n303766,1,1614178685.909
40428213,r9988778-n410412,0,1614734669.029
43780609,r8275852-n410412,0,1614451970.354
50418741,r368967-n172107,0,1614711723.401
50418741,r368967-n172107,1,1614711723.409
69233266,r2215649-n303766,1,1613935364.779
83483961,r492024-n303766,0,1613443086.865
162581525,r2215649-n410412,0,1613491517.254
164578513,r8972851-n948219,0,1613184217.548
197545461,r2215649-n410412,0,1613427522.896
222085474,r974863-n410412,1,1613457271.001
235847952,r4099734-n172107,0,1614746551.094
261128277,r8141575-n410412,0,1614638748.181
333437599,r4683026-n948219,1,1613861563.507
342247359,r6707841-n200569,1,1614718754.429
343004389,r7753495-n303509,0,1613491517.311
346594617,r6727430-n303509,0,1613444890.882
379212017,r414303-n172107,1,1614715744.698
383286615,r4605940-n948219,0,1614499663.544
451841228,r8024255-n410412,0,1613532185.136
487837768,r2215649-n303766,1,1613933624.592
488923354,r6727430-n303509,0,1613431645.425
499152276,r6727430-n303509,0,1613013041.051
502029246,r7317916-n948219,0,1613484354.884
527918486,r8972851-n303509,0,1613600711.979
540249413,r7269000-n303509,0,1613582691.312
541213864,r4506251-n303766,0,1613504959.73
544575336,r44132-n303766,0,1613453819.35
566295061,r4605940-n948219,1,1614499663.548
583841283,r6727430-n303509,0,1613118511.465
588635955,r1039410-n303509,0,1613057311.328
623371232,r7753495-n303509,0,1613372681.686
634354636,r9170217-n303509,1,1613439411.423
709677586,r216287-n303509,1,1612829827.214
728321298,r7141590-n303509,0,1613144868.448
740960243,r7141590-n303509,0,1613341331.456
749924962,r8972851-n948219,0,1613525860.724
788697483,r8473362-n410412,0,1613040952.457
788697483,r8473362-n410412,1,1613040952.46
809781065,r7419443-n172107,0,1614716725.049
809781065,r7419443-n172107,1,1614716725.052
855087189,r492024-n303766,0,1613436073.83
879181917,r9170217-n948219,0,1613587041.908
897068570,r8024255-n303766,0,1614373454.364
913003833,r5051220-n772143,0,1614743636.721
1002943407,r8141575-n410412,0,1614552692.067
1006145741,r414303-n303509,0,1613429546.275
1037709649,r492024-n303766,0,1613438285.709
1049380997,r492024-n410412,0,1614734934.195
1136013514,r7141590-n303509,0,1613480718.42
1142616489,r7141590-n303509,0,1613327804.535
1172243386,r7462820-n410412,1,1613577164.049
1180598145,r8275852-n410412,0,1613491937.327
1183688588,r2215649-n410412,1,1613185328.023
1184953827,r216287-n303509,1,1612825373.979
1198345028,r4506251-n410412,0,1613390607.648
1198345028,r4506251-n410412,1,1613390607.651
1226443139,r7141590-n303509,0,1613145956.489
1249860628,r5179276-n948219,0,1613438388.074
1262769788,r7753495-n948219,0,1613655065.707
1270169180,r5179276-n948219,0,1613581593.6
1271334514,r1039410-n303509,0,1613099458.619
1293929395,r1039410-n948219,0,1613907110.534
1293929395,r1039410-n948219,1,1613907110.54
1305047232,r9515777-n303766,0,1614718435.031
1342447198,r7269000-n303509,0,1613583095.674
1374227304,r7462820-n303766,1,1613651876.241
1391489598,r368967-n750018,0,1614721180.796
1393104981,r7141590-n948219,0,1613436534.707
1455662346,r7141590-n172107,0,1614736440.713
1470125554,r7753495-n303509,0,1613680818.422
1492584817,r4683026-n948219,1,1613978055.287
1495559714,r810901-n303509,0,1612958553.778
1595355944,r4506251-n303766,0,1613507179.428
1611722775,r7269000-n948219,1,1613444536.66
1617608594,r8275852-n303766,0,1613531845.521
1617608594,r8275852-n303766,1,1613531845.524
1643579300,r974863-n303766,0,1614130914.211
1654306808,r8024255-n410412,0,1613532887.328
1664167053,r4506251-n303766,0,1613500578.264
1681955750,r414303-n303509,0,1613429331.872
1683117090,r4506251-n410412,0,1613257435.509
1780163880,r6727430-n303509,0,1613436617.735
1796397984,r7462820-n410412,0,1613571526.805
1813763172,r7462820-n410412,0,1613579225.107
1830102668,r7141590-n948219,0,1613418478.459
1830596030,r6727430-n303509,0,1613443118.52
1848338097,r2215649-n410412,0,1613314921.257
1848338097,r2215649-n410412,1,1613314921.26
1993937195,r1039410-n303509,0,1614708448.153
1993937195,r1039410-n303509,1,1614708448.157
2019949846,r7462820-n410412,0,1613577155.24
2067157326,r4683026-n948219,0,1613862458.351
2072956784,r7269000-n303509,0,1613576543.122
2122471258,r414303-n303509,0,1613429553.171
2137432275,r414303-n948219,0,1614423640.545
2149744380,r2215649-n303766,0,1613954813.519
2159983735,r2684277-n303509,0,1612542915.306
2202004500,r8972851-n303509,0,1613602006.987
2210296610,r810901-n172107,0,1614719062.148
2266658930,r974863-n410412,0,1613450374.549
2283761193,r8024255-n410412,0,1613524343.173
2284228052,r9852763-n200569,0,1614716436.26
2284228052,r9852763-n200569,1,1614716436.266
2316134126,r7141590-n303509,0,1613484414.756
2327546471,r8972851-n303509,0,1613605628.57
2359089029,r8141575-n303766,0,1613942501.771
2396713562,r7462820-n410412,0,1613573415.909
2440960569,r9170217-n948219,0,1613582048.611
2469020948,r2215649-n303766,0,1614382903.27
2502652461,r492024-n303766,0,1613433941.844
2520438258,r7462820-n303766,0,1613651814.927
2563161140,r4506251-n410412,0,1613397640.868
2568688845,r7462820-n410412,0,1613582853.655
2580759627,r6707841-n200569,0,1614718435.031
2608433278,r1039410-n303509,0,1613082176.112
2624390842,r6959555-n172107,1,1614746701.128
2648125933,r2684277-n948219,0,1614067336.635
2702470905,r8275852-n410412,0,1613356778.684
2714263211,r7462820-n410412,1,1613572347.773
2717438121,r4683026-n948219,0,1614651262.862
2777581995,r974863-n410412,1,1613450704.848
2794073484,r7317916-n948219,0,1613477503.413
2839751274,r2684277-n948219,0,1614076033.326
2879535954,r9988778-n303766,0,1613373212.68
2884706565,r6727430-n948219,0,1613650511.527
2909784697,r2215649-n410412,0,1613436955.606
2912790922,r9648383-n410412,0,1614349897.677
2919104239,r9480604-n410412,0,1614254524.528
3044351741,r8275852-n410412,0,1613490560.514
3067544405,r4099734-n772143,1,1614731994.242
3081441555,r8024255-n303766,0,1614754882.887
3099583129,r8275852-n410412,0,1613922739.861
3100229904,r8275852-n303766,0,1613165433.182
3100229904,r8275852-n303766,1,1613165433.185
3119613840,r9170217-n948219,0,1613586637.374
3152220526,r7419443-n948219,0,1613934724.416
3162548193,r492024-n303766,0,1613409851.328
3206904286,r974863-n410412,0,1613426850.993
3214936740,r9170217-n948219,0,1613581200.082
3277108223,r6727430-n948219,0,1613651349.513
3318577498,r7269000-n303509,0,1613585397.733
3328773521,r9170217-n948219,0,1613401917.531
3343356803,r44132-n303766,0,1613463917.884
3389423627,r974863-n410412,0,1613448117.038
3409390841,r8275852-n410412,0,1613492285.12
3430773196,r9480604-n410412,0,1613786350.417
3432049699,r7753495-n303509,0,1613514207.82
3442758129,r2684277-n948219,0,1614079401.136
3443456262,r8972851-n303509,0,1613611000.127
3463616645,r414303-n172107,0,1614715744.666
3470677188,r8972851-n948219,0,1613478490.762
3500409546,r44132-n303766,0,1613463165.175
3516563303,r7141590-n303509,0,1613418535.404
3523623386,r4605940-n303509,0,1612884513.82
3544789315,r6727430-n948219,0,1613613180.667
3579125299,r4683026-n948219,0,1614273381.636
3579199314,r7141590-n772143,0,1614723131.245
3579199314,r7141590-n772143,1,1614723131.256
3596043845,r8141575-n303766,0,1613942297.458
3601240052,r2215649-n410412,0,1613832667.63
3656588335,r9170217-n948219,0,1613429372.884
3755469783,r4683026-n948219,1,1613862538.275
3789578506,r7269000-n303509,0,1613583451.667
3792599087,r7753495-n948219,0,1613245467.713
3794348780,r44132-n303766,0,1613452308.888
3829393025,r7141590-n948219,0,1613431931.01
3904282188,r2215649-n303766,0,1613990825.024
3904282188,r2215649-n303766,1,1613990825.027
3904282188,r414303-n948219,0,1613990825.023
3904282188,r414303-n948219,1,1613990825.026
3915353637,r7419443-n948219,0,1613938913.707
3920101496,r974863-n410412,1,1613429755.858
3943041189,r8141575-n410412,0,1614181447.962
3943041189,r8141575-n410412,1,1614181447.97
3959072825,r6707841-n172107,0,1614715744.612
3961143424,r7141590-n948219,0,1613432659.632
3975864097,r9988778-n303766,0,1613462091.101
4020149119,r7269000-n948219,0,1613441986.25
4029987869,r8972851-n948219,0,1613184579.279
4183482750,r216287-n303509,1,1612824719.369
4187240798,r4506251-n410412,0,1613016520.849
4220860779,r6727430-n303509,0,1613438435.287
4267788194,r7141590-n303509,0,1613486273.746
4332385915,r4683026-n200569,0,1614722453.304
4337085376,r7141590-n172107,0,1614715744.723
4421064049,r810901-n948219,0,1613749604.241
4421064049,r810901-n948219,1,1613749604.245
4435464308,r6727430-n303509,0,1613436271.956
4495460559,r414303-n303509,0,1613040267.138
4546004941,r492024-n303766,0,1613435000.265
4566641654,r8141575-n303766,1,1614081808.69
4653567009,r8972851-n303509,0,1613604412.327
4682289870,r2215649-n303766,0,1614348642.319
4722135196,r7141590-n772143,0,1614723650.471
4722135196,r7141590-n772143,1,1614723650.481
4744021226,r7141590-n948219,0,1613435834.375
4774237816,r44132-n303766,0,1613332657.39
4856307055,r7419443-n948219,0,1613935082.593
4887943013,r8141575-n303766,1,1613936156.435
4912762340,r9988778-n410412,0,1614735079.605
4918105912,r8532701-n772143,1,1614744290.077
4963257496,r8275852-n410412,0,1613418194.735
5004147219,r9170217-n303509,1,1613437199.31
5010297257,r974863-n410412,0,1613450023.773
5040839751,r9988778-n303766,1,1614755008.145
5089315542,r44132-n303766,0,1613451915.181
5111850289,r8275852-n410412,0,1614060680.96
5194298959,r8972851-n303509,0,1613594493.378
5231649935,r4683026-n948219,0,1613971579.496
5307833186,r216287-n303509,1,1612829313.064
5316285025,r1039410-n303509,0,1613081594.357
5327290306,r8275852-n303766,0,1613738198.655
5368658252,r9170217-n303509,0,1613436533.872
5371942709,r4506251-n303766,0,1613473392.193
5416113298,r7753495-n303509,0,1613676483.745
5420242366,r6707841-n172107,0,1614736392.659
5433951839,r216287-n303509,1,1612830300.678
5448968019,r216287-n303509,1,1612829832.126
5486075855,r4605940-n303509,0,1613303614.337
5524269537,r7269000-n303509,0,1613579812.65
5530265350,r7462820-n410412,0,1613574677.249
5532128467,r4099734-n200569,1,1614719736.296
5564081895,r6959555-n750018,0,1614737637.602
5586399448,r8972851-n303509,0,1613611960.384
5604055465,r7269000-n948219,0,1613430000.058
5667158307,r492024-n303766,0,1613351621.8
5699209944,r8141575-n303766,0,1614196605.552
5767305669,r7269000-n303509,0,1613581236.195
5788768981,r44132-n303766,0,1613472827.207
5791101525,r8024255-n303766,0,1614337124.358
5801687419,r7462820-n303766,0,1613435279.718
5805000493,r5179276-n948219,0,1613579802.574
5858243261,r6707841-n172107,0,1614726630.704
5873165395,r7317916-n948219,1,1613483934.762
5882838115,r8473362-n410412,1,1614734934.216
5905324570,r4506251-n410412,0,1613016581.613
5930469845,r7753495-n303509,0,1613554842.035
6004233796,r4099734-n200569,0,1614720036.182
6023478204,r3974592-n948219,0,1613699102.468
6023478204,r3974592-n948219,1,1613699102.472
6023478204,r8024255-n303766,0,1613699102.454
6023478204,r8024255-n303766,1,1613699102.458
6023478204,r8141575-n410412,0,1613699102.455
6023478204,r8141575-n410412,1,1613699102.46
6023478204,r9515777-n410412,0,1613699102.49
6023478204,r9515777-n410412,1,1613699102.495
6023478204,r9648383-n410412,0,1613699102.476
6023478204,r9648383-n410412,1,1613699102.479
6077102607,r1039410-n303509,0,1613109637.586
6109657438,r5179276-n948219,0,1613388006.213
6122765730,r4099734-n772143,1,1614740766.248
6154646895,r6727430-n303509,0,1613012486.173
6167723078,r4605940-n948219,0,1614558342.11
6167723078,r4605940-n948219,1,1614558342.113
6181980570,r8141575-n410412,0,1614616238.077
6181980570,r8141575-n410412,1,1614616238.08
6211581001,r9170217-n772143,0,1614723302.331
6216255734,r2215649-n303766,0,1613954845.163
6256917154,r8972851-n303509,0,1613599850.667
6329102851,r8972851-n303509,0,1613608904.704
6330262721,r4099734-n772143,1,1614721838.85
6343563000,r492024-n303766,0,1613442744.107
6360907349,r7419443-n948219,0,1613926509.003
6363155951,r5179276-n948219,0,1613585939.371
6449825823,r4683026-n948219,1,1614649220.357
6496962082,r8275852-n410412,0,1613496318.651
6512007437,r1039410-n948219,0,1614035493.142
6607218738,r6959555-n172107,0,1614725520.179
6610958728,r9988778-n303766,1,1613456886.916
6624525513,r1039410-n948219,0,1613948956.406
6660432361,r6727430-n948219,0,1613651736.506
6684682909,r9170217-n303509,0,1613328231.105
6691194418,r974863-n410412,0,1614734527.452
6691194418,r974863-n410412,1,1614734527.459
6700157728,r492024-n410412,0,1613783362.968
6700157728,r492024-n410412,1,1613783362.971
6708529726,r216287-n303509,1,1612830007.834
6758464640,r4506251-n303766,0,1613464272.67
6783172991,r9515777-n303766,0,1614270301.463
6854439245,r1900814-n172107,0,1614728190.259
6890100323,r8024255-n410412,0,1613535623.817
6891662484,r6727430-n303509,0,1613424596.886
6954428232,r1039410-n303509,0,1613057085.784
6961405327,r5354770-n750018,0,1614720672.441
6971154432,r2215649-n410412,0,1613500647.412
7005791315,r9648383-n410412,0,1614253736.825
7106754466,r4683026-n948219,0,1614163787.374
7107377039,r7753495-n948219,0,1613568204.808
7166496290,r8972851-n303509,0,1613594883.846
7170057274,r1039410-n303509,0,1613051738.689
7202966210,r492024-n303766,0,1613444536.443
7205584860,r216287-n303509,0,1613099493.457
7233182433,r4506251-n303766,0,1613493905.008
7264797489,r974863-n410412,0,1613244902.485
7270115381,r9170217-n948219,0,1613429358.741
7300440737,r492024-n410412,0,1613791451.435
7306611376,r8024255-n410412,0,1614736398.178
7306789463,r9480604-n410412,0,1614734566.641
7333700279,r44132-n303766,0,1613312388.672
7351007570,r204106-n772143,1,1614721838.863
7411786693,r492024-n410412,0,1614121251.458
7422739601,r492024-n303766,0,1613423236.273
7446995639,r7317916-n948219,0,1613241445.211
7459099283,r974863-n410412,1,1613446377.351
7468861049,r5179276-n948219,0,1613579073.702
7502892552,r44132-n303766,0,1613467063.44
7523917627,r8024255-n303766,0,1614341892.209
7539408726,r4605940-n717709,0,1614723756.522
7564863102,r7462820-n410412,0,1613582051.076
7573416698,r414303-n303509,0,1613429363.788
7598600885,r44132-n303766,0,1613467794.009
7602490771,r810901-n303509,0,1612969042.083
7617832847,r6727430-n948219,0,1613603185.417
7672104505,r4506251-n410412,1,1614736398.184
7698982393,r8473362-n410412,0,1613400133.842
7723237089,r2684277-n948219,0,1614067144.459
7762935508,r1051355-n200569,1,1614719074.546
7796440403,r1900814-n172107,0,1614740307.349
7839029647,r4683026-n948219,0,1613669662.531
7886294256,r9648383-n303766,1,1614121454.289
7950780746,r216287-n303509,1,1612829834.918
7978181999,r368967-n772143,0,1614717433.654
7978181999,r368967-n772143,1,1614717433.657
8003264391,r8024255-n410412,0,1613527899.006
8019788470,r9170217-n948219,0,1613277219.151
8046636288,r9480604-n410412,0,1614475068.436
8046636288,r9480604-n410412,1,1614475068.444
8047101416,r2684277-n948219,0,1614031184.519
8073510172,r2215649-n303766,0,1614738577.545
8148414670,r3974592-n172107,1,1614735760.96
8182770269,r9170217-n303509,0,1613438723.332
8188196463,r5179276-n948219,0,1613440102.43
8206930725,r810901-n948219,0,1613662540.923
8206930725,r810901-n948219,1,1613662540.932
8214132759,r7462820-n303766,1,1613654117.534
8332914031,r2215649-n410412,0,1613178307.6
8392228217,r8473362-n410412,0,1613126843.802
8392228217,r8473362-n410412,1,1613126843.805
8400198810,r9480604-n303766,0,1613264905.202
8478790205,r4605940-n303509,1,1613416804.509
8489090885,r492024-n303766,0,1613396836.221
8489090885,r492024-n303766,1,1613396836.231
8489090885,r8473362-n410412,0,1613396836.22
8489090885,r8473362-n410412,1,1613396836.223
8501975806,r216287-n303509,0,1612820391.515
8530984210,r7269000-n303509,0,1613588810.473
8531312561,r7462820-n410412,1,1613576717.369
8532312908,r9659953-n772143,0,1614717433.682
8532312908,r9659953-n772143,1,1614717433.69
8541180711,r5354770-n772143,0,1614717433.659
8541180711,r5354770-n772143,1,1614717433.662
8590312590,r4683026-n948219,1,1613991439.609
8607926066,r9170217-n948219,0,1613580376.808
8614090220,r7317916-n948219,0,1613479075.941
8644310129,r8972851-n948219,0,1613528389.329
8662301724,r9480604-n410412,0,1614371633.612
8663901075,r5179276-n948219,0,1613573649.998
8680685699,r7269000-n303509,0,1613577594.035
8681122340,r7141590-n948219,0,1613436185.075
8720853166,r6707841-n200569,0,1614718322.472
8752028267,r8275852-n410412,0,1613497126.54
8795293423,r8972851-n303509,0,1613602390.876
8828095786,r414303-n948219,0,1614085867.132
8846382421,r4506251-n303766,0,1613466192.685
8903845002,r4506251-n303766,0,1613505019.859
8907983500,r44132-n410412,0,1613177402.258
8916268168,r810901-n303509,1,1613136214.653
8959452085,r4605940-n948219,0,1614496424.572
8968783541,r974863-n303766,0,1614269637.101
8989922077,r8972851-n948219,0,1613184112.66
9062796784,r216287-n303509,1,1612829659.298
9072970286,r8024255-n303766,0,1614362612.448
9080223847,r44132-n410412,0,1613385116.323
9080223847,r44132-n410412,1,1613385116.327
9105750754,r7269000-n303509,0,1613579453.044
9118660063,r4506251-n410412,0,1613257074.934
9246094982,r8024255-n410412,0,1613524752.072
9247037017,r9170217-n303509,1,1613096811.847
9325253079,r6707841-n172107,1,1614734874.155
9339507837,r9659953-n172107,1,1614715475.665
9356633671,r974863-n303766,0,1613845200.252
9373450357,r9170217-n303509,0,1613339447.153
9373450357,r9170217-n303509,1,1613339447.156
9435791875,r9480604-n303766,0,1613317793.685
9447043637,r2215649-n303766,0,1614369044.601
9494291120,r3974592-n948219,0,1614230852.8
9495132542,r8275852-n410412,0,1613356806.111
9510202800,r414303-n303509,0,1613429368.711
9518030121,r7269000-n303509,0,1613575474.584
9522793344,r414303-n303509,0,1613429100.782
9530319113,r368967-n200569,0,1614725051.038
9530319113,r368967-n200569,1,1614725051.042
9558546730,r9988778-n303766,0,1613337731.061
9679735414,r7462820-n303766,0,1613422377.095
9683410591,r6727430-n303509,0,1613012422.547
9740928447,r8972851-n303509,0,1613569553.193
9782546756,r204106-n200569,0,1614718442.8
9805567093,r5179276-n948219,0,1613582033.256
9841422966,r7141590-n172107,1,1614735511.578
9885518494,r7269000-n303509,0,1613576893.376
9890999195,r8024255-n303766,0,1613365807.892
9934802831,r8972851-n303509,0,1613598139.709
9943229958,r8275852-n303766,0,1613168531.249
9943229958,r8275852-n303766,1,1613168531.252
9996807389,r8024255-n410412,0,1613063173.518
9996807389,r8024255-n410412,1,1613063173.521
10045588334,r7269000-n948219,0,1613430165.498
10063782380,r8532701-n172107,1,1614725212.351
10086618948,r414303-n303509,0,1613429094.09
10115911544,r4683026-n948219,0,1614603061.855
10119419143,r6727430-n303509,0,1613409092.738
10128645794,r8141575-n303766,0,1613942302.241
10145569962,r4506251-n303766,0,1613506578.575
10163629406,r7462820-n303766,0,1613383839.161
10178754402,r7141590-n303509,0,1613480221.743
10181979328,r7141590-n303509,0,1613408518.106
10236941197,r2215649-n303766,0,1613934048.286
10252200029,r7462820-n410412,0,1613587662.925
10256084280,r8024255-n410412,0,1613534422.05
10265951174,r6727430-n948219,0,1613614076.194
10330541552,r7419443-n948219,0,1613685139.327
10337607085,r810901-n948219,0,1614024575.703
10338231040,r7141590-n948219,0,1613445672.555
10374380294,r8141575-n410412,1,1614620739.551
10409432669,r6727430-n948219,0,1613600509.963
10422743425,r4506251-n303766,0,1613467277.788
10424156569,r4683026-n948219,0,1613861453.883
10564472974,r9170217-n303509,0,1613128889.77
10564472974,r9170217-n303509,1,1613128889.773
10566394288,r8141575-n410412,0,1614550952.434
10577630989,r6727430-n303509,0,1613433040.901
10666807260,r5179276-n948219,0,1613582761.52
10674034828,r810901-n303509,0,1612905412.483
10682722497,r7753495-n303509,0,1613218897.733
10718180860,r4144777-n303509,0,1614336585.083
10718180860,r4144777-n303509,1,1614336585.087
10735000684,r7462820-n303766,0,1613355712.995
10735000684,r7462820-n303766,1,1613355713.001
10750476782,r8972851-n948219,0,1613527623.883
10771625308,r9480604-n410412,0,1614736398.166
10797251294,r2215649-n303766,0,1614720255.072
10806428309,r4506251-n303766,0,1613500939.256
10814999757,r8141575-n303766,0,1614193198.459
10834538387,r4683026-n948219,0,1614261523.6
10854592093,r7141590-n303509,0,1613482638.339
10869996635,r1039410-n303509,0,1613341573.193
10871698161,r4506251-n303766,0,1613496384.285
10875221935,r9480604-n303766,0,1613439268.587
10900277452,r4506251-n410412,0,1613388731.058
10900277452,r4506251-n410412,1,1613388731.068
10944923261,r2684277-n948219,0,1613331526.891
10944923261,r2684277-n948219,1,1613331526.894
10946239729,r7269000-n948219,0,1613407214.232
10965380282,r7419443-n948219,0,1613942299.837
10969022550,r1039410-n948219,0,1613477429.597
10969022550,r1039410-n948219,1,1613477429.6
10969022550,r2684277-n948219,0,1613477429.644
10969022550,r2684277-n948219,1,1613477429.653
10998208221,r44132-n303766,0,1613465967.322
11027974286,r6727430-n303509,0,1613012302.708
11046373326,r9480604-n303766,0,1613795525.536
11056891962,r4506251-n303766,0,1613508018.401
11122448293,r9648383-n303766,0,1614298116.421
11142155590,r368967-n750018,0,1614720696.585
11145356724,r2215649-n410412,0,1614734634.946
11145356724,r2215649-n410412,1,1614734634.956
11149245646,r7141590-n303509,0,1613333139.835
11177719926,r7269000-n948219,1,1613407214.247
11212463388,r7141590-n948219,0,1613438287.77
11215228029,r3974592-n303509,0,1613178563.274
11215228029,r3974592-n303509,1,1613178563.279
11280749183,r9852763-n772143,0,1614722471.865
11334444881,r8275852-n303766,0,1613654740.928
11398270447,r9480604-n303766,0,1613439095.762
11402284709,r7141590-n948219,0,1613441552.57
11464926378,r2684277-n948219,0,1613257594.795
11517655417,r7462820-n303766,0,1613651115.676
11553531224,r8024255-n410412,0,1613523958.394
11558517414,r7141590-n172107,0,1614747499.853
11560972682,r4099734-n172107,0,1614715475.783
11580353383,r2684277-n948219,0,1614086167.821
11582298739,r7317916-n948219,1,1613479109.307
11588325402,r7141590-n948219,0,1613437237.337
11627880106,r2684277-n948219,0,1613258737.662
11628119649,r4144777-n303509,0,1614311568.971
11648119859,r6727430-n303509,0,1613419922.384
11655077566,r5179276-n948219,0,1613586295.415
11662732043,r7462820-n410412,0,1613573025.912
11732428116,r7317916-n948219,0,1613476742.243
11782132545,r8141575-n410412,0,1614443288.57
11789619435,r7419443-n948219,0,1613942557.731
11801866722,r4506251-n303766,0,1613507539.567
11838527759,r8473362-n410412,0,1613398066.552
11879244524,r1039410-n948219,1,1613928464.363
11917448100,r216287-n303509,1,1612830036.775
11971239882,r414303-n303509,0,1613429323.818
11983359824,r5179276-n948219,0,1613414117.776
12009210842,r8972851-n948219,0,1613524185.753
12009867050,r7269000-n303509,0,1613587291.757
12061302814,r6727430-n948219,0,1613613415.675
12124003268,r4506251-n303766,0,1613500155.801
12145345242,r8024255-n410412,0,1613110999.369
12171829542,r6727430-n303509,0,1613435205.149
12190933994,r7462820-n303766,1,1613372691.745
12299370945,r216287-n303509,0,1613099371.496
12390826279,r810901-n303509,0,1612958040.944
12431525495,r492024-n410412,0,1614327627.234
12431525495,r492024-n410412,1,1614327627.243
12448065857,r6707841-n772143,1,1614721838.914
12490711639,r414303-n303509,0,1613084101.749
12539656636,r216287-n303509,1,1613099177.772
12545459612,r6727430-n948219,0,1613613332.312
12559188102,r8141575-n303766,0,1613942425.905
12562498309,r4099734-n200569,0,1614719351.167
12591718262,r9170217-n303509,0,1613438370.393
12602788715,r8024255-n410412,0,1614734566.638
12634738497,r4144777-n303509,0,1614380725.041
12636019465,r44132-n303766,0,1613452725.336
12711230048,r6727430-n948219,0,1613650933.404
12722451996,r8141575-n410412,0,1614620584.524
12722451996,r8141575-n410412,1,1614620584.527
12729471273,r9170217-n303509,0,1613323427.558
12749192034,r8024255-n410412,0,1613478238.437
12793446324,r9480604-n303766,0,1613439154.806
12802890069,r6727430-n948219,0,1613614131.758
12806739009,r8275852-n410412,0,1613317615.321
12825144153,r6727430-n303509,0,1613437337.999
12830398734,r4605940-n303509,0,1612964793.099
12830636202,r7753495-n303509,0,1613367371.176
12847892878,r7269000-n303509,0,1613578748.37
12869263330,r6727430-n948219,0,1613601409.026
12876590570,r492024-n303766,0,1614715535.863
12931749510,r2684277-n948219,0,1613435978.552
12931749510,r2684277-n948219,1,1613435978.555
12999750316,r7269000-n303509,0,1613584937.024
13020252091,r1051355-n172107,1,1614715744.628
13033695440,r8275852-n410412,0,1613317216.01
13054575682,r44132-n303766,0,1613267792.441
13120485570,r2215649-n303766,0,1614738790.377
13190269177,r8275852-n410412,0,1614292478.419
13242310818,r4506251-n410412,0,1612965754.615
13279273680,r7141590-n948219,0,1613436885.518
13343504985,r4506251-n303766,0,1613503216.558
13359503988,r5179276-n948219,0,1613580158.317
13383583486,r9480604-n410412,0,1613786336.041
13417365489,r9170217-n948219,0,1613587460.285
13422383895,r810901-n948219,0,1613666158.232
13438824856,r9170217-n948219,0,1613584131.49
13466664906,r974863-n410412,0,1613449242.69
13506398254,r414303-n303509,0,1613429559.868
13507117425,r8972851-n303509,0,1613596163.806
13528340621,r1039410-n172107,0,1614717433.651
13528340621,r1039410-n172107,1,1614717433.654
13572502771,r7141590-n948219,0,1613440403.671
13583564547,r7141590-n948219,0,1613430729.124
13612704365,r8141575-n410412,0,1614355471.603
13633423646,r7462820-n410412,0,1613572306.974
13678312743,r974863-n303766,0,1614593181.838
13699878551,r8972851-n303509,0,1613594093.587
13721089124,r9988778-n410412,1,1614734669.069
13730063568,r8972851-n303509,0,1613610178.355
13737209642,r974863-n410412,1,1613453073.765
13747531195,r9515777-n303766,0,1614488155.141
13777816958,r7317916-n948219,1,1613483514.886
13786852744,r9170217-n303509,1,1613437904.332
13815071560,r492024-n410412,1,1614734934.238
13823042574,r5179276-n948219,0,1613574008.334
13870546883,r492024-n303766,0,1613399593.847
13870546883,r492024-n303766,1,1613399593.851
13870546883,r9988778-n303766,0,1613399593.888
13870546883,r9988778-n303766,1,1613399593.892
13951179598,r8972851-n200569,0,1614759517.476
13951179598,r8972851-n200569,1,1614759517.48
13965423737,r44132-n410412,0,1613432691.831
13999154842,r414303-n172107,0,1614738361.256
14069203384,r9170217-n948219,0,1613585392.109
14085046830,r216287-n303509,1,1613099360.619
14086549871,r7317916-n948219,1,1613477854.359
14110182116,r2215649-n303766,0,1613860520.326
14110182116,r2215649-n303766,1,1613860520.329
14110602678,r7317916-n948219,1,1613483015.597
14179939723,r9170217-n948219,0,1613584545.027
14181610272,r4099734-n200569,1,1614718332.656
14257419657,r4605940-n303509,1,1612830055.523
14301040267,r7317916-n948219,0,1613483514.862
14303198507,r2215649-n303766,0,1614375708.647
14355591524,r9480604-n410412,0,1613786322.656
14406186231,r414303-n948219,0,1614496429.581
14417170390,r44132-n303766,0,1613436439.32
14457497083,r2215649-n303766,0,1613934873.73
14497098511,r8024255-n303766,0,1614720920.084
14516593920,r2215649-n410412,0,1614184216.282
14518806465,r492024-n303766,0,1613439008.993
14532759428,r5179276-n948219,0,1613584879.931
14538291701,r9659953-n750018,0,1614757767.117
14572815385,r7419443-n948219,1,1614206559.47
14586851898,r4506251-n303766,0,1613465393.201
14603920991,r5198790-n772143,0,1614733099.873
14622807964,r9988778-n410412,1,1614736398.229
14630226170,r3974592-n772143,0,1614722476.13
14656002386,r7317916-n948219,1,1613480433.562
14741180619,r9852763-n172107,0,1614737229.885
14768473984,r7141590-n303509,0,1613144279.858
14788719891,r204106-n200569,0,1614718332.608
14797735302,r414303-n303509,0,1613429539.464
14809359722,r9480604-n410412,0,1614113657.571
14875709926,r44132-n303766,0,1613464296.891
14878907816,r44132-n303766,0,1613323603.541
14883074578,r9988778-n303766,0,1613372902.915
14887690901,r492024-n303766,0,1613357324.762
14908322975,r7462820-n410412,0,1613572667.56
14938501161,r9480604-n303766,0,1613953090.641
14940720778,r9480604-n410412,0,1614735030.142
14959803412,r974863-n410412,0,1613453899.482
14972303903,r9659953-n200569,0,1614719062.139
14972455166,r7462820-n410412,0,1613581224.732
14998728370,r8972851-n948219,0,1613523823.339
15030454283,r6707841-n172107,1,1614744604.012
15038973500,r216287-n303509,0,1613099544.425
15069575251,r4683026-n303509,0,1612966228.331
15069575251,r4683026-n303509,1,1612966228.335
15072284581,r414303-n948219,0,1614023296.982
15126691726,r5051220-n200569,0,1614716469.456
15166267648,r2215649-n410412,0,1613457268.976
15172155404,r5198790-n172107,0,1614746633.271
15235900597,r6727430-n303509,0,1613031500.314
15243173369,r492024-n303766,0,1613437917.384
15295377710,r5051220-n172107,1,1614715475.793
15298418793,r492024-n303766,0,1613435718.966
15315926539,r4506251-n303766,0,1613454641.63
15383334251,r7269000-n303509,0,1613587646.379
15398977310,r2215649-n303766,0,1613954816.126
15420382161,r9852763-n772143,1,1614722472.334
15434182406,r6727430-n948219,0,1613614693.907
15441848635,r7462820-n303766,1,1613373212.69
15447621010,r974863-n410412,0,1613011256.463
15471828784,r974863-n410412,0,1613452787.71
15499148803,r9988778-n303766,0,1614754882.924
15509866713,r6727430-n303509,0,1613433387.167
15534988863,r9648383-n410412,1,1614261197.989
15536174705,r492024-n303766,0,1613432887.583
15539238348,r4605940-n303509,1,1612829381.4
15549105442,r4683026-n948219,0,1613574649.068
15549656278,r9480604-n410412,0,1614114421.503
15564408469,r492024-n410412,0,1614371420.72
15573471990,r8275852-n410412,0,1613699769.018
15632906244,r8473362-n410412,0,1614735030.196
15658911897,r974863-n410412,0,1613451078.103
15715237812,r2215649-n410412,0,1613301154.742
15721980679,r9480604-n410412,1,1614736398.207
15749658853,r7141590-n303509,0,1613336792.213
15753662504,r974863-n303766,0,1613853104.807
15782974012,r4099734-n200569,1,1614716469.449
15800877200,r8141575-n410412,0,1614615842.573
15800877200,r8141575-n410412,1,1614615842.577
15809461733,r2215649-n303766,0,1613952225.713
15840561184,r974863-n303766,0,1614109394.796
15841438908,r9170217-n948219,0,1613459471.649
15860965020,r7141590-n948219,0,1613442274.539
15884192811,r492024-n410412,0,1614735079.597
15908490766,r7419443-n948219,1,1614248258.39
15942222997,r414303-n172107,1,1614724570.867
15957381908,r7753495-n200569,0,1614738816.526
15978106786,r7419443-n948219,0,1613942293.008
16012870343,r5354770-n750018,0,1614720926.151
16084023210,r8141575-n410412,1,1614549314.695
16123462897,r7141590-n948219,0,1613430378.842
16124738953,r9515777-n303766,0,1614608195.247
16134055238,r4506251-n303766,0,1614724777.055
16145765785,r974863-n410412,0,1613010887.513
16186303335,r1039410-n948219,0,1614162559.602
16197045990,r4683026-n948219,0,1613822261.531
16211153742,r44132-n410412,0,1612978890.275
16250023616,r9515777-n303766,1,1614718435.073
16262954922,r6707841-n200569,0,1614719066.224
16284627315,r8024255-n410412,0,1613521817.259
16285697235,r9480604-n303766,0,1613388743.98
16285697235,r9480604-n303766,1,1613388743.983
16357285829,r4605940-n303509,1,1612829976.804
16368752428,r9480604-n410412,1,1614634543.475
16376218419,r4144777-n303509,0,1613097281.895
16381859005,r8024255-n410412,0,1613536404.72
16419239562,r9170217-n948219,0,1613429356.533
16430084958,r8972851-n303509,0,1613607669.314
16479844939,r7141590-n948219,0,1613441107.422
16492836911,r8972851-n303509,0,1613592527.428
16539592589,r8141575-n303766,0,1614200669.933
16553178033,r974863-n410412,0,1613011133.359
16580496612,r1039410-n948219,1,1614075567.986
16622750806,r6727430-n303509,0,1613012916.668
16639294675,r4506251-n410412,0,1613096187.938
16645933129,r492024-n303766,0,1613416537.875
16674857998,r7141590-n303509,0,1613427431.839
16696229599,r4683026-n948219,0,1614161149.823
16739299928,r2684277-n948219,0,1613259472.865
16769813087,r7462820-n303766,1,1613653284.024
16772751059,r5179276-n948219,0,1613436877.463
16842511695,r7141590-n303509,0,1613466885.543
16862122248,r7317916-n948219,0,1613482638.428
16863803581,r7419443-n172107,0,1614716687.955
16863803581,r7419443-n172107,1,1614716687.958
16873047566,r3955005-n172107,0,1614728559.408
16887931678,r7269000-n303509,0,1613589163.741
16917882059,r7141590-n948219,0,1613435126.797
16940427283,r492024-n303766,0,1613430795.522
17040552927,r9480604-n303766,0,1613329495.514
17119927401,r8275852-n410412,0,1614162559.577
17126751428,r6727430-n303509,0,1613442422.948
17200905928,r216287-n772143,0,1614725937.684
17200905928,r216287-n772143,1,1614725937.688
17267929476,r2215649-n303766,1,1614720255.105
17276164510,r7462820-n303766,0,1613652861.706
17406687754,r974863-n303766,0,1614121305.087
17429784992,r2215649-n303766,0,1613935364.776
17433240845,r9170217-n948219,0,1613429559.869
17447637746,r8972851-n303509,0,1613609723.254
17466186893,r8972851-n772143,0,1614722474.548
17600724557,r5179276-n948219,0,1613441341.402
17624741072,r810901-n172107,0,1614718435.022
17694973436,r8972851-n303509,0,1613601574.443
17782187080,r5179276-n948219,0,1613439418.036
17814642047,r8024255-n303766,0,1614184362.177
17820483380,r7269000-n948219,0,1613405780.342
17820483380,r7269000-n948219,1,1613405780.345
17910370799,r8275852-n303766,0,1613168807.45
17910370799,r8275852-n303766,1,1613168807.456
17925767766,r492024-n303766,0,1613354305.542
17930747747,r6727430-n303509,0,1613440996.773
17940589856,r5354770-n750018,0,1614738400.896
18018074802,r8532701-n172107,0,1614715475.716
18088427764,r9170217-n948219,0,1613584973.954
18101168527,r4683026-n948219,0,1614265952.665
18106398720,r7462820-n410412,0,1613580826.133
18114818157,r492024-n303766,0,1613357964.777
18114818157,r492024-n303766,1,1613357964.78
18154893188,r8275852-n303766,0,1613666884.293
18176790564,r7141590-n172107,1,1614746413.69
18215414593,r44132-n410412,0,1613099531.837
18255595362,r414303-n303509,0,1613429358.729
18262920573,r9170217-n948219,0,1613429365.834
18317870231,r3955005-n172107,0,1614715475.656
18330128720,r4605940-n303509,0,1612977425.799
18331731730,r9170217-n303509,1,1613069831.678
18351210600,r8024255-n410412,0,1613534814.457
18370466357,r9480604-n410412,0,1614734934.13
18439272182,r216287-n303509,1,1613099487.091
18462702509,r9480604-n303766,0,1613336296.466
18476985915,r8275852-n303766,0,1613658436.923
18498224886,r7141590-n303509,0,1613401915.448
18571750615,r4099734-n200569,0,1614718332.613
18612728647,r5179276-n948219,0,1613575071.79
18619610969,r8024255-n410412,0,1613529911.477
18626011778,r6727430-n948219,0,1613652895.451
18643943801,r2215649-n410412,0,1613787443.579
18649747802,r5179276-n948219,0,1613383693.271
18653415683,r492024-n410412,1,1614734826.743
18666615061,r8024255-n410412,0,1613531476.466
18700730240,r8972851-n948219,0,1613184160.014
18720072876,r6727430-n303509,0,1613401478.471
18749296119,r974863-n410412,0,1613011010.496
18771507500,r2215649-n410412,1,1613301154.745
18793910193,r44132-n303766,0,1613454689.612
18807094479,r216287-n303509,1,1612830060.283
18819155068,r4506251-n303766,0,1613463537.269
18887122158,r492024-n410412,1,1614735079.641
18888127632,r8024255-n410412,0,1613526335.986
18906578047,r2215649-n410412,0,1613436267.12
18951753276,r4506251-n303766,0,1613470107.932
18974950615,r2215649-n303766,1,1614015390.461
19010204079,r4683026-n948219,0,1614443291.987
19021258270,r8275852-n410412,0,1614293208.656
19038790419,r6727430-n303509,0,1613415697.528
19076122864,r6727430-n303509,0,1613445622.452
19082480540,r5179276-n948219,0,1613576136.071
19171818537,r5179276-n948219,0,1613440972.507
19181963143,r368967-n200569,0,1614737795.265
19239140052,r8972851-n303509,0,1613604813.701
19326647311,r4683026-n948219,0,1614338473.424
19351476050,r9988778-n303766,0,1613323609.734
19394492274,r5179276-n948219,0,1613578011.764
19407450719,r4144777-n303509,0,1613051738.697
19409061092,r8141575-n303766,0,1614206091.502
19417749767,r7141590-n303509,0,1613145505.735
19427845206,r4506251-n303766,0,1613463903.333
19461253220,r8972851-n303509,0,1613603605.256
19511565039,r8473362-n410412,0,1613012965.37
19511565039,r8473362-n410412,1,1613012965.374
19534378987,r8141575-n303766,0,1613942355.115
19555245473,r974863-n410412,0,1613011625.783
19598167609,r5051220-n200569,1,1614716533.617
19629450801,r2215649-n303766,0,1614374671.501
19639230074,r8972851-n303509,0,1613595718.722
19654398853,r7141590-n303509,0,1613483934.796
19699234314,r8024255-n410412,0,1613529527.202
19700123464,r216287-n303509,0,1613099177.788
19783691372,r8275852-n410412,0,1613139484.293
19787273217,r6727430-n948219,0,1613613328.074
19793128134,r8473362-n410412,1,1614734566.685
19803674354,r4605940-n303509,0,1612825374.033
19814409695,r8473362-n410412,0,1614003225.595
19831251563,r2215649-n303766,0,1614370880.218
19844872535,r7419443-n948219,0,1613156320.268
19912656976,r5354770-n172107,0,1614717980.889
19912656976,r5354770-n172107,1,1614717980.892
19915758899,r7141590-n948219,0,1613433717.243
19962337491,r3974592-n303509,0,1613241562.338
19966291862,r4506251-n303766,0,1613503576.424
19995021435,r7317916-n948219,0,1613482215.718
20019083031,r8141575-n303766,0,1613942385.517
20028197761,r8141575-n303766,0,1613936156.438
20045180051,r492024-n303766,0,1613436465.411
20050837873,r4506251-n303766,0,1613507058.855
20068564721,r4144777-n303509,0,1613229053.04
20086621812,r7269000-n948219,0,1613443193.765
20100144338,r9170217-n303509,0,1613439432.978
20102047094,r2215649-n303766,0,1613933348.641
20122451405,r5179276-n948219,0,1613585587.949
20166557085,r2215649-n303766,0,1614368401.698
20196279847,r216287-n303509,1,1613099307.186
20218826461,r2215649-n410412,0,1613419908.512
20282385430,r4506251-n410412,0,1612963314.847
20361379304,r8972851-n948219,0,1613526915.538
20429601957,r7462820-n410412,1,1613573090.121
20436094429,r4683026-n303509,1,1613056496.013
20441395344,r4506251-n410412,0,1613040824.172
20450456390,r414303-n303509,0,1613429356.52
20468682254,r810901-n303509,0,1613149191.787
20480571297,r974863-n410412,1,1613450220.399
20480912429,r6959555-n172107,0,1614733818.74
20499816572,r2215649-n303766,0,1613943172.216
20504499862,r7462820-n303766,1,1613650809.857
20505442624,r8141575-n303766,1,1613934048.288
20532700175,r492024-n303766,1,1614715548.939
20571430200,r9480604-n410412,0,1614186488.058
20610177883,r3955005-n172107,1,1614725600.216
20670670512,r8024255-n410412,0,1613522637.868
20727717921,r3974592-n948219,0,1614162521.277
20794086151,r7141590-n948219,0,1613431572.103
20856692552,r6727430-n948219,0,1613613330.257
20876002234,r974863-n410412,0,1613446039.426
20886560788,r7269000-n948219,0,1613429787.077
20889780738,r8972851-n948219,0,1613184344.699
20897065940,r7269000-n948219,0,1613184027.038
20897065940,r7269000-n948219,1,1613184027.041
20916714025,r8473362-n410412,0,1613995810.249
20921450051,r5179276-n948219,0,1613584526.36
20923054344,r7269000-n948219,1,1613442758.519
20924678421,r8141575-n410412,0,1614552531.491
20926432324,r492024-n303766,0,1613431513.797
20980269899,r414303-n303509,0,1613429091.578
20992766678,r5198790-n172107,0,1614715475.696
20993928714,r7462820-n410412,0,1613580022.248
21026210280,r44132-n303766,0,1613472897.893
21079217055,r4683026-n948219,1,1613863659.668
21098985056,r2215649-n410412,0,1614734527.457
21098985056,r2215649-n410412,1,1614734527.46
21120538778,r6727430-n948219,0,1613600108.532
21121345712,r9988778-n303766,0,1614715624.171
21121345712,r9988778-n303766,1,1614715624.179
21132350786,r492024-n303766,0,1613357737.382
21132350786,r492024-n303766,1,1613357737.385
21186229378,r2215649-n410412,0,1613435233.803
21202234480,r9170217-n303509,0,1613067522.795
21270529586,r7753495-n303509,0,1613127059.599
21286709160,r7462820-n410412,1,1613575111.038
21292581649,r810901-n303509,1,1613182312.233
21337915351,r2215649-n303766,0,1613954820.493
21371212826,r9170217-n948219,0,1613582485.451
21453141322,r8024255-n303766,0,1614720672.437
21457898952,r492024-n410412,0,1613863821.638
21483605957,r1051355-n772143,0,1614721838.856
21492435643,r2215649-n410412,0,1613787619.067
21496091933,r974863-n410412,0,1613010949.003
21508637270,r414303-n948219,0,1614018979.692
21525236142,r2215649-n410412,0,1613735074.385
21530974315,r9852763-n200569,0,1614718322.463
21550787961,r4506251-n303766,0,1613465023.86
21580578436,r8024255-n410412,0,1613530750.109
21605604538,r7141590-n303509,0,1613434009.588
21637936672,r7462820-n303766,0,1613372691.745
21698498748,r4506251-n303766,0,1613506158.553
21730621891,r7269000-n303509,0,1613580887.868
21759647028,r368967-n200569,0,1614725289.915
21774089201,r492024-n303766,0,1613433587.46
21781901346,r7141590-n948219,0,1613439696.633
21785017393,r9170217-n172107,1,1614735646.994
21833742164,r8275852-n410412,0,1613324769.703
21834542035,r7462820-n303766,0,1613650391.184
21878502021,r5051220-n172107,0,1614743949.982
21879720755,r492024-n410412,0,1613688902.748
21879720755,r492024-n410412,1,1613688902.756
21939504450,r492024-n303766,0,1613436838.757
21970831346,r7317916-n948219,0,1613481275.889
22005247718,r7462820-n410412,0,1613578405.651
22046211323,r8024255-n303766,0,1614332633.361
22054466120,r2684277-n948219,0,1614067268.9
22095739731,r216287-n772143,0,1614728043.164
22095739731,r216287-n772143,1,1614728043.167
22136128559,r9648383-n410412,0,1614734527.447
22136128559,r9648383-n410412,1,1614734527.451
22141363037,r9480604-n303766,0,1613439108.402
22148671855,r8972851-n303509,0,1613600274.51
22175253853,r8972851-n303509,0,1613608481.205
22191082302,r414303-n303509,0,1613429326.831
22191894545,r9170217-n303509,0,1613127120.374
22191894545,r9170217-n303509,1,1613127120.379
22227056498,r216287-n303509,0,1612825366.993
22237414205,r9480604-n303766,1,1613796214.351
22238543322,r8141575-n410412,1,1614620924.173
22256973253,r2215649-n303766,0,1613954840.409
22279120407,r4683026-n172107,0,1614714427.213
22287509203,r810901-n303509,0,1613181128.309
22301987242,r8275852-n410412,0,1613688183.162
22368527038,r8024255-n410412,0,1613022075.188
22368527038,r8024255-n410412,1,1613022075.191
22441941936,r492024-n410412,0,1614573984.831
22546131896,r6727430-n303509,0,1613205246.116
22561134499,r8024255-n410412,0,1613530400.664
22569549363,r7419443-n948219,0,1613687257.991
22581422633,r7141590-n948219,0,1613434076.781
22585375457,r7462820-n410412,0,1613586186.912
22617329691,r7269000-n303509,0,1612886091.58
22618796460,r7462820-n303766,0,1613652162.453
22662581744,r9480604-n410412,0,1613786345.888
22713382567,r4683026-n948219,0,1614341892.187
22729539516,r7462820-n303766,0,1613653559.445
22735450142,r2684277-n948219,1,1614007404.929
22758079627,r8972851-n172107,0,1614737356.364
22759113315,r4506251-n303766,0,1613468107.892
22779463109,r2215649-n410412,0,1613500766.928
22812963814,r2684277-n948219,0,1613257457.598
22949384866,r8141575-n303766,0,1614758538.286
22949384866,r8141575-n303766,1,1614758538.289
22962530395,r810901-n303509,0,1613049982.233
22974822120,r9988778-n303766,0,1613413886.212
22975536590,r4605940-n303509,0,1612820464.905
23043528742,r414303-n948219,0,1614081029.872
23044743590,r4683026-n303509,0,1613057085.789
23062391063,r6727430-n303509,0,1613012978.043
23108736470,r6727430-n303509,1,1612974925.551
23125008107,r9648383-n410412,1,1614162614.716
23192451953,r216287-n303509,1,1612829818.024
23202874310,r8024255-n410412,0,1613528304.377
23211391888,r8972851-n303509,0,1613603185.455
23261747417,r44132-n303766,0,1613470107.932
23294812599,r4506251-n303766,0,1613502621.491
23306259259,r974863-n303766,0,1613849297.607
23340757772,r9170217-n303509,0,1613439079.437
23355759569,r8972851-n303509,0,1613179736.367
23375628749,r2684277-n303509,0,1612788541.814
23386102000,r7141590-n303509,0,1613144737.024
23400397450,r7317916-n948219,1,1613477104.576
23413677134,r2215649-n303766,0,1614375804.738
23427415767,r492024-n410412,0,1614557793.339
23429485705,r9170217-n948219,0,1613464436.368
23476400489,r7141590-n172107,1,1614715744.752
23526390651,r7462820-n410412,0,1613575948.998
23573286544,r4683026-n948219,0,1614617211.55
23578924890,r5179276-n948219,0,1613582409.968
23579323029,r7141590-n948219,0,1613440755.625
23589993177,r9659953-n172107,0,1614751310.48
23604566303,r9988778-n303766,1,1613424221.371
23611751578,r6727430-n303509,0,1613438089.556
23614932097,r7141590-n948219,0,1613447036.643
23660940443,r7753495-n303509,0,1613537907.795
23703478217,r9648383-n303766,0,1613849910.304
23715493176,r4506251-n303766,0,1613391240.725
23728277580,r414303-n948219,1,1613948960.427
23730570058,r974863-n410412,0,1613011872.022
23734230281,r7462820-n410412,0,1613585052.925
23796088112,r2684277-n948219,0,1614082330.636
23809733670,r8972851-n303509,0,1613611396.362
23812844465,r8275852-n303766,0,1613169437.243
23812844465,r8275852-n303766,1,1613169437.25
23826543573,r8141575-n303766,0,1614033560.905
23836482265,r1051355-n200569,0,1614718322.477
23841459356,r7419443-n948219,0,1613643824.331
23885817268,r9852763-n172107,0,1614725989.015
23921389584,r7141590-n303509,0,1613153212.237
23945893278,r4144777-n303509,0,1612838327.938
23961486799,r7317916-n948219,0,1613480399.756
23987772661,r2684277-n303509,0,1612542416.286
23991063027,r414303-n948219,0,1614338473.424
24016739990,r1039410-n303509,0,1613334611.871
24045589591,r7141590-n172107,1,1614724805.763
24089752183,r4506251-n410412,1,1613395284.578
24152679179,r9648383-n303766,0,1614104215.614
24153151603,r8972851-n303509,0,1613612493.974
24171563076,r5179276-n948219,0,1613587900.224
24173530933,r7462820-n303766,1,1613652232.843
24176917292,r9170217-n948219,0,1613457848.447
24177367204,r9515777-n410412,0,1614546235.954
24183770045,r204106-n200569,0,1614719074.538
24202033952,r7462820-n303766,1,1613651525.448
24224414241,r9852763-n200569,0,1614718743.974
24250182563,r8275852-n303766,0,1613581342.799
24251224664,r7269000-n948219,1,1613444946.573
24286353527,r8024255-n303766,0,1614723059.054
24377361441,r9515777-n410412,0,1614504614.275
24382036461,r8024255-n410412,1,1614734934.187
24407437942,r9988778-n303766,1,1613408731.643
24417693069,r44132-n303766,0,1613469014.302
24425875217,r7141590-n303509,0,1613484954.663
24430576150,r8141575-n303766,0,1614251757.265
24430576150,r8141575-n303766,1,1614251757.274
24459653541,r2684277-n948219,0,1614048548.26
24497741444,r204106-n200569,0,1614718754.419
24613871280,r1039410-n303509,0,1613065616.786
24625976766,r3974592-n303509,1,1613287604.865
24627951701,r7753495-n303509,0,1613683810.908
24794547604,r1900814-n172107,1,1614724865.808
24801045674,r3974592-n303509,1,1613290000.326
24891011704,r8141575-n303766,1,1614047654.005
24905655898,r6727430-n303509,0,1614711780.478
24905655898,r6727430-n303509,1,1614711780.481
24951622081,r9170217-n303509,0,1613437241.762
24954527420,r6727430-n948219,0,1613653327.06
24956431912,r8972851-n303509,0,1613140404.56
25055763389,r4506251-n303766,0,1613505078.62
25095911747,r4506251-n303766,0,1614722950.01
25165769984,r414303-n200569,0,1614716120.607
25165769984,r414303-n200569,1,1614716120.61
25189708439,r5179276-n948219,0,1613437220.276
25193187077,r6959555-n750018,0,1614740572.395
25213965060,r216287-n303509,1,1612821771.817
25252149395,r7141590-n303509,0,1613145836.545
25257204372,r2215649-n410412,0,1613467606.497
25277745499,r7141590-n303509,0,1613145656.106
25335787114,r44132-n303766,0,1613465097.741
25353364528,r8275852-n410412,0,1613440442.149
25391952696,r7317916-n948219,0,1613479536.195
25423032447,r7419443-n948219,0,1613324687.699
25431355758,r2215649-n303766,0,1613954809.086
25433901556,r7141590-n303509,0,1613144186.659
25525170311,r492024-n303766,0,1613366999.594
25544752459,r7753495-n303509,0,1613470916.744
25544853070,r216287-n303509,0,1612825378.727
25576353503,r5354770-n750018,0,1614721523.414
25585431325,r4506251-n303766,0,1613504478.064
25591139406,r6707841-n772143,1,1614730508.973
25678268009,r492024-n303766,0,1613442037.589
25692198677,r8024255-n410412,0,1613529940.347
25695070073,r8141575-n303766,0,1614759517.458
25695070073,r8141575-n303766,1,1614759517.461
25718761312,r8972851-n948219,0,1613527972.522
25728880554,r7753495-n303509,0,1613681900.848
25741796929,r810901-n948219,1,1614169892.014
25759557438,r7269000-n303509,0,1613586933.121
25765071301,r9988778-n410412,0,1613218651.467
25765925209,r9852763-n172107,1,1614715744.677
25779095020,r7317916-n948219,0,1613477887.296
25779594908,r492024-n410412,0,1614735030.222
25781950046,r8275852-n410412,0,1614066893.891
25848527204,r4683026-n948219,0,1613778654.418
25850265712,r6727430-n303509,0,1612974925.55
25856461857,r9480604-n410412,0,1614182691.759
25916582711,r9988778-n410412,1,1614734826.743
25992112109,r4506251-n410412,0,1613042723.475
25993587885,r9988778-n410412,0,1614736398.198
26003084654,r7462820-n410412,1,1613574294.93
26024804309,r368967-n172107,0,1614710754.223
26024804309,r368967-n172107,1,1614710754.227
26153825528,r6727430-n948219,0,1613613774.098
26156427598,r4506251-n303766,0,1613468635.89
26163096071,r6727430-n948219,0,1613650088.938
26252711653,r492024-n303766,0,1613440275.647
26283359083,r7753495-n303509,0,1613672151.672
26298696541,r8024255-n303766,0,1614184827.818
26302202239,r6727430-n303509,0,1613439526.947
26338952628,r810901-n303509,0,1613066187.416
26385977070,r1039410-n948219,0,1613477197.417
26385977070,r1039410-n948219,1,1613477197.42
26385977070,r2684277-n948219,0,1613477197.427
26385977070,r2684277-n948219,1,1613477197.431
26403218086,r7141590-n948219,0,1613446651.722
26425153812,r4506251-n410412,0,1613137140.286
26460241309,r974863-n410412,1,1613447259.552
26521362510,r7419443-n948219,0,1613170391.934
26521362510,r7419443-n948219,1,1613170391.937
26541044725,r8473362-n410412,1,1613341352.635
26549640409,r7141590-n172107,0,1614726270.669
26567438714,r8972851-n948219,0,1613478329.292
26590239582,r9170217-n303509,1,1613438258.268
26757080507,r414303-n303509,0,1613429365.83
26810854155,r8024255-n410412,0,1613534035.233
26815424732,r810901-n172107,1,1614718322.489
26905523624,r7269000-n303509,0,1612887144.185
26932275458,r5354770-n172107,1,1614740776.925
26973900767,r4506251-n410412,0,1613106736.865
26986778104,r7462820-n410412,0,1613581622.475
26998594772,r5179276-n948219,0,1613578722.922
27014073291,r492024-n303766,0,1613419477.046
27016385143,r9988778-n410412,0,1614734934.201
27067048849,r216287-n303509,0,1612885825.868
27067048849,r216287-n303509,1,1612885825.871
27068602393,r492024-n303766,0,1613434293.019
27124900309,r9480604-n303766,0,1613438962.734
27178675534,r9515777-n303766,0,1614486521.344
27210601152,r9480604-n410412,0,1613730259.075
27212197528,r414303-n303509,0,1613109491.903
27297785811,r2684277-n948219,0,1614048218.444
27324019132,r44132-n303766,1,1613312388.683
27326502107,r6707841-n172107,0,1614746989.59
27369314922,r3974592-n303509,0,1613287267.392
27388232542,r2215649-n303766,0,1614015390.458
27394171185,r5198790-n172107,0,1614736585.748
27461929527,r7419443-n948219,0,1613643920.911
27500108861,r8972851-n948219,0,1613525006.044
27528619132,r9480604-n303766,0,1613312398.736
27537505780,r8141575-n303766,0,1613942299.867
27564535839,r2684277-n948219,0,1613323603.537
27581132691,r7753495-n948219,0,1613566076.798
27582354412,r492024-n303766,0,1614714926.08
27593302394,r2215649-n303766,0,1613954832.445
27608142619,r7753495-n948219,0,1613742274.959
27644567865,r7462820-n410412,0,1613586933.126
27665904777,r7753495-n303509,0,1613372210.336
27672624358,r7141590-n303509,0,1613481705.173
27717524262,r414303-n772143,0,1614722798.033
27743781265,r9170217-n948219,0,1613429527.389
27751344747,r7753495-n303509,0,1613565169.332
27768201445,r44132-n410412,0,1613302911.211
27810787228,r1039410-n303509,0,1613322379.178
27835310991,r492024-n303766,0,1613158425.242
27842358648,r5354770-n750018,0,1614721150.853
27875383871,r2215649-n303766,0,1614140369.615
27875383871,r2215649-n303766,1,1614140369.624
27888723897,r8473362-n410412,1,1614735030.229
27901114381,r9480604-n410412,0,1614634515.402
27936839880,r44132-n410412,1,1614734566.653
27939678396,r7753495-n948219,0,1613566778.565
27941652111,r6727430-n948219,0,1613606303.116
27953383585,r7753495-n303509,0,1613545773.952
27970224915,r9480604-n410412,0,1614233090.612
27970546133,r9170217-n948219,0,1613411099.879
27996535114,r9515777-n303766,1,1614278135.736
28001516114,r4506251-n410412,1,1614734934.141
28087277522,r7269000-n948219,0,1613429795.973
28091049215,r6727430-n303509,0,1613435901.2
28101217125,r2215649-n303766,0,1613954822.853
28116402143,r9480604-n410412,0,1614113457.067
28127331761,r7462820-n303766,0,1613391129.724
28164434419,r6707841-n772143,0,1614758538.276
28164434419,r6707841-n772143,1,1614758538.28
28170008665,r492024-n410412,1,1613791451.416
28203836443,r6727430-n303509,0,1613436964.311
28213408674,r9480604-n410412,0,1614371533.819
28232900315,r9170217-n303509,0,1613069831.669
28234161284,r9480604-n303766,0,1613438856.088
28250083927,r9515777-n303766,0,1614281959.531
28276826365,r8532701-n172107,1,1614715475.747
28285467643,r7462820-n303766,0,1613359707.431
28288066312,r810901-n948219,0,1613661156.417
28288066312,r810901-n948219,1,1613661156.421
28325182340,r9170217-n303509,1,1613437552.894
28363238509,r6707841-n172107,1,1614715744.642
28416223584,r8024255-n410412,0,1613533645.973
28424533778,r9515777-n303766,0,1614268975.719
28425870419,r6727430-n948219,0,1613613303.021
28426735776,r7462820-n303766,0,1613371916.561
28428977092,r5198790-n172107,0,1614727598.228
28482863636,r5198790-n772143,0,1614742416.616
28516471297,r4506251-n303766,0,1613501299.843
28523311721,r4144777-n303509,0,1614179391.41
28524863640,r3955005-n750018,0,1614732066.768
28524863640,r3955005-n750018,1,1614732066.771
28529998855,r7462820-n410412,1,1613575512.109
28615728386,r216287-n303509,1,1612829810.338
28622832879,r4506251-n410412,0,1613013988.018
28633170473,r7419443-n948219,0,1613667219.367
28638485628,r2684277-n948219,0,1614005712.637
28649012486,r9480604-n303766,0,1613438960.459
28697107669,r7141590-n948219,0,1613435476.399
28705524071,r9170217-n948219,0,1613460114.671
28710850208,r4683026-n772143,0,1614726716.589
28710850208,r4683026-n772143,1,1614726716.594
28726749356,r4506251-n410412,1,1614734566.654
28857981900,r368967-n172107,0,1614712318.226
28857981900,r368967-n172107,1,1614712318.233
28981762402,r9170217-n172107,0,1614727045.57
28998617448,r5051220-n772143,0,1614721838.789
29053164122,r8024255-n410412,0,1612997292.044
29106320443,r9170217-n303509,1,1613436048.808
29133358081,r8473362-n410412,0,1613789473.409
29146904327,r4144777-n303509,1,1614179218.2
29153938586,r1039410-n948219,0,1613928464.356
29171681026,r8141575-n303766,0,1613942526.571
29178402527,r6707841-n200569,1,1614718322.5
29199310364,r7753495-n948219,1,1613245591.066
29221387451,r9170217-n948219,0,1613429342.848
29267713431,r492024-n303766,0,1613438656.314
29322877778,r492024-n303766,0,1613433236.047
29378786542,r974863-n410412,0,1613453139.444
29400734412,r44132-n303766,0,1613469454.598
29409089616,r8473362-n410412,0,1613794702.55
29451697496,r6727430-n948219,0,1613652517.291
29454224193,r3974592-n303509,1,1613288453.087
29456644149,r4506251-n410412,0,1612963763.663
29459810629,r8275852-n410412,0,1614379741.814
29468815065,r3974592-n303509,1,1613288767.542
29482804328,r5179276-n948219,0,1613575429.692
29491024449,r7141590-n303509,0,1613144046.232
29495357384,r8275852-n303766,0,1613667303.808
29517874401,r7419443-n948219,0,1614248258.4
29533769850,r7419443-n948219,0,1613934606.196
29540871432,r4506251-n410412,0,1614735079.562
29541963703,r9170217-n303509,1,1613436398.84
29579533175,r216287-n303509,1,1612829839.319
29581382560,r4099734-n172107,0,1614727477.908
29582558715,r9170217-n948219,0,1613429320.862
29600072374,r8275852-n303766,0,1614758538.295
29600072374,r8275852-n303766,1,1614758538.299
29605406853,r414303-n303509,0,1613429342.83
29630941748,r8972851-n303509,0,1613598968.947
29646209823,r414303-n303509,0,1613429086.98
29707875760,r7419443-n772143,0,1614725775.012
29707875760,r7419443-n772143,1,1614725775.015
29721660924,r7462820-n303766,0,1613646905.239
29726716448,r7141590-n303509,0,1613145031.674
29750846903,r7141590-n303509,0,1613484475.742
29764026167,r7462820-n303766,0,1613281680.491
29767194276,r7462820-n410412,0,1613584298.416
29809923185,r8024255-n303766,0,1614453622.354
29814388896,r2684277-n948219,0,1613993645.374
29870200355,r974863-n410412,0,1613011687.366
29871897966,r2215649-n303766,0,1614369542.559
29942676479,r4144777-n172107,0,1614729061.638
29948593221,r9170217-n948219,0,1613301154.756
29967307549,r9170217-n303509,0,1613435417.975
29969372480,r810901-n303509,0,1612957428.364
29982965837,r2215649-n410412,0,1613315074.763
29982965837,r2215649-n410412,1,1613315074.764
30036170346,r810901-n303509,0,1613069831.642
30043562181,r8972851-n303509,0,1613604013.158
30060978218,r44132-n410412,0,1613285972.128
30064154216,r492024-n303766,0,1613439478.79
30080561799,r2215649-n303766,0,1613954774.044
30118039787,r810901-n172107,1,1614718435.063
30123493190,r5179276-n948219,0,1613436458.41
30140094246,r4506251-n410412,0,1613245531.459
30143420805,r810901-n772143,0,1614725917.566
30143420805,r810901-n772143,1,1614725917.569
30174376074,r216287-n303509,1,1613099539.555
30201327384,r7753495-n303509,0,1613372888.457
30235084953,r6727430-n948219,0,1613614035.944
30238622970,r7462820-n410412,1,1613573895.574
30262628918,r7141590-n948219,0,1613439344.409
30263731162,r5179276-n948219,0,1613580510.008
30265454184,r1039410-n948219,0,1613861911.129
30340973984,r810901-n303509,0,1612804321.774
30340973984,r810901-n303509,1,1612804321.778
30349716926,r7269000-n303509,0,1613588458.418
30412526911,r7462820-n410412,0,1613583210.358
30429096524,r4099734-n172107,1,1614733560.656
30454267658,r6727430-n303509,0,1614714260.843
30454267658,r6727430-n303509,1,1614714260.848
30504671256,r4506251-n410412,0,1613392468.432
30526518609,r4144777-n303509,0,1614179218.2
30550119697,r5198790-n172107,1,1614715475.737
30607885277,r9170217-n303509,0,1613333323.905
30647312892,r8024255-n410412,0,1613537199.645
30689530449,r974863-n410412,0,1613011748.905
30719367919,r7462820-n303766,0,1613653912.66
30763608010,r9480604-n410412,1,1614734934.16
30776451295,r8972851-n303509,0,1613591735.095
30783081320,r7269000-n303509,0,1613576189.045
30795833154,r9659953-n172107,0,1614726246.795
30805359001,r9480604-n303766,0,1613795348.867
30834867273,r8473362-n410412,0,1612988828.645
30834867273,r8473362-n410412,1,1612988828.648
30856763377,r414303-n303509,0,1613429361.558
30893729795,r810901-n303509,0,1612836760.566
30909748221,r8024255-n410412,1,1614734566.682
30930191664,r8972851-n948219,0,1613522407.661
30931221779,r8972851-n303509,0,1613607265.941
30965434189,r8972851-n948219,0,1613525356.693
31007039776,r974863-n410412,0,1613433828.926
31029210091,r7419443-n948219,1,1613926509.0
31040229835,r492024-n303766,0,1613437210.02
31054162297,r6727430-n948219,0,1613613185.276
31082443875,r7269000-n303509,0,1613584510.6
31086945199,r7141590-n948219,0,1613446291.959
31108880177,r2215649-n410412,0,1614114421.515
31142623505,r492024-n410412,0,1613860401.405
31153613106,r6959555-n772143,0,1614717433.661
31153613106,r6959555-n772143,1,1614717433.669
31156789660,r44132-n303766,0,1613467436.613
31168093032,r6727430-n948219,0,1613613612.553
31173488735,r7317916-n772143,1,1614725703.539
31199178581,r7753495-n200569,0,1614738967.925
31205473024,r216287-n303509,1,1612829870.609
31211855224,r6707841-n772143,1,1614740761.736
31222686064,r2684277-n948219,0,1613259640.088
31234932262,r9988778-n303766,0,1613393816.368
31302423456,r3974592-n303509,0,1613060115.023
31302423456,r3974592-n303509,1,1613060115.027
31335281245,r7753495-n303509,0,1613338715.831
31344642376,r4506251-n410412,0,1614734668.931
31365572116,r6727430-n172107,0,1614717433.65
31365572116,r6727430-n172107,1,1614717433.653
31397501566,r8532701-n772143,1,1614721838.786
31399147989,r4506251-n303766,0,1613502201.799
31402513783,r9648383-n303766,0,1614274922.472
31424821447,r7141590-n948219,0,1613401919.61
31426800055,r6727430-n948219,0,1613652119.945
31429917866,r7317916-n948219,0,1613457271.012
31470039884,r2684277-n948219,0,1614085867.113
31565727781,r414303-n172107,1,1614734532.029
31622015007,r810901-n948219,0,1614029400.458
31622015007,r810901-n948219,1,1614029400.461
31671942407,r8972851-n303509,0,1613597270.449
31731921217,r4506251-n303766,0,1613469454.597
31819871441,r2215649-n410412,0,1613495898.4
31822667563,r5051220-n772143,0,1614734467.328
31824270204,r7753495-n303509,0,1613683401.078
31830614139,r7753495-n303509,0,1613682923.571
31862589242,r8972851-n172107,0,1614726911.078
31880548558,r9170217-n172107,1,1614724442.445
31976223819,r7269000-n948219,0,1613430201.442
32003820588,r6727430-n303509,0,1613012609.18
32044864205,r4506251-n410412,0,1613388614.734
32044864205,r4506251-n410412,1,1613388614.737
32052585731,r5354770-n750018,0,1614758538.257
32052585731,r5354770-n750018,1,1614758538.26
32076819956,r492024-n303766,0,1613422367.391
32140975575,r2215649-n303766,0,1614369537.651
32142123091,r7753495-n303509,0,1613401488.513
32164658274,r8024255-n410412,1,1614734669.029
32220746849,r4683026-n772143,0,1614726858.651
32220746849,r4683026-n772143,1,1614726858.655
32337534525,r9988778-n303766,0,1613187794.128
32341703185,r9515777-n303766,0,1614609754.402
32347313505,r8024255-n410412,0,1613522209.119
32420768048,r3955005-n172107,0,1614736782.647
32426358971,r6727430-n303509,0,1613440226.704
32468037513,r414303-n948219,0,1614341892.197
32473728861,r8972851-n303509,0,1613595297.369
32492540160,r7462820-n303766,0,1613317684.277
32510145550,r7462820-n410412,1,1613572705.041
32531777846,r368967-n200569,0,1614730170.62
32533349696,r9480604-n303766,0,1613955136.003
32539684870,r974863-n410412,0,1613031934.021
32543208702,r1051355-n172107,0,1614745153.317
32609513259,r6727430-n303509,0,1614709596.489
32609513259,r6727430-n303509,1,1614709596.492
32612869268,r1900814-n172107,0,1614748915.159
32658871069,r4605940-n948219,0,1613786961.862
32658871069,r4605940-n948219,1,1613786961.865
32669422700,r4144777-n303509,0,1614323525.134
32793031471,r7753495-n200569,0,1614723861.828
32799364587,r7462820-n303766,0,1613654261.766
32861185937,r8972851-n948219,0,1613184519.157
32874726116,r7753495-n303509,0,1613373212.669
32969802024,r7317916-n948219,1,1613481275.892
33035505566,r8024255-n410412,0,1614734668.987
33093945002,r7269000-n948219,0,1613430018.012
33121836348,r8275852-n410412,0,1613491877.307
33182342925,r7462820-n303766,0,1613653209.891
33193773413,r9515777-n303766,0,1614486430.054
33238422153,r5179276-n948219,0,1613183307.074
33240464125,r7317916-n948219,0,1613483934.763
33262491567,r4506251-n303766,0,1613337802.32
33266067260,r4506251-n303766,0,1613467707.248
33269320085,r974863-n410412,0,1613457268.972
33271040267,r974863-n410412,0,1612997609.585
33275764803,r1900814-n172107,0,1614715475.725
33305239289,r4605940-n303509,0,1612821767.916
33324495351,r7317916-n948219,0,1613478658.617
33343673189,r7462820-n303766,0,1613323609.748
33353582284,r492024-n410412,0,1614373950.948
33366926506,r414303-n303509,0,1613429082.71
33387462619,r9852763-n200569,0,1614718435.035
33414844145,r4605940-n303509,0,1613270947.15
33418660258,r8972851-n948219,0,1613523472.169
33438932591,r4683026-n948219,0,1613717968.24
33438956563,r8972851-n172107,0,1614749039.195
33456052548,r492024-n410412,0,1614734826.701
33502295580,r9659953-n172107,1,1614737220.993
33528558735,r7317916-n948219,1,1613479536.203
33609753840,r6727430-n303509,0,1613437736.093
33650960449,r8972851-n948219,0,1613184483.464
33682591708,r1051355-n172107,0,1614727150.927
33706709850,r8275852-n410412,0,1613440999.332
33716929252,r8024255-n410412,0,1614734934.155
33750185699,r6727430-n303509,0,1613442770.066
33750764662,r7419443-n948219,0,1613936068.007
33783375500,r6727430-n948219,0,1613614141.845
33827787014,r492024-n303766,0,1613442400.85
33915027308,r6727430-n303509,0,1613012855.177
33921888788,r8532701-n172107,1,1614734095.087
33970057179,r7141590-n303509,0,1613482181.908
33983766896,r4506251-n410412,0,1613393419.738
33984338755,r6727430-n948219,0,1613613420.1
34010734734,r6727430-n303509,0,1613435552.083
34011165495,r4506251-n303766,1,1614724881.423
34065954947,r810901-n948219,0,1613982361.414
34072422282,r4683026-n948219,1,1614651262.882
34086038107,r8024255-n303766,0,1614210724.305
34110016951,r7141590-n948219,0,1613443344.97
34132486521,r4506251-n410412,0,1613388673.873
34132486521,r4506251-n410412,1,1613388673.876
34171215126,r8473362-n410412,0,1614018045.818
34198530739,r4506251-n303766,0,1614722453.31
34237671302,r44132-n410412,0,1613371916.617
34264990832,r8972851-n303509,0,1613104513.449
34288403183,r5179276-n948219,0,1613437587.388
34298745607,r6959555-n172107,0,1614715475.66
34410723616,r1900814-n172107,1,1614715475.755
34441956751,r9480604-n410412,0,1614734826.67
34480937139,r8024255-n410412,0,1613525940.919
34553131615,r8532701-n172107,0,1614747514.132
34606120951,r44132-n303766,0,1613453095.1
34646312695,r9988778-n303766,0,1613377138.244
34650403077,r7462820-n303766,1,1613371916.561
34674954770,r492024-n410412,1,1614735030.264
34686349014,r8141575-n303766,0,1613942453.24
34726248953,r6727430-n303509,0,1613439143.735
34739713785,r4506251-n303766,0,1613483060.246
34750785402,r7141590-n303509,0,1613346709.204
34763377476,r4506251-n303766,0,1613478238.443
34764290829,r5354770-n172107,0,1614741908.997
34782430857,r7141590-n303509,0,1613485852.984
34820916070,r8473362-n410412,0,1613801864.198
34824683968,r4144777-n303509,0,1612854670.932
34859094387,r8473362-n410412,0,1613659202.088
34906052487,r2215649-n410412,0,1613922739.825
34950462904,r974863-n303766,0,1613862487.336
34957468739,r7141590-n948219,0,1613440049.478
34972778348,r6727430-n948219,0,1613602796.052
34991585760,r4506251-n410412,0,1613398394.057
35018388703,r7753495-n303509,0,1612984144.413
35068734282,r5179276-n948219,0,1613576491.034
35080402666,r44132-n303766,0,1613473223.08
35089014647,r8473362-n410412,1,1613348730.273
35114523450,r9480604-n410412,1,1614043863.999
35225864762,r7141590-n948219,0,1613442644.493
35230507642,r9170217-n948219,0,1613429328.912
35259450116,r8141575-n303766,0,1613942293.007
35299040914,r8972851-n303509,0,1613602796.089
35300712786,r216287-n303509,1,1612829965.657
35309199056,r6727430-n303509,0,1612978168.595
35333574671,r7419443-n772143,0,1614758538.275
35333574671,r7419443-n772143,1,1614758538.278
35386176190,r414303-n303509,0,1613127683.881
35409067962,r8141575-n303766,0,1614166011.461
35437641393,r4099734-n200569,1,1614720036.214
35488171749,r414303-n948219,0,1614259417.71
35539125886,r9988778-n410412,0,1613218537.114
35566704180,r810901-n303509,0,1612962010.273
35597277934,r2215649-n303766,0,1614362612.457
35622694256,r1900814-n172107,1,1614743809.8
35661304523,r9988778-n303766,0,1613456886.919
35665496343,r4506251-n410412,0,1612964963.674
35713832974,r8141575-n303766,0,1613948517.927
35714555652,r4605940-n303509,0,1612910209.008
35724972448,r7462820-n410412,1,1613571896.172
35734344384,r5354770-n750018,0,1614723709.233
35772126170,r414303-n948219,0,1613831155.849
35772126170,r414303-n948219,1,1613831155.857
35839276130,r6727430-n303509,0,1613434084.735
35853700554,r7317916-n948219,1,1613477887.286
35858094130,r6727430-n303509,0,1613433735.03
35889486641,r492024-n303766,0,1613431856.8
35915655356,r9515777-n303766,0,1614610593.167
35928071327,r6727430-n948219,0,1613602323.168
35951176414,r6727430-n303509,0,1613012547.683
36009235761,r7753495-n303509,0,1612806787.153
36076076552,r7462820-n303766,0,1613455606.589
36136288881,r9480604-n303766,0,1613299540.279
36183876729,r7462820-n410412,0,1613577587.046
36246588687,r9480604-n410412,1,1614735079.618
36264269693,r4099734-n200569,0,1614719736.264
36338702917,r4506251-n303766,0,1613466554.846
36357341448,r5179276-n948219,0,1613574719.01
36358335891,r4144777-n772143,0,1614726706.52
36358335891,r4144777-n772143,1,1614726706.524
36378318302,r974863-n410412,0,1613447740.017
36381424883,r3974592-n172107,0,1614726556.35
36460305090,r7462820-n410412,0,1613575551.544
36479231088,r6959555-n172107,1,1614715475.691
36519143980,r3955005-n172107,1,1614747163.885
36523211514,r2215649-n410412,0,1613922868.066
36581132812,r810901-n172107,0,1614718322.456
36617275503,r8275852-n410412,0,1613491517.24
36644408140,r6959555-n172107,1,1614724205.928
36666562826,r6707841-n772143,0,1614759517.437
36666562826,r6707841-n772143,1,1614759517.449
36683655298,r7462820-n303766,0,1613378678.005
36715567190,r7462820-n303766,0,1613411891.847
36729748754,r4506251-n303766,0,1613503938.051
36754323975,r4683026-n948219,0,1613727725.138
36800978959,r8275852-n410412,0,1614066826.844
36803316539,r216287-n303509,1,1612829892.809
36832903102,r9515777-n303766,0,1614488144.171
36838679216,r492024-n410412,0,1613861460.258
36918495801,r7419443-n948219,0,1613170575.806
36918495801,r7419443-n948219,1,1613170575.809
36957026226,r6727430-n948219,0,1613613528.723
36976964450,r414303-n303509,0,1613429084.767
36981148582,r4506251-n410412,0,1613251201.716
36999140602,r414303-n948219,0,1614086167.842
37038772451,r414303-n303509,0,1613429353.764
37061570827,r204106-n772143,0,1614744450.435
37096374103,r2215649-n410412,0,1614178084.866
37097048659,r7141590-n948219,0,1613434774.628
37100204920,r7462820-n410412,0,1613588025.319
37128660944,r8141575-n410412,0,1614348399.552
37137078946,r9515777-n303766,1,1614718322.497
37212186386,r8024255-n410412,0,1613527512.595
37228739841,r3974592-n772143,1,1614722476.721
37267039837,r1051355-n772143,1,1614731002.497
37291365003,r9648383-n303766,0,1613862487.35
37303699678,r9988778-n410412,1,1614737177.319
37307517349,r44132-n303766,0,1613470468.636
37308152766,r7462820-n410412,0,1613583568.849
37315816827,r9480604-n303766,0,1613356882.056
37343030796,r44132-n303766,0,1613466329.918
37386565400,r4683026-n948219,0,1613579513.66
37418700235,r9988778-n410412,1,1614735030.259
37451201739,r7419443-n948219,0,1613942297.455
37456809816,r1039410-n303509,0,1613068930.198
37462990162,r2215649-n303766,0,1614374507.849
37492894656,r9659953-n200569,1,1614718743.945
37592406226,r7269000-n948219,0,1613429821.495
37595280253,r2215649-n303766,0,1614737847.292
37616511716,r7462820-n410412,0,1613585824.585
37651653872,r8024255-n410412,0,1613523175.04
37676136769,r7317916-n948219,1,1613479075.948
37693885819,r9170217-n303509,0,1613436887.735
37734833636,r3974592-n172107,0,1614737276.143
37761732261,r8141575-n303766,0,1614038685.027
37807379580,r9988778-n303766,0,1614755008.104
37812629668,r2215649-n303766,0,1613953516.261
37861915000,r1039410-n303509,0,1614714597.603
37864616137,r7419443-n772143,0,1614759517.426
37864616137,r7419443-n772143,1,1614759517.435
37884849968,r4506251-n303766,0,1613466914.011
37919250586,r7462820-n410412,0,1613578821.089
37922220556,r7753495-n948219,0,1613569262.642
37930090335,r7462820-n303766,1,1613653630.798
37934280554,r414303-n948219,0,1614250579.595
38003894900,r7462820-n410412,0,1613582467.991
38099734447,r8532701-n772143,1,1614731853.754
38101871442,r7269000-n303509,0,1613586453.141
38126471076,r7753495-n303509,0,1613121762.255
38147891822,r7141590-n948219,0,1613445304.489
38173422244,r7317916-n948219,0,1613481237.48
38249669635,r3974592-n303509,1,1613292451.269
38286911624,r492024-n303766,1,1613409090.373
38295532889,r4506251-n410412,0,1613396781.676
38296649478,r414303-n303509,0,1613429525.15
38346942116,r8972851-n303509,0,1613606406.937
38376752436,r8275852-n303766,0,1613840634.889
38377254800,r9480604-n303766,0,1613795172.371
38460331269,r7141590-n303509,0,1613145554.889
38501493111,r1039410-n303509,0,1613167657.424
38543562947,r8972851-n948219,0,1613183841.327
38580272243,r3974592-n303509,0,1613178198.194
38580272243,r3974592-n303509,1,1613178198.197
38627952519,r1051355-n772143,1,1614721838.898
38646905356,r9480604-n303766,0,1613831155.839
38646905356,r9480604-n303766,1,1613831155.842
38679532327,r9480604-n410412,0,1614114146.013
38686190704,r2684277-n948219,0,1614067656.434
38724092903,r4683026-n948219,0,1613593228.271
38761172982,r8024255-n303766,0,1614261255.893
38774855850,r5051220-n172107,0,1614735463.769
38785099470,r8972851-n948219,1,1613529065.303
38803788197,r8024255-n410412,0,1613005537.345
38820772285,r44132-n410412,0,1613299540.268
38833484965,r8141575-n303766,0,1613791471.241
38882826898,r6707841-n772143,0,1614721838.875
38889382229,r7419443-n948219,0,1613926488.66
38975731272,r4099734-n172107,0,1614737556.337
39043373194,r8141575-n410412,0,1614620739.537
39051343138,r9988778-n303766,1,1613462224.612
39055202392,r9170217-n303509,0,1613064274.753
39091287857,r4144777-n303509,0,1613699569.193
39142474448,r4683026-n948219,0,1614079708.578
39207795800,r44132-n303766,0,1613456884.603
39242047417,r9988778-n410412,0,1613263387.24
39270476703,r4506251-n303766,0,1613507959.594
39283965492,r9988778-n410412,0,1613251252.21
39293261507,r3974592-n303509,1,1613287646.94
39339051459,r6727430-n303509,0,1613434430.551
39357758266,r1039410-n303509,0,1613123389.65
39405969594,r1051355-n200569,1,1614716446.349
39414278945,r2215649-n410412,0,1613991213.932
39425912357,r7141590-n948219,0,1613437937.651
39447486375,r6727430-n948219,0,1613599657.437
39451349880,r492024-n410412,0,1613860398.636
39451349880,r492024-n410412,1,1613860398.637
39471827543,r7141590-n303509,0,1613468681.546
39583372353,r974863-n410412,1,1613445596.142
39589720473,r7419443-n948219,0,1614206559.471
39604036486,r974863-n303766,1,1613845200.257
39616236927,r8473362-n410412,0,1613791358.378
39625865617,r4144777-n303509,1,1613105998.086
39645884032,r9170217-n948219,0,1613583727.917
39699262769,r2684277-n948219,1,1613993645.364
39734151140,r8972851-n172107,1,1614747986.76
39737933399,r1051355-n172107,1,1614725548.106
39739040553,r8141575-n410412,0,1614620924.163
39749881507,r9170217-n948219,0,1613459059.004
39780389347,r9988778-n303766,0,1613159488.283
39819609082,r8473362-n410412,0,1614736398.187
39846191835,r7462820-n410412,0,1613585423.673
39855113865,r8024255-n303766,0,1613365452.454
39943540090,r8972851-n303509,0,1613609312.876
39962044133,r7753495-n948219,0,1613568912.648
39967343673,r8275852-n410412,0,1614017448.012
40004119704,r4506251-n303766,0,1613328622.156
40006110705,r7141590-n948219,0,1613437587.378
40036024547,r9480604-n303766,0,1613792727.806
40048821868,r9659953-n172107,1,1614725283.274
40103117697,r9988778-n410412,0,1614735030.229
40108309088,r4683026-n772143,0,1614726048.114
40108309088,r4683026-n772143,1,1614726048.117
40113526973,r8024255-n410412,0,1613528726.33
40130924494,r414303-n948219,0,1614005115.182
40130924494,r414303-n948219,1,1614005115.19
40175416861,r8972851-n948219,0,1613184431.534
40187878457,r9480604-n303766,0,1613795710.497
40189546571,r7419443-n948219,0,1613664698.117
40199113048,r810901-n172107,1,1614719062.178
40221766530,r4683026-n948219,0,1614341141.225
40264498376,r8972851-n948219,0,1613522053.817
40278949527,r1051355-n172107,0,1614715744.598
40293142462,r216287-n303509,1,1612829866.41
40359227544,r414303-n303509,0,1613429372.891
40383807209,r7269000-n303509,0,1613574596.337
40391159212,r414303-n948219,0,1614499663.543
40419235085,r974863-n410412,1,1613445238.067
40433974471,r9659953-n200569,1,1614723596.283
40475480865,r8473362-n410412,0,1613834602.95
40490486525,r7419443-n948219,0,1613663421.009
40501950865,r9988778-n303766,1,1613372905.378
40504934496,r9170217-n948219,0,1613429513.68
40514386439,r7317916-n948219,0,1613481799.53
40583240849,r2215649-n410412,0,1613300873.266
40604996346,r492024-n303766,0,1613441687.329
40607385290,r4683026-n948219,0,1613991316.827
40650989425,r216287-n303509,1,1612829860.874
40662087819,r2215649-n303766,0,1614720119.543
40673236976,r7269000-n948219,1,1613441631.97
40677747703,r810901-n948219,1,1613982469.598
40716084010,r7269000-n303509,0,1613585747.144
40742357261,r4506251-n410412,0,1614734566.626
40758876570,r7269000-n948219,0,1613152373.434
40758876570,r7269000-n948219,1,1613152373.445
40809800382,r6727430-n303509,0,1613441356.875
40912842498,r492024-n410412,1,1614734566.671
40916848619,r4506251-n410412,0,1614736398.153
40941205002,r6707841-n772143,0,1614734395.099
40974463196,r7462820-n410412,0,1613576747.759
41025730727,r2684277-n772143,0,1614725061.115
41025730727,r2684277-n772143,1,1614725061.118
41035804916,r7462820-n303766,0,1613654754.472
41054529532,r974863-n410412,1,1613449284.784
41078833539,r6959555-n750018,0,1614740647.753
41116288516,r7753495-n303509,0,1613426248.956
41124080673,r9515777-n303766,0,1614346233.561
41217034900,r974863-n410412,1,1613447740.02
41240418127,r8024255-n303766,1,1614754989.035
41254008658,r7141590-n303509,0,1613145922.499
41282480643,r4506251-n303766,0,1613393731.213
41333645421,r44132-n410412,0,1613281684.284
41356552932,r8275852-n410412,0,1612961703.951
41369212309,r8972851-n303509,0,1613598546.061
41393387839,r810901-n303509,0,1612969294.102
41396127802,r7141590-n948219,0,1613408873.681
41446539706,r810901-n772143,0,1614727985.931
41446539706,r810901-n772143,1,1614727985.936
41476745476,r1039410-n772143,0,1614725055.428
41476745476,r1039410-n772143,1,1614725055.431
41492795888,r216287-n303509,1,1612829936.193
41513624327,r8275852-n410412,0,1613041347.12
41526755575,r1039410-n303509,0,1614712078.874
41526755575,r1039410-n303509,1,1614712078.877
41541386966,r9480604-n410412,0,1614104821.655
41546938795,r7753495-n303509,0,1613456884.634
41560066413,r6727430-n303509,0,1613444536.563
41588799311,r1039410-n303509,0,1614711935.699
41588799311,r1039410-n303509,1,1614711935.703
41640202882,r974863-n410412,0,1613011195.005
41660209837,r7753495-n303509,0,1613354824.816
41688454627,r414303-n303509,0,1613429530.021
41703523691,r8972851-n303509,0,1613606796.84
41732399033,r8972851-n172107,0,1614715744.68
41817142545,r2215649-n303766,0,1613950618.487
41827488072,r810901-n948219,0,1613749607.025
41827488072,r810901-n948219,1,1613749607.029
41834540709,r414303-n948219,0,1613890418.62
41834540709,r414303-n948219,1,1613890418.626
41862849791,r492024-n303766,0,1613367296.044
41875011555,r7269000-n948219,0,1613430155.967
41904518904,r7753495-n303509,0,1613168909.922
41939162429,r492024-n410412,0,1614376973.847
41954913877,r8972851-n303509,0,1613593312.732
41984366659,r414303-n303509,0,1613429409.321
42030903726,r974863-n303766,0,1614275914.963
42091310261,r9480604-n410412,0,1614734668.968
42098264221,r4683026-n948219,0,1613981946.819
42098555725,r1051355-n200569,1,1614718442.805
42103174254,r6727430-n948219,0,1613613187.668
42111730534,r492024-n303766,0,1613440627.341
42119896599,r7141590-n303509,0,1613355783.563
42125849407,r492024-n303766,1,1613401919.579
42183395532,r4144777-n303509,0,1613055997.552
42234838229,r7269000-n948219,0,1613430186.592
42253136417,r3955005-n172107,1,1614715475.7
42274023965,r414303-n772143,0,1614722473.048
42289575877,r492024-n410412,1,1613860401.395
42289591862,r492024-n410412,1,1614734669.061
42307602034,r1039410-n303509,0,1613074962.496
42325207264,r4605940-n303509,0,1613416804.506
42328873932,r492024-n410412,0,1614116344.336
42339523964,r9659953-n200569,0,1614718743.914
42381357948,r974863-n410412,0,1613444922.215
42383396262,r8275852-n410412,0,1613050597.767
42388742123,r9170217-n303509,0,1613098498.065
42389854608,r8972851-n948219,0,1613523113.047
42426169455,r7269000-n303509,0,1613580515.321
42493110971,r1039410-n948219,1,1613861899.27
42553503703,r4506251-n303766,0,1614723102.482
42553603191,r7462820-n410412,0,1613573818.152
42556479621,r492024-n410412,0,1614383905.127
42556479621,r492024-n410412,1,1614383905.13
42556479621,r974863-n303766,0,1614383905.119
42556479621,r974863-n303766,1,1614383905.126
42572417030,r2215649-n303766,0,1614360987.162
42579506367,r9170217-n948219,0,1613429546.255
42593366875,r4506251-n303766,0,1613468666.508
42596054016,r414303-n948219,0,1614076025.282
42599274612,r9170217-n948219,0,1613589155.718
42640478484,r4683026-n948219,0,1614163622.069
42666593714,r7462820-n303766,1,1613377066.873
42701526225,r3974592-n303509,0,1613179623.947
42701526225,r3974592-n303509,1,1613179623.95
42715354933,r6727430-n772143,0,1614725066.189
42715354933,r6727430-n772143,1,1614725066.192
42734188731,r7419443-n948219,0,1613213903.374
42734188731,r7419443-n948219,1,1613213903.38
42762533477,r1900814-n772143,0,1614742993.432
42780319034,r8972851-n948219,0,1613521704.616
42830513418,r414303-n303509,0,1613429518.643
42834659750,r9170217-n303509,0,1613436178.921
42858532331,r9988778-n303766,0,1613462937.574
42881210924,r8275852-n303766,0,1613663487.779
42922024456,r8141575-n410412,0,1614639986.169
42992668271,r4605940-n717709,0,1614723121.596
43039812557,r1039410-n303509,0,1613082187.774
43083487485,r2215649-n410412,0,1614113754.597
43089920986,r8141575-n410412,1,1614348399.581
43103308704,r8275852-n410412,0,1613923484.367
43146431286,r414303-n303509,0,1613429755.865
43166214882,r216287-n772143,0,1614727996.001
43166214882,r216287-n772143,1,1614727996.005
43177536039,r9480604-n410412,0,1614114105.028
43181032848,r414303-n303509,0,1613174449.943
43244798064,r974863-n410412,0,1613448890.735
43249078686,r4506251-n410412,0,1612966495.779
43272045058,r8473362-n410412,0,1614734669.01
43275234944,r7462820-n410412,1,1613574703.575
43300551106,r7419443-n948219,0,1614119930.026
43300551106,r7419443-n948219,1,1614119930.03
43333387395,r9480604-n303766,0,1613890845.96
43333387395,r9480604-n303766,1,1613890845.964
43342024472,r7462820-n410412,1,1613577564.213
43360839931,r974863-n303766,0,1614219253.384
43360839931,r974863-n303766,1,1614219253.387
43378187466,r414303-n303509,0,1613429513.67
43416590769,r9480604-n410412,1,1614734566.683
43419857087,r7317916-n948219,1,1613481705.189
43468450649,r8473362-n410412,0,1613395284.571
43468578408,r9170217-n948219,0,1613429257.478
43480320283,r7419443-n948219,0,1613315972.422
43537991585,r8275852-n303766,0,1614759517.466
43537991585,r8275852-n303766,1,1614759517.471
43560555207,r7141590-n303509,0,1613147349.764
43602573774,r414303-n948219,0,1614157671.361
43611976710,r974863-n410412,1,1613453423.829
43634975773,r810901-n303509,0,1613063409.858
43690677760,r7141590-n948219,0,1613433012.621
43705989916,r7753495-n303509,0,1613589035.0
43708540730,r9852763-n172107,1,1614734555.198
43730520336,r7462820-n303766,0,1613652514.083
43758362272,r2215649-n410412,1,1613419908.522
43765909276,r810901-n948219,1,1613666158.227
43783812901,r5179276-n948219,0,1613577561.46
43815308502,r7317916-n948219,1,1613482602.941
43827236371,r7462820-n303766,1,1613652935.502
43837327702,r2215649-n303766,0,1614373589.3
43877167150,r810901-n172107,0,1614718743.952
43927872170,r6727430-n948219,0,1613613439.652
43935920607,r9852763-n172107,1,1614724905.76
43943229852,r7462820-n410412,1,1613575914.194
43945538981,r1039410-n948219,0,1614337131.093
44018677058,r44132-n410412,0,1613277219.156
44049753566,r4683026-n303509,0,1613056496.01
44055840927,r216287-n772143,0,1614726858.718
44055840927,r216287-n772143,1,1614726858.722
44096058558,r8275852-n410412,0,1614292358.293
44097263211,r8972851-n172107,1,1614715744.711
44114596259,r4506251-n303766,0,1614724871.36
44158471386,r7419443-n948219,0,1613317218.298
44216461157,r9480604-n410412,0,1614182879.559
44224473967,r8473362-n410412,0,1614003411.578
44312845909,r414303-n303509,0,1612981575.437
44312845909,r414303-n303509,1,1612981575.44
44336872469,r1039410-n948219,1,1613860851.715
44359234537,r2684277-n948219,0,1614040370.048
44476465676,r9480604-n303766,0,1613438830.194
44477292908,r2684277-n948219,1,1614032766.672
44483159343,r8024255-n410412,1,1614736398.207
44485093328,r216287-n303509,1,1613099592.587
44531018569,r7462820-n303766,1,1613650451.69
44545905324,r216287-n303509,1,1612830317.986
44562577425,r7317916-n948219,1,1613478658.632
44577670201,r1051355-n200569,0,1614718754.395
44602854581,r7141590-n948219,0,1613442998.07
44640621666,r974863-n410412,0,1613010764.541
44697797441,r4506251-n303766,0,1613469060.511
44714848455,r8972851-n303509,0,1613605214.272
44719024257,r44132-n303766,0,1613468161.601
44762671213,r7462820-n303766,1,1613652582.77
44808800428,r5354770-n172107,1,1614731512.998
44819658014,r9988778-n303766,0,1613281680.495
44881840404,r8024255-n303766,0,1613401214.087
44892882368,r9170217-n948219,0,1613589564.044
44933988156,r216287-n303509,0,1612909958.049
44940882795,r2215649-n410412,0,1614113619.04
44961219324,r1039410-n948219,0,1613862967.233
44964638074,r2215649-n303766,0,1614738566.481
45000685986,r6727430-n948219,0,1613613192.555
45001168777,r7269000-n948219,0,1613430022.425
45021687268,r7269000-n172107,0,1614747640.366
45022732825,r7753495-n303509,0,1613568992.179
45074371902,r7753495-n948219,0,1613566426.909
45077637837,r7269000-n172107,0,1614714427.183
45078139248,r4099734-n200569,0,1614718442.808
45082023055,r7419443-n948219,0,1613335829.676
45114595657,r8275852-n410412,0,1613688526.908
45121324708,r2215649-n410412,0,1613436610.911
45124869194,r8024255-n410412,1,1614734826.722
45145482532,r2684277-n948219,0,1614040201.032
45148425702,r4605940-n303509,0,1612825378.791
45156918534,r7419443-n948219,0,1613942596.731
45190075855,r9988778-n303766,0,1613408731.64
45211983281,r7419443-n948219,0,1613318928.929
45250612908,r8275852-n303766,0,1613167698.853
45250612908,r8275852-n303766,1,1613167698.856
45326046833,r9170217-n948219,0,1613458591.641
45332771212,r4506251-n410412,0,1613256883.606
45339112441,r8473362-n410412,1,1614735079.624
45384785173,r8972851-n948219,0,1613527269.301
45440071374,r6727430-n303509,0,1613438781.38
45526469217,r7141590-n303509,0,1613468356.176
45528272746,r7462820-n303766,0,1613373212.686
45551327118,r7462820-n303766,0,1613651465.674
45617309709,r7269000-n303509,0,1613581944.905
45618162982,r7419443-n172107,0,1614717025.654
45661257458,r6727430-n948219,0,1613613532.891
45665674578,r8024255-n303766,0,1614184687.244
45667736862,r4506251-n303766,0,1613385134.315
45682260470,r9659953-n172107,1,1614747421.491
45686733380,r8972851-n948219,0,1613526566.525
45688606540,r6727430-n303509,0,1613013093.438
45688606540,r6727430-n303509,1,1613013093.441
45689792843,r9648383-n410412,0,1614162614.721
45709609553,r8972851-n948219,0,1613385157.911
45752886502,r974863-n410412,1,1613448093.88
45764867848,r216287-n303509,0,1612856086.762
45836964674,r8473362-n410412,0,1614734566.641
45837082159,r492024-n410412,0,1613862636.342
45883215620,r7317916-n948219,0,1613479984.785
45888324541,r6727430-n948219,0,1613601805.927
45924460989,r9988778-n303766,0,1613426463.759
45948468747,r9852763-n200569,0,1614716775.206
45979700792,r2684277-n303509,0,1612874904.055
46013556703,r2215649-n410412,1,1613457268.973
46045972008,r7141590-n948219,0,1613438640.531
46120067762,r492024-n410412,0,1614613885.927
46137785735,r7141590-n200569,0,1614724818.147
46137785735,r7141590-n200569,1,1614724818.158
46146733377,r9170217-n948219,0,1613580793.423
46152144147,r414303-n303509,0,1613429096.457
46155090205,r7419443-n948219,0,1613755353.875
46159727645,r5179276-n948219,0,1613585236.351
46172260686,r8024255-n303766,0,1613687016.522
46175149516,r8141575-n303766,1,1614048867.833
46219698969,r6727430-n303509,0,1613441706.112
46230974628,r7419443-n948219,0,1613644030.336
46249256169,r9988778-n303766,0,1613383702.545
46284970947,r44132-n410412,0,1614734634.966
46284970947,r44132-n410412,1,1614734634.969
46299336559,r2684277-n948219,0,1613258696.611
46331954767,r7141590-n948219,0,1613444898.326
46337416700,r1051355-n200569,1,1614718754.426
46344623289,r7269000-n303509,0,1613587995.486
46405626619,r414303-n303509,0,1613128143.138
46417526818,r9480604-n410412,0,1614375943.135
46435606501,r9515777-n303766,0,1614269025.621
46439319932,r8473362-n410412,1,1614734669.041
46484989093,r414303-n303509,0,1613429351.722
46556374623,r7269000-n948219,0,1613444536.668
46562534558,r9515777-n303766,0,1614715856.924
46562534558,r9515777-n303766,1,1614715856.928
46569113046,r2215649-n410412,0,1614114105.051
46577524683,r2215649-n303766,0,1613950962.39
46580698246,r9170217-n948219,0,1613587889.993
46593005199,r974863-n410412,0,1613011071.986
46621413274,r9480604-n410412,0,1614113711.981
46622867390,r9480604-n303766,0,1613794985.128
46636345095,r4683026-n948219,0,1613674794.665
46638526361,r4605940-n303509,1,1612830026.299
46648161657,r8024255-n410412,0,1613536794.585
46660981981,r8141575-n410412,0,1614366212.278
46669827284,r8473362-n410412,0,1613213710.667
46672707334,r974863-n410412,0,1613467239.217
46685769117,r7462820-n410412,0,1613580430.712
46806988505,r4683026-n948219,0,1613978055.274
46842336890,r6727430-n948219,0,1613613190.155
46843502995,r6727430-n948219,0,1613603570.34
46907495830,r3974592-n303509,1,1613290118.845
46937657097,r8141575-n303766,0,1614716120.573
46937657097,r8141575-n303766,1,1614716120.577
46953101181,r7269000-n948219,0,1613430013.716
47008823674,r8024255-n410412,0,1614735030.164
47072457063,r8024255-n303766,0,1614453204.607
47097796469,r7141590-n948219,0,1613432307.763
47119029873,r4099734-n172107,1,1614743352.86
47167704198,r7317916-n948219,1,1613477471.821
47172833886,r492024-n303766,0,1613444886.155
47287393117,r5198790-n772143,1,1614742200.341
47297606498,r4144777-n303509,1,1614179378.516
47327827223,r4506251-n303766,0,1614721180.796
47358406561,r9170217-n172107,1,1614715744.785
47359711481,r414303-n303509,0,1613436262.386
47395183891,r6727430-n303509,0,1613432347.882
47519467521,r9515777-n303766,0,1614608821.663
47541862033,r7753495-n303509,0,1613600745.592
47549973978,r7753495-n303509,0,1613683344.812
47577383712,r8532701-n772143,0,1614735281.722
47582779419,r1039410-n948219,0,1614402624.577
47584375067,r8024255-n303766,0,1613366862.442
47587330074,r9170217-n948219,0,1613458242.263
47606068596,r8275852-n410412,0,1613050210.125
47635304015,r44132-n410412,1,1613432691.831
47650847794,r4683026-n948219,0,1613684539.167
47658947833,r9170217-n948219,0,1613588310.009
47719613300,r7141590-n948219,0,1613441926.497
47780592637,r7269000-n948219,0,1613418721.457
47821543506,r7141590-n303509,0,1613485433.266
47826269731,r1039410-n948219,0,1614478187.264
47826269731,r1039410-n948219,1,1614478187.273
47826269731,r9648383-n410412,0,1614478187.267
47826269731,r9648383-n410412,1,1614478187.27
47842517089,r4099734-n772143,0,1614721838.811
47884734069,r8532701-n172107,0,1614735459.455
47903883129,r9515777-n410412,0,1614474567.459
47908400306,r414303-n303509,0,1613429370.753
48022490454,r8141575-n410412,1,1614639812.577
48023940936,r4506251-n410412,0,1613258238.861
48055541888,r9480604-n410412,1,1614734669.012
48069463482,r9988778-n303766,1,1613323827.451
48084685884,r4506251-n303766,0,1613505559.702
48113840596,r5354770-n172107,0,1614714954.598
48113840596,r5354770-n172107,1,1614714954.602
48128508635,r2215649-n303766,0,1614367149.782
48130599015,r9515777-n303766,0,1614610066.821
48147335273,r1039410-n303509,0,1613051941.973
48155971653,r8024255-n410412,0,1613535210.849
48160797102,r3974592-n303509,0,1613068953.941
48160797102,r3974592-n303509,1,1613068953.945
48177249850,r4506251-n303766,0,1613334551.43
48196979228,r8275852-n410412,0,1614277647.654
48229135701,r7462820-n303766,0,1613401498.52
48232555752,r810901-n303509,1,1613101994.003
48244624918,r1051355-n200569,0,1614719066.222
48297831424,r7141590-n303509,0,1613352253.487
48310528468,r8024255-n410412,1,1614735079.616
48323500878,r9480604-n303766,0,1613218765.478
48323500878,r9480604-n303766,1,1613218765.481
48381415536,r7269000-n948219,0,1613430177.305
48401864014,r8473362-n410412,1,1613355170.766
48415554726,r9480604-n303766,0,1613323603.565
48444854843,r492024-n303766,0,1613434650.864
48476399065,r8972851-n303509,0,1613591323.915
48505548549,r216287-n303509,0,1612821771.811
48569767813,r7753495-n303509,0,1613565146.587
48590634397,r1039410-n948219,0,1614311285.655
48656484492,r1900814-n172107,1,1614734855.072
48695751822,r2215649-n410412,0,1613500827.67
48704739764,r4605940-n303509,0,1613428404.247
48729340767,r7141590-n948219,0,1613444536.443
48801193633,r7419443-n948219,0,1613258107.619
48819101397,r4683026-n948219,0,1613626399.368
48844693778,r414303-n303509,0,1613429320.858
48873019877,r7462820-n303766,0,1613192023.714
48880462218,r8972851-n303509,0,1613597727.915
48883240108,r5179276-n948219,0,1613583820.953
48920012881,r4506251-n410412,0,1613080799.272
49002321368,r4144777-n303509,0,1614376263.258
49079065879,r9648383-n303766,0,1614190623.305
49180208657,r5179276-n948219,0,1613401488.499
49182652420,r8275852-n410412,0,1613439289.59
49264098614,r7317916-n948219,0,1613480825.577
49266544348,r8141575-n410412,0,1614640843.882
49271866643,r8532701-n172107,0,1614726414.918
49278677010,r4144777-n172107,0,1614714427.203
49282657763,r8275852-n410412,0,1613049563.557
49290180041,r2215649-n303766,0,1614368392.701
49298458275,r7269000-n948219,1,1613442007.306
49299881674,r974863-n303766,0,1614109298.992
49307774335,r4506251-n410412,0,1613064383.875
49310196688,r9515777-n303766,0,1614379033.297
49350620721,r9170217-n948219,0,1613569074.895
49362112769,r414303-n172107,1,1614746246.65
49369210516,r8024255-n410412,0,1613536018.124
49372230328,r8141575-n303766,1,1613791471.25
49410606851,r5179276-n948219,0,1613438039.158
49422139851,r8972851-n172107,1,1614725964.227
49499879642,r7141590-n200569,0,1614724845.298
49499879642,r7141590-n200569,1,1614724845.301
49500758941,r4683026-n303509,1,1613057085.793
49512419329,r2684277-n303509,0,1612874854.858
49570879296,r6727430-n948219,0,1613601007.637
49573743067,r1900814-n772143,0,1614721838.797
49575096221,r810901-n172107,1,1614718743.985
49599893927,r9480604-n410412,0,1613840604.775
49605258750,r414303-n772143,1,1614722473.749
49626076562,r4683026-n948219,0,1613722411.832
49633186563,r9480604-n410412,0,1614113518.924
49745009380,r216287-n303509,0,1612828169.292
49751767267,r2215649-n303766,0,1614368399.297
49777423790,r2215649-n410412,0,1613923226.036
49778845951,r492024-n410412,1,1614736398.231
49812772277,r8275852-n410412,0,1614076033.348
49816588936,r9480604-n303766,0,1613792875.451
49833940786,r6707841-n200569,1,1614716436.298
49907667803,r4099734-n200569,1,1614719351.201
49961073558,r7269000-n948219,1,1613443135.636
49970964412,r8024255-n303766,0,1614194894.364
50009007055,r6727430-n948219,0,1613606583.971
50027235473,r7462820-n410412,0,1613583938.004
50029524041,r4506251-n410412,0,1613087060.494
50083512789,r368967-n172107,0,1614715388.388
50083512789,r368967-n172107,1,1614715388.391
50114425633,r44132-n303766,0,1613329257.307
50116672580,r216287-n303509,0,1614709676.596
50116672580,r216287-n303509,1,1614709676.604
50116672580,r4683026-n303509,0,1614709676.594
50116672580,r4683026-n303509,1,1614709676.597
50116672580,r7269000-n303509,0,1614709676.592
50116672580,r7269000-n303509,1,1614709676.598
50116672580,r810901-n303509,0,1614709676.604
50116672580,r810901-n303509,1,1614709676.607
50196721169,r7141590-n303509,0,1613483514.868
50381878867,r2215649-n410412,0,1613434883.855
50386957047,r492024-n303766,0,1613443430.604
50411071191,r9480604-n410412,1,1614735030.186
50418897511,r1039410-n948219,0,1614344829.096
50418897511,r1039410-n948219,1,1614344829.099
50504234936,r7753495-n948219,0,1613572126.954
50515454684,r9515777-n303766,1,1614724881.462
50607942241,r8275852-n410412,0,1613922868.106
50620608789,r8024255-n303766,0,1614738353.812
50660270320,r7141590-n303509,0,1613481201.554
50674746715,r974863-n410412,0,1613446741.311
50718528165,r204106-n172107,0,1614715513.724
50718528165,r204106-n172107,1,1614715513.729
50773212642,r7462820-n410412,0,1613577998.677
50799135517,r974863-n410412,0,1613452433.986
50929412580,r7269000-n948219,0,1613442816.773
50938898601,r8024255-n410412,0,1613487899.653
50942880765,r8024255-n303766,0,1614465228.6
50962167739,r7462820-n410412,0,1613588387.88
51015588539,r3974592-n172107,1,1614725357.845
51077501850,r216287-n303509,1,1612829914.662
51080954480,r7462820-n410412,0,1613588749.464
51114862577,r1039410-n303509,0,1613327497.262
51131212052,r9648383-n410412,0,1614259836.518
51161304739,r7753495-n948219,0,1613251664.369
51227622473,r7419443-n772143,0,1614725076.264
51227622473,r7419443-n772143,1,1614725076.273
51241470230,r8972851-n948219,0,1613522763.015
51247181629,r9852763-n200569,0,1614719062.149
51255315962,r8972851-n303509,0,1613601141.898
51321519115,r7462820-n303766,0,1613649975.838
51364348842,r7419443-n948219,0,1613744607.662
51371729758,r2215649-n303766,0,1614369540.187
51373058883,r4605940-n303509,1,1612829684.619
51394450647,r974863-n303766,0,1614290145.577
51412688000,r9515777-n303766,0,1614608361.473
51413653096,r4683026-n948219,0,1614207026.166
51450167973,r8972851-n303509,0,1613593706.265
51472095088,r2215649-n410412,0,1614092636.634
51503934125,r8024255-n303766,0,1613363767.772
51505444434,r8275852-n410412,0,1614066252.007
51522343752,r492024-n303766,0,1613430441.12
51540616413,r2215649-n303766,0,1613954834.595
51554711444,r7419443-n948219,0,1613644351.25
51569682292,r9515777-n303766,0,1614608289.415
51582466025,r9480604-n303766,0,1613332602.181
51616852903,r974863-n410412,0,1613446391.196
51625124858,r2215649-n303766,0,1614369046.646
51637561298,r8024255-n410412,0,1613533239.253
51662710073,r7419443-n948219,0,1613961331.598
51662710073,r7419443-n948219,1,1613961331.601
51664482656,r7462820-n303766,0,1613329527.037
51692510820,r9852763-n172107,0,1614715744.636
51700957432,r8972851-n948219,0,1613393675.137
51716401139,r7269000-n303509,0,1614714427.219
51726647087,r6727430-n303509,0,1613439880.42
51738686153,r1900814-n772143,0,1614732066.764
51750957558,r7141590-n948219,0,1613431218.424
51779082953,r8275852-n303766,0,1613464943.681
51779082953,r8275852-n303766,1,1613464943.684
51797859798,r414303-n303509,0,1613334090.685
51836109155,r8972851-n303509,0,1613592130.474
51844191179,r9852763-n200569,1,1614718744.003
51888876585,r2684277-n948219,0,1614036628.659
51918166157,r1039410-n948219,0,1614339440.827
51918465144,r492024-n410412,1,1613863336.96
51938616464,r216287-n303509,0,1613099315.972
51961097258,r8972851-n948219,0,1613521347.644
51987688145,r9515777-n303766,1,1614719062.173
52020542720,r7141590-n303509,0,1613466320.673
52037233315,r9170217-n303509,0,1613047767.582
52071457503,r9170217-n303509,1,1613436749.733
52084033002,r7753495-n948219,0,1613567127.895
52126320030,r44132-n303766,0,1613473177.174
52186132222,r1039410-n303509,0,1613089427.087
52214559557,r9480604-n410412,0,1614735079.575
52296935371,r8972851-n948219,0,1613184298.372
52357128582,r9515777-n410412,0,1614639164.286
52376691164,r9515777-n303766,0,1614719062.131
52399270154,r492024-n303766,0,1613357701.325
52399270154,r492024-n303766,1,1613357701.328
52486985708,r2684277-n948219,1,1614000532.294
52534038331,r2684277-n172107,0,1614717433.649
52534038331,r2684277-n172107,1,1614717433.657
52536025725,r2684277-n303509,0,1612792199.143
52550167797,r9170217-n948219,0,1613586235.847
52551406703,r216287-n303509,0,1613099598.838
52569210509,r4683026-n303509,0,1612820464.825
52569210509,r4683026-n303509,1,1612820464.828
52680941707,r8141575-n303766,0,1614189181.543
52744266213,r6959555-n172107,1,1614737213.734
52788326940,r414303-n303509,0,1613429103.993
52797009411,r414303-n948219,0,1614357768.672
52827696491,r414303-n303509,0,1613429338.251
52857431993,r1039410-n303509,0,1613301154.738
52863093511,r492024-n303766,0,1613437566.273
52876892830,r8024255-n410412,0,1613393611.058
52887658520,r414303-n172107,0,1614747665.619
52895195342,r2215649-n410412,0,1614113657.608
53004652670,r8275852-n410412,0,1613490977.207
53044701889,r9988778-n303766,0,1614714766.172
53044701889,r9988778-n303766,1,1614714766.175
53142726496,r44132-n303766,0,1613169944.059
53154459887,r9170217-n948219,0,1613429409.322
53211124375,r8972851-n200569,0,1614758538.317
53211124375,r8972851-n200569,1,1614758538.331
53249263255,r7753495-n948219,0,1613567497.004
53266882865,r5051220-n172107,1,1614744155.686
53336710587,r1051355-n200569,1,1614718332.607
53349452968,r9170217-n303509,1,1613439058.232
53383260431,r9170217-n948219,0,1613588726.122
53406857608,r7269000-n303509,0,1613577943.405
53441896415,r8972851-n303509,0,1613592917.864
53461120137,r8141575-n303766,0,1613942477.381
53470514092,r2684277-n948219,0,1613258981.065
53473705884,r7317916-n948219,0,1613477134.802
53495152065,r9988778-n303766,1,1613462608.495
53515588872,r44132-n410412,0,1612979944.705
53544101366,r9480604-n410412,0,1613774236.704
53553199293,r810901-n772143,0,1614726858.726
53553199293,r810901-n772143,1,1614726858.729
53554004696,r8972851-n772143,1,1614722474.928
53564633580,r7269000-n303509,0,1613580164.823
53567649796,r6727430-n303509,1,1612974957.227
53568841345,r8972851-n303509,0,1613214610.737
53573674072,r8972851-n948219,0,1613190429.017
53620694094,r5179276-n948219,0,1613575782.659
53638283148,r5179276-n948219,0,1613439076.518
53642634283,r44132-n303766,0,1613465576.027
53672534283,r2215649-n410412,0,1613641464.033
53700974929,r8972851-n303509,0,1613596814.707
53756095003,r4144777-n303509,0,1613127629.566
53775022128,r7753495-n303509,0,1613502627.181
53863719919,r7753495-n948219,0,1613565704.577
53898503793,r492024-n410412,0,1614736398.188
53913359789,r9170217-n303509,0,1613435809.535
53958542801,r4506251-n303766,0,1613507119.326
54040639522,r5051220-n172107,0,1614725604.01
54115605554,r5179276-n948219,0,1613576854.269
54121033426,r9659953-n200569,1,1614719062.183
54124186120,r1039410-n948219,0,1614386016.111
54143819669,r216287-n303509,1,1612825378.73
54223718897,r1039410-n303509,0,1613081836.389
54241236303,r4144777-n303509,0,1614307113.4
54260727685,r9852763-n172107,1,1614744927.763
54263057649,r9480604-n410412,1,1614634561.988
54296846239,r6727430-n303509,0,1613012670.599
54302782832,r4506251-n303766,0,1613356871.952
54304601608,r5051220-n172107,1,1614733320.881
54325869749,r974863-n410412,0,1613447091.597
54381084124,r4506251-n410412,0,1614734826.669
54425831372,r8972851-n200569,0,1614716120.592
54425831372,r8972851-n200569,1,1614716120.604
54470105490,r9480604-n410412,0,1614113619.074
54515943422,r4683026-n303509,0,1613057207.807
54541151574,r810901-n303509,0,1613226592.937
54541283941,r4144777-n303509,0,1613061639.173
54564603847,r2215649-n410412,0,1614080545.684
54565586432,r2684277-n772143,0,1614725517.818
54578511230,r414303-n303509,0,1612975976.322
54578511230,r414303-n303509,1,1612975976.325
54579766932,r1051355-n172107,1,1614746817.377
54584512727,r414303-n303509,0,1613098491.946
54604780620,r9988778-n303766,0,1613317218.3
54622062268,r810901-n172107,0,1614716636.738
54622062268,r810901-n172107,1,1614716636.741
54680376239,r7753495-n303509,0,1613118809.255
54685900388,r414303-n948219,0,1614198016.292
54766243451,r7753495-n948219,0,1613567855.208
54772232647,r7317916-n948219,0,1613484775.654
54814199052,r8024255-n410412,0,1613531828.274
54819650979,r4506251-n303766,0,1613470596.696
54838391149,r9480604-n410412,0,1614371616.021
54891904741,r2684277-n948219,0,1614062504.276
54914416157,r7419443-n948219,0,1613934608.576
54917280580,r974863-n410412,1,1613446725.899
54946283481,r8275852-n303766,0,1613668238.717
54967219790,r6727430-n948219,0,1613613786.934
55007291509,r8275852-n303766,0,1613169935.546
55007291509,r8275852-n303766,1,1613169935.549
55025585376,r8141575-n303766,0,1614119265.169
55026610153,r492024-n303766,0,1613440985.15
55037122479,r7753495-n303509,0,1613683952.451
55054318093,r1039410-n948219,0,1614405308.736
55076032357,r1051355-n200569,0,1614716446.321
55080362930,r2215649-n303766,0,1613831155.839
55080362930,r2215649-n303766,1,1613831155.848
55082395860,r9170217-n948219,0,1613581600.29
55088666532,r8972851-n948219,0,1613528744.988
55089695405,r8972851-n303509,0,1613069831.697
55141983145,r9480604-n410412,0,1614114797.628
55142806802,r7753495-n303509,0,1613343724.726
55170550413,r7317916-n948219,1,1613479984.786
55174633859,r8024255-n410412,0,1613193164.907
55195164184,r2215649-n410412,0,1614112279.557
55200551849,r2215649-n303766,1,1613934873.752
55206225054,r7269000-n303509,0,1613586099.004
55216166978,r8141575-n303766,0,1614252834.256
55216905698,r8972851-n948219,0,1613526212.086
55220125119,r492024-n303766,0,1613432200.767
55274089293,r974863-n410412,0,1613011379.536
55342771352,r9170217-n172107,0,1614715744.744
55347495465,r8473362-n410412,0,1613798712.806
55365792719,r6727430-n948219,0,1613614153.324
55422527619,r2684277-n948219,0,1613257900.304
55437771481,r4099734-n772143,0,1614746016.273
55449110609,r9170217-n948219,0,1613429353.767
55449649015,r1051355-n200569,0,1614718435.031
55452570988,r2215649-n303766,0,1614738685.92
55464434451,r414303-n303509,0,1613429089.552
55481384511,r44132-n303766,0,1613466693.848
55487472412,r9988778-n410412,0,1613218608.293
55505093174,r204106-n200569,1,1614718754.461
55543218301,r9480604-n303766,1,1613439268.586
55628330598,r5198790-n772143,1,1614732180.138
55659908414,r6727430-n303509,0,1613432003.089
55710519313,r9648383-n303766,1,1614275050.771
55716188968,r492024-n303766,0,1613432542.965
55761022752,r4683026-n948219,0,1613938183.279
55761022752,r4683026-n948219,1,1613938183.282
55823347786,r7753495-n772143,0,1614726922.139
55823347786,r7753495-n772143,1,1614726922.142
55845783042,r1039410-n303509,0,1614709488.306
55845783042,r1039410-n303509,1,1614709488.31
55862616584,r4506251-n303766,0,1613464628.828
55873414914,r204106-n200569,1,1614718332.639
55887439435,r8532701-n772143,0,1614721838.746
55892211861,r8141575-n303766,0,1614177464.751
55906935267,r810901-n303509,1,1613069831.645
55932449331,r4144777-n303509,0,1614320551.233
55935947742,r7753495-n303509,1,1613173487.822
56009600916,r9170217-n303509,0,1613437950.473
56013680081,r7317916-n948219,1,1613484354.876
56073235095,r4683026-n948219,1,1613441272.513
56137721763,r4683026-n948219,0,1613865541.897
56137721763,r4683026-n948219,1,1613865541.903
56165890473,r9170217-n303509,0,1613437596.604
56217407174,r4683026-n303509,0,1613055997.561
56254670701,r3955005-n172107,1,1614736341.266
56293480392,r5179276-n948219,0,1613440555.856
56457455444,r7269000-n303509,0,1613574990.212
56468754775,r9988778-n410412,0,1614737177.277
56488913896,r204106-n772143,0,1614735549.891
56501001183,r9170217-n948219,0,1613429368.7
56504878574,r7419443-n948219,0,1613157375.801
56518735710,r9480604-n410412,0,1614108929.547
56530751093,r44132-n410412,0,1613439268.58
56555949413,r4506251-n410412,0,1612962867.118
56582247580,r974863-n410412,0,1614734634.944
56582247580,r974863-n410412,1,1614734634.948
56596602062,r8024255-n410412,1,1614735030.195
56640495249,r8024255-n410412,0,1613527119.356
56663362026,r8972851-n303509,0,1613606017.741
56667914638,r9988778-n303766,0,1613462470.533
56683242441,r6727430-n303509,0,1613012793.697
56708340761,r5179276-n948219,0,1613583470.797
56717068185,r5179276-n948219,0,1613581216.308
56723210608,r7462820-n410412,0,1613571945.579
56750927661,r7462820-n410412,1,1613576314.991
56804981650,r7753495-n303509,0,1613383693.291
56807814632,r1039410-n948219,0,1613477350.975
56807814632,r1039410-n948219,1,1613477350.984
56807814632,r2684277-n948219,0,1613477350.975
56807814632,r2684277-n948219,1,1613477350.978
56871501211,r492024-n303766,0,1613229812.23
56905505904,r8141575-n303766,0,1613942550.706
56940367385,r9988778-n303766,0,1613329285.317
56956557043,r44132-n410412,1,1613371916.587
56970211253,r5179276-n948219,0,1613583113.826
56982177843,r5179276-n948219,0,1613438735.366
57000771793,r1039410-n303509,0,1613082110.543
57090923632,r4506251-n303766,0,1613472515.692
57116443881,r974863-n410412,1,1613448522.9
57121199546,r9852763-n200569,1,1614718322.506
57144032820,r8275852-n303766,0,1613676303.569
57154078506,r5354770-n750018,0,1614759517.418
57154078506,r5354770-n750018,1,1614759517.425
57156085806,r5051220-n772143,1,1614730406.679
57187520167,r974863-n410412,0,1612997276.148
57214754581,r414303-n303509,0,1613436612.992
57217150502,r810901-n303509,0,1612952329.109
57219511217,r2215649-n410412,0,1614113518.946
57284744057,r4605940-n303509,1,1612828998.489
57304990340,r9648383-n410412,0,1614734634.965
57304990340,r9648383-n410412,1,1614734634.968
57344760839,r3974592-n303509,1,1613289247.246
57386941605,r1039410-n948219,0,1614401779.507
57386941605,r1039410-n948219,1,1614401779.511
57388078756,r7317916-n948219,0,1613478268.652
57396119616,r7269000-n303509,0,1613575833.111
57442936922,r492024-n410412,0,1614734566.642
57479513493,r7269000-n303509,0,1613584159.065
57493078898,r492024-n303766,0,1613209130.598
57511224041,r7141590-n303509,0,1613144915.587
57530298975,r974863-n410412,0,1613011564.244
57534584715,r1051355-n172107,1,1614737053.629
57540608014,r492024-n303766,0,1613439871.21
57550345073,r6727430-n303509,0,1613401915.44
57628777704,r44132-n303766,0,1613463549.678
57634794647,r4506251-n410412,1,1614735030.163
57662313835,r44132-n303766,0,1613453455.016
57688122181,r974863-n303766,0,1613853415.507
57689884631,r974863-n410412,0,1613011441.067
57719617660,r4605940-n948219,0,1614478643.15
57769060421,r974863-n410412,0,1613445288.537
57833297880,r5354770-n172107,0,1614731325.108
57842194187,r4506251-n410412,1,1614734668.964
57846258976,r8141575-n410412,0,1614620822.182
57846258976,r8141575-n410412,1,1614620822.23
57869157658,r8275852-n410412,0,1613689725.915
57894468410,r1051355-n172107,0,1614735817.596
57926608082,r7269000-n948219,0,1613441609.932
57932866527,r8141575-n410412,1,1614638779.911
57941957744,r6727430-n303509,0,1613440607.76
58020061057,r8275852-n303766,0,1613573964.859
58022511108,r414303-n303509,0,1613091240.673
58099422290,r44132-n303766,0,1613468571.796
58117322031,r7753495-n303509,0,1613358579.64
58156981987,r4144777-n303509,0,1614459269.622
58208027654,r7462820-n303766,1,1613649975.842
58234767667,r7462820-n410412,0,1613579622.541
58283216580,r4144777-n303509,0,1613170450.521
58315831059,r7269000-n948219,0,1613430009.489
58355521198,r9170217-n948219,0,1613429361.568
58361456036,r414303-n948219,0,1614443291.973
58414061172,r1039410-n948219,0,1613651214.279
58414061172,r1039410-n948219,1,1613651214.282
58414061172,r2684277-n948219,0,1613651214.266
58414061172,r2684277-n948219,1,1613651214.276
58424808139,r9170217-n948219,0,1613585802.234
58446406458,r4099734-n172107,1,1614723869.218
58520965737,r7462820-n410412,0,1613586564.66
58568306530,r7269000-n948219,0,1613444924.703
58569670754,r5179276-n948219,0,1613424847.516
58588140859,r3974592-n172107,0,1614747179.648
58602988337,r414303-n303509,0,1612971351.381
58602988337,r414303-n303509,1,1612971351.384
58660621088,r3974592-n172107,0,1614715744.699
58717225052,r3974592-n172107,1,1614747672.305
58722090524,r8972851-n303509,0,1613577233.726
58729630773,r4506251-n410412,0,1613240181.905
58739261088,r5051220-n172107,0,1614715475.75
58771432131,r9170217-n303509,0,1613317428.412
58793914423,r810901-n172107,0,1614716594.736
58793914423,r810901-n172107,1,1614716594.739
58844228286,r4144777-n200569,0,1614723250.151
58864514471,r216287-n303509,1,1612829845.83
58882659096,r9170217-n303509,0,1613057458.21
58900688086,r974863-n410412,0,1613455053.071
59053931856,r414303-n948219,0,1613948520.181
59072553188,r7141590-n948219,0,1613433365.183
59077350377,r9480604-n303766,0,1613954907.487
59157356526,r4506251-n410412,0,1613184838.405
59181494040,r4099734-n200569,0,1614716459.413
59202725861,r9170217-n303509,0,1614729480.197
59202725861,r9170217-n303509,1,1614729480.2
59217233317,r7753495-n772143,0,1614726869.538
59217233317,r7753495-n772143,1,1614726869.541
59259996423,r7141590-n303509,0,1613468114.96
59264127443,r8473362-n410412,0,1613789992.492
59316328505,r8141575-n303766,0,1613942596.701
59333947736,r7462820-n410412,0,1613584689.804
59344379228,r7317916-n948219,0,1613483060.279
59347859695,r4144777-n303509,0,1614179378.512
59366171946,r7269000-n948219,0,1613429800.907
59372255496,r8141575-n303766,0,1613942574.982
59406591318,r7462820-n410412,0,1613587294.506
59469346095,r204106-n200569,0,1614716446.319
59469346095,r204106-n200569,1,1614716446.322
59497389874,r44132-n410412,0,1613389813.536
59497389874,r44132-n410412,1,1613389813.539
59529878515,r4506251-n410412,0,1613052635.096
59545301890,r8275852-n410412,0,1613510486.675
59554969100,r4506251-n303766,0,1613465762.273
59592122607,r9170217-n303509,1,1613438609.318
59630835411,r216287-n303509,1,1612829154.725
59633668281,r974863-n410412,1,1613452524.242
59643007832,r44132-n303766,0,1613464671.408
59684632991,r9170217-n948219,0,1613429532.245
59711965846,r7419443-n948219,0,1613251660.716
59737574458,r5179276-n948219,0,1613577212.261
59773130664,r216287-n303509,1,1612829482.65
59783493135,r7269000-n948219,0,1613442430.578
59806897251,r8473362-n410412,0,1614735079.593
59810146971,r6707841-n200569,1,1614718435.062
59860836210,r5179276-n948219,0,1613435926.969
59861894357,r5179276-n948219,0,1613586649.815
59866109429,r7753495-n948219,0,1613252694.934
59869108874,r8972851-n948219,0,1613524651.519
59879861726,r9170217-n948219,0,1613429741.601
59891568716,r7269000-n303509,0,1613579104.12
59926989789,r44132-n410412,0,1613434115.493
59935935599,r7269000-n303509,0,1613581584.858
59966371623,r492024-n410412,0,1614734669.018
59972771646,r8141575-n303766,0,1613783362.975
59972771646,r8141575-n303766,1,1613783362.978
60091669056,r8141575-n303766,0,1614174140.318
60113370618,r6959555-n750018,0,1614740586.45
60117447440,r9515777-n303766,0,1614488135.581
60118929987,r8473362-n410412,0,1614734826.704
60178411212,r2215649-n410412,0,1613478880.392
60191442848,r9170217-n948219,0,1613429539.461
60194514781,r7141590-n948219,0,1613438990.18
60200437382,r9988778-n303766,1,1613329373.189
60248171453,r8473362-n410412,0,1614011959.204
60262630821,r9170217-n948219,0,1613579939.697
60288527547,r9988778-n410412,1,1614734934.241
60300348661,r2215649-n303766,0,1614369048.921
60312641577,r7269000-n303509,0,1613583805.476
60392438741,r2215649-n303766,1,1613934048.303
60411283102,r2215649-n303766,1,1613933348.644
60436293085,r4099734-n772143,0,1614732939.202
60439333610,r3974592-n303509,0,1613180082.778
60439333610,r3974592-n303509,1,1613180082.782
60477251115,r492024-n303766,0,1613435357.434
60489546643,r414303-n303509,0,1613429107.083
60491426712,r8024255-n410412,0,1613523565.804
60494980846,r9515777-n303766,0,1614718743.892
60512988271,r9170217-n948219,0,1613583322.879
60515743394,r9852763-n172107,0,1614747952.903
60618560453,r2684277-n772143,1,1614725527.93
60618934970,r5179276-n948219,0,1613439760.798
60620381790,r414303-n303509,0,1613429328.908
60629146533,r7269000-n948219,0,1613430196.136
60694595161,r6727430-n948219,0,1613613182.821
60720905761,r9515777-n303766,0,1614275429.831
60746641727,r5179276-n948219,0,1613587004.11
60747732563,r7753495-n772143,0,1614726692.22
60747732563,r7753495-n772143,1,1614726692.224
60769080055,r8024255-n410412,0,1614735079.585
60770293370,r1039410-n948219,0,1614090377.807
60770662989,r974863-n410412,0,1613448517.352
60799285466,r2215649-n303766,0,1614374677.073
60804573610,r2215649-n303766,0,1613214328.22
60804573610,r2215649-n303766,1,1613214328.229
60804573610,r414303-n948219,0,1613214328.207
60804573610,r414303-n948219,1,1613214328.213
60804573610,r9648383-n303766,0,1613214328.204
60804573610,r9648383-n303766,1,1613214328.213
60804573610,r974863-n303766,0,1613214328.206
60804573610,r974863-n303766,1,1613214328.213
60814351243,r4506251-n303766,0,1613501722.082
60854969507,r7141590-n948219,0,1613430865.677
60869490370,r6727430-n303509,0,1614709860.873
60869490370,r6727430-n303509,1,1614709860.876
60943141365,r4605940-n303509,0,1612957459.673
60943579544,r9648383-n410412,0,1614162515.848
60943579544,r9648383-n410412,1,1614162515.855
60944546664,r204106-n200569,1,1614719074.569
60973641061,r8972851-n303509,0,1613610588.909
60987276066,r9988778-n410412,1,1614735079.645
60987871759,r8275852-n303766,0,1613660236.306
61034640097,r7462820-n410412,1,1613571526.815
61059209549,r2215649-n410412,0,1613686865.405
61085357805,r2215649-n303766,0,1614722119.859
61096736278,r5051220-n772143,1,1614721838.821
61108149413,r8473362-n410412,1,1614736398.218
61144988574,r9480604-n303766,0,1613794465.018
61154835830,r7462820-n410412,1,1613577960.183
61156879417,r4506251-n303766,0,1613468520.738
61267579994,r9988778-n303766,1,1613402095.874
61283098477,r4683026-n172107,0,1614759517.446
61283098477,r4683026-n172107,1,1614759517.449
61289305514,r2215649-n410412,0,1613435922.632
61292109663,r1051355-n200569,0,1614725051.032
61317737802,r414303-n303509,0,1613126290.406
61336032384,r9852763-n200569,1,1614718435.066
61348817500,r2215649-n410412,0,1614166362.579
61364155859,r4506251-n303766,0,1613507899.164
61371321549,r7419443-n948219,0,1613330145.346
61446547862,r8275852-n410412,0,1613689487.351
61456898313,r9170217-n948219,0,1613429338.252
61482598041,r8275852-n410412,0,1614292418.229
61514640269,r4605940-n303509,0,1613040924.332
61554334955,r9988778-n410412,0,1614734826.713
61569077755,r9852763-n200569,1,1614719062.193
61634460220,r2215649-n303766,0,1613933624.577
61644808089,r7141590-n303509,0,1613197508.774
61683958456,r8141575-n303766,0,1613934048.288
61772122665,r368967-n200569,0,1614743529.099
61794451264,r492024-n410412,1,1613861431.056
61832040041,r9515777-n303766,0,1614609031.982
61837543467,r9170217-n303509,0,1613064385.913
61846264860,r8473362-n410412,0,1614734934.176
61874440916,r9988778-n303766,1,1613334768.563
61880322013,r9988778-n303766,0,1613334197.84
61883675384,r7419443-n948219,0,1613684915.952
61901206206,r8024255-n410412,0,1613532538.447
61927103366,r5198790-n772143,0,1614721838.736
61928372834,r4683026-n200569,0,1614722316.933
61936665832,r7462820-n303766,1,1613651173.895
61986314506,r7269000-n948219,0,1613429814.638
62036077759,r9988778-n303766,1,1613373212.732
62063930274,r5051220-n772143,1,1614741696.646
62074668575,r8972851-n303509,0,1613233115.286
62121848056,r7419443-n948219,1,1613926488.66
62122463578,r7419443-n948219,0,1613942581.792
62156551741,r414303-n303509,0,1613429257.471
62204565968,r4683026-n303509,1,1613055997.567
62208092813,r4506251-n410412,0,1614735030.121
62214765329,r2215649-n303766,0,1614005113.089
62214765329,r2215649-n303766,1,1614005113.092
62229902689,r6707841-n200569,1,1614719066.258
62257252918,r4506251-n303766,0,1614722316.916
62300732330,r7141590-n303509,0,1613483060.249
62317627697,r4506251-n410412,1,1614734826.701
62319208416,r4605940-n948219,1,1614496424.565
62384260054,r974863-n410412,0,1613011810.369
62445755580,r9515777-n303766,0,1614718322.454
62459805335,r5179276-n948219,0,1613574364.577
62493970937,r9480604-n303766,0,1613438814.129
62534949826,r974863-n410412,0,1612997653.329
62546771134,r44132-n410412,0,1613385262.618
62546771134,r44132-n410412,1,1613385262.623
62551518142,r7317916-n948219,1,1613478268.667
62580105957,r9480604-n410412,1,1614734826.704
62581353302,r3974592-n303509,1,1613289131.088
62624255081,r2215649-n410412,0,1614114797.649
62719979795,r9480604-n303766,1,1613331958.348
62741042798,r3955005-n772143,0,1614717433.657
62741042798,r3955005-n772143,1,1614717433.661
62771809017,r414303-n200569,0,1614758538.318
62771809017,r414303-n200569,1,1614758538.322
62772649360,r9170217-n948219,0,1613429553.164
62799710393,r2215649-n303766,0,1614720920.075
62803835224,r8972851-n303509,0,1613608072.481
62815764501,r9515777-n303766,1,1614718743.923
62826722126,r9648383-n303766,0,1613845200.268
62841270682,r9659953-n172107,0,1614715475.634
62854863160,r9515777-n303766,0,1614488293.594
62917157245,r4099734-n200569,1,1614718442.852
63002258316,r8473362-n410412,1,1614734826.746
63023153058,r1900814-n772143,1,1614731017.686
63037731536,r2215649-n410412,0,1613500882.674
63094529300,r5179276-n948219,0,1613578369.694
63121076023,r810901-n303509,0,1613104843.006
63134290006,r3974592-n303509,0,1612870474.049
63136570223,r2684277-n772143,0,1614725527.897
63145378110,r8024255-n410412,0,1613529131.53
63151730032,r1039410-n948219,0,1614301535.975
63164350821,r4144777-n303509,0,1612854730.702
63186572670,r7141590-n948219,0,1613434427.605
63194635547,r1039410-n948219,0,1613435990.832
63194635547,r1039410-n948219,1,1613435990.841
63207838141,r7317916-n948219,1,1613480863.307
63224328415,r7269000-n948219,1,1613442381.447
63286696673,r8275852-n303766,0,1613667696.483
63334603936,r6727430-n948219,0,1613613334.668
63338592209,r2215649-n303766,0,1614366895.101
63348892482,r7419443-n948219,1,1613251717.617
63365474791,r8024255-n303766,0,1614395750.477
63383612146,r3974592-n172107,1,1614715744.741
63387247255,r2684277-n948219,0,1614041272.973
63425426254,r7462820-n410412,0,1613575119.975
63462311872,r7462820-n410412,0,1613574264.267
63493028523,r8141575-n303766,0,1613820598.469
63521714442,r8972851-n948219,0,1613184280.131
63531653660,r7462820-n303766,0,1613650751.718
63540181843,r5179276-n948219,0,1613588255.343
63552092226,r8024255-n410412,0,1614734826.692
63588701189,r7141590-n200569,0,1614724738.938
63588701189,r7141590-n200569,1,1614724738.942
63613489074,r8275852-n410412,0,1613099091.155
63642753973,r7269000-n303509,0,1613578292.21
63644708748,r8024255-n303766,0,1614221945.265
63644708748,r8024255-n303766,1,1614221945.273
63666397100,r492024-n303766,0,1613441344.2
63695843192,r44132-n303766,0,1613299540.286
63730698952,r8024255-n303766,0,1614475191.638
63732356304,r8972851-n303509,0,1613599431.196
63774828086,r2215649-n410412,0,1614113712.009
63793043215,r204106-n772143,0,1614721838.832
63828831486,r6707841-n200569,0,1614716436.255
63854493412,r2684277-n948219,0,1614058171.397
63960567705,r9170217-n948219,0,1613241288.214
63973617650,r8275852-n410412,0,1613441149.883
63993222363,r7419443-n948219,0,1613942302.221
64002617439,r6707841-n172107,1,1614725540.5
64028243734,r2684277-n303509,0,1612542588.837
64065082681,r44132-n410412,0,1614734566.622
64071931342,r6707841-n200569,0,1614718754.397
64169195883,r5051220-n172107,1,1614724232.797
64219558446,r9988778-n303766,0,1613388090.112
64237406198,r2215649-n410412,0,1613435578.594
64249433600,r9170217-n303509,0,1613392069.923
64294879306,r8532701-n172107,1,1614743648.212
64330434132,r9170217-n172107,0,1614736398.123
64370383329,r2215649-n410412,0,1614161149.827
64372657077,r2215649-n410412,1,1613468501.795
64408339578,r4683026-n303509,0,1613055644.932
64414857128,r8024255-n410412,0,1613526734.216
64424726136,r9988778-n303766,0,1613402095.847
64433720229,r8024255-n410412,0,1613525545.645
64456834861,r204106-n200569,1,1614718442.83
64487820326,r8972851-n948219,0,1613183624.936
64502897236,r5179276-n948219,0,1613584172.028
64559601038,r5198790-n172107,1,1614723796.179
64578521934,r8275852-n410412,0,1613496678.099
64587567781,r44132-n303766,0,1613454249.366
64625464584,r6727430-n303509,0,1613012732.189
64650442535,r414303-n948219,0,1614593171.805
64655012194,r8275852-n303766,0,1614716120.579
64655012194,r8275852-n303766,1,1614716120.582
64693659176,r8024255-n410412,0,1613525150.606
64694626392,r5179276-n948219,0,1613579436.074
64716423232,r974863-n303766,0,1614121454.301
64724376030,r2215649-n303766,0,1614742946.75
64752859304,r414303-n948219,0,1614424238.9
64755108381,r810901-n303509,0,1613069021.892
64773882351,r7462820-n410412,1,1613573487.804
64885743764,r6959555-n172107,0,1614746916.995
64913013875,r414303-n303509,0,1613429098.512
64929954057,r7141590-n303509,0,1613145181.998
64933720210,r9480604-n410412,0,1613786458.917
64994765893,r7269000-n303509,0,1613582313.762
65075341916,r4683026-n948219,0,1614084169.315
65149598448,r44132-n303766,0,1613336701.178
65163746407,r7462820-n410412,0,1613576349.775
65230418109,r9480604-n303766,0,1613411085.959
65412844964,r8473362-n410412,0,1613128912.065
65412844964,r8473362-n410412,1,1613128912.069
65445115259,r6727430-n303509,0,1613432694.801
65487618795,r974863-n410412,0,1613011502.697
65520335121,r1039410-n948219,0,1613860851.699
65545121228,r8275852-n410412,0,1614439413.127
65574685541,r8024255-n303766,1,1614754882.919
65646176711,r9170217-n948219,0,1613572345.193
65739405221,r7753495-n200569,0,1614725289.925
65753935607,r2215649-n410412,0,1614113457.061
65776802327,r1900814-n772143,1,1614721838.821
65779944849,r6727430-n303509,0,1613442054.353
65862503108,r9480604-n410412,0,1614112279.551
65886237088,r9988778-n303766,0,1613286711.482
65944058813,r414303-n172107,0,1614727050.822
65961819979,r414303-n303509,0,1613429075.799
66025599285,r7753495-n948219,0,1613568560.119
66035905926,r6707841-n772143,0,1614744601.168
66039169444,r4506251-n410412,0,1613395284.574
66137607703,r8972851-n948219,0,1613184461.85
66137941226,r1900814-n772143,1,1614740713.918
66143374045,r8275852-n410412,0,1613495898.37
66150948784,r8141575-n303766,0,1614183170.799
66159271324,r492024-n410412,1,1613862405.292
66169541541,r4683026-n948219,0,1614270301.527
66203008529,r5179276-n948219,0,1613587431.751
66230162863,r9170217-n948219,0,1613582884.951
66236266674,r6727430-n303509,0,1613434777.153
66278117244,r8141575-n303766,0,1613922605.626
66278117244,r8141575-n303766,1,1613922605.632
66289603663,r4144777-n303509,0,1614314993.708
66300105115,r4506251-n303766,0,1613462922.766
66322116641,r8141575-n410412,1,1614443288.573
66358256638,r7269000-n303509,0,1613577241.603
66361629090,r8972851-n948219,0,1613478389.982
66386470180,r492024-n410412,0,1613826759.621
66403727045,r4683026-n948219,1,1613981949.519
66418866339,r2684277-n948219,0,1613315776.531
66422868102,r4506251-n410412,0,1614734934.112
66493348181,r7462820-n303766,1,1613654526.527
66515703919,r4099734-n172107,1,1614715475.814
66570373422,r7753495-n303509,0,1613371906.537
66636218154,r4506251-n410412,1,1614735079.604
66694925370,r9659953-n172107,0,1614739032.114
66724057006,r4683026-n948219,0,1614649220.348
66734143158,r5179276-n948219,0,1613580863.831
66782578179,r7419443-n948219,0,1613942355.113
66827493850,r4506251-n303766,0,1613456884.6
66897823595,r6727430-n948219,0,1613613413.252
66913462180,r8972851-n172107,1,1614736252.205
66937116434,r492024-n303766,0,1613401919.568
66953742736,r9988778-n303766,0,1613165449.684
66976381889,r414303-n948219,0,1614076014.998
66993331552,r7419443-n948219,0,1613346522.799
67028347857,r8024255-n410412,0,1613531124.732
67038945587,r5198790-n772143,1,1614721838.777
67048347122,r9170217-n948219,0,1613429363.79
67093604368,r2215649-n303766,0,1613954827.226
67104715508,r492024-n303766,0,1613431142.337
