id_job,Node,gpu_index,peak_temp_c,avg_power_w,avg_util_gpu,avg_util_mem,avg_mem_used
10330541552,r7419443-n948219,0,30.0,26.998935866983373,0.0,0.0,3.903562945368171
24627951701,r7753495-n303509,0,36.0,25.444747967479675,0.0,0.0,3.797560975609756
31824270204,r7753495-n303509,0,37.0,25.475123022847104,0.0,0.0,3.889865260691271
31830614139,r7753495-n303509,0,40.0,25.542671575072312,0.0,0.0,3.3825926899815935
37761732261,r8141575-n303766,0,40.0,26.525072656407218,0.0,0.0,3.9978340764904625
40490486525,r7419443-n948219,0,35.0,38.10398291861706,4.458733678245873,0.38186745503818675,1225.6213353042622
43560555207,r7141590-n303509,0,41.0,27.031624211416307,3.5497647798469445,0.0,28.23985951828647
45114595657,r8275852-n410412,0,36.0,28.901087921847246,0.0,0.0,3.935168738898757
46172260686,r8024255-n303766,0,34.0,27.00294695481336,0.0,0.0,3.5767611563289363
46175149516,r8141575-n303766,1,31.0,25.36650648651295,0.0,0.0,3.995417829343516
51918166157,r1039410-n948219,0,39.0,27.186194511702986,0.0,0.0,0.8022598870056498
63387247255,r2684277-n948219,0,40.0,38.944909621159624,0.004562254562254562,5.775005775005775e-05,1401.2772002772003
4566641654,r8141575-n303766,1,33.0,25.72714285714286,0.0,0.0,0.0
24459653541,r2684277-n948219,0,36.0,27.20576292954223,0.0,0.0,3.9947622929765587
18643943801,r2215649-n410412,0,44.0,27.91692121212121,0.0,0.0,2.8654545454545453
22301987242,r8275852-n410412,0,36.0,28.927460317460316,0.0,0.0,0.0
24377361441,r9515777-n410412,0,49.0,62.399840106595605,42.52831445702865,7.121252498334444,913.7888074616922
24891011704,r8141575-n303766,1,30.0,25.333580419580418,0.0,0.0,0.0
27297785811,r2684277-n948219,0,36.0,27.192937347436942,0.0,0.0,3.336045565500407
40036024547,r9480604-n303766,0,32.0,27.537804347826086,0.0,0.0,2.613768115942029
45688606540,r6727430-n303509,0,40.0,27.75222577663298,0.0,0.0,3.9956793136755953
45688606540,r6727430-n303509,1,74.0,213.85369387521942,99.5893166876123,56.59957831763276,4479.525513860471
55037122479,r7753495-n303509,0,37.0,25.458374871969955,0.0,0.0,3.907135541140321
61883675384,r7419443-n948219,0,30.0,26.96278265358802,0.0,0.0,3.1987609705730513
2717438121,r4683026-n948219,0,57.0,90.56003422756707,35.47024360160346,16.737804502004316,1530.29019426457
19511565039,r8473362-n410412,0,37.0,27.29705801593856,0.0,0.0,3.9979835465983076
19511565039,r8473362-n410412,1,73.0,201.20587892698939,99.71201184130082,56.69900142653352,4484.80367466455
42183395532,r4144777-n303509,0,57.0,106.2718768870773,52.67547931763285,23.80221542874396,2775.6667044082124
66724057006,r4683026-n948219,0,50.0,70.2890170834365,26.91161178509532,10.744986382768012,1163.9269621193364
26156427598,r4506251-n303766,0,37.0,29.35989898989899,0.0,0.0,0.0
26338952628,r810901-n303509,0,38.0,37.21235907153008,6.642823306489816,1.8460445286594032,1712.0776882993841
34072422282,r4683026-n948219,1,55.0,93.74673741807467,35.53767061511635,17.002675726053756,1532.539113703325
35539125886,r9988778-n410412,0,32.0,25.262566585956417,0.0,0.0,0.0
43634975773,r810901-n303509,0,38.0,35.51673359073359,5.416216216216216,1.494208494208494,1386.507722007722
66953742736,r9988778-n303766,0,52.0,96.85540521507423,48.1364960030453,17.549333840883136,3069.3467738865625
6449825823,r4683026-n948219,1,49.0,69.72514385789343,26.432824618463847,10.186389792344258,1157.182887165374
25765071301,r9988778-n410412,0,35.0,28.932910398953563,0.7096141268803139,0.02158273381294964,385.7887508175278
54541283941,r4144777-n303509,0,66.0,137.07915997602294,57.16490726605385,25.777857832556244,3163.0290293719013
55487472412,r9988778-n410412,0,32.0,25.249185185185183,0.0,0.0,0.0
56217407174,r4683026-n303509,0,47.0,53.08344254730042,13.585140747577295,5.817720350715274,1557.403322565759
61156879417,r4506251-n303766,0,47.0,31.004923339011924,0.0,0.0,0.0
62204565968,r4683026-n303509,1,35.0,31.429515025290094,1.5673906575423981,0.41326986016066647,594.6337399583457
65412844964,r8473362-n410412,0,39.0,27.56534152955114,0.0,0.0,3.8736080031591418
65412844964,r8473362-n410412,1,66.0,92.52854459655127,57.55777017243649,35.707010662103464,1503.6419705146768
10564472974,r9170217-n303509,0,34.0,26.05915868330637,0.0,0.0,3.9987295890055137
10564472974,r9170217-n303509,1,37.0,42.4001906974273,12.78345632076697,3.1011653305311877,1375.7321062139156
9373450357,r9170217-n303509,0,33.0,25.979662660386975,0.0,0.0,3.8761648342269224
9373450357,r9170217-n303509,1,34.0,37.3979580905383,10.448405893809017,1.810455639957273e-05,1041.0943635343199
16211153742,r44132-n410412,0,66.0,69.65482256410256,19.19097435897436,9.07702564102564,3943.562358974359
27210601152,r9480604-n410412,0,39.0,27.296097249849847,0.0,0.0,7.714306180812317e-05
47650847794,r4683026-n948219,0,72.0,138.3547993880283,71.93884107860012,18.55085102314018,15285.155058328552
48147335273,r1039410-n303509,0,72.0,74.00249717071472,24.3842169408897,13.940976756333246,1358.396992252111
3904282188,r2215649-n303766,0,74.0,156.54179524357497,93.99791331031837,20.534859992328347,19492.5891062524
3904282188,r2215649-n303766,1,71.0,156.35015228231686,94.20788645953203,20.54230149597238,20697.622830840046
3904282188,r414303-n948219,0,74.0,152.428475657561,93.89781094833285,20.59911454089868,19496.241103134464
3904282188,r414303-n948219,1,71.0,152.83519707614028,79.9605617131174,20.370478547601113,20701.003105255877
7233182433,r4506251-n303766,0,55.0,30.24323442788694,0.0,0.0,0.0007033276187964307
51662710073,r7419443-n948219,0,47.0,68.14230339568319,98.48285367857649,9.74376168973533,17536.96858996503
51662710073,r7419443-n948219,1,45.0,66.13954030352367,98.50031654323774,8.897422787534802,19701.50295486231
42556479621,r974863-n303766,0,61.0,104.30241072128801,98.8238535313032,15.739005234277561,31611.47184963026
42556479621,r974863-n303766,1,54.0,102.15583216538194,98.81486178117228,15.103987310228977,21339.041159535416
60804573610,r414303-n948219,0,53.0,68.72878770279026,98.7131481965141,9.927847216310086,20480.735075445264
60804573610,r414303-n948219,1,51.0,69.46137160921995,98.0394511189448,9.048725936806928,21496.425849255214
60804573610,r2215649-n303766,0,56.0,69.65803562119066,98.86217008057298,9.912478020098435,17724.76634501309
60804573610,r2215649-n303766,1,53.0,71.46656208101588,98.84499676939853,9.039537584887817,19894.113114330474
6167723078,r4605940-n948219,0,64.0,101.24226643832182,99.10962095526833,14.782174958953213,31601.586517111078
6167723078,r4605940-n948219,1,62.0,104.67850974129918,99.08562674617593,13.761190633232662,21328.596954630604
60804573610,r9648383-n303766,0,55.0,72.49288139220656,98.82004458511216,9.908319609335756,18993.326045941707
60804573610,r9648383-n303766,1,53.0,70.30301507722518,98.88435168580693,9.021266997533106,19825.491411307758
22191894545,r9170217-n303509,0,55.0,79.66267076218243,95.23760932944606,9.74875052061641,21248.50843398584
22191894545,r9170217-n303509,1,51.0,79.9640889212828,95.21272386505623,9.02207413577676,19775.814452311537
43300551106,r7419443-n948219,0,62.0,111.4497193145419,97.4358600914247,18.371121959346045,17055.09397535925
43300551106,r7419443-n948219,1,58.0,108.79353274958162,97.41773669583742,17.794896421512824,14351.125761977723
8392228217,r8473362-n410412,0,54.0,62.73529328119446,80.81727692854604,6.1276217561322435,23603.7351581941
8392228217,r8473362-n410412,1,54.0,62.818169214361895,80.85815854959118,5.65161749022396,24615.84216139353
60804573610,r974863-n303766,0,54.0,68.93221547220428,98.8436639488362,9.905855813800917,20121.477392886973
60804573610,r974863-n303766,1,49.0,67.54292566296908,98.84675498684462,9.043731609225027,18070.285315604895
42556479621,r492024-n410412,0,66.0,114.08785451461625,99.05864159636477,15.791194172483847,21012.141968495467
42556479621,r492024-n410412,1,66.0,112.53403799783557,94.77946762526186,15.245177806327488,30218.99545025916
261128277,r8141575-n410412,0,67.0,74.53059810854563,22.73732640368067,6.132572207548777,5704.794070034933
333437599,r4683026-n948219,1,48.0,68.29222318152385,29.632635441398662,4.062270666954457,1304.1155838549537
10374380294,r8141575-n410412,1,48.0,85.02469820554649,29.096247960848288,7.605220228384992,4580.712887438825
10424156569,r4683026-n948219,0,56.0,67.21769661733616,29.111416490486256,4.0054968287526425,1304.68689217759
11027974286,r6727430-n303509,0,45.0,28.1005212858384,0.0,0.0,1.7619461337966986
12061302814,r6727430-n948219,0,32.0,26.52,0.0,0.0,0.0
12299370945,r216287-n303509,0,31.0,27.935796972395366,0.0,0.0,1.5529830810329475
12539656636,r216287-n303509,1,29.0,26.004427860696516,0.0,0.0,1.3374792703150913
12802890069,r6727430-n948219,0,33.0,31.50526315789474,1.2842105263157895,0.0,254.6421052631579
14085046830,r216287-n303509,1,29.0,26.136714165968147,0.0,0.0,1.32523051131601
15809461733,r2215649-n303766,0,47.0,58.04092636193878,16.295120565072665,3.4603393683526833,1429.2062190468457
16622750806,r6727430-n303509,0,37.0,27.097123050259963,0.0,0.0,3.1819757365684573
18476985915,r8275852-n303766,0,41.0,41.28756605989431,4.387257780387551,0.6487081620669407,1941.3208308866706
19700123464,r216287-n303509,0,30.0,27.758344988344987,0.0,0.0,1.5415695415695416
19787273217,r6727430-n948219,0,32.0,26.536666666666665,0.0,0.0,0.0
20924678421,r8141575-n410412,0,51.0,110.25768635043562,91.08422071636012,61.066795740561474,21372.478218780252
22238543322,r8141575-n410412,1,70.0,143.76461750586068,54.126755989111246,14.509586711465671,8440.572805271953
23062391063,r6727430-n303509,0,37.0,27.0974245472837,0.0,0.0,3.0100603621730384
26153825528,r6727430-n948219,0,33.0,29.48089285714286,1.0535714285714286,0.0,232.20535714285714
28425870419,r6727430-n948219,0,32.0,26.462,0.0,0.0,0.0
29721660924,r7462820-n303766,0,51.0,82.04117142756755,27.62306313903236,8.294824496679666,5645.005551456379
30265454184,r1039410-n948219,0,47.0,68.35595594098884,27.270933014354068,3.7526913875598087,1305.1504186602872
31142623505,r492024-n410412,0,48.0,68.06420880103308,27.458825866693157,3.7794775007450085,1209.8902354226682
33915027308,r6727430-n303509,0,37.0,27.100983606557378,0.0,0.0,3.040983606557377
33984338755,r6727430-n948219,0,32.0,26.496666666666666,0.0,0.0,0.0
35951176414,r6727430-n303509,0,37.0,27.22543209876543,0.0,0.0,3.039094650205761
42103174254,r6727430-n948219,0,32.0,26.4525,0.0,0.0,0.0
42289575877,r492024-n410412,1,47.0,68.589196774852,28.01612573994693,3.8602776076750356,1207.262502551541
42922024456,r8141575-n410412,0,68.0,134.53272727272727,50.20958230958231,15.939312039312039,2233.858476658477
46842336890,r6727430-n948219,0,32.0,26.503333333333334,0.0,0.0,0.0
51938616464,r216287-n303509,0,30.0,27.876578947368422,0.0,0.0,2.9534412955465585
60694595161,r6727430-n948219,0,32.0,26.455,0.0,0.0,0.0
64625464584,r6727430-n303509,0,37.0,27.129285714285714,0.0,0.0,3.036734693877551
65520335121,r1039410-n948219,0,47.0,66.94175532974695,27.306236302052202,3.7622036262203626,1210.767383941024
66159271324,r492024-n410412,1,47.0,72.7795768624803,30.93630429889714,4.256808462750394,1303.997074049066
1002943407,r8141575-n410412,0,58.0,119.24043254325433,94.81018101810182,63.47552447552447,19043.853858462768
9683410591,r6727430-n303509,0,38.0,27.47880859375,0.0,0.0,2.9453125
48022490454,r8141575-n410412,1,66.0,72.05511068179989,21.238428720920872,5.7030507928841665,5396.838766803509
52037233315,r9170217-n303509,0,59.0,79.28326967534426,21.12363051562971,6.114383355111066,1558.8169665292994
54296846239,r6727430-n303509,0,37.0,27.152859922178987,0.0,0.0,3.062256809338521
63334603936,r6727430-n948219,0,32.0,26.4925,0.0,0.0,0.0
499152276,r6727430-n303509,0,36.0,27.041954732510288,0.0,0.0,2.9958847736625516
3544789315,r6727430-n948219,0,32.0,26.473636363636366,0.0,0.0,0.0
7205584860,r216287-n303509,0,31.0,27.95079229122056,0.0,0.0,2.9721627408993574
10566394288,r8141575-n410412,0,59.0,119.4952643153176,96.42290450816206,66.41766049226085,27328.764442188953
18439272182,r216287-n303509,1,29.0,26.144458333333333,0.0,0.0,2.9791666666666665
20856692552,r6727430-n948219,0,32.0,26.53,0.0,0.0,0.0
30174376074,r216287-n303509,1,29.0,26.150457256461234,0.0,0.0,3.0616302186878728
31168093032,r6727430-n948219,0,33.0,26.925509461426493,0.08296943231441048,0.0,38.286026200873366
36838679216,r492024-n410412,0,48.0,67.15668065351308,24.642978305508436,3.3833586286938666,1304.7326131595394
36957026226,r6727430-n948219,0,32.0,26.480476190476192,0.0,0.0,2.0952380952380953
38377254800,r9480604-n303766,0,45.0,70.8327830750894,32.74016686531585,4.48450536352801,1255.9743742550656
39043373194,r8141575-n410412,0,49.0,85.56186991869919,29.68617886178862,7.840650406504065,4557.783739837399
42493110971,r1039410-n948219,1,44.0,68.18360220385674,30.2431955922865,4.153057851239669,1301.2186225895316
42881210924,r8275852-n303766,0,53.0,75.95099176113486,24.567552499535402,7.4037973115282165,5838.443535897913
43927872170,r6727430-n948219,0,32.0,26.49187039764359,0.0,0.0,2.8512518409425627
44485093328,r216287-n303509,1,29.0,26.145454545454545,0.0,0.0,3.198515769944341
45661257458,r6727430-n948219,0,32.0,26.480476190476192,0.0,0.0,2.0952380952380953
46577524683,r2215649-n303766,0,44.0,43.37344436158754,7.572458364404673,1.618112519678515,1332.755654983843
49266544348,r8141575-n410412,0,72.0,135.76565998277772,50.14491327346537,15.930249723213187,2232.394759503014
55365792719,r6727430-n948219,0,33.0,32.077474747474746,1.3333333333333333,0.010101010101010102,242.2828282828283
56683242441,r6727430-n303509,0,37.0,27.10865580448065,0.0,0.0,3.0142566191446027
6154646895,r6727430-n303509,0,38.0,27.301456692913384,0.0,0.0,2.966535433070866
30235084953,r6727430-n948219,0,32.0,26.517870370370368,0.0,0.0,3.0833333333333335
31054162297,r6727430-n948219,0,32.0,26.48,0.0,0.0,0.0
32003820588,r6727430-n303509,0,37.0,27.178189134808854,0.0,0.0,3.058350100603622
33783375500,r6727430-n948219,0,33.0,32.454299999999996,1.63,0.02,251.11
35714555652,r4605940-n303509,0,43.0,45.76012547110659,8.793459231441716,1.8246101361236777,2699.247431808937
44336872469,r1039410-n948219,1,44.0,64.38147778785132,27.737685101239045,3.8218998690440213,1209.3039186058224
45000685986,r6727430-n948219,0,32.0,26.498,0.0,0.0,0.0
46622867390,r9480604-n303766,0,44.0,68.67913434513771,30.805508712759977,4.230466554243957,1254.1264755480606
61794451264,r492024-n410412,1,47.0,72.08161026200874,29.882096069868997,4.12882096069869,1304.2599344978166
66897823595,r6727430-n948219,0,32.0,26.496666666666666,0.0,0.0,0.0
49816588936,r9480604-n303766,0,46.0,49.04717094411823,9.494029161443557,1.3730289635152075,2346.8159266345583
15038973500,r216287-n303509,0,31.0,27.956803278688525,0.0,0.0,2.987704918032787
28633170473,r7419443-n948219,0,49.0,76.95073643483768,24.87992801198964,7.470022762759373,6163.432705632999
30805359001,r9480604-n303766,0,45.0,70.76401072705602,31.980929678188318,4.408224076281288,1257.8152562574494
39739040553,r8141575-n410412,0,74.0,145.37135198604005,54.05174055780663,14.535216349708675,8440.445192393008
52551406703,r216287-n303509,0,31.0,27.953489461358313,0.0,0.0,2.990632318501171
54967219790,r6727430-n948219,0,33.0,29.644383561643835,0.0,0.0,3.506849315068493
57932866527,r8141575-n410412,1,63.0,59.119347205222354,13.302631578947368,3.5426356589147288,4054.7086903304776
728321298,r7141590-n303509,0,39.0,26.901363636363637,0.0,0.0,0.0
1226443139,r7141590-n303509,0,39.0,26.852608695652176,0.0,0.0,0.5217391304347826
3409390841,r8275852-n410412,0,61.0,29.37095613413626,0.011010745070256229,0.00026567481402763017,2.7080233793836346
5801687419,r7462820-n303766,0,43.0,38.79550431070562,0.26408303339750566,0.03749895371222901,1251.0996902988197
10265951174,r6727430-n948219,0,33.0,27.286949806949806,0.2702702702702703,0.0019305019305019305,70.03861003861005
11046373326,r9480604-n303766,0,45.0,69.62712414578587,31.678246013667426,4.368451025056948,1256.989749430524
11334444881,r8275852-n303766,0,50.0,73.3004217397474,22.458209167021426,6.764779338725699,5965.93083581666
12545459612,r6727430-n948219,0,32.0,26.53333333333333,0.0,0.0,0.0
13965423737,r44132-n410412,0,45.0,41.719869565217394,0.5094325718496684,0.08260869565217391,1272.3328666175387
14768473984,r7141590-n303509,0,39.0,26.88206896551724,0.0,0.0,0.0
19417749767,r7141590-n303509,0,39.0,26.85686046511628,0.0,0.0,0.0
20196279847,r216287-n303509,1,29.0,26.090412371134022,0.0,0.0,2.9938144329896907
23386102000,r7141590-n303509,0,39.0,26.825652173913046,0.0,0.0,0.0
25252149395,r7141590-n303509,0,39.0,26.850434782608694,0.0,0.0,0.34782608695652173
25277745499,r7141590-n303509,0,39.0,26.886458333333334,0.0,0.0,0.16666666666666666
25433901556,r7141590-n303509,0,39.0,26.855625,0.0,0.0,0.0
29491024449,r7141590-n303509,0,39.0,26.883104026845636,0.0,0.0,0.0
29726716448,r7141590-n303509,0,39.0,26.857555555555553,0.0,0.0,0.0
37934280554,r414303-n948219,0,33.0,26.259763313609465,0.0,0.0,0.9704142011834319
38460331269,r7141590-n303509,0,39.0,26.86307692307692,0.0,0.0,0.0
39055202392,r9170217-n303509,0,40.0,27.12205400192864,0.0,0.0,0.0
41254008658,r7141590-n303509,0,39.0,26.82,0.0,0.0,0.30434782608695654
41817142545,r2215649-n303766,0,43.0,31.91091997822537,2.075666848121938,0.36363636363636365,421.16929776810014
45618162982,r7419443-n172107,0,33.0,36.598849597063754,2.2027287959786164,1.5957871219979253e-05,973.1618926035267
54819650979,r4506251-n303766,0,39.0,29.48791176470588,0.0,0.0,0.0
57511224041,r7141590-n303509,0,39.0,26.859166666666667,0.0,0.0,0.0
64929954057,r7141590-n303509,0,39.0,26.85258064516129,0.0,0.0,0.0
36999140602,r414303-n948219,0,37.0,38.66955693206395,4.92273229352632,0.21340899316524392,5087.970366737727
49833940786,r6707841-n200569,1,29.0,26.660436562073667,0.0,0.0,0.0
2284228052,r9852763-n200569,0,33.0,27.455786259541988,0.0,0.0,0.0
2284228052,r9852763-n200569,1,30.0,29.066022900763357,0.0,0.0,0.0
8478790205,r4605940-n303509,1,30.0,25.48643375940197,0.0,0.0,0.0
31819871441,r2215649-n410412,0,46.0,43.06886451355308,0.9595182112594827,0.15718024932345503,1349.411450246218
8828095786,r414303-n948219,0,32.0,26.41122998544396,0.0,0.0,0.0
11580353383,r2684277-n948219,0,39.0,38.61118290112435,2.353040627263963,0.09316760885562547,3066.793489483802
19598167609,r5051220-n200569,1,31.0,27.797441860465117,0.0,0.0,0.0
27751344747,r7753495-n303509,0,42.0,38.28220979913439,0.35093219398512926,0.05473865275774054,1293.3555376761735
43468578408,r9170217-n948219,0,39.0,28.671200000000002,0.0,0.0,0.0
48569767813,r7753495-n303509,0,30.0,24.671619047619046,0.0,0.0,0.0
59181494040,r4099734-n200569,0,30.0,25.68146017699115,0.0,0.0,0.0
61837543467,r9170217-n303509,0,46.0,42.082924298749575,0.8843866171003717,0.1431564717810071,1333.307063197026
43780609,r8275852-n410412,0,32.0,27.801206367752297,0.0,0.0,0.0
15782974012,r4099734-n200569,1,29.0,25.372220077220078,0.0,0.0,0.0
31470039884,r2684277-n948219,0,35.0,26.98093144560358,0.0,0.0,0.0
41984366659,r414303-n303509,0,34.0,27.237840909090906,0.0,0.0,0.0
47635304015,r44132-n410412,1,29.0,25.936666666666667,0.0,0.0,0.0
55076032357,r1051355-n200569,0,29.0,26.069699842022114,0.0,0.0,0.0
58020061057,r8275852-n303766,0,42.0,41.842882176354834,1.0903463035578345,0.17820772468077162,1389.8483216270952
59529878515,r4506251-n410412,0,42.0,40.16202323900298,0.29801076276404914,0.049762166117819244,1392.595691324641
59926989789,r44132-n410412,0,45.0,43.53710987141103,0.8912917052577164,0.14691881879078983,1395.156008357206
62156551741,r414303-n303509,0,36.0,27.333728813559322,0.0,0.0,0.0
24250182563,r8275852-n303766,0,43.0,37.86436943514929,0.2577375876869281,0.04298253785137469,1403.9002343095035
49307774335,r4506251-n410412,0,42.0,44.28824550141037,1.1065460558311448,0.18216126835910904,1392.5516130078138
1993937195,r1039410-n303509,0,32.0,25.885312499999998,0.0,0.0,0.0
1993937195,r1039410-n303509,1,32.0,27.5496875,0.0,0.0,0.0
2159983735,r2684277-n303509,0,32.0,27.08376175548589,0.0,0.0,0.0
15126691726,r5051220-n200569,0,32.0,25.54032567049808,0.0,0.0,0.0
39405969594,r1051355-n200569,1,27.0,25.57766007905138,0.0,0.0,0.0
42325207264,r4605940-n303509,0,43.0,26.953048268092452,0.0,0.0,0.0
47072457063,r8024255-n303766,0,35.0,30.387649043869516,0.6794150731158605,0.0,311.46625421822273
53044701889,r9988778-n303766,0,30.0,24.632817567567567,0.0,0.0,0.0
53044701889,r9988778-n303766,1,30.0,26.511777027027026,0.0,0.0,0.0
53154459887,r9170217-n948219,0,33.0,27.463062678062677,0.0,0.0,0.0
59469346095,r204106-n200569,0,33.0,27.71595727198028,0.0,0.0,0.0
59469346095,r204106-n200569,1,30.0,25.678890714872637,0.0,0.0,0.0
63828831486,r6707841-n200569,0,32.0,26.070467479674797,0.0,0.0,0.0
64028243734,r2684277-n303509,0,32.0,27.059673748103187,0.0,0.0,0.0
23375628749,r2684277-n303509,0,32.0,27.015128205128207,0.0,0.0,0.0
23987772661,r2684277-n303509,0,32.0,27.082666666666665,0.0,0.0,0.0
52569210509,r4683026-n303509,0,72.0,144.39220890885062,79.64845689775161,27.23849651359615,1064.9150002918432
52569210509,r4683026-n303509,1,65.0,130.3707854548339,79.51628634757478,26.983555757767146,1064.9142063286574
47826269731,r1039410-n948219,0,72.0,162.88267324248284,93.66861456066681,31.93191481514655,1064.9721712179728
47826269731,r1039410-n948219,1,70.0,153.6493147290028,93.53418814113878,31.917195954667832,1064.9721725351556
32658871069,r4605940-n948219,0,72.0,127.75616478656514,71.07681547843013,24.342533063012656,1064.9837761938752
32658871069,r4605940-n948219,1,71.0,132.19269606461748,70.18785219432988,24.29432905927334,1064.9831842507874
47826269731,r9648383-n410412,0,71.0,165.053690659773,93.56270233373645,31.870424550970938,1064.9728192846167
47826269731,r9648383-n410412,1,72.0,163.54279411997695,92.53925472530142,31.941725243328598,1064.9735210163028
3601240052,r2215649-n410412,0,45.0,40.00762726192209,4.594800611264736,0.22470649590064523,3107.9573327511766
1643579300,r974863-n303766,0,49.0,38.904399422252034,4.647252362108756,0.19205269100306702,3143.8474085626517
16368752428,r9480604-n410412,1,29.0,24.098260869565216,0.0,0.0,0.0
27901114381,r9480604-n410412,0,31.0,26.120867864129465,0.0,0.0,0.0
54263057649,r9480604-n410412,1,29.0,24.060440371340157,0.0,0.0,0.0
13678312743,r974863-n303766,0,37.0,37.46892590973481,12.185467362199924,4.2034644954371394e-06,1279.9669208361531
42553503703,r4506251-n303766,0,33.0,27.99136885527673,0.0,0.0,0.0
12876590570,r492024-n303766,0,33.0,25.180179738562092,0.0,0.0,1.6013071895424837
64650442535,r414303-n948219,0,36.0,37.48926553206774,18.922346528063894,4.225694334400321e-06,1280.0175324057934
11398270447,r9480604-n303766,0,31.0,27.4,0.0,0.0,0.0
20532700175,r492024-n303766,1,31.0,25.569754098360658,0.0,0.0,2.0163934426229506
34859094387,r8473362-n410412,0,41.0,38.037263991915076,0.0666265960845087,0.0210998167857117,2887.284090771938
10875221935,r9480604-n303766,0,35.0,38.420215877840214,0.028428865481016353,3.857027697315895e-06,1248.702953583243
44476465676,r9480604-n303766,0,31.0,27.394285714285715,0.0,0.0,0.0
5667158307,r492024-n303766,0,35.0,31.813852917665866,0.12150279776179057,0.002398081534772182,696.4532374100719
22141363037,r9480604-n303766,0,31.0,27.396,0.0,0.0,0.0
28234161284,r9480604-n303766,0,31.0,27.41625,0.0,0.0,0.0
56530751093,r44132-n410412,0,42.0,39.018688056614856,0.02820460419855815,2.5705982681879465e-06,1248.2175612991289
55543218301,r9480604-n303766,1,33.0,37.99702810119258,0.07179401459384743,2.5716030730656723e-06,1248.7309794593205
62493970937,r9480604-n303766,0,31.0,27.400816326530613,0.0,0.0,0.0
12793446324,r9480604-n303766,0,33.0,35.218237951807225,0.2319277108433735,0.006024096385542169,850.527108433735
15434182406,r6727430-n948219,0,35.0,37.17174346050539,0.08097631182276659,0.02487865694935131,2886.7111813290135
18619610969,r8024255-n410412,0,53.0,46.638,0.0,0.0,0.0
65230418109,r9480604-n303766,0,39.0,38.92647277758839,0.08442055868610504,0.02701185152505665,2883.5242184209997
27124900309,r9480604-n303766,0,31.0,27.394375,0.0,0.0,0.0
28649012486,r9480604-n303766,0,31.0,27.408823529411762,0.0,0.0,0.0
59879861726,r9170217-n948219,0,44.0,70.85991385893979,74.60590745732256,7.350179694519317,30888.151583557952
27970546133,r9170217-n948219,0,43.0,66.94083506499504,75.89181154902911,7.799594791161598,30865.871077786243
33414844145,r4605940-n303509,0,50.0,87.99598585294164,44.04436620855606,4.870686842912743,30947.39189935563
57869157658,r8275852-n410412,0,47.0,76.5696639607325,71.89338304700775,8.585154332641117,30993.267262129506
63365474791,r8024255-n303766,0,35.0,28.674160272804773,0.0392156862745098,0.0017050298380221654,4490.964194373401
63134290006,r3974592-n303509,0,59.0,120.73460688235458,66.49214398976271,9.382042451386765,31008.1666425571
5486075855,r4605940-n303509,0,49.0,86.8832274804546,44.675924518023,4.969628476358477,31008.152782066267
17820483380,r7269000-n948219,0,37.0,39.00369914061906,0.002357593733363754,0.0,424.90478363373643
17820483380,r7269000-n948219,1,45.0,66.24083428397597,67.20115598144345,6.899383983572895,28815.66499353563
39091287857,r4144777-n303509,0,52.0,94.50962418621981,75.23090139416459,13.818831054576316,30761.351408137285
65545121228,r8275852-n410412,0,44.0,66.64784231401761,52.01877720808745,5.015787946212634,30788.70164457773
57090923632,r4506251-n303766,0,47.0,67.40303084648492,67.31791009086561,6.81934481109517,27289.27056432329
57719617660,r4605940-n948219,0,64.0,133.55959041221374,85.2372396946565,40.14295572519084,30941.328073282442
61446547862,r8275852-n410412,0,44.0,50.98134954697186,32.701001430615165,4.292322365283739,16446.229375298044
10969022550,r2684277-n948219,0,71.0,128.23324431067297,73.24955326373563,63.44631893112105,21641.156799054046
10969022550,r2684277-n948219,1,63.0,126.87939777548736,73.28319601383522,63.441496202899835,21641.17019165713
16842511695,r7141590-n303509,0,62.0,56.22994442386069,12.101704334938866,7.312152649129307,8938.389218228973
28424533778,r9515777-n303766,0,59.0,46.93558823529412,0.0,0.0,0.0
31234932262,r9988778-n303766,0,62.0,117.5032977026611,62.728152894758935,27.565212524834205,7852.694490304167
44359234537,r2684277-n948219,0,62.0,46.43228821677843,15.764198713562337,7.6870124538114135,4154.0896400711645
45145482532,r2684277-n948219,0,36.0,27.214793650793652,0.0,0.0,0.0
45526469217,r7141590-n303509,0,54.0,72.38869918699187,19.198606271777003,11.527293844367016,9294.403019744483
46435606501,r9515777-n303766,0,50.0,26.176033172080167,0.0,0.0,0.0
52020542720,r7141590-n303509,0,61.0,54.57213610586011,12.31625708884688,7.433459357277883,7277.956143667297
59259996423,r7141590-n303509,0,48.0,33.08008268259072,2.98530087276068,1.7694074414331649,1523.4129536058797
10969022550,r1039410-n948219,0,71.0,130.95802849761256,73.22876722901078,63.38900114122032,21641.477660801993
10969022550,r1039410-n948219,1,64.0,122.45883314017779,73.22632663699325,63.446947172379936,21641.46415530718
26385977070,r1039410-n948219,0,30.0,25.94504883546206,0.0,0.0,3.9188580015026298
26385977070,r1039410-n948219,1,30.0,25.113095416979714,0.0,0.0,3.9188580015026298
26385977070,r2684277-n948219,0,31.0,26.488525925925927,0.0,0.0,3.863703703703704
26385977070,r2684277-n948219,1,30.0,26.782214814814814,0.0,0.0,3.862962962962963
48323500878,r9480604-n303766,0,33.0,27.484802538768903,0.0,0.0,3.885719424922591
48323500878,r9480604-n303766,1,40.0,38.030206570477816,0.6193491192681767,0.11440648568088085,1196.2738735497796
56807814632,r1039410-n948219,0,30.0,25.901539792387542,0.0,0.0,3.8823529411764706
56807814632,r1039410-n948219,1,30.0,25.101643598615915,0.0,0.0,3.8823529411764706
56807814632,r2684277-n948219,0,31.0,26.452998324958124,0.0,0.0,3.745393634840871
56807814632,r2684277-n948219,1,30.0,26.738994974874373,0.0,0.0,3.745393634840871
5231649935,r4683026-n948219,0,39.0,36.25019956978967,0.02987571701720841,0.002390057361376673,1241.2578871892924
18749296119,r974863-n410412,0,38.0,26.13553191489362,0.0,0.0,3.0042553191489363
28101217125,r2215649-n303766,0,40.0,26.321818181818184,0.0,0.0,2.0
35309199056,r6727430-n303509,0,52.0,76.4298814824674,22.212762868136387,6.642456985214046,6116.9726847034335
15398977310,r2215649-n303766,0,40.0,26.35272727272727,0.0,0.0,2.0
18330128720,r4605940-n303509,0,52.0,67.69699175523021,16.096797982102007,4.817089239722827,6046.7985357395155
19555245473,r974863-n410412,0,37.0,26.05044776119403,0.0,0.0,2.9680170575692966
21496091933,r974863-n410412,0,39.0,26.298554913294797,0.0,0.0,3.113680154142582
23730570058,r974863-n410412,0,37.0,26.023182897862235,0.0,0.0,2.985748218527316
25431355758,r2215649-n303766,0,40.0,26.415454545454544,0.0,0.0,2.1818181818181817
56504878574,r7419443-n948219,0,43.0,43.7384988444807,4.167108482871126,1.1581022294725394,1906.4184339314845
57530298975,r974863-n410412,0,37.0,26.038976034858386,0.0,0.0,2.971677559912854
59077350377,r9480604-n303766,0,37.0,28.924861111111113,0.0,0.0,2.158333333333333
2149744380,r2215649-n303766,0,40.0,26.373333333333335,0.0,0.0,2.3333333333333335
15447621010,r974863-n410412,0,37.0,26.065479452054795,0.0,0.0,1.4668071654373025
16145765785,r974863-n410412,0,40.0,26.45295358649789,0.0,0.0,2.9873417721518987
16553178033,r974863-n410412,0,37.0,26.022529550827425,0.0,0.0,2.983451536643026
19844872535,r7419443-n948219,0,46.0,72.38876686128448,20.74994966780753,5.996476746527079,1550.3363197100866
21337915351,r2215649-n303766,0,40.0,26.345714285714287,0.0,0.0,2.0952380952380953
27593302394,r2215649-n303766,0,40.0,26.28,0.0,0.0,2.4
29870200355,r974863-n410412,0,37.0,26.08055670103093,0.0,0.0,2.863917525773196
30080561799,r2215649-n303766,0,44.0,27.93390243902439,0.042682926829268296,0.003048780487804878,2.097560975609756
30689530449,r974863-n410412,0,37.0,26.08901840490798,0.0,0.0,2.983640081799591
36136288881,r9480604-n303766,0,70.0,170.34829232115013,82.9667972464154,21.30696383067737,1519.7217510363976
38820772285,r44132-n410412,0,71.0,172.50987735452563,82.98582508692164,21.299010430596415,1518.7127956290833
41640202882,r974863-n410412,0,37.0,26.03144963144963,0.0,0.0,3.022113022113022
46593005199,r974863-n410412,0,37.0,26.043961352657007,0.0,0.0,3.0
51540616413,r2215649-n303766,0,40.0,26.266153846153845,0.0,0.0,1.6923076923076923
57689884631,r974863-n410412,0,37.0,26.033089770354906,0.0,0.0,2.964509394572025
62384260054,r974863-n410412,0,37.0,26.077616161616163,0.0,0.0,2.98989898989899
63613489074,r8275852-n410412,0,74.0,190.07972543730477,88.44452457301716,22.15719023960584,15163.206592257195
63695843192,r44132-n303766,0,71.0,165.18698133511447,81.18943188986604,20.87476344205722,1519.845782774871
65487618795,r974863-n410412,0,37.0,26.047861635220126,0.0,0.0,2.943396226415094
67093604368,r2215649-n303766,0,40.0,26.317666666666664,0.0,0.0,2.1333333333333333
2608433278,r1039410-n303509,0,40.0,37.973703703703706,6.148148148148148,0.0,296.3888888888889
22256973253,r2215649-n303766,0,39.0,26.219047619047622,0.0,0.0,2.2857142857142856
39780389347,r9988778-n303766,0,52.0,42.88083871226396,4.364751633724893,1.2058292907829853,1947.9814376779057
44640621666,r974863-n410412,0,49.0,28.000693641618497,0.0,0.0,1.9489402697495184
55274089293,r974863-n410412,0,37.0,26.05731557377049,0.0,0.0,2.9528688524590163
57000771793,r1039410-n303509,0,40.0,31.51482993197279,2.938775510204082,0.013605442176870748,129.48299319727892
66993331552,r7419443-n948219,0,53.0,103.29513482304795,92.94288575348652,0.9437168145345228,378.94330057732594
51554711444,r7419443-n948219,0,39.0,51.7185530397659,51.78052227558746,0.7658732253127144,371.9502178591744
64655012194,r8275852-n303766,0,31.0,25.730670563986184,0.0,0.0,3.999928182072809
64655012194,r8275852-n303766,1,31.0,27.16846503544215,0.0,0.0,3.9999317729691684
25165769984,r414303-n200569,0,30.0,25.346986486238027,0.0,0.0,3.999941164573719
25165769984,r414303-n200569,1,29.0,24.425047601537077,0.0,0.0,3.999941164573719
46937657097,r8141575-n303766,0,33.0,26.18027997195944,0.0,0.0,3.999927730521569
46937657097,r8141575-n303766,1,30.0,25.249493065743547,0.0,0.0,3.999927730521569
54425831372,r8972851-n200569,0,31.0,25.05743285573947,0.0,0.0,3.9999406869196124
54425831372,r8972851-n200569,1,30.0,25.535605011955298,0.0,0.0,3.9999406869196124
1813763172,r7462820-n410412,0,72.0,194.9504902744471,79.10764721556089,53.15161204369837,6577.895017319478
9105750754,r7269000-n303509,0,71.0,210.31752184041935,87.43156668608037,58.617064647641236,6499.271694816541
12009210842,r8972851-n948219,0,72.0,174.67369393734506,67.63669145819247,45.36421005183683,6648.009916610322
20122451405,r5179276-n948219,0,72.0,207.12594159713947,89.27562574493444,59.963051251489865,6653.850417163289
21120538778,r6727430-n948219,0,72.0,201.56299142857142,85.41142857142857,57.406285714285715,6620.843428571428
23202874310,r8024255-n410412,0,72.0,185.27613784461153,74.6531328320802,50.14711779448621,6535.540852130326
23579323029,r7141590-n948219,0,71.0,214.78000000000003,89.24611244019138,59.660885167464116,6640.864832535885
23961486799,r7317916-n948219,0,73.0,184.2077765957447,78.96010638297872,53.093351063829786,6601.849734042553
29605406853,r414303-n303509,0,35.0,27.143181818181816,0.0,0.0,0.0
40809800382,r6727430-n303509,0,71.0,208.4189156985404,89.49955317247543,60.07030086386655,6665.462615430444
40974463196,r7462820-n410412,0,72.0,190.99122816166883,77.27561929595828,51.86205997392438,6590.609908735332
41875011555,r7269000-n948219,0,39.0,35.19428571428571,1.8285714285714285,0.014285714285714285,451.9
48880462218,r8972851-n303509,0,72.0,186.81012567324956,75.97819953834316,51.0194921774814,6581.637342908438
49264098614,r7317916-n948219,0,72.0,184.67596727368698,78.5339139614674,52.78279229348113,6575.618896806545
51255315962,r8972851-n303509,0,72.0,190.53792555960436,77.57261842790213,52.06897449245185,6542.111660593441
54772232647,r7317916-n948219,0,72.0,175.84117412935325,73.9139303482587,49.64726368159204,6635.471641791045
56667914638,r9988778-n303766,0,74.0,183.90847478781828,74.66699950074887,49.98577134298552,6694.969545681478
59935935599,r7269000-n303509,0,70.0,211.02294650686935,87.54896229172756,58.74393452206957,6659.453668517977
63286696673,r8275852-n303766,0,71.0,199.1857446189645,86.89325189063409,58.42292030250145,6577.538976148924
66493348181,r7462820-n303766,1,61.0,119.9735516189923,43.27530129228982,29.138521852766083,6502.355161899231
527918486,r8972851-n303509,0,72.0,189.82239813132622,77.28886581884247,51.905268621853104,6585.778873604983
1006145741,r414303-n303509,0,35.0,35.75851063829787,2.4468085106382977,0.0,475.1276595744681
1136013514,r7141590-n303509,0,73.0,175.58461867266593,67.429696287964,44.96625421822272,6545.219797525309
1654306808,r8024255-n410412,0,72.0,210.24335320417285,89.06855439642325,59.785394932935915,6661.722205663189
2202004500,r8972851-n303509,0,71.0,198.75892619311878,82.53551609322975,55.438956714761375,6609.255549389567
2440960569,r9170217-n948219,0,68.0,174.48219995170248,71.70755856073413,48.19657087659986,6509.843033083796
2502652461,r492024-n303766,0,72.0,209.33045901639343,88.39344262295081,59.37138599105812,6626.065871833085
2714263211,r7462820-n410412,1,71.0,210.04112061338836,88.08139191978768,59.29371866705986,6665.2662931288705
3277108223,r6727430-n948219,0,70.0,193.6107195221287,80.90062449090415,54.372793918001626,6589.002715177844
3829393025,r7141590-n948219,0,72.0,204.16803013392857,83.33872767857143,55.74525669642857,6621.595703125
6256917154,r8972851-n303509,0,72.0,190.26031266284522,77.56435643564356,51.993746743095365,6595.463522668057
6660432361,r6727430-n948219,0,70.0,196.3637046137046,81.45672945672946,54.73245973245973,6577.055419055419
6890100323,r8024255-n410412,0,71.0,194.26960653104925,79.81798715203426,53.67184154175589,6603.0706638115635
7459099283,r974863-n410412,1,64.0,200.98993361496682,89.64302957151479,60.30356065178032,6673.0
7598600885,r44132-n303766,0,72.0,204.13677391799544,85.19333712984054,57.33058086560364,6644.677391799544
9522793344,r414303-n303509,0,42.0,28.678888888888892,0.0,0.0,0.0
10252200029,r7462820-n410412,0,70.0,207.14912459877445,86.48234607528451,58.15348701488182,6659.1992996790195
10338231040,r7141590-n948219,0,72.0,209.19100603621732,86.45329117562518,57.842196033342915,6639.784133371659
11801866722,r4506251-n303766,0,72.0,214.64543295249547,90.0204449789537,60.32471437161756,6666.980156343957
13343504985,r4506251-n303766,0,72.0,211.00612400822803,87.86482515427564,59.01998236849838,6642.267998824566
13699878551,r8972851-n303509,0,71.0,192.2484315789474,78.28973684210526,52.52131578947368,6595.784473684211
14301040267,r7317916-n948219,0,74.0,187.3310278080698,80.95474372955289,54.457470010905126,6585.437568157034
15841438908,r9170217-n948219,0,73.0,207.7972429344558,90.2501503307276,60.623271196632594,6657.69302465424
15860965020,r7141590-n948219,0,72.0,206.7458888573859,84.85143181173802,56.806351006521126,6653.858236461582
17930747747,r6727430-n303509,0,71.0,203.54315532586853,86.31294860752224,57.99511915015791,6662.421475739306
18351210600,r8024255-n410412,0,71.0,194.5856209850107,79.93281584582441,53.687366167023555,6590.147483940043
20100144338,r9170217-n303509,0,71.0,210.35063899671545,88.32338011346671,59.240967452971034,6652.50223947447
20504499862,r7462820-n303766,1,72.0,203.9631623162316,90.18031803180318,60.62766276627663,6663.963096309631
20794086151,r7141590-n948219,0,72.0,211.0027771260997,87.33108504398827,58.409677419354836,6650.671847507331
20926432324,r492024-n303766,0,72.0,212.09555419847325,90.23969465648855,60.76580152671756,6655.765496183206
21186229378,r2215649-n410412,0,71.0,214.53926120556415,90.81700154559505,60.862132921174656,6651.233693972179
22191082302,r414303-n303509,0,35.0,27.173333333333332,0.0,0.0,0.0
22561134499,r8024255-n410412,0,74.0,210.99357699221093,89.80197723187537,60.30257639304973,6645.797183942481
23578924890,r5179276-n948219,0,70.0,206.12759071980963,89.02290303390839,59.70761451516954,6672.370910172516
23614932097,r7141590-n948219,0,71.0,206.05422598870055,84.83079096045198,56.80593220338983,6655.906779661017
24425875217,r7141590-n303509,0,73.0,185.58652583293096,72.4917914051183,48.33317238049251,6559.626508932883
25055763389,r4506251-n303766,0,73.0,183.92492202729045,72.93567251461988,48.99707602339181,6683.217592592592
25678268009,r492024-n303766,0,71.0,209.9358878787879,89.18666666666667,60.10393939393939,6656.98303030303
26986778104,r7462820-n410412,0,71.0,184.02030715878126,73.50557344562795,49.34679217240525,6597.564528114937
27500108861,r8972851-n948219,0,70.0,215.7282156803845,90.27275458095524,60.41544007209372,6674.700210273355
27743781265,r9170217-n948219,0,34.0,36.06521739130435,2.4782608695652173,0.0,503.32608695652175
28087277522,r7269000-n948219,0,39.0,28.000285714285713,0.0,0.0,0.45714285714285713
29267713431,r492024-n303766,0,72.0,207.91490919916643,88.29740994343554,59.28460851443882,6646.89610002977
30719367919,r7462820-n303766,0,72.0,210.86631515516723,89.93461886110275,60.42814100632721,6665.411268454353
30931221779,r8972851-n303509,0,72.0,196.2259756427605,80.77131258457375,54.139918809201625,6559.328281461434
32426358971,r6727430-n303509,0,71.0,193.81698804997285,81.40928843020097,54.66512764801738,6627.021998913634
33093945002,r7269000-n948219,0,39.0,27.775555555555556,0.0,0.0,0.4722222222222222
33324495351,r7317916-n948219,0,72.0,197.15404474536356,87.46335001471887,58.933470709449516,6658.777156314395
34782430857,r7141590-n303509,0,72.0,190.16861293582616,76.30141485598787,50.885042950985344,6583.227892875189
35858094130,r6727430-n303509,0,71.0,207.3317539189589,88.84117125110915,59.57911860396332,6623.729665779355
36460305090,r7462820-n410412,0,72.0,193.74391188959663,78.9187898089172,53.02255838641189,6596.611995753716
38173422244,r7317916-n948219,0,58.0,49.41804878048781,0.0,0.0,0.4878048780487805
41035804916,r7462820-n303766,0,75.0,161.09230117744266,61.530882049163395,41.34104523858707,6468.850857260896
41369212309,r8972851-n303509,0,72.0,184.3545968143355,74.1565455450473,49.750871080139376,6588.751368840219
42389854608,r8972851-n948219,0,71.0,215.13735690740185,89.86035361102788,60.07192088702428,6629.293676955349
42599274612,r9170217-n948219,0,69.0,184.38359793814433,76.63170103092783,51.491237113402065,6574.887628865979
43611976710,r974863-n410412,1,73.0,207.14766163141994,89.88731117824773,60.4,6663.466465256797
45440071374,r6727430-n303509,0,72.0,201.50020827389443,85.62453637660485,57.49472182596291,6667.942653352354
45686733380,r8972851-n948219,0,71.0,215.65759332321701,90.38482549317148,60.55993930197268,6664.470409711685
50660270320,r7141590-n303509,0,72.0,174.08300616197184,66.12015845070422,44.080765845070424,6560.656910211268
50773212642,r7462820-n410412,0,72.0,192.75570452155625,78.19479495268139,52.48159831756046,6553.354889589906
52863093511,r492024-n303766,0,71.0,209.13233711894802,88.56276150627615,59.53287507471608,6644.357441721459
53473705884,r7317916-n948219,0,73.0,198.77359523809525,89.2625,60.114583333333336,6647.140178571429
53863719919,r7753495-n948219,0,72.0,199.79728693181818,84.65965909090909,56.87017045454545,6280.565340909091
54766243451,r7753495-n948219,0,71.0,212.30286142771445,89.49010197960408,60.12987402519496,6668.425314937012
55082395860,r9170217-n948219,0,67.0,169.5054825076309,70.11411129373093,47.034045550598734,6587.919699459967
55206225054,r7269000-n303509,0,71.0,213.32994075829384,88.81872037914692,59.59449052132702,6646.757997630331
55216905698,r8972851-n948219,0,71.0,213.21660191273162,89.03825463239689,59.69396294082487,6675.991332934847
55481384511,r44132-n303766,0,71.0,203.27557948427318,85.06857466704449,57.06404080476055,6462.200623406064
56750927661,r7462820-n410412,1,69.0,192.3268009478673,78.30252764612955,52.71379673512375,6567.354923644023
60618934970,r5179276-n948219,0,72.0,209.69243268053856,90.99235006119952,61.049571603427175,6668.200122399021
60746641727,r5179276-n948219,0,72.0,178.6874282208589,73.27656441717791,49.19067484662577,6689.51263803681
60854969507,r7141590-n948219,0,73.0,213.54459756459758,88.94535194535194,59.487377487377486,6652.777843777843
61034640097,r7462820-n410412,1,73.0,205.7191505902678,85.8652461848546,57.627411459833,6524.503887129283
61289305514,r2215649-n410412,0,71.0,213.52482515337425,90.40245398773006,60.6138036809816,6655.884662576687
61456898313,r9170217-n948219,0,34.0,27.76608695652174,0.0,0.0,0.0
62772649360,r9170217-n948219,0,34.0,35.79568181818182,3.2045454545454546,0.022727272727272728,477.20454545454544
63462311872,r7462820-n410412,0,72.0,188.37617722165476,76.07686414708887,51.02247191011236,6553.038304392237
541213864,r4506251-n303766,0,59.0,55.416486486486484,0.0,0.0,0.32432432432432434
544575336,r44132-n303766,0,71.0,208.65324174218065,87.59017831043555,58.84361297866121,6632.417421806489
634354636,r9170217-n303509,1,65.0,208.0465587885986,88.20041567695962,59.240795724465556,6636.353325415677
2327546471,r8972851-n303509,0,71.0,196.57575749392385,80.7080745341615,54.20577909802863,6591.801242236025
2396713562,r7462820-n410412,0,71.0,192.38788754598005,78.03941145559642,52.415659485023646,6581.307672096689
3214936740,r9170217-n948219,0,71.0,189.5172488164124,78.2004208311415,52.53182535507628,6577.921094160968
3318577498,r7269000-n303509,0,71.0,215.2058871209847,90.01861302912039,60.37976583608526,6672.615731011708
3789578506,r7269000-n303509,0,71.0,213.17168243642814,88.90745121230042,59.602306327616795,6665.993790656416
4020149119,r7269000-n948219,0,73.0,182.7416953199618,71.13562559694365,47.401146131805156,6605.836676217765
4220860779,r6727430-n303509,0,71.0,208.80671548117155,89.68619246861925,60.22444710101614,6670.295875672445
4744021226,r7141590-n948219,0,73.0,215.0624977484239,89.12939057340138,59.67036925848094,6632.9654758330835
5194298959,r8972851-n303509,0,72.0,196.03230603448276,80.04822198275862,53.6942349137931,6612.659213362069
5524269537,r7269000-n303509,0,71.0,213.80319155264723,89.58239143367044,60.0871505056514,6634.187091017252
7564863102,r7462820-n410412,0,71.0,187.6066183206107,75.34300254452926,50.570229007633586,6541.684478371501
8903845002,r4506251-n303766,0,47.0,32.354,0.0,0.0,0.55
10577630989,r6727430-n303509,0,71.0,208.10448760083656,89.55990439199283,60.10247983268599,6640.829698237228
11655077566,r5179276-n948219,0,72.0,204.76040544539805,88.40662918023084,59.3651968037881,6625.051494525007
12009867050,r7269000-n303509,0,70.0,214.38973448687352,89.61545346062053,60.164081145584724,6633.538186157518
12171829542,r6727430-n303509,0,73.0,206.61661299940369,89.45527728085868,60.15563506261181,6664.458556946929
12999750316,r7269000-n303509,0,71.0,177.50542519326967,68.21236925875398,45.70281946339245,6660.483856298318
13466664906,r974863-n410412,0,72.0,191.76140761708697,77.32269686052496,51.76659804426145,6681.971950591868
13507117425,r8972851-n303509,0,69.0,136.60022320695882,48.95995404562613,32.889545379944195,6657.267848350566
13777816958,r7317916-n948219,1,73.0,196.65038356909685,81.2127312295974,54.599836779107726,6586.719804134929
14875709926,r44132-n303766,0,72.0,201.50166526256672,83.52766076944678,56.11401291771974,6657.902555461949
15315926539,r4506251-n303766,0,72.0,196.33585048754063,80.98808234019502,54.38082340195016,6231.697453954496
15383334251,r7269000-n303509,0,70.0,215.52726918465228,90.38519184652279,60.65347721822542,6658.299760191847
16940427283,r492024-n303766,0,71.0,210.6863115001509,89.80591608813764,60.13069725324479,6647.818895261093
18154893188,r8275852-n303766,0,72.0,198.43138263665594,86.60040923706518,58.314235603624674,6639.671148786904
18666615061,r8024255-n410412,0,72.0,210.5058064516129,88.9489247311828,59.814516129032256,6664.798984468339
18951753276,r4506251-n303766,0,73.0,206.39659169550174,86.33102652825836,57.97895040369089,6652.349480968858
20086621812,r7269000-n948219,0,72.0,203.99055793991417,82.11861100273117,54.55754974639095,6463.8864611783065
20886560788,r7269000-n948219,0,39.0,28.019870129870128,0.0,0.0,0.2077922077922078
21834542035,r7462820-n303766,0,73.0,205.94048520710058,88.33727810650888,59.27307692307692,6672.866568047337
22759113315,r4506251-n303766,0,71.0,210.0678958210712,87.60918187168923,58.948793407886996,6667.6068275456155
23294812599,r4506251-n303766,0,72.0,153.49794347341017,55.49237634808479,37.26794347341019,6720.820565265898
24251224664,r7269000-n948219,1,72.0,191.20725254635673,77.62601201358056,52.13241055105772,6585.221206581353
26590239582,r9170217-n303509,1,66.0,209.9725915915916,88.97927927927928,59.788288288288285,6651.645345345345
26810854155,r8024255-n410412,0,71.0,197.08424911420005,81.31888798037612,54.57372581084764,6631.534750613246
28325182340,r9170217-n303509,1,67.0,209.69831884926583,88.7371890919988,59.572070722205574,6649.809109979023
28529998855,r7462820-n410412,1,70.0,193.2251837270341,77.97637795275591,52.43569553805774,6624.191601049869
29582558715,r9170217-n948219,0,35.0,27.850701754385966,0.0,0.0,0.0
30064154216,r492024-n303766,0,72.0,190.72876972452528,79.26023000802354,53.27788178657395,6649.03450120353
30238622970,r7462820-n410412,1,72.0,195.43494298594538,79.07212940864493,53.15566162821533,6566.515513126492
30262628918,r7141590-n948219,0,72.0,214.13540758435354,89.08211406389967,59.5992833681696,6644.766198865333
30349716926,r7269000-n303509,0,72.0,213.86675997617627,89.4041095890411,59.94609886837403,6659.184633710542
32473728861,r8972851-n303509,0,72.0,190.34140382626683,76.88650465356774,51.585315408479836,6583.790330920372
33366926506,r414303-n303509,0,44.0,29.24277777777778,0.0,0.0,0.0
34288403183,r5179276-n948219,0,74.0,170.3240573012939,68.88886321626617,46.30383548983364,6692.382624768947
35889486641,r492024-n303766,0,71.0,211.49585187442852,90.03352636391344,60.59006400487656,6645.952148735142
36183876729,r7462820-n410412,0,72.0,190.93184413580246,76.625,51.46630658436214,6569.849022633744
36357341448,r5179276-n948219,0,72.0,205.88220605700712,88.7645486935867,59.52108076009501,6652.137470308789
39645884032,r9170217-n948219,0,69.0,185.92882796257797,77.6008316008316,52.17879417879418,6580.095374220375
39962044133,r7753495-n948219,0,71.0,212.26368578255673,89.59587813620071,60.24044205495819,6642.911589008363
40504934496,r9170217-n948219,0,34.0,35.815045045045046,1.2162162162162162,0.009009009009009009,613.4054054054054
41954913877,r8972851-n303509,0,71.0,195.29658248253628,79.75174637291778,53.56985491671144,6605.3267060720045
43275234944,r7462820-n410412,1,70.0,191.47892467532466,77.21896103896104,51.904155844155845,6552.551688311688
43690677760,r7141590-n948219,0,72.0,214.25375670840788,89.00864639236733,59.508646392367325,6637.253428741801
43827236371,r7462820-n303766,1,68.0,203.86419228450873,89.91983122362869,60.42736588306209,6646.522905364677
45888324541,r6727430-n948219,0,72.0,159.9758064516129,62.12882414151925,41.76961498439126,6681.14151925078
46484989093,r414303-n303509,0,35.0,27.14,0.0,0.0,0.0
48476399065,r8972851-n303509,0,73.0,187.20586683738796,76.20281690140845,51.15492957746479,6365.753649167734
48883240108,r5179276-n948219,0,72.0,206.54612275449102,89.06676646706588,59.8314371257485,6664.171556886227
50381878867,r2215649-n410412,0,74.0,209.75178767541183,89.30079316656497,59.863941427699814,6531.478645515558
51241470230,r8972851-n948219,0,70.0,215.64113464447806,90.35007564296521,60.40121028744327,6664.839939485628
52084033002,r7753495-n948219,0,71.0,203.94148295454545,84.82670454545455,57.04176136363636,6666.765909090909
52827696491,r414303-n303509,0,35.0,27.120434782608694,0.0,0.0,0.0
57214754581,r414303-n303509,0,71.0,215.33511564211807,90.44613511868533,60.69324406573342,6662.285453438832
57479513493,r7269000-n303509,0,71.0,214.2821807875895,89.45405727923628,60.01133651551313,6666.851730310263
58099422290,r44132-n303766,0,73.0,177.6653213610586,70.94777882797732,47.62192816635161,6679.9470699432895
58355521198,r9170217-n948219,0,34.0,27.678888888888892,0.0,0.0,0.0
59633668281,r974863-n410412,1,70.0,202.21156987295825,89.98396854204476,60.529038112522684,6667.253478523896
59684632991,r9170217-n948219,0,34.0,36.48653846153846,2.4038461538461537,0.019230769230769232,416.6923076923077
59861894357,r5179276-n948219,0,72.0,206.08722354340074,89.00059453032105,59.78804994054697,6657.922116527943
60770662989,r974863-n410412,0,72.0,211.9391836734694,88.572611653357,59.40076900325347,6672.285418515232
61154835830,r7462820-n410412,1,71.0,192.69290542310713,78.05711291590254,52.503012837306784,6573.752685354991
61901206206,r8024255-n410412,0,71.0,211.69277461837774,89.89763543849146,60.38551331936546,6661.895540257408
61936665832,r7462820-n303766,1,69.0,202.09776284348865,89.44534050179212,60.092293906810035,6664.674133811231
62300732330,r7141590-n303509,0,72.0,190.12141573033708,75.02521847690387,49.979026217228466,6605.043196004994
63224328415,r7269000-n948219,1,71.0,203.081781787426,83.31153087115872,55.779813927262474,6568.414998590358
855087189,r492024-n303766,0,71.0,194.95861559507523,81.00519835841314,54.455266757865935,6663.599179206566
1037709649,r492024-n303766,0,71.0,200.6434634974533,83.52093944538767,56.13978494623656,6654.91454442558
1270169180,r5179276-n948219,0,72.0,174.551712720343,71.04144830871844,47.81324440209624,6653.343496903287
1374227304,r7462820-n303766,1,68.0,200.4374674170616,88.41706161137441,59.42357819905213,6665.923874407583
1611722775,r7269000-n948219,1,73.0,196.64843775649797,81.89028727770177,54.81887824897401,6583.692476060191
1796397984,r7462820-n410412,0,74.0,187.78725322997417,76.55994832041344,51.43152454780362,6493.147545219638
1830596030,r6727430-n303509,0,71.0,207.32356373429084,89.23818073010173,59.93566726511071,6636.475463794135
2520438258,r7462820-n303766,0,72.0,209.7241896395032,89.97061496516207,60.42502272038776,6658.670099969706
2777581995,r974863-n410412,1,73.0,204.08636851520575,89.03190220632081,59.83512224209898,6596.803220035778
2909784697,r2215649-n410412,0,71.0,213.4861216381418,90.19345965770171,60.44468215158924,6665.17848410758
3119613840,r9170217-n948219,0,70.0,188.0085491419657,77.42901716068643,52.020280811232446,6585.434477379095
3794348780,r44132-n303766,0,72.0,186.2335221550856,75.32829808660624,50.576535750251765,6668.424219536757
5873165395,r7317916-n948219,1,70.0,195.04951871657752,79.77486631016043,53.63475935828877,6614.161764705882
8607926066,r9170217-n948219,0,69.0,181.44894550958628,75.244702320888,50.537336024217964,6581.547931382442
8681122340,r7141590-n948219,0,71.0,214.97855124737,89.58972046889089,59.91794409377818,6654.283137962128
10854592093,r7141590-n303509,0,73.0,196.7479458179905,79.04287217254077,52.70278800631247,6552.53129931615
13359503988,r5179276-n948219,0,71.0,206.32241060786652,89.04856972586413,59.82330154946365,6669.4547079856975
14069203384,r9170217-n948219,0,69.0,184.98710695050013,76.42113362400616,51.35316747884073,6588.808412413439
14518806465,r492024-n303766,0,72.0,198.0732183588317,82.5424200278164,55.45730180806676,6638.281502086231
14908322975,r7462820-n410412,0,72.0,209.1470612485277,87.93698468786808,58.98527679623086,6636.082744405183
16284627315,r8024255-n410412,0,71.0,191.92662818791945,79.87731543624162,53.67597315436242,6439.4496644295305
18626011778,r6727430-n948219,0,70.0,179.71481327800828,72.74639980473518,48.91994142055162,6620.751037344398
19082480540,r5179276-n948219,0,72.0,205.38549806720192,88.43413618792745,59.347308950341954,6662.35950044603
19394492274,r5179276-n948219,0,71.0,204.5478886925795,88.02090694935218,59.138398115429915,6662.896348645465
20921450051,r5179276-n948219,0,71.0,205.61808788598574,88.68260095011877,59.50148456057007,6632.441805225653
21371212826,r9170217-n948219,0,70.0,189.9754267650158,78.46022128556375,52.72233930453108,6583.897523709167
21580578436,r8024255-n410412,0,71.0,212.5542525617842,90.17631103074142,60.57474382157926,6667.993369499699
23526390651,r7462820-n410412,0,72.0,193.09783205703724,78.29548455241616,52.53683654607869,6586.474518088196
25391952696,r7317916-n948219,0,72.0,181.87256226815052,79.0,53.16481187069422,6590.603073661897
25718761312,r8972851-n948219,0,71.0,189.0274917323836,75.5784787585856,50.68684813024676,6543.874332230985
27068602393,r492024-n303766,0,71.0,205.47503371445322,86.688654353562,58.24860744649663,6644.5699208443275
28416223584,r8024255-n410412,0,72.0,195.40095147736514,80.85280563838438,54.34833288153971,6616.442125237191
29221387451,r9170217-n948219,0,34.0,27.727888888888888,0.0,0.0,0.0
29322877778,r492024-n303766,0,72.0,209.2415162454874,88.8234055354994,59.74097472924188,6658.513237063778
29495357384,r8275852-n303766,0,73.0,201.01833874299203,87.9448214812629,59.2215992918265,6657.946591915019
29630941748,r8972851-n303509,0,71.0,190.6010650427572,76.71339725317439,51.51204975382223,6533.766519823788
29767194276,r7462820-n410412,0,71.0,196.12067294751012,80.27590847913862,53.92328398384926,6662.092866756393
30783081320,r7269000-n303509,0,71.0,213.0100355239787,88.79011249259918,59.544108940201305,6660.390467732386
30930191664,r8972851-n948219,0,70.0,212.56,88.77241787511097,59.4045575614087,6623.599585676236
33418660258,r8972851-n948219,0,71.0,214.94380205190103,89.89740494870247,60.26463488231744,6665.002112251056
34480937139,r8024255-n410412,0,71.0,193.60427960438386,79.22667735899492,53.231221598503076,6550.438118150228
37616511716,r7462820-n410412,0,70.0,207.61122955607476,86.86068925233644,58.38580607476636,6653.238901869159
37676136769,r7317916-n948219,1,45.0,28.2515625,0.0,0.0,0.75
38296649478,r414303-n303509,0,35.0,35.45369565217391,2.4347826086956523,0.0,470.7173913043478
38346942116,r8972851-n303509,0,71.0,196.50483149096792,80.22863305473173,53.82367214882718,6607.8344567268805
39583372353,r974863-n410412,1,73.0,208.03293533834588,89.84812030075187,60.32992481203007,6652.92
40359227544,r414303-n303509,0,34.0,27.08888888888889,0.0,0.0,0.0
42579506367,r9170217-n948219,0,34.0,34.89043478260869,2.3043478260869565,0.0,491.32608695652175
43244798064,r974863-n410412,0,71.0,214.19977524722805,89.75277195085405,60.03655978423734,6640.914593946659
43783812901,r5179276-n948219,0,72.0,170.91857608948962,69.52481938941972,46.677930552318806,6673.63062223258
44531018569,r7462820-n303766,1,70.0,201.38626001780946,89.08132977144554,59.77708518848323,6665.284357376076
44697797441,r4506251-n303766,0,71.0,209.06600407450526,86.80966239813736,58.320430733410944,6662.738067520372
45883215620,r7317916-n948219,0,73.0,182.25312499999998,79.5892094017094,53.56917735042735,6607.973290598291
46219698969,r6727430-n303509,0,71.0,207.47965292198163,89.41234055176506,60.084841293384756,6667.950756452092
47097796469,r7141590-n948219,0,73.0,214.99761492537314,89.19611940298508,59.69701492537313,6642.428656716418
47587330074,r9170217-n948219,0,71.0,209.42744944159372,90.04406881980078,60.450347117416236,6668.462118925445
47908400306,r414303-n303509,0,34.0,27.095555555555556,0.0,0.0,0.0
50386957047,r492024-n303766,0,70.0,161.00301886792454,64.26729559748428,42.38364779874214,4932.503144654088
51321519115,r7462820-n303766,0,74.0,202.67040442246147,86.70759383183008,58.376782077393074,6489.392784405004
51616852903,r974863-n410412,0,71.0,215.4267277093966,90.40648453917743,60.45541879315521,6666.129090363254
52071457503,r9170217-n303509,1,68.0,208.43292914319596,87.85087459235102,59.014230655203086,6609.29410020753
53564633580,r7269000-n303509,0,71.0,215.60000897129189,89.99162679425838,60.38755980861244,6662.694976076555
53913359789,r9170217-n303509,0,71.0,210.6499460754943,88.74325943678849,59.551827441581786,6646.554523666867
55026610153,r492024-n303766,0,70.0,204.65866273932255,86.73843888070692,58.34639175257732,6522.622680412371
55464434451,r414303-n303509,0,43.0,28.985,0.0,0.0,0.0
56013680081,r7317916-n948219,1,72.0,177.77212374581939,71.16650740563784,47.845437171524125,6631.496655518395
57540608014,r492024-n303766,0,72.0,186.32858921161827,76.88744813278008,51.63952282157676,6546.422458506224
58900688086,r974863-n410412,0,73.0,213.8785359951603,90.32365396249244,60.55474894131881,6667.469147005445
59344379228,r7317916-n948219,0,72.0,186.89719847536074,80.72447590525456,54.33188129594337,6606.6773754424175
59860836210,r5179276-n948219,0,74.0,203.7480803839232,88.64907018596281,59.546490701859625,6485.257048590282
60194514781,r7141590-n948219,0,71.0,213.89837724550898,89.01437125748502,59.6125748502994,6662.22245508982
60477251115,r492024-n303766,0,72.0,204.3188154831199,86.2721187427241,57.91792782305006,6655.62019790454
62551518142,r7317916-n948219,1,71.0,204.59993705293277,85.11216022889843,57.2964234620887,6668.256080114449
63145378110,r8024255-n410412,0,71.0,193.19890338035668,79.31381421346819,53.261112589832315,6596.214799041789
63732356304,r8972851-n303509,0,73.0,188.25019389865562,76.95527404343329,51.608841778697,6587.895294725957
66236266674,r6727430-n303509,0,71.0,207.2738427431274,88.93230860183269,59.716228199822645,6643.454330475909
67104715508,r492024-n303766,0,71.0,199.98001972386587,83.55903071287686,56.28712313327698,6669.011552550014
83483961,r492024-n303766,0,71.0,211.88715379901961,90.36948529411765,60.76960784313726,6661.363051470588
1180598145,r8275852-n410412,0,73.0,208.6927622482717,90.00060114217013,60.43642921550947,6666.9882777276825
1342447198,r7269000-n303509,0,71.0,215.158111343909,90.11343909009278,60.42801556420233,6657.2448368751875
2283761193,r8024255-n410412,0,71.0,189.6124418604651,76.97674418604652,51.69198966408269,6595.748837209302
2794073484,r7317916-n948219,0,72.0,190.34760887889857,83.71059286316381,56.51643720146109,6667.8255127844905
3044351741,r8275852-n410412,0,72.0,199.09832006822057,85.46958499147243,57.41984081864696,6337.771745309835
3500409546,r44132-n303766,0,71.0,195.37106148331955,82.33912324234905,55.11883098979873,6397.3711055969125
3656588335,r9170217-n948219,0,34.0,27.616153846153846,0.0,0.0,0.0
8003264391,r8024255-n410412,0,71.0,190.95039144050105,77.83507306889352,52.26409185803758,6552.1996346555325
8188196463,r5179276-n948219,0,71.0,205.79880262765002,88.6243654822335,59.609734249029565,6665.026575097044
8530984210,r7269000-n303509,0,71.0,213.64468015471587,89.36030943171676,59.89021124665278,6661.618268372508
10409432669,r6727430-n948219,0,72.0,168.50959275005593,66.76392929066905,44.939360035802196,6612.604609532334
11662732043,r7462820-n410412,0,72.0,198.4100108430469,80.83003523990241,54.26538357278395,6661.150176199512
13506398254,r414303-n303509,0,35.0,35.881206896551724,2.689655172413793,0.034482758620689655,449.41379310344826
14086549871,r7317916-n948219,1,49.0,46.08863636363636,0.0,0.0,0.5454545454545454
14998728370,r8972851-n948219,0,70.0,211.57065626839315,88.29546792230724,59.15244261330194,6666.580929958799
15298418793,r492024-n303766,0,71.0,206.29932484453656,87.33816997334912,58.638140361267396,6655.823215872076
16887931678,r7269000-n303509,0,70.0,214.40445378151261,89.80882352941177,60.19267707082833,6631.494597839136
17782187080,r5179276-n948219,0,71.0,209.1581364190012,90.72868453105968,60.85018270401949,6660.391595615103
18819155068,r4506251-n303766,0,73.0,205.30272492836676,85.7948424068768,57.65300859598854,6655.044126074498
19076122864,r6727430-n303509,0,71.0,198.13084602368866,85.17540891144952,57.30964467005076,6682.686689227298
19427845206,r4506251-n303766,0,71.0,206.19397504961725,85.11652962857953,57.24043096115679,6666.118514318117
20050837873,r4506251-n303766,0,58.0,54.82375,0.0,0.0,0.3
21286709160,r7462820-n410412,1,72.0,193.85919053876478,78.7718791064389,52.91379763469119,6580.963731931669
21774089201,r492024-n303766,0,71.0,208.18358882947118,87.84818775995247,59.0478312537136,6655.932857991682
21781901346,r7141590-n948219,0,71.0,214.35983288570577,89.05282005371531,59.55923604894061,6639.923604894061
23400397450,r7317916-n948219,1,71.0,208.14702064896755,88.42418879056048,59.488495575221236,6663.111504424779
24176917292,r9170217-n948219,0,73.0,187.553214948317,79.59183673469387,53.659687251523984,6468.809700503578
26003084654,r7462820-n410412,1,68.0,193.2748611838659,78.17967522262965,52.60660031430068,6598.178627553693
28705524071,r9170217-n948219,0,71.0,149.72209523809522,59.45337301587302,39.95376984126984,6708.313095238095
29106320443,r9170217-n303509,1,71.0,210.0163253012048,89.02801204819278,59.74006024096386,6662.206927710843
29646209823,r414303-n303509,0,43.0,29.070434782608697,0.0,0.0,0.0
32510145550,r7462820-n410412,1,69.0,198.57244566712515,82.0060522696011,55.17716643741403,6649.0385144429165
33121836348,r8275852-n410412,0,56.0,53.45217391304348,0.0,0.0,0.34782608695652173
33182342925,r7462820-n303766,0,72.0,210.62479147914792,89.64746474647465,60.22532253225322,6664.036903690369
34010734734,r6727430-n303509,0,71.0,207.46480450236967,89.12677725118483,59.87618483412322,6626.640402843602
36976964450,r414303-n303509,0,44.0,29.186666666666667,0.0,0.0,0.0
37097048659,r7141590-n948219,0,71.0,213.5294992548435,89.13859910581222,59.61818181818182,6636.470342771982
37212186386,r8024255-n410412,0,71.0,196.42146793997273,81.45102319236017,54.67203274215552,6612.112687585266
37307517349,r44132-n303766,0,72.0,208.69367132867134,87.38636363636364,58.71765734265734,6658.365093240093
37930090335,r7462820-n303766,1,63.0,155.40392055267702,64.27374784110535,43.2094127806563,6601.138816925734
40264498376,r8972851-n948219,0,70.0,214.85841836734693,89.7938175270108,60.04771908763505,6649.469987995198
41054529532,r974863-n410412,1,74.0,199.33496023564064,87.86450662739323,59.15287187039765,6664.665390279823
42381357948,r974863-n410412,0,72.0,206.0121975166041,85.96765809991336,57.67455963037828,6571.519780537106
42553603191,r7462820-n410412,0,72.0,179.26472524869732,70.36309805779251,47.1887730933207,6583.202273803884
42780319034,r8972851-n948219,0,70.0,216.31675512665862,90.35585042219542,60.38992762364294,6671.261459589868
42830513418,r414303-n303509,0,35.0,37.41022727272727,2.75,0.022727272727272728,465.70454545454544
43378187466,r414303-n303509,0,34.0,33.42787234042553,2.425531914893617,0.0,483.8510638297872
45001168777,r7269000-n948219,0,39.0,27.783023255813955,0.0,0.0,0.0
45617309709,r7269000-n303509,0,71.0,207.02099629945914,84.85169370908056,57.046114432109306,6664.810133788785
46648161657,r8024255-n410412,0,72.0,190.25869971450817,77.53854139631456,52.09005969374513,6619.7417596677915
46685769117,r7462820-n410412,0,71.0,194.63874293405115,79.21507402422611,53.22234185733513,6606.123553162854
47395183891,r6727430-n303509,0,71.0,208.49861160981447,89.65140634350688,60.278575703171754,6660.632256134051
48844693778,r414303-n303509,0,35.0,27.168888888888887,0.0,0.0,0.0
49369210516,r8024255-n410412,0,71.0,198.95833746898262,82.3245106148332,55.29170113041081,6623.030328094845
50027235473,r7462820-n410412,0,71.0,207.7694827586207,86.90736411455289,58.40239625949737,6643.316189362946
50674746715,r974863-n410412,0,72.0,215.36946284691135,90.26171292151597,60.39749328558639,6658.051327961803
50929412580,r7269000-n948219,0,72.0,206.52825940482876,83.842784952274,55.77624929814711,6590.821729365525
51522343752,r492024-n303766,0,72.0,206.88811409991132,87.54921667159326,58.89417676618386,6604.188294413243
51637561298,r8024255-n410412,0,72.0,189.51716437289016,77.41080238898988,52.00311607374708,6684.345884185926
51750957558,r7141590-n948219,0,72.0,214.5639011976048,89.1122754491018,59.613473053892214,6654.261077844311
54115605554,r5179276-n948219,0,72.0,205.92635583185316,88.63084665482533,59.572528123149795,6663.714328004737
55716188968,r492024-n303766,0,71.0,211.5615237806725,90.37624962132688,60.649500151469255,6659.320811875189
56165890473,r9170217-n303509,0,72.0,211.114251497006,88.41317365269461,59.384131736526946,6650.220958083833
56457455444,r7269000-n303509,0,72.0,169.77506063230837,64.73321784322218,43.41013425725422,6687.35578172369
56708340761,r5179276-n948219,0,71.0,207.33001500600238,89.30672268907563,60.01200480192077,6670.981692677071
56717068185,r5179276-n948219,0,72.0,196.32439444444444,82.63472222222222,55.571666666666665,6670.685
57116443881,r974863-n410412,1,64.0,196.3740641399417,86.4997084548105,58.31953352769679,6645.8938775510205
57769060421,r974863-n410412,0,71.0,214.64945840813883,90.07510472770797,60.343506882106524,6661.691801316577
58424808139,r9170217-n948219,0,68.0,176.29957797720107,72.20640310453554,48.5505699733204,6565.426873635703
58568306530,r7269000-n948219,0,72.0,204.7841341396372,82.5021990104453,54.96316657504123,6564.826278174822
59333947736,r7462820-n410412,0,70.0,207.3356664726426,86.67025611175785,58.203725261932476,6643.651920838184
59737574458,r5179276-n948219,0,71.0,207.84177891875567,89.78646934460888,60.28057988523105,6667.615524010873
60312641577,r7269000-n303509,0,71.0,213.38773763695588,89.06070476754516,59.744447734675745,6652.298489783831
60491426712,r8024255-n410412,0,72.0,194.06577283686045,79.922850254487,53.61344762925261,6610.903027055987
63207838141,r7317916-n948219,1,73.0,189.98642579642578,76.99222999223,51.73400673400673,6600.644133644134
63642753973,r7269000-n303509,0,72.0,179.31773290500232,68.86714089031666,46.25034419458467,6683.677374942634
64994765893,r7269000-n303509,0,71.0,205.45069265283232,84.00280426247897,56.29500841278744,6603.690128996074
65445115259,r6727430-n303509,0,72.0,208.3710633213859,89.58900836320191,60.205794504181604,6668.5068697729985
66230162863,r9170217-n948219,0,68.0,174.95488360931125,71.55915526757859,48.09623230141589,6504.167986561075
66300105115,r4506251-n303766,0,72.0,178.28453505007153,71.31473533619456,47.90224129709108,6336.231759656653
749924962,r8972851-n948219,0,71.0,214.48993701259747,89.77354529094181,60.162867426514694,6664.07648470306
1595355944,r4506251-n303766,0,73.0,214.04526994601082,90.29394121175766,60.637072585482905,6658.412117576485
2884706565,r6727430-n948219,0,70.0,193.7283762537273,81.08647329899702,54.48631065329358,6541.70805096232
3389423627,r974863-n410412,0,71.0,214.23733851674643,89.73684210526316,60.17434210526316,6666.575956937799
8531312561,r7462820-n410412,1,65.0,178.07872809095215,70.31691141639034,47.293225959261015,6478.640217906205
8644310129,r8972851-n948219,0,70.0,211.9761572700297,88.59080118694362,59.362908011869436,6663.872403560831
8795293423,r8972851-n303509,0,72.0,196.2842872599405,80.50824993237761,53.96862320800649,6618.421152285637
10256084280,r8024255-n410412,0,71.0,194.26937046004844,80.26284638149045,53.887005649717516,6601.705407586764
10998208221,r44132-n303766,0,71.0,206.66580411474933,87.135612865836,58.42016806722689,6641.738916256158
11517655417,r7462820-n303766,0,73.0,210.79498495788206,89.6176293622142,60.235559566787,6652.2821901323705
11732428116,r7317916-n948219,0,73.0,189.42858557284302,84.65572842998586,57.032531824611034,6461.445827439887
12825144153,r6727430-n303509,0,71.0,195.88972306004933,82.26021387441733,55.26679462571977,6643.624074581848
12847892878,r7269000-n303509,0,71.0,212.89654814814813,88.69303703703704,59.546962962962965,6642.803259259259
13633423646,r7462820-n410412,0,72.0,208.91920164367477,87.76929850308188,58.873495744056356,6653.93836219548
13737209642,r974863-n410412,1,67.0,201.88897289156628,89.79277108433735,60.3855421686747,6661.398192771085
14179939723,r9170217-n948219,0,69.0,178.1576923076923,72.95345418912298,49.018373346398825,6510.991425771681
14959803412,r974863-n410412,0,73.0,213.6242041679251,90.02959830866807,60.276049531863485,6635.030504379341
14972455166,r7462820-n410412,0,71.0,194.11037549933422,79.18109187749667,53.176830892143805,6568.219440745673
15243173369,r492024-n303766,0,71.0,201.79011142857144,84.84057142857142,56.97685714285714,6646.975428571429
15509866713,r6727430-n303509,0,71.0,208.10814506539836,89.16706302021403,59.86623067776456,6643.521105826397
15536174705,r492024-n303766,0,71.0,209.74366757000902,89.26016260162602,59.97681421258657,6660.5510388437215
16123462897,r7141590-n948219,0,73.0,214.16935123717562,89.52414001207,59.793602896801445,6592.252564876282
16479844939,r7141590-n948219,0,71.0,213.8072778771616,88.86225402504472,59.45885509838998,6648.9358974358975
18262920573,r9170217-n948219,0,34.0,27.628888888888888,0.0,0.0,0.0
19699234314,r8024255-n410412,0,71.0,207.54909724238027,87.22293178519594,58.57793904208999,6638.297532656024
19966291862,r4506251-n303766,0,72.0,211.41455512858408,87.9284658587053,59.161690806976054,6663.344073307715
20045180051,r492024-n303766,0,72.0,199.75824620573354,83.13237774030354,55.94828555368184,6646.008431703204
20670670512,r8024255-n410412,0,70.0,152.0552969910121,58.294841735052756,39.15240328253224,6647.29992184447
20876002234,r974863-n410412,0,73.0,212.26026742788463,89.49158653846153,60.00060096153846,6655.528245192308
22005247718,r7462820-n410412,0,72.0,189.6284214559387,75.9272030651341,50.94712643678161,6576.766794380587
23211391888,r8972851-n303509,0,72.0,197.22884093376766,80.79098805646036,54.272529858849076,6609.985070575462
23340757772,r9170217-n303509,0,72.0,210.3411833084948,88.26974664679582,59.20566318926975,6643.75260804769
23611751578,r6727430-n303509,0,71.0,208.4250582959641,89.54230194319881,60.20896860986547,6659.425112107623
24171563076,r5179276-n948219,0,71.0,205.7001041046996,88.87656157049375,59.66954193932183,6627.39500297442
24173530933,r7462820-n303766,1,69.0,204.10050617655918,90.00210906899669,60.537812594154865,6674.017776438686
25189708439,r5179276-n948219,0,72.0,199.61633515377983,85.07387180224202,57.08651911468813,6670.571428571428
26163096071,r6727430-n948219,0,71.0,189.39290846194785,79.93879723257052,53.740553485896754,6412.922831293241
27939678396,r7753495-n948219,0,71.0,212.10615685096155,89.6436298076923,60.34224759615385,6664.294771634615
30123493190,r5179276-n948219,0,72.0,177.6811615654792,74.15278474661315,49.858253888610136,6626.289764174611
30965434189,r8972851-n948219,0,71.0,165.8562664714495,62.69525203932232,42.03451160845012,6709.567036184899
33827787014,r492024-n303766,0,71.0,211.47139570552147,90.24938650306748,60.76134969325153,6653.054601226994
33970057179,r7141590-n303509,0,72.0,184.17278220140517,70.53138173302108,47.05620608899297,6553.973302107728
35724972448,r7462820-n410412,1,66.0,175.9342837111475,69.65529329282543,46.878709978967045,6684.497546155644
37308152766,r7462820-n410412,0,70.0,204.44198,85.10771428571428,57.138,6646.646857142857
38147891822,r7141590-n948219,0,72.0,208.3278025114155,85.82277397260275,57.45890410958904,6654.827910958904
41703523691,r8972851-n303509,0,71.0,179.12816974869605,70.64461830251304,47.4302987197724,6647.481981981982
42593366875,r4506251-n303766,0,73.0,193.8728460922913,79.85702854094426,53.59295812216591,6284.021605761536
43342024472,r7462820-n410412,1,70.0,195.11362812999468,79.394778902504,53.42194992008524,6644.379861481087
43943229852,r7462820-n410412,1,70.0,193.0849141347424,78.58758256274768,52.900660501981505,6575.916512549537
44714848455,r8972851-n303509,0,71.0,187.93146954314722,75.38807106598985,50.628172588832484,6577.553299492386
46045972008,r7141590-n948219,0,72.0,215.14899096385543,89.5617469879518,59.95933734939759,6653.1262048192775
46152144147,r414303-n303509,0,42.0,28.822777777777773,0.0,0.0,0.0
46580698246,r9170217-n948219,0,70.0,179.6371335667834,74.53001500750375,50.10605302651326,6616.840170085043
46672707334,r974863-n410412,0,73.0,204.45083636363637,87.84587412587413,56.87216783216783,6612.188251748252
46843502995,r6727430-n948219,0,72.0,200.0860936623668,83.58889512058329,56.185642176107685,6638.930454290522
47359711481,r414303-n303509,0,74.0,209.47026450255484,88.74571686203787,59.65825067628494,6570.2786293958525
49570879296,r6727430-n948219,0,71.0,197.68376075492645,82.88287538162642,55.701915070774355,6651.4338051623645
51080954480,r7462820-n410412,0,71.0,207.16165262852164,86.66134185303514,58.19343595701423,6648.286959047343
51726647087,r6727430-n303509,0,71.0,208.94851000298598,89.61988653329352,60.285458345774856,6669.970737533592
52788326940,r414303-n303509,0,42.0,28.59111111111111,0.0,0.0,0.0
53383260431,r9170217-n948219,0,68.0,177.22330481544856,72.9934001466634,49.01662185284771,6566.051821070643
53441896415,r8972851-n303509,0,72.0,194.81931999999998,79.41653333333333,53.306666666666665,6537.345333333334
53958542801,r4506251-n303766,0,47.0,32.31736842105263,0.0,0.0,0.5263157894736842
54325869749,r974863-n410412,0,71.0,214.64444042232276,90.16410256410256,60.394570135746605,6670.5511312217195
54814199052,r8024255-n410412,0,71.0,210.5025711717111,89.30446508840275,59.983518130056936,6629.478273898711
56982177843,r5179276-n948219,0,72.0,209.62138598647817,91.04978488014751,61.172710510141364,6661.463736939152
57388078756,r7317916-n948219,0,71.0,188.3627013422819,83.41526845637584,56.12667785234899,6662.626957494407
57941957744,r6727430-n303509,0,72.0,191.97811598075896,80.30251202565474,54.00320684126136,6673.313201496526
59366171946,r7269000-n948219,0,39.0,27.952380952380953,0.0,0.0,0.2857142857142857
60512988271,r9170217-n948219,0,70.0,186.59450142450143,77.34136234136234,51.99352499352499,6546.231028231028
63425426254,r7462820-n410412,0,72.0,182.0643310546875,72.701416015625,48.82177734375,6589.56787109375
64587567781,r44132-n303766,0,72.0,178.4703358119453,71.51331254497481,48.03358119453106,6675.9846485967855
66143374045,r8275852-n410412,0,72.0,202.32984145625366,87.54198473282443,58.76423957721668,6467.245449207281
67048347122,r9170217-n948219,0,34.0,27.628888888888888,0.0,0.0,0.0
540249413,r7269000-n303509,0,72.0,194.15988839865042,77.79392681027771,52.15260835712432,6654.392161951726
1249860628,r5179276-n948219,0,72.0,207.1405882352941,89.67466986794717,60.11524609843938,6663.12725090036
1780163880,r6727430-n303509,0,71.0,208.9354817474566,89.7737881508079,60.207061639736686,6659.064332734889
2316134126,r7141590-n303509,0,50.0,28.795849056603775,0.0,0.0,0.24528301886792453
3975864097,r9988778-n303766,0,73.0,195.93567440574904,82.75456053067994,55.366500829187395,6195.115809839691
4653567009,r8972851-n303509,0,71.0,193.96629264392325,79.53757995735607,53.3454157782516,6613.894989339019
6329102851,r8972851-n303509,0,72.0,190.04478462728915,76.60149600206346,51.44235233427908,6595.437193706474
6363155951,r5179276-n948219,0,72.0,204.65970206489675,88.14129793510324,59.14159292035398,6641.209144542773
7166496290,r8972851-n303509,0,71.0,190.65972251037346,76.98729253112033,51.67816390041494,6578.339470954357
7617832847,r6727430-n948219,0,71.0,201.42538028169014,84.57408450704226,56.83633802816902,6643.834647887324
8663901075,r5179276-n948219,0,75.0,204.49780955188677,88.0560141509434,59.183667452830186,6568.094044811321
11056891962,r4506251-n303766,0,73.0,203.14209276018101,84.57664027149322,56.806843891402714,6570.490384615385
11582298739,r7317916-n948219,1,71.0,194.81528301886794,79.43024182832846,53.390114270528834,6605.907254849853
11588325402,r7141590-n948219,0,72.0,215.3022359313873,89.35118868492326,59.7767077941619,6653.055973517906
12711230048,r6727430-n948219,0,70.0,195.21814600550965,81.94159779614326,55.074380165289256,6582.004132231405
12869263330,r6727430-n948219,0,70.0,198.45042825361512,83.1979977753059,55.98192436040045,6622.140433815351
13572502771,r7141590-n948219,0,71.0,214.66738507462685,89.13940298507463,59.62179104477612,6642.51223880597
14656002386,r7317916-n948219,1,71.0,192.75825879862396,78.89494575284466,53.04736702831437,6590.294257740143
14797735302,r414303-n303509,0,35.0,36.584,2.34,0.0,459.2
15471828784,r974863-n410412,0,72.0,214.62595789473687,89.90466165413534,60.28,6661.71037593985
17126751428,r6727430-n303509,0,71.0,207.56553603335317,89.52441929720071,60.13936867182847,6660.976176295414
18793910193,r44132-n303766,0,71.0,206.65272281511392,86.34612056533025,58.037207960773,6579.053937121431
18906578047,r2215649-n410412,0,71.0,213.78539329363835,90.65747414603572,60.775618928235666,6650.46223754309
19639230074,r8972851-n303509,0,71.0,186.14135291164658,74.76882530120481,50.195281124497996,6574.581576305221
20429601957,r7462820-n410412,1,72.0,194.26259032943676,79.07146652497343,53.18703506907545,6643.290913921361
21698498748,r4506251-n303766,0,71.0,206.58574603174603,85.90995670995672,57.78903318903319,6635.685714285714
21939504450,r492024-n303766,0,72.0,204.70613100436682,86.32052401746725,58.020960698689954,6645.363027656477
22148671855,r8972851-n303509,0,71.0,191.37629263212705,77.38739911481385,51.962770111950014,6583.458474355636
22729539516,r7462820-n303766,0,73.0,209.21060859188543,89.0104415274463,59.739558472553696,6661.5972553699285
23261747417,r44132-n303766,0,74.0,206.884841246723,87.51092339062045,58.75356830760268,6650.03029420332
24954527420,r6727430-n948219,0,71.0,195.5973082173082,81.37073437073437,54.76030576030576,6580.835653835654
26302202239,r6727430-n303509,0,72.0,205.33776542848784,87.80345130155015,58.94618309447207,6670.145656624744
27581132691,r7753495-n948219,0,71.0,212.13295918367348,89.57322929171669,60.31182472989196,6670.372448979592
28516471297,r4506251-n303766,0,72.0,192.44577260981913,76.95865633074935,51.74444444444445,6686.231524547804
28697107669,r7141590-n948219,0,72.0,212.25993812610488,88.152916912198,58.93311726576311,6644.510606953448
30263731162,r5179276-n948219,0,72.0,206.0063979773944,88.71921475312314,59.56127305175491,6647.508625817965
30412526911,r7462820-n410412,0,70.0,208.59667359667358,87.53519453519453,58.82001782001782,6656.552123552124
30647312892,r8024255-n410412,0,71.0,192.8895699208443,78.9976253298153,53.02110817941953,6618.446701846966
31082443875,r7269000-n303509,0,72.0,187.24156489493203,73.99876390605687,49.57354758961681,6686.38739184178
32969802024,r7317916-n948219,1,72.0,194.0041047919958,78.34965771458663,52.59794628751975,6588.764086361242
33240464125,r7317916-n948219,0,72.0,187.99151564625848,81.06040816326531,54.48598639455782,6588.802176870749
33266067260,r4506251-n303766,0,72.0,200.47722541769377,82.00273897562312,55.08764721993974,6672.5045193097785
34110016951,r7141590-n948219,0,71.0,206.47387267904512,84.96905393457118,56.5605658709107,6291.021220159151
35853700554,r7317916-n948219,1,66.0,210.27871441414442,89.23044650884027,60.05723703925682,6654.0437518729395
35928071327,r6727430-n948219,0,71.0,175.78426456766917,69.93538533834587,47.05380639097744,6671.213815789473
36338702917,r4506251-n303766,0,71.0,211.2384707954212,87.71881420604637,58.87114763721749,6661.890226005284
36729748754,r4506251-n303766,0,73.0,162.2022388357257,59.70035885167464,40.04246411483253,6704.680223285486
37100204920,r7462820-n410412,0,70.0,207.02555296856812,86.50727590221187,58.09516880093132,6646.547147846333
37651653872,r8024255-n410412,0,72.0,194.7004627387678,80.41996233521657,54.04170029593758,6598.181059994619
38785099470,r8972851-n948219,1,28.0,24.485185185185188,0.0,0.0,0.4444444444444444
39339051459,r6727430-n303509,0,71.0,208.34416267942584,89.80293062200957,60.274521531100476,6666.716806220095
39943540090,r8972851-n303509,0,71.0,189.23737044638276,76.25962031811186,51.18163160595177,6593.5274499743455
40604996346,r492024-n303766,0,71.0,208.82093523002422,88.69128329297821,59.61682808716707,6657.405871670702
40716084010,r7269000-n303509,0,71.0,213.8301248884924,89.30924769550997,59.91376746952126,6671.237585489147
41688454627,r414303-n303509,0,35.0,34.42901234567901,1.6049382716049383,0.012345679012345678,282.3703703703704
44719024257,r44132-n303766,0,72.0,187.5098009696351,76.52845113549375,51.41209492217402,6622.210002551671
44762671213,r7462820-n303766,1,67.0,200.88920106920105,89.36085536085537,60.015147015147015,6671.128007128007
45074371902,r7753495-n948219,0,70.0,213.7842990936556,90.15619335347432,60.62235649546828,6667.676132930514
45384785173,r8972851-n948219,0,71.0,213.01944989592627,88.85072851620576,59.48706512042819,6656.92506690455
45551327118,r7462820-n303766,0,72.0,211.04365529731362,90.10443706610323,60.48294597041956,6670.286145487474
45752886502,r974863-n410412,1,69.0,202.860681955341,89.85063367531684,60.499094749547375,6663.161134580568
46159727645,r5179276-n948219,0,72.0,207.272945389436,89.33780960907193,60.002685765443154,6666.2014324082365
48729340767,r7141590-n948219,0,73.0,211.19952046783627,87.67894736842105,58.72105263157895,6655.519883040935
52550167797,r9170217-n948219,0,71.0,188.83187614319309,78.00130650640187,52.34517899137706,6584.449176900966
53620694094,r5179276-n948219,0,72.0,206.58301222785565,89.21413659409484,59.919475096928124,6663.814196242171
56293480392,r5179276-n948219,0,72.0,207.66848345588238,90.51746323529412,60.85202205882353,6659.545036764706
57628777704,r44132-n303766,0,70.0,203.8861001992599,85.00768573868488,57.09678337603188,6463.640762880728
58520965737,r7462820-n410412,0,72.0,206.4766792016199,86.23112525310964,57.84466300260341,6642.886028348279
59406591318,r7462820-n410412,0,70.0,206.61759573855457,85.87618773394759,57.66513101065361,6619.980996256839
59783493135,r7269000-n948219,0,71.0,203.21270736381058,81.3528606624692,54.178483438269915,6583.287161237339
59891568716,r7269000-n303509,0,71.0,215.6651187969925,90.30586466165414,60.549172932330826,6657.991578947368
60191442848,r9170217-n948219,0,34.0,35.96955555555556,2.577777777777778,0.022222222222222223,495.3333333333333
60620381790,r414303-n303509,0,35.0,27.138333333333335,0.0,0.0,0.0
61364155859,r4506251-n303766,0,58.0,54.83741935483871,0.0,0.0,0.3870967741935484
62803835224,r8972851-n303509,0,70.0,192.44309399477808,77.73916449086163,52.16814621409922,6640.689033942559
63094529300,r5179276-n948219,0,71.0,205.61157707157707,88.48500148500149,59.46450846450846,6664.674784674785
63531653660,r7462820-n303766,0,73.0,209.57311785929042,89.79825616355983,60.31449188214071,6671.549007817198
66025599285,r7753495-n948219,0,71.0,212.19598984771574,89.57360406091371,60.20931621379516,6662.432367871006
451841228,r8024255-n410412,0,72.0,211.98497761862131,89.90331244404655,60.43121456281707,6665.022679797075
1393104981,r7141590-n948219,0,71.0,215.10956599820415,89.43489973061958,59.80035917390003,6653.427716252619
2122471258,r414303-n303509,0,35.0,35.7714,2.3,0.0,473.66
2568688845,r7462820-n410412,0,71.0,210.15486615110055,87.98007138607971,59.07138607971446,6649.240630577037
3343356803,r44132-n303766,0,72.0,200.27156720580032,83.23786949247072,55.96291132180703,6363.371444506414
4435464308,r6727430-n303509,0,71.0,208.79040944411236,89.78601315002989,60.377764494919305,6663.94291691572
4546004941,r492024-n303766,0,72.0,206.2203175536607,87.30138194648633,58.62658041752426,6647.887386062923
5530265350,r7462820-n410412,0,73.0,180.7016017212527,70.84269662921348,47.60482907004542,6582.998326559885
5604055465,r7269000-n948219,0,39.0,27.803823529411765,0.0,0.0,0.29411764705882354
5805000493,r5179276-n948219,0,71.0,204.6489280469897,87.88252569750367,59.118942731277535,6663.102202643172
7202966210,r492024-n303766,0,73.0,208.2351240169389,89.25166364186327,60.105565638233514,6660.314579552329
7573416698,r414303-n303509,0,34.0,27.07111111111111,0.0,0.0,0.0
9510202800,r414303-n303509,0,34.0,27.100555555555555,0.0,0.0,0.0
9518030121,r7269000-n303509,0,71.0,214.86920072115385,90.07962740384616,60.45733173076923,6658.400540865385
9805567093,r5179276-n948219,0,72.0,197.15262011173184,83.64720670391061,56.101117318435755,6644.766759776537
9885518494,r7269000-n303509,0,70.0,215.71166817223727,90.16952725082807,60.46040349292382,6664.591388136104
10045588334,r7269000-n948219,0,40.0,37.2829213483146,1.651685393258427,0.02247191011235955,380.438202247191
10086618948,r414303-n303509,0,43.0,28.858333333333334,0.0,0.0,0.0
10145569962,r4506251-n303766,0,73.0,177.9922598479613,69.12047915226906,46.36051601013591,6692.946095369731
10178754402,r7141590-n303509,0,73.0,168.58490111779878,64.3920894239037,42.98237317282889,6368.308684436802
11402284709,r7141590-n948219,0,73.0,213.87353098927292,88.9958283671037,59.539928486293206,6647.22884386174
11971239882,r414303-n303509,0,35.0,27.182222222222222,0.0,0.0,0.0
12124003268,r4506251-n303766,0,73.0,208.21471714534377,86.68871482448506,58.248331882796634,6493.936756599942
12591718262,r9170217-n303509,0,71.0,210.38156651718984,88.37907324364724,59.31898355754858,6630.630493273543
13279273680,r7141590-n948219,0,72.0,214.0471740430622,89.08403110047847,59.5630980861244,6614.220992822967
13438824856,r9170217-n948219,0,69.0,184.5944711292795,75.79228410832907,50.934849259070006,6587.10143076137
13786852744,r9170217-n303509,1,74.0,210.6691698899137,88.31627491817912,59.26539720321333,6650.951800059506
13823042574,r5179276-n948219,0,72.0,204.53722189523248,87.78811065332549,59.0700412007063,6651.582107121836
15658911897,r974863-n410412,0,73.0,214.5610060240964,90.49216867469879,60.62228915662651,6669.087048192771
16381859005,r8024255-n410412,0,72.0,195.86142434033385,80.54846526655896,54.1693591814755,6601.223209477652
16419239562,r9170217-n948219,0,34.0,27.67111111111111,0.0,0.0,0.0
19171818537,r5179276-n948219,0,72.0,209.10919533169533,91.07063882063882,61.141584766584764,6665.663697788697
19239140052,r8972851-n303509,0,71.0,197.15569451980468,80.73602821486706,54.18990775908844,6603.313619099295
20450456390,r414303-n303509,0,35.0,27.096666666666668,0.0,0.0,0.0
20923054344,r7269000-n948219,1,73.0,201.93277009873063,83.49026798307476,55.90916784203103,6561.491114245416
22581422633,r7141590-n948219,0,72.0,216.66028709579933,90.3088546388637,60.41251133272892,6643.238138410396
22618796460,r7462820-n303766,0,72.0,209.72630980861246,89.4721889952153,60.0299043062201,6648.330442583732
24202033952,r7462820-n303766,1,69.0,201.98944926668662,89.58246034121521,60.13409158934451,6656.371744986531
24951622081,r9170217-n303509,0,72.0,209.51332345093388,87.81648384227691,58.85057812036762,6653.998517640083
26252711653,r492024-n303766,0,72.0,208.86959398496242,88.67609022556391,59.63669172932331,6641.718796992482
26998594772,r5179276-n948219,0,72.0,207.21417683834477,89.2006549568324,59.950282822268534,6663.1256326287585
28203836443,r6727430-n303509,0,71.0,198.3124218101301,83.2153335178522,55.851093274287294,6671.660946581788
29541963703,r9170217-n303509,1,67.0,209.82247150569887,88.71325734853029,59.53149370125975,6651.4475104979
30856763377,r414303-n303509,0,34.0,27.081666666666667,0.0,0.0,0.0
31426800055,r6727430-n948219,0,69.0,190.2375650557621,79.39272437599575,53.32023366967605,6578.719330855019
32347313505,r8024255-n410412,0,71.0,181.7074204601077,73.42217327459618,49.287812041116005,6590.032305433187
35068734282,r5179276-n948219,0,72.0,202.04215499855948,86.78305963699222,58.22615960818208,6671.877556900029
37343030796,r44132-n303766,0,72.0,206.34111688311688,86.15642135642136,57.88253968253968,6665.019624819624
37884849968,r4506251-n303766,0,71.0,208.31062878569367,86.38304009229881,58.008364580328816,6664.866743582348
37919250586,r7462820-n410412,0,71.0,191.3673076923077,77.76399790685505,52.133437990580845,6557.551282051282
39051343138,r9988778-n303766,1,71.0,200.7931414197876,83.4720514253773,56.15707098937954,6666.426495248742
39270476703,r4506251-n303766,0,46.0,31.9435,0.0,0.0,0.5
39447486375,r6727430-n948219,0,72.0,200.06065518215195,84.62722394803728,56.89861621011014,6574.508895792149
40113526973,r8024255-n410412,0,71.0,190.69978260869567,78.00890518596124,52.438187532739654,6610.104504976427
41217034900,r974863-n410412,1,74.0,202.1643671641791,88.52,59.507462686567166,6662.149552238806
43815308502,r7317916-n948219,1,71.0,192.37162962962964,78.96137566137565,53.0984126984127,6594.73253968254
45121324708,r2215649-n410412,0,71.0,213.0989850198716,90.33384286151023,60.51971874044634,6654.494955671049
45326046833,r9170217-n948219,0,70.0,205.9182537800178,88.15535131930032,59.187370293507264,6663.606285206048
46146733377,r9170217-n948219,0,70.0,186.4128453181583,77.04604242110709,51.76151060527677,6587.516037247801
46556374623,r7269000-n948219,0,73.0,202.23134009317621,82.38777747328035,54.975883803781855,6578.308851740203
47719613300,r7141590-n948219,0,72.0,215.72263126131566,89.93089921544961,60.173204586602296,6651.175015087508
47821543506,r7141590-n303509,0,73.0,194.68890673575132,77.82901554404145,51.905699481865284,6594.218652849741
48155971653,r8024255-n410412,0,71.0,187.2223904179409,76.00280326197758,51.09989806320082,6613.285932721713
51450167973,r8972851-n303509,0,71.0,197.11103476371537,80.68766974470397,54.15697990222705,6609.479902227051
51836109155,r8972851-n303509,0,72.0,193.71872543813063,78.89060010621348,52.94928305894849,6577.28624535316
53004652670,r8275852-n410412,0,73.0,161.1269807280514,64.28029978586724,43.14389721627409,6689.581798715203
53349452968,r9170217-n303509,1,66.0,208.87102770330654,88.40571939231457,59.386952636282395,6647.275543640155
53406857608,r7269000-n303509,0,71.0,215.0171548619448,89.968787515006,60.289615846338535,6649.924969987996
53638283148,r5179276-n948219,0,71.0,209.5788463892289,91.2374541003672,61.23225214198286,6668.010709914321
53642634283,r44132-n303766,0,73.0,201.98303929884082,85.03449250777496,57.11252473847894,6466.687871077184
53700974929,r8972851-n303509,0,73.0,190.26080444904295,76.86730470770823,51.56932229694775,6584.565183652354
56501001183,r9170217-n948219,0,34.0,27.63666666666667,0.0,0.0,0.0
57396119616,r7269000-n303509,0,71.0,214.66554594272077,89.82100238663485,60.217183770883054,6635.363365155131
58234767667,r7462820-n410412,0,71.0,192.62656597774244,78.47986221515633,52.714361420243776,6575.5612082670905
60629146533,r7269000-n948219,0,40.0,31.514545454545456,0.0,0.0,0.0
60814351243,r4506251-n303766,0,73.0,177.8118565498155,68.94511070110701,46.265221402214024,6575.458948339483
60973641061,r8972851-n303509,0,72.0,189.81454638646846,76.51101998974885,51.33777549974372,6584.731163505894
61986314506,r7269000-n948219,0,39.0,27.912765957446812,0.0,0.0,0.425531914893617
63186572670,r7141590-n948219,0,71.0,216.8978597449909,90.31177899210687,60.49544626593807,6655.457498482088
64502897236,r5179276-n948219,0,72.0,206.2385175282234,89.2293523469994,59.78520499108735,6657.770647653
64693659176,r8024255-n410412,0,71.0,193.95968025579538,79.37783106847856,53.29816147082334,6577.553956834532
65163746407,r7462820-n410412,0,71.0,194.26094669848848,79.10686820472023,53.1678599840891,6581.118801378944
65779944849,r6727430-n303509,0,71.0,208.35771181384249,89.54982100238664,60.147076372315034,6660.650059665871
65961819979,r414303-n303509,0,45.0,29.441875,0.0,0.0,0.0
66203008529,r5179276-n948219,0,72.0,165.04384391771018,66.8273703041145,44.86314847942755,6631.971377459749
346594617,r6727430-n303509,0,71.0,208.20804084048535,89.41994672980172,60.08582420834566,6651.843444806155
502029246,r7317916-n948219,0,72.0,185.7720611096221,79.80326990083087,53.619941034575184,6612.761190029482
1172243386,r7462820-n410412,1,70.0,195.07645998940117,78.9703232644409,53.03577106518283,6556.849761526232
1664167053,r4506251-n303766,0,73.0,212.2129028436019,88.5156990521327,59.49822274881517,6663.824052132702
2266658930,r974863-n410412,0,71.0,215.12477777777778,90.2009009009009,60.41981981981982,6660.865465465466
3443456262,r8972851-n303509,0,71.0,194.4235131543981,78.94499069891044,52.960138187616266,6571.220834440606
3961143424,r7141590-n948219,0,71.0,214.27098302055404,88.95501936252606,59.501340482573724,6649.271969019958
5004147219,r9170217-n303509,1,65.0,207.8545511296076,87.90903686087991,58.953329369797856,6642.182818073722
5089315542,r44132-n303766,0,73.0,192.90322727272726,79.94438502673796,53.688235294117646,6449.179411764706
5368658252,r9170217-n303509,0,72.0,210.46371599402093,88.21136023916293,59.28101644245142,6647.952466367713
6496962082,r8275852-n410412,0,71.0,209.51708661417325,90.23682616596003,60.598122350090854,6674.397334948516
7107377039,r7753495-n948219,0,71.0,210.60112266112264,88.71606771606771,59.643005643005644,6668.825363825364
7270115381,r9170217-n948219,0,34.0,27.70611111111111,0.0,0.0,0.0
7468861049,r5179276-n948219,0,72.0,201.73644778709865,86.11512872432745,58.001157072606304,6663.356667630894
8182770269,r9170217-n303509,0,72.0,209.7417170818505,87.83659549228945,59.005338078291814,6663.510972716489
10422743425,r4506251-n303766,0,71.0,184.51429097154073,73.05986261040236,49.116781157998034,6021.871197252208
10666807260,r5179276-n948219,0,72.0,207.31326694411413,89.01961950059453,59.71105826397146,6659.563020214031
10806428309,r4506251-n303766,0,72.0,214.19875450180072,89.46698679471788,60.122749099639854,6655.037515006003
11212463388,r7141590-n948219,0,71.0,214.78246117084828,89.24193548387096,59.6968339307049,6646.680406212664
11553531224,r8024255-n410412,0,71.0,197.54602900930485,81.37301587301587,54.68089764641489,6615.588669950739
14532759428,r5179276-n948219,0,72.0,205.51378242924528,88.11114386792453,59.23466981132076,6658.761202830188
16430084958,r8972851-n303509,0,71.0,196.51345089527942,80.68068366793271,54.12045577862181,6595.913185024417
16492836911,r8972851-n303509,0,71.0,197.0331443994602,80.6272604588394,54.14251012145749,6588.0753036437245
18106398720,r7462820-n410412,0,71.0,194.32062183079796,79.23538831064852,53.15505737923672,6591.629570322925
18255595362,r414303-n303509,0,34.0,27.120555555555555,0.0,0.0,0.0
19461253220,r8972851-n303509,0,72.0,195.47090738255034,80.208322147651,53.79248322147651,6619.658791946309
19915758899,r7141590-n948219,0,71.0,211.87681082671375,88.0859076198882,58.822300676669606,6626.37981759341
23809733670,r8972851-n303509,0,71.0,198.30055494505496,81.61868131868133,54.82142857142857,6625.329120879121
24153151603,r8972851-n303509,0,73.0,187.0203751914242,76.10923940786115,51.05717202654416,6599.680193976518
25692198677,r8024255-n410412,0,72.0,209.38493614493612,88.80962280962281,59.633204633204635,6669.079893079893
25759557438,r7269000-n303509,0,70.0,211.91988262910797,88.23151408450704,59.17106807511737,6639.75381455399
26460241309,r974863-n410412,1,74.0,204.86053333333334,90.17666666666666,60.54151515151515,6670.49
26757080507,r414303-n303509,0,34.0,27.11111111111111,0.0,0.0,0.0
27672624358,r7141590-n303509,0,73.0,178.07676275451843,68.81400137268359,45.84328528940746,6541.361015785861
29451697496,r6727430-n948219,0,72.0,197.80218454697055,82.99027237354086,55.747081712062254,6578.028627015008
29482804328,r5179276-n948219,0,72.0,206.52006814814814,88.65066666666667,59.66133333333333,6663.935703703703
30043562181,r8972851-n303509,0,72.0,196.26836348906292,80.60410477990818,54.05644072373751,6598.681339454496
30776451295,r8972851-n303509,0,71.0,194.19540453938586,79.48170894526035,53.29853137516689,6535.534579439252
31040229835,r492024-n303766,0,71.0,206.31976730486008,87.43976435935198,58.81590574374079,6639.38438880707
33528558735,r7317916-n948219,1,73.0,197.12087050554203,81.06082725060827,54.44147066774804,6558.147877804812
33609753840,r6727430-n303509,0,71.0,204.3977956674473,88.03512880562062,59.18003512880562,6673.093384074941
33750185699,r6727430-n303509,0,71.0,207.89741599762118,89.1971454058876,59.954207552780254,6663.985132322331
34957468739,r7141590-n948219,0,72.0,213.4653693266093,88.23257193711065,59.031444675170576,6627.840996736873
35225864762,r7141590-n948219,0,71.0,213.8808034647551,89.0594384707288,59.55256869772999,6655.990143369176
35230507642,r9170217-n948219,0,35.0,27.79888888888889,0.0,0.0,0.0
35839276130,r6727430-n303509,0,71.0,209.0164366786141,89.6774193548387,60.227299880525685,6656.210872162485
36378318302,r974863-n410412,0,72.0,202.38957368718238,84.35798983625071,56.475437605872386,6668.561264822134
36617275503,r8275852-n410412,0,75.0,207.88511690647482,89.72152278177458,60.278177458033575,6664.178657074341
37038772451,r414303-n303509,0,34.0,27.125,0.0,0.0,0.0
37592406226,r7269000-n948219,0,39.0,27.89,0.0,0.0,0.0
38101871442,r7269000-n303509,0,72.0,173.24352347520843,65.70403685827117,44.06603773584906,6613.999561211058
39749881507,r9170217-n948219,0,73.0,207.46326888217524,89.99939577039275,60.55226586102719,6666.709365558912
39846191835,r7462820-n410412,0,71.0,193.12859113823296,79.15070310427168,53.102945078270096,6613.553197134518
40383807209,r7269000-n303509,0,73.0,195.32437616387335,79.71907422186752,53.54322958233573,6190.459430699654
40419235085,r974863-n410412,1,65.0,197.184834262247,87.31152830742153,58.74479319448518,6663.375476679378
42234838229,r7269000-n948219,0,40.0,37.69042857142857,2.0714285714285716,0.014285714285714285,432.37142857142857
42426169455,r7269000-n303509,0,71.0,207.1446110164679,85.21777399204997,57.134014764338446,6665.32538330494
42834659750,r9170217-n303509,0,72.0,209.27231341064527,87.91911983348201,59.00267618198038,6648.964317573595
43730520336,r7462820-n303766,0,72.0,211.01820675105486,90.0994575045208,60.4089813140446,6661.336045810729
44602854581,r7141590-n948219,0,72.0,216.3166121212121,90.08090909090909,60.265454545454546,6629.181515151515
46344623289,r7269000-n303509,0,71.0,175.57109706546274,68.01489841986456,45.61331828442438,6620.456884875846
46953101181,r7269000-n948219,0,39.0,27.811666666666667,0.0,0.0,0.6666666666666666
48084685884,r4506251-n303766,0,73.0,152.92013914656772,55.31094619666048,37.169202226345085,6681.045454545455
49961073558,r7269000-n948219,1,73.0,200.84436796397557,83.19234480540366,55.71566420070762,6509.051463493084
50196721169,r7141590-n303509,0,74.0,193.49782730514517,76.82934284258788,51.263117677024965,6553.478094752929
50799135517,r974863-n410412,0,73.0,211.47836363636364,89.14396423248883,59.68524590163934,6665.139195230999
50962167739,r7462820-n410412,0,71.0,207.03659177122847,86.72629121680771,58.28479719871608,6639.782608695652
53249263255,r7753495-n948219,0,71.0,210.1965376661743,88.594682422452,59.59054652880354,6576.8514032496305
55088666532,r8972851-n948219,0,70.0,213.893605006105,89.61965811965813,60.02136752136752,6665.308913308913
55170550413,r7317916-n948219,1,72.0,197.11355895196505,81.25218340611353,54.604530567685586,6594.623635371179
55659908414,r6727430-n303509,0,71.0,208.93274145170966,89.8122375524895,60.34493101379724,6666.535392921416
56723210608,r7462820-n410412,0,72.0,207.7221860465116,87.10813953488372,58.45697674418604,6650.07761627907
56970211253,r5179276-n948219,0,72.0,204.62415199530517,87.88879107981221,59.03697183098591,6649.865023474178
57662313835,r44132-n303766,0,71.0,205.69584314852054,86.00603274921,57.759264579143924,6594.786555587475
57926608082,r7269000-n948219,0,71.0,206.045221661055,83.96099887766555,55.927048260381596,6575.404882154882
58208027654,r7462820-n303766,1,73.0,161.78218325791855,67.49027149321267,45.40814479638009,6568.361538461539
58315831059,r7269000-n948219,0,39.0,27.78757575757576,0.0,0.0,0.6060606060606061
64237406198,r2215649-n410412,0,71.0,214.012683982684,90.52319109461966,60.64718614718615,6665.482374768089
64773882351,r7462820-n410412,1,73.0,192.15208691126722,77.36013531095499,52.02576112412178,6578.861306271142
488923354,r6727430-n303509,0,73.0,203.5404875912409,88.02014598540146,58.89897810218978,6535.84204379562
879181917,r9170217-n948219,0,70.0,183.75380686149936,75.39135959339264,50.69250317662008,6589.428208386277
1681955750,r414303-n303509,0,35.0,27.132777777777775,0.0,0.0,0.0
2019949846,r7462820-n410412,0,72.0,182.76424027403962,72.67457793002202,48.81918277465133,6601.52777098116
5010297257,r974863-n410412,0,73.0,213.67563499245853,90.25098039215686,60.46244343891403,6659.258220211162
5586399448,r8972851-n303509,0,73.0,188.1758597225857,78.07903690133473,52.37503271394923,6560.116723370846
6343563000,r492024-n303766,0,71.0,212.71592991085154,90.43375345834615,60.86351060559483,6656.968336919766
6758464640,r4506251-n303766,0,71.0,211.42808862629246,88.15923190546529,59.2576070901034,6660.78611521418
7502892552,r44132-n303766,0,72.0,201.64313533202576,84.03362286354721,56.45727094424208,6669.421406556458
8614090220,r7317916-n948219,0,73.0,177.06776389597144,75.78148903620601,51.069607343192246,6601.288118306986
8680685699,r7269000-n303509,0,70.0,214.59572242206235,89.94574340527578,60.360611510791365,6648.502398081535
8846382421,r4506251-n303766,0,72.0,210.52159004392385,87.66090775988287,58.93411420204978,6664.23074670571
9246094982,r8024255-n410412,0,71.0,192.98385124404447,78.73875066172577,52.93515087347803,6591.551879301218
10750476782,r8972851-n948219,0,70.0,216.36895504252732,90.42223572296476,60.576245443499396,6662.098116646415
12636019465,r44132-n303766,0,72.0,203.12825865002836,84.66903006239365,56.84032898468519,6545.257799205899
13730063568,r8972851-n303509,0,71.0,189.48389904712852,76.40870460983776,51.281740921967554,6584.55755858872
14110602678,r7317916-n948219,1,74.0,199.30150040994806,81.69609182836841,54.90899152773982,6597.340256900792
16769813087,r7462820-n303766,1,69.0,203.97023932141775,90.19357770372615,60.58860951226901,6665.949409269918
16862122248,r7317916-n948219,0,73.0,190.40544077134987,82.02148760330579,55.13223140495868,6565.4264462809915
16917882059,r7141590-n948219,0,71.0,215.94537053705372,89.82268226822683,60.124512451245124,6637.939693969397
17276164510,r7462820-n303766,0,72.0,210.3527269984917,90.03016591251885,60.463046757164406,6652.317345399699
17433240845,r9170217-n948219,0,34.0,35.61431034482759,2.7413793103448274,0.034482758620689655,385.2586206896552
17447637746,r8972851-n303509,0,71.0,176.19878353376504,68.70143385753931,46.12326549491212,6441.525901942646
18612728647,r5179276-n948219,0,71.0,204.79983485697434,87.70657623120023,58.92716012975524,6661.438513712769
19995021435,r7317916-n948219,0,71.0,179.21438543247345,75.26757713707637,50.59332321699545,6281.235457764289
20361379304,r8972851-n948219,0,71.0,213.83725343693962,89.19964136282128,59.82396891811118,6643.705618649134
20480571297,r974863-n410412,1,68.0,156.12529144095342,64.81668472372698,43.53997833152763,6703.591765980498
20980269899,r414303-n303509,0,43.0,28.928333333333335,0.0,0.0,0.0
20993928714,r7462820-n410412,0,71.0,190.24274728120145,77.03184878301398,51.75453133091662,6568.921543241843
21550787961,r4506251-n303766,0,71.0,205.22455869751502,85.32019423021994,57.323050556983716,6668.872322193659
21970831346,r7317916-n948219,0,71.0,160.6111096196868,66.7324384787472,44.83489932885906,6609.0210290827745
22175253853,r8972851-n303509,0,71.0,189.434933127572,76.27854938271605,51.146347736625515,6590.441358024691
22585375457,r7462820-n410412,0,70.0,200.84511881464914,83.05171931786413,55.8076600503215,6658.991333519709
25335787114,r44132-n303766,0,73.0,195.27653221440173,81.05766107200866,54.41689225771521,6559.585002707093
25353364528,r8275852-n410412,0,71.0,186.40251460435476,78.48964418481147,52.67870419543282,6409.187997875731
25779095020,r7317916-n948219,0,71.0,199.44481403719257,89.16016796640672,60.082183563287344,6652.088182363527
26403218086,r7141590-n948219,0,71.0,211.32253290435798,87.66569172272594,58.68879789412109,6649.283416203568
27644567865,r7462820-n410412,0,70.0,207.1864028144239,86.7467018469657,58.29111697449429,6653.515391380827
29378786542,r974863-n410412,0,72.0,213.62196311719217,89.48096371207615,59.99345627602617,6654.9643069601425
29750846903,r7141590-n303509,0,73.0,185.98663417011943,73.17280038995857,48.79746526931513,6567.771386790154
29967307549,r9170217-n303509,0,73.0,200.51509460604348,84.05732843829426,56.3640214628636,6374.011578650099
31156789660,r44132-n303766,0,72.0,208.52821669106882,87.82020497803806,58.936749633967786,6652.693411420205
31399147989,r4506251-n303766,0,71.0,209.1246495327103,87.16793224299066,58.586740654205606,6621.872371495327
31671942407,r8972851-n303509,0,72.0,188.2530749552315,76.30340240470709,51.11614223586595,6569.047326682015
34606120951,r44132-n303766,0,71.0,208.46684734837385,87.59156167594492,58.94081453266921,6657.64635218283
35299040914,r8972851-n303509,0,72.0,197.30779702300407,80.86684709066306,54.2893098782138,6616.9144790257105
37693885819,r9170217-n303509,0,72.0,211.0356779407363,88.527985633044,59.4196348398683,6644.454953606704
39425912357,r7141590-n948219,0,71.0,215.2796692723993,89.5616355983163,59.87702946482261,6645.421527360192
40006110705,r7141590-n948219,0,71.0,214.49989808153478,89.3240407673861,59.82434052757794,6649.4211630695445
40673236976,r7269000-n948219,1,72.0,202.2873060648801,83.35458392101552,55.81805359661495,6589.478420310296
41560066413,r6727430-n303509,0,73.0,205.990224852071,89.5103550295858,60.22337278106509,6664.306804733727
42111730534,r492024-n303766,0,72.0,211.23705737956428,89.79533599263578,60.47928812519178,6663.058606934643
43419857087,r7317916-n948219,1,71.0,175.9358111888112,69.35850815850816,46.64358974358974,6581.052214452215
44892882368,r9170217-n948219,0,70.0,187.1014632885212,77.19312306101344,51.82290589451913,6558.398397104446
46331954767,r7141590-n948219,0,72.0,192.85209272209275,77.87516187516188,52.10852110852111,6646.93006993007
47167704198,r7317916-n948219,1,74.0,212.8841711389386,89.46988670244484,60.141920095408466,6653.8267740011925
47172833886,r492024-n303766,0,71.0,209.62807196401798,89.03658170914542,59.91634182908546,6658.577811094453
47658947833,r9170217-n948219,0,69.0,184.77375351572488,75.87471234978267,50.978266428023524,6612.707747379187
48381415536,r7269000-n948219,0,40.0,36.758117647058825,1.8470588235294119,0.023529411764705882,362.6941176470588
48444854843,r492024-n303766,0,71.0,209.42473257211537,88.85006009615384,59.76262019230769,6645.847055288462
51961097258,r8972851-n948219,0,73.0,211.22618891537545,88.22646007151371,59.209773539928484,6580.747020262217
54917280580,r974863-n410412,1,67.0,202.91835032993401,89.85392921415716,60.41121775644871,6660.6166766646675
55220125119,r492024-n303766,0,71.0,212.18805342339576,90.30549585508136,60.897451642615906,6661.842493091803
55449110609,r9170217-n948219,0,34.0,27.680555555555557,0.0,0.0,0.0
55862616584,r4506251-n303766,0,71.0,195.85296296296298,79.63735678124168,53.55635491606714,6674.8345323741005
56640495249,r8024255-n410412,0,71.0,193.56946227929376,79.59630818619583,53.472445157838415,6593.8119315141785
59072553188,r7141590-n948219,0,72.0,214.09277313432838,89.17164179104478,59.64208955223881,6652.4319402985075
60489546643,r414303-n303509,0,41.0,28.507894736842104,0.0,0.0,0.0
62459805335,r5179276-n948219,0,72.0,205.85690044576523,88.86151560178305,59.63209509658247,6646.002377414562
63540181843,r5179276-n948219,0,72.0,207.68553598088982,89.79217676918483,60.26157061809495,6639.615108987758
63666397100,r492024-n303766,0,71.0,212.09406566431423,90.42467014421602,60.873274010432645,6661.5090518563975
64414857128,r8024255-n410412,0,71.0,197.83982230727173,81.57135046473483,54.82230727173319,6599.119464188081
64578521934,r8275852-n410412,0,72.0,176.36866158609192,71.64658251964754,48.1243153131698,6620.374613003096
64694626392,r5179276-n948219,0,72.0,202.6183632676709,87.27317497103128,58.504634994206256,6671.351680185399
66734143158,r5179276-n948219,0,71.0,206.793327375633,89.0035746201966,59.82454572535001,6657.465892165624
2072956784,r7269000-n303509,0,71.0,214.8027112570917,89.83696625858465,60.197670946551206,6664.860555389669
4267788194,r7141590-n303509,0,73.0,179.0302888989991,68.29003639672429,45.580300272975435,6578.638989990901
5767305669,r7269000-n303509,0,70.0,215.6359285928593,90.13891389138914,60.38913891389139,6671.845484548455
8214132759,r7462820-n303766,1,67.0,179.66316966580976,76.66426735218509,51.552442159383034,6679.990488431877
9934802831,r8972851-n303509,0,71.0,190.52127885862518,77.2041504539559,51.79040207522698,6578.8516212710765
13417365489,r9170217-n948219,0,71.0,191.4868415417559,79.54764453961457,53.436563169164884,6575.98153104925
14586851898,r4506251-n303766,0,71.0,210.8788679245283,88.04628537735849,59.14858490566038,6670.506191037736
16772751059,r5179276-n948219,0,74.0,209.31315998776384,90.86509635974303,61.0195778525543,6672.8966044661975
17694973436,r8972851-n303509,0,72.0,192.75484304932735,78.5829596412556,52.759694012134,6520.693748351358
18088427764,r9170217-n948219,0,69.0,182.17342052313884,75.07092555331992,50.41851106639839,6548.813883299798
18888127632,r8024255-n410412,0,71.0,192.75301742344246,78.95406546990496,53.01478352692714,6595.6341077085535
19654398853,r7141590-n303509,0,72.0,188.84343364578194,74.01504686729156,49.34583127775037,6578.128021706956
21730621891,r7269000-n303509,0,71.0,215.14729909365562,90.11873111782478,60.487915407854985,6670.872205438067
23734230281,r7462820-n410412,0,70.0,204.48921534936997,85.1520618556701,57.18356242840779,6666.217640320733
24417693069,r44132-n303766,0,72.0,204.8267988505747,85.62183908045976,57.52385057471265,6649.767528735632
25585431325,r4506251-n303766,0,73.0,174.91374049217004,66.85503355704698,44.91901565995526,6697.833109619687
28091049215,r6727430-n303509,0,72.0,198.08116875871687,83.65271966527196,56.177963737796375,6675.210041841005
29707875760,r7419443-n772143,0,73.0,90.48474717121819,28.540326218659708,17.27911641345885,9009.913516637152
29707875760,r7419443-n772143,1,64.0,85.65351369186318,35.940359772578994,17.61086401342157,9299.420229285115
31086945199,r7141590-n948219,0,73.0,210.32459427904263,87.50116754232342,58.660537069468766,6651.781961471103
32799364587,r7462820-n303766,0,72.0,162.58087921468203,63.554630815194194,42.72769953051643,6700.207639778062
34726248953,r6727430-n303509,0,72.0,193.75315434430652,81.18510523475445,54.518618456556936,6671.896114409066
34972778348,r6727430-n948219,0,71.0,201.01382352941175,84.20164027149322,56.65016968325792,6640.393947963801
38003894900,r7462820-n410412,0,73.0,198.0209023178808,81.46330022075055,54.66832229580574,6549.675772626932
40514386439,r7317916-n948219,0,74.0,189.04946817305043,81.64645907963626,54.85367869936621,6612.220446403968
41476745476,r1039410-n772143,0,30.0,26.049460431654676,0.0,0.0,0.0
41476745476,r1039410-n772143,1,29.0,25.82978417266187,0.0,0.0,0.0
44562577425,r7317916-n948219,1,69.0,209.15495729013253,87.91369661266569,59.11487481590574,6643.012076583211
49298458275,r7269000-n948219,1,71.0,202.78837990403613,83.35506632797065,55.83516793677674,6576.295230031047
49410606851,r5179276-n948219,0,72.0,205.79761790327427,89.02613397416641,59.80174226494443,6665.280865124662
49499879642,r7141590-n200569,0,30.0,25.713333333333335,0.0,0.0,0.0
49499879642,r7141590-n200569,1,30.0,27.846666666666664,0.0,0.0,0.0
53495152065,r9988778-n303766,1,74.0,211.25492203589292,87.93409826419536,59.0432480141218,6664.62283024419
56009600916,r9170217-n303509,0,73.0,184.53301929341018,73.98997744926083,49.6910548734653,6681.785266850414
56663362026,r8972851-n303509,0,70.0,196.57140151515154,80.36309523809524,53.935335497835496,6610.352543290043
59554969100,r4506251-n303766,0,71.0,184.01965534099244,72.76484967000734,48.87362503055488,6692.123686140308
59592122607,r9170217-n303509,1,62.0,172.90072114258956,69.18520252868181,46.49285881526575,6589.759541091079
59643007832,r44132-n303766,0,72.0,207.99983673469387,87.2673469387755,58.61574344023324,6655.028862973761
59869108874,r8972851-n948219,0,71.0,214.06205560485066,89.33540372670808,59.77166518781426,6677.152913339249
60262630821,r9170217-n948219,0,67.0,172.11261204819277,71.7356626506024,48.18481927710843,6405.638313253012
64433720229,r8024255-n410412,0,71.0,193.0073975518893,79.25625332623736,53.26024481106972,6613.268759978712
64913013875,r414303-n303509,0,42.0,28.751666666666665,0.0,0.0,0.0
66358256638,r7269000-n303509,0,71.0,214.05109226190478,89.45803571428571,59.93571428571428,6664.459226190476
67028347857,r8024255-n410412,0,71.0,211.5606724447101,89.74148236700537,60.26150627615063,6654.752241482367
38646905356,r9480604-n303766,0,58.0,81.76824145752543,32.033407112021656,15.776443257481525,8346.819276359112
38646905356,r9480604-n303766,1,56.0,81.6392366649594,38.142637374698175,16.34582754079169,8509.410611326553
40108309088,r4683026-n772143,0,31.0,25.87482142857143,0.0,0.0,0.0
40108309088,r4683026-n772143,1,30.0,28.21767857142857,0.0,0.0,0.0
56137721763,r4683026-n948219,0,55.0,74.4543354017062,25.85043143059294,12.683050999081024,8198.382936330441
56137721763,r4683026-n948219,1,54.0,75.3141001018194,49.99771800902387,13.05159121295221,8283.794983523472
21121345712,r9988778-n303766,0,73.0,91.67879876484459,27.543285899835052,16.30354337893008,9291.916870319415
21121345712,r9988778-n303766,1,71.0,94.2380739876699,34.46714422192723,16.6120567198251,9824.318453264825
1198345028,r4506251-n410412,0,50.0,32.79643500643501,0.0,0.0,0.0
1198345028,r4506251-n410412,1,48.0,29.752651222651224,0.0,0.0,0.0
43166214882,r216287-n772143,0,31.0,27.4384126984127,0.0,0.0,0.0
43166214882,r216287-n772143,1,29.0,26.634603174603175,0.0,0.0,0.0
43333387395,r9480604-n303766,0,54.0,80.54318199983173,33.926100033653036,15.092307476583095,8146.979769616916
43333387395,r9480604-n303766,1,51.0,80.43609815819732,39.687962729261315,15.60778086263952,8321.651834791632
52399270154,r492024-n303766,0,34.0,25.030689655172413,0.0,0.0,0.0
52399270154,r492024-n303766,1,32.0,25.5401724137931,0.0,0.0,0.0
10735000684,r7462820-n303766,0,32.0,27.939139691067833,0.0,0.0,0.0036265950302216254
10735000684,r7462820-n303766,1,29.0,25.2784516453996,0.0,0.0,0.0036265950302216254
10900277452,r4506251-n410412,0,64.0,87.11975410314818,26.17399684597862,14.970153612522633,7116.271771508674
10900277452,r4506251-n410412,1,60.0,83.20318556159103,32.453244553472345,15.320191577594766,7539.193037789849
22095739731,r216287-n772143,0,74.0,143.38125683615246,55.716970589729264,32.00483398520174,25220.47956350214
22095739731,r216287-n772143,1,73.0,140.1210705880361,68.4960210629688,32.107202722608825,27253.620722642692
34132486521,r4506251-n410412,0,31.0,25.913846153846155,0.0,0.0,0.0
34132486521,r4506251-n410412,1,32.0,25.943076923076923,0.0,0.0,0.0
51779082953,r8275852-n303766,0,67.0,119.98114508735462,69.99116886600062,26.797170112171756,8164.746315863496
51779082953,r8275852-n303766,1,66.0,132.0005144626173,81.36726396750143,31.098323229316748,8350.173978245974
55080362930,r2215649-n303766,0,56.0,72.26305486358464,20.841056968002437,11.919842503290477,8556.51141070353
55080362930,r2215649-n303766,1,52.0,73.92206009860276,26.03423211058976,12.194796213535199,8830.044486499752
9530319113,r368967-n200569,0,30.0,25.246750788643535,0.0,0.0,0.0
9530319113,r368967-n200569,1,29.0,25.758990536277604,0.0,0.0,0.0
55710519313,r9648383-n303766,1,31.0,24.48912290057243,0.0,0.0,0.0
16285697235,r9480604-n303766,0,59.0,87.33258140272929,27.729834240656203,15.810453335937309,8522.437507018529
16285697235,r9480604-n303766,1,56.0,87.3029217098357,34.46762200034177,16.2014549715597,8837.837975734199
8046636288,r9480604-n410412,0,35.0,26.14904471257245,0.0,0.0,0.0
8046636288,r9480604-n410412,1,33.0,24.118847585025335,0.0,0.0,0.0
27582354412,r492024-n303766,0,33.0,25.151805399325088,0.0,0.0,0.0
61292109663,r1051355-n200569,0,50.0,56.228203586607236,13.702601845133202,7.929926401990256,3732.5811132994713
64755108381,r810901-n303509,0,33.0,27.421879131255903,0.0,0.0,0.0
18114818157,r492024-n303766,0,71.0,100.55012433593309,33.40044961882873,19.839619205505947,10282.514461901712
18114818157,r492024-n303766,1,74.0,108.44492320058276,41.25515240571192,20.224382402069754,10191.646458937745
30143420805,r810901-n772143,0,41.0,30.506720137496423,0.6814666284732168,0.1589802348897164,5543.216556860499
30143420805,r810901-n772143,1,40.0,34.090495560011455,0.6210254941277571,0.17903179604697794,6224.981953594958
32044864205,r4506251-n410412,0,31.0,25.898466257668712,0.0,0.0,0.0
32044864205,r4506251-n410412,1,32.0,25.936748466257665,0.0,0.0,0.0
35772126170,r414303-n948219,0,60.0,85.50657568238213,32.53763072428207,16.146687519918355,8337.132790264553
35772126170,r414303-n948219,1,58.0,88.02494129957023,38.65547186008426,16.666961412273576,8422.909496519238
41446539706,r810901-n772143,0,75.0,137.76042380944432,54.64807457977933,33.30373566575974,27498.32628653458
41446539706,r810901-n772143,1,72.0,138.32380376904973,67.31796558113139,33.424669081440186,28793.1064197366
14110182116,r2215649-n303766,0,60.0,84.94815839330188,33.69002765427572,16.36152808971597,8222.410975386167
14110182116,r2215649-n303766,1,57.0,86.89429189393594,40.026489282058336,16.904174496951917,8357.867773219661
16134055238,r4506251-n303766,0,31.0,28.052,0.0,0.0,0.0
49299881674,r974863-n303766,0,35.0,26.701428571428576,0.0,0.0,0.0
51227622473,r7419443-n772143,0,29.0,25.4116091954023,0.0,0.0,0.0
51227622473,r7419443-n772143,1,28.0,26.107816091954025,0.0,0.0,0.0
55761022752,r4683026-n948219,0,55.0,73.38637783881268,18.054841415257684,10.098426571538619,8585.206457140182
55761022752,r4683026-n948219,1,54.0,74.41855439685241,39.55715782160611,10.64859737725926,8847.686685793067
1848338097,r2215649-n410412,0,32.0,26.188782435129742,0.0,0.0,0.0
1848338097,r2215649-n410412,1,32.0,26.00231768231768,0.0,0.0,0.0
41025730727,r2684277-n772143,0,30.0,26.853640350877193,0.0,0.0,0.0
41025730727,r2684277-n772143,1,28.0,24.728947368421053,0.0,0.0,0.0
41834540709,r414303-n948219,0,57.0,79.87631642051338,32.5731910599281,15.156394880111854,7958.637356916942
41834540709,r414303-n948219,1,54.0,81.36507057605318,38.7725404560241,15.737093630959876,8254.26987658822
46137785735,r7141590-n200569,0,30.0,25.686666666666667,0.0,0.0,0.0
46137785735,r7141590-n200569,1,30.0,27.913333333333338,0.0,0.0,0.0
63588701189,r7141590-n200569,0,30.0,25.724285714285713,0.0,0.0,0.0
63588701189,r7141590-n200569,1,30.0,27.860000000000003,0.0,0.0,0.0
21132350786,r492024-n303766,0,34.0,24.977033898305088,0.0,0.0,0.0
21132350786,r492024-n303766,1,32.0,25.54168079096045,0.0,0.0,0.0
31402513783,r9648383-n303766,0,32.0,26.37008383256006,0.0,0.0,0.0
29982965837,r2215649-n410412,0,73.0,98.61767535450731,40.01995912313703,27.850085009405294,9669.8216520764
29982965837,r2215649-n410412,1,68.0,98.53353675300245,45.12734228042252,28.09290442772392,11630.045896035306
1262769788,r7753495-n948219,0,30.0,25.45399617910537,0.0,0.0,0.0
8501975806,r216287-n303509,0,43.0,48.41478082992402,6.599649327878434,3.5775569842197545,30168.26557568673
15840561184,r974863-n303766,0,72.0,105.05277548294286,38.946023427866834,23.209196465269216,5116.425308261406
17200905928,r216287-n772143,0,39.0,33.84699395770393,1.5833836858006043,0.4498489425981873,3691.7607250755286
17200905928,r216287-n772143,1,39.0,36.76197885196375,1.634441087613293,0.5063444108761329,4337.061329305136
22975536590,r4605940-n303509,0,40.0,43.30092794319374,3.4451706608569355,2.064956023561688,29977.858871943838
23945893278,r4144777-n303509,0,46.0,48.37463203463203,6.255411255411255,3.8093745335124645,29645.63621436035
29456644149,r4506251-n410412,0,36.0,36.77992812139498,3.3183068595261336,0.0019522584080220074,2940.011181116337
30893729795,r810901-n303509,0,45.0,48.29962427042801,6.910262645914397,3.7169260700389106,30476.019576848248
42715354933,r6727430-n772143,0,31.0,27.164175824175825,0.0,0.0,0.0
42715354933,r6727430-n772143,1,29.0,26.39598901098901,0.0,0.0,0.0
45979700792,r2684277-n303509,0,44.0,46.23237170433145,6.710569679849341,3.643008474576271,30548.945856873823
49512419329,r2684277-n303509,0,31.0,26.975,0.0,0.0,0.0
52536025725,r2684277-n303509,0,44.0,46.141954605819144,6.947482796088374,3.7541953398527106,29930.39756127007
27608142619,r7753495-n948219,0,37.0,25.540955485570937,0.0,0.0,0.0
63854493412,r2684277-n948219,0,49.0,63.386596875503294,30.86908788318033,7.192301497825737,1055.48945079723
197545461,r2215649-n410412,0,51.0,72.81163375455131,37.13007781823374,15.177211394302848,2567.6463910901693
222085474,r974863-n410412,1,43.0,58.3413021034261,30.98517497933315,8.370588775603931,1499.7173509690456
19831251563,r2215649-n303766,0,38.0,40.86386737252717,20.697926203080844,1.5812203956533852,29473.26768299964
20436094429,r4683026-n303509,1,31.0,26.38762195121951,0.0,0.0,0.0
45667736862,r4506251-n303766,0,48.0,72.00946232565816,37.84001815630932,10.287839399191219,1547.3595568209953
36683655298,r7462820-n303766,0,48.0,69.23590685724773,39.23340741798014,10.716962665416064,1559.9209673143976
42125849407,r492024-n303766,1,59.0,80.97649849199145,37.604579660917686,11.677066557348247,1458.8365787239027
46013556703,r2215649-n410412,1,42.0,53.58821389555458,26.8891119431554,4.5700520079552565,1000.6509677961512
66403727045,r4683026-n948219,1,46.0,61.49234321305842,30.890617329405988,7.09020618556701,1022.6772827687776
1271334514,r1039410-n303509,0,48.0,64.8283383561503,39.30174958600331,10.102300895878548,1588.890355162873
3328773521,r9170217-n948219,0,50.0,86.51463584302027,54.233454396411375,17.638541322737467,2576.3594548745914
41396127802,r7141590-n948219,0,59.0,92.26633060556463,51.87838516093835,16.723251500272777,2700.2166066557556
6954428232,r1039410-n303509,0,39.0,26.85482026143791,0.0,0.0,0.0
63037731536,r2215649-n410412,0,52.0,62.1083753485702,30.08372955345147,8.751274998220229,2624.8586020536295
10181979328,r7141590-n303509,0,56.0,91.91328160132188,49.59182606331245,16.04977986007258,2665.7224668221415
60200437382,r9988778-n303766,1,42.0,63.04077092733858,33.45921774144595,8.389854515287023,1531.2569555452135
34065954947,r810901-n948219,0,39.0,42.73990543986835,4.699478895897891,0.9650209383148648,1155.9197344129288
40677747703,r810901-n948219,1,38.0,39.22222491015219,3.8522730063609796,0.9485472898298009,1026.3069070249119
51664482656,r7462820-n303766,0,42.0,60.33914246410788,34.176040919923274,7.832794063511131,2527.3519074651736
14406186231,r414303-n948219,0,32.0,27.058045977011492,0.024033437826541274,0.0,34.95715778474399
19326647311,r4683026-n948219,0,41.0,38.2854277562492,14.50415193970106,0.7827790316399097,27298.84371673125
31007039776,r974863-n410412,0,47.0,70.98996620291823,36.32507634882932,14.517801153715643,2622.069358669834
47780592637,r7269000-n948219,0,55.0,65.62081524429719,29.202140218591722,7.593920179747896,1440.5395007426025
56940367385,r9988778-n303766,0,43.0,56.89714822324191,38.16294952513072,6.454572617650197,1134.5292924981325
3516563303,r7141590-n303509,0,56.0,98.57707777830122,57.62661939982098,18.241214019880342,2625.438038818486
39471827543,r7141590-n303509,0,48.0,59.66203118319673,30.20531060392428,5.292901911198843,1074.685557304127
46417526818,r9480604-n410412,0,43.0,42.961711232241726,22.160908193484698,1.6900296150049359,28927.145413966264
46806988505,r4683026-n948219,0,50.0,66.40031265147843,38.202698335756985,10.67959282598158,2578.0522970862285
6077102607,r1039410-n303509,0,47.0,59.09348054529963,30.433942563108744,7.430450907997394,1592.545124212707
16639294675,r4506251-n410412,0,45.0,62.776976071307736,36.022050330754965,5.619194287914318,1083.3160780745045
12806739009,r8275852-n410412,0,43.0,54.522145850427854,25.105951822764037,4.465303012542492,1078.7275084984176
23044743590,r4683026-n303509,0,32.0,28.255875613747953,0.0,0.0,0.0
25257204372,r2215649-n410412,0,45.0,57.43339250567396,33.0940698955616,5.645596918643525,1145.9210920357482
42307602034,r1039410-n303509,0,50.0,76.13141345136148,41.26562750569293,17.02325283043074,2582.549761057122
50029524041,r4506251-n410412,0,56.0,96.86443734440786,54.018137597944175,17.51965766861312,2647.985923571994
15749658853,r7141590-n303509,0,52.0,75.4317492065591,36.350866172970115,12.393711980957418,1510.3156241734991
21492435643,r2215649-n410412,0,54.0,70.9033542156095,31.43316932866437,13.023613224784897,2614.8653979698884
48177249850,r4506251-n303766,0,46.0,66.65542752009296,30.91407636938769,7.978825731900197,1057.457570769181
54241236303,r4144777-n303509,0,40.0,39.96772520879896,23.978661333960712,0.38174332431478647,29481.572826726268
31429917866,r7317916-n948219,0,44.0,45.36714769986676,21.794424362354608,5.0981273997785035,1578.4465232374453
566295061,r4605940-n948219,1,42.0,59.77529722868628,34.00131316206329,6.095894369140433,1026.4950079202506
3162548193,r492024-n303766,0,54.0,71.07321670764749,41.239886611016274,9.614336502169113,1130.8228532051182
18498224886,r7141590-n303509,0,52.0,75.22357315483194,37.66914173053073,9.813066429230133,1029.8712277800744
21605604538,r7141590-n303509,0,52.0,76.86920373590621,36.2976804846581,15.058506759409884,2577.585376114882
62319208416,r4605940-n948219,1,31.0,26.04212637913741,0.03911735205616851,0.0,35.43129388164493
1492584817,r4683026-n948219,1,48.0,65.85801890348988,31.235028005170186,10.089347264110298,2462.7711654459285
22546131896,r6727430-n303509,0,57.0,101.29107826752862,64.3576460454341,23.293210019085713,8952.873376452506
61880322013,r9988778-n303766,0,46.0,64.31140839190036,36.780251896179806,8.665506923665715,1133.3732864797162
7446995639,r7317916-n948219,0,61.0,96.43254096581519,62.71695471542429,22.492586762808468,8961.283729559136
23826543573,r8141575-n303766,0,49.0,75.22142554460741,44.84744821344085,10.90049986629091,1534.7282825581635
33269320085,r974863-n410412,0,43.0,58.17767345415778,35.22828358208955,5.248123667377398,1125.43802771855
55347495465,r8473362-n410412,0,49.0,64.96028237487928,32.8303086810296,8.937331424194998,1068.3985215277546
3206904286,r974863-n410412,0,46.0,64.45736589343966,32.80234384438806,8.042451975353389,1115.7940225927268
3920101496,r974863-n410412,1,44.0,58.88557279328658,30.940591759951694,9.651957824329974,1519.7019678882748
29809923185,r8024255-n303766,0,43.0,55.55823008849557,28.084248535987577,5.107195644446107,1080.2229976239032
40391159212,r414303-n948219,0,42.0,58.84539732793322,35.51693626058825,5.953596917985824,1092.4585780258317
49002321368,r4144777-n303509,0,37.0,40.095834143732375,12.326558397354857,0.8402946610911213,29480.97104444228
10119419143,r6727430-n303509,0,47.0,69.15767235046809,38.88081209071159,9.577012643983558,1071.2385633683948
14516593920,r2215649-n410412,0,48.0,54.43341224717431,25.74914381989076,8.722995052439467,2620.94675736916
66289603663,r4144777-n303509,0,40.0,40.38836330787551,21.636959021105362,0.6052804467438614,30015.295803564095
8662301724,r9480604-n410412,0,42.0,40.74037210550716,12.875850962594246,0.9610326232828246,29807.672205548643
12490711639,r414303-n303509,0,50.0,75.61572648821297,41.86122221733843,11.657846541543961,1070.6468580135672
24613871280,r1039410-n303509,0,52.0,78.78491565334878,42.4643119088979,13.294383323682688,2522.1303609341826
31976223819,r7269000-n948219,0,46.0,53.94906999492456,21.91538780971716,5.7710607668527665,1576.932727356619
32669422700,r4144777-n303509,0,41.0,41.67319258128431,14.080391074154676,0.7835125215188229,29783.577094228083
33262491567,r4506251-n303766,0,47.0,68.53878100706429,32.314409212606044,8.759007773942775,1088.2839908390051
16674857998,r7141590-n303509,0,53.0,80.8611414348369,41.50070429298588,16.98019976310145,2552.699907161379
36076076552,r7462820-n303766,0,52.0,62.53899844607567,31.59292184504327,11.657717396383655,4661.210637372242
58882659096,r9170217-n303509,0,53.0,71.80642326383997,37.842407381321316,11.39456261445274,1562.4084730243696
52186132222,r1039410-n303509,0,53.0,89.25744415716997,53.92929348971915,16.981069474805533,2644.2534648631254
48873019877,r7462820-n303766,0,45.0,75.23476757663374,36.91028750954401,18.5796402688596,2906.0547031654837
58022511108,r414303-n303509,0,53.0,75.48241002830571,43.14336260181388,11.462682687308648,1073.2250158858528
21833742164,r8275852-n410412,0,44.0,59.56531317383715,31.367953588664133,7.9836396618407095,1580.2841667522332
37456809816,r1039410-n303509,0,48.0,66.84186162736218,32.75596508581047,8.480625401287591,1090.3232686067295
44049753566,r4683026-n303509,0,34.0,28.728484848484847,0.0,0.0,0.0
9558546730,r9988778-n303766,0,48.0,65.47742671908408,34.6294572039451,9.380543485757638,1088.2392923649907
43146431286,r414303-n303509,0,47.0,68.0141907129395,35.76839214921687,10.63014232793917,1576.9353187755898
61874440916,r9988778-n303766,1,44.0,63.87416628338935,29.964797452679992,8.248080665133557,1022.4060852644614
64372657077,r2215649-n410412,1,43.0,55.82970704777169,26.53842660611727,5.0497128355816745,1025.0981167356751
23991063027,r414303-n948219,0,36.0,37.72925411702873,15.046732655921513,0.7902067274001402,27231.21483006307
27212197528,r414303-n303509,0,50.0,64.87835724853569,37.688828763097625,9.822115482053464,1591.6005147848646
42098264221,r4683026-n948219,0,49.0,63.1261887755102,37.310684273709484,7.63547418967587,1152.536974789916
49500758941,r4683026-n303509,1,31.0,26.404975450081835,0.0,0.0,0.0
54584512727,r414303-n303509,0,50.0,65.7423807080554,37.709756190259014,9.726554928453337,1593.997235049313
383286615,r4605940-n948219,0,44.0,59.97746723773078,39.158229532293426,6.101724596728208,1157.2002128818885
31424821447,r7141590-n948219,0,55.0,79.44361805712563,43.409887708192024,12.16316225789434,1510.034622051398
7264797489,r974863-n410412,0,63.0,111.68810134384262,69.01382119180026,24.826208226800762,8954.863598412969
57550345073,r6727430-n303509,0,47.0,66.18408978417267,34.4374964028777,8.844992805755396,1009.9039856115108
15166267648,r2215649-n410412,0,45.0,57.41596074254413,33.6997768310002,5.288172043010753,1126.4300365185636
43181032848,r414303-n303509,0,48.0,61.94448730590068,31.448955610109024,9.553094572485362,2690.037139245214
588635955,r1039410-n303509,0,48.0,68.86212928641775,35.40032232070911,9.680526457158205,1086.07988181574
8959452085,r4605940-n948219,0,32.0,27.25139278557114,0.023046092184368736,0.0,35.875751503006015
43039812557,r1039410-n303509,0,50.0,74.98430104882459,41.157656419529836,11.406394213381555,1431.0169981916818
54564603847,r2215649-n410412,0,48.0,63.98833227274952,31.728645552890498,9.08323951245778,1559.4635322335896
66937116434,r492024-n303766,0,55.0,71.76142019276598,41.3675925435577,10.74833183286554,1107.2380845204682
10163629406,r7462820-n303766,0,49.0,72.26988834812482,40.948556453566475,11.606267480014974,2127.6301173776124
21202234480,r9170217-n303509,0,54.0,65.56522503328895,31.471637816245007,10.390146471371505,1480.0482023968043
32337534525,r9988778-n303766,0,47.0,72.79194030781632,35.94844820472471,18.197662591874725,4729.338657909382
48920012881,r4506251-n410412,0,50.0,76.54211332031184,39.09924709103354,10.074673210797817,1064.4725630623864
38286911624,r492024-n303766,1,67.0,99.1190556013455,49.47360272660444,16.961774074981623,2586.7598516406406
35488171749,r414303-n948219,0,73.0,153.1004978660041,75.90473461226127,45.74077887649845,25264.09872415348
65075341916,r4683026-n948219,0,73.0,117.96913178789057,53.95636388671499,28.951221465533834,17940.91623754614
36918495801,r7419443-n948219,0,71.0,97.41131272973152,50.07086788308922,26.17008393620645,17797.936864822543
36918495801,r7419443-n948219,1,67.0,91.90360301276333,50.60974902959636,25.812495392648064,17839.30573497749
66976381889,r414303-n948219,0,32.0,26.325434782608696,0.0,0.0,0.0
58602988337,r414303-n303509,0,72.0,148.1568399168399,78.45979020979021,43.366707616707615,29471.448804573803
58602988337,r414303-n303509,1,69.0,138.1651259213759,79.45386032886033,42.73034398034398,29855.325954450953
28250083927,r9515777-n303766,0,73.0,175.46482448278684,87.30224384659417,51.435268623763186,28972.77548941042
10337607085,r810901-n948219,0,31.0,26.12546875,0.0,0.0,0.0
12390826279,r810901-n303509,0,58.0,58.42340024834437,15.947640728476822,9.30194536423841,28007.56332781457
54578511230,r414303-n303509,0,66.0,40.83640883434617,6.80427557181348,3.7761323185242,10975.01618581234
54578511230,r414303-n303509,1,63.0,39.58323204908844,7.127559148032332,3.707829370464334,12345.615886876316
60943579544,r9648383-n410412,0,43.0,27.93441340782123,0.0,0.0,0.0
60943579544,r9648383-n410412,1,43.0,28.634115456238362,0.0,0.0,0.0
60770293370,r1039410-n948219,0,73.0,123.38103177742109,54.771222266509284,28.3540114588928,21765.228976255807
44312845909,r414303-n303509,0,73.0,90.87946303027859,41.282673403704926,23.00767771514064,15557.740796484557
44312845909,r414303-n303509,1,68.0,84.30575409810363,41.32381905856162,23.027203479608588,15660.540143386033
1495559714,r810901-n303509,0,68.0,88.71789947187423,38.58655735691476,24.193318594939818,15118.889707688528
7539408726,r4605940-n717709,0,39.0,28.959244816296835,0.38668606766096764,0.0523826846125864,4966.3084758093855
29969372480,r810901-n303509,0,43.0,36.79487071977638,3.0157232704402515,1.28424178895877,18378.90635918938
32793031471,r7753495-n200569,0,33.0,29.04095193287854,0.4088449776523171,0.05677095585352466,5331.018505449698
52797009411,r414303-n948219,0,72.0,158.78079716249331,80.36259527338046,46.8368890488834,26927.992628476302
3579125299,r4683026-n948219,0,44.0,38.158641933597785,0.0019063590817266116,8.752796518487657e-05,30238.142982182806
26521362510,r7419443-n948219,0,36.0,32.74590144230769,0.5126201923076923,0.04146634615384615,6099.289663461538
26521362510,r7419443-n948219,1,35.0,32.465432692307694,2.9513221153846154,0.515625,16795.640625
42734188731,r7419443-n948219,0,72.0,167.1021879923369,91.28211139259652,37.50923230108015,31027.367250223717
42734188731,r7419443-n948219,1,71.0,161.34012569163482,90.95369670157926,40.66809720069069,31082.023046092185
15072284581,r414303-n948219,0,73.0,172.1621078643995,85.69083196377196,48.97433514924571,27517.2782802819
40475480865,r8473362-n410412,0,40.0,37.81488724111811,0.00922389134834201,0.0016118794546743696,31061.177998006955
35566704180,r810901-n303509,0,68.0,147.16969944103363,76.22361709276399,47.771266684993435,28005.65417392101
49812772277,r8275852-n410412,0,73.0,130.30363070299944,60.57781853651607,32.654012854223666,21816.525873976858
15069575251,r4683026-n303509,0,72.0,45.049355428979894,3.7530285449644225,2.1359994764701,30649.32428901871
15069575251,r4683026-n303509,1,67.0,41.145996581953824,3.7088179550620057,2.0490872205847928,30809.92452234189
21879720755,r492024-n410412,0,72.0,159.27029819938602,83.59469000429134,28.434966824662954,27626.645947210727
21879720755,r492024-n410412,1,74.0,159.76202454023468,83.69176160360084,27.791986656077484,27723.310626787654
7411786693,r492024-n410412,0,44.0,31.395645933014354,0.10931174089068826,0.008097165991902834,946.7442031652558
20727717921,r3974592-n948219,0,69.0,154.65439735232482,96.96088802282692,54.78882625405,6695.089031170498
43249078686,r4506251-n410412,0,73.0,174.12351663064703,92.84779332309617,38.62286251872074,8117.632820053461
25741796929,r810901-n948219,1,30.0,26.002633228840125,0.0,0.0,0.0
41393387839,r810901-n303509,0,72.0,189.2844682121871,97.54981467346981,44.709649003575834,8303.330721597205
46405626619,r414303-n303509,0,43.0,27.982035342026723,0.011446465062260184,0.00012055100630687582,6.177806853765749
56555949413,r4506251-n410412,0,33.0,26.233958986731,0.034016887816646565,0.00024125452352231604,17.972738238841977
62534949826,r974863-n410412,0,55.0,88.26563808869136,47.307846021037825,18.18113150238194,13457.58025865652
57144032820,r8275852-n303766,0,72.0,165.4098345157473,96.56389063431453,20.9535072314327,4211.010515518176
4774237816,r44132-n303766,0,44.0,65.389252371264,31.14230449608849,10.49571596412299,1597.2698226208556
7602490771,r810901-n303509,0,66.0,126.22768731268731,62.862637362637365,28.663336663336665,3609.883116883117
15753662504,r974863-n303766,0,42.0,29.91856605065024,0.11464750171115674,0.013004791238877482,582.0886379192334
20282385430,r4506251-n410412,0,32.0,26.16193918531268,0.04102122776821572,0.0005737234652897303,17.620481927710845
29199310364,r7753495-n948219,1,41.0,66.06974942107628,37.436404797290294,9.480956001797257,1532.8348771299209
35665496343,r4506251-n410412,0,66.0,157.08995086360932,83.54288266825492,34.68835616438356,4259.977665276951
41333645421,r44132-n410412,0,47.0,63.216858029669815,35.0,6.710389324730552,1079.4038908033335
57688122181,r974863-n303766,0,45.0,29.53947741694662,0.4404628592758492,0.025009331840238895,181.42179917879807
8019788470,r9170217-n948219,0,41.0,57.163365910220314,32.865306798551785,5.949785844435505,1037.1202820700917
29764026167,r7462820-n303766,0,41.0,58.66538802387839,30.277924795372023,6.084087225880567,1080.724065070671
48229135701,r7462820-n303766,0,47.0,63.49155260634809,37.66822425190493,9.682464550638342,1569.9465206640764
56804981650,r7753495-n303509,0,46.0,45.165992947343334,12.629335239456754,2.1174076721467716,1073.2538861091255
51582466025,r9480604-n303766,0,46.0,67.93043826193558,36.52353061363482,9.216951576653273,1137.4951644759246
55906935267,r810901-n303509,1,44.0,60.47537708186723,32.08979722157062,11.030696953110747,1529.7097375348608
14883074578,r9988778-n303766,0,30.0,24.26613065326633,0.0,0.0,0.0
41124080673,r9515777-n303766,0,45.0,41.7307283634634,14.83716174457772,0.8862057473086792,30557.24169953632
48415554726,r9480604-n303766,0,40.0,54.73419439218848,27.15626623667473,4.287825853265251,1059.3280480157664
11149245646,r7141590-n303509,0,51.0,71.65166544666647,31.53883992621439,10.732819957251193,1575.5085644013702
27953383585,r7753495-n303509,0,50.0,47.09354483414515,14.011399709545168,3.44433163258749,1000.8170648639617
38761172982,r8024255-n303766,0,39.0,38.802840124734914,16.2329275365741,0.03794733447757295,30643.659952744772
43945538981,r1039410-n948219,0,42.0,40.86847797685704,16.506532288167225,0.8134098544232923,28055.681037700633
2137432275,r414303-n948219,0,33.0,26.932929577464787,0.014084507042253521,0.0,28.16948356807512
26973900767,r4506251-n410412,0,51.0,77.83064309634386,40.10219395559721,10.35225941595579,1084.501574493888
33343673189,r7462820-n303766,0,43.0,60.05678875835061,33.679509329647544,8.172790447669508,1551.3243300314828
34646312695,r9988778-n303766,0,44.0,58.85546931639972,35.30735018124791,6.861583155513278,1112.25338715068
34650403077,r7462820-n303766,1,30.0,25.819310218978103,0.012773722627737226,0.000364963503649635,20.977737226277373
34763377476,r4506251-n303766,0,48.0,62.45431705560043,35.22820843065773,6.48780807264948,998.0402759283111
12749192034,r8024255-n410412,0,57.0,45.05811370503231,19.967907297808054,3.362265047697722,1300.4184272765335
35080402666,r44132-n303766,0,44.0,52.861294122032135,29.38870252338887,4.691676916769167,965.1165716202617
42596054016,r414303-n948219,0,42.0,55.32544414776192,23.492546727498265,4.8919117801652545,1078.7653638332317
65646176711,r9170217-n948219,0,51.0,75.33558464709488,37.44847083727926,14.392485098323213,4369.526405214194
9740928447,r8972851-n303509,0,53.0,78.76001011232884,36.74234059416764,14.12155292574271,4530.410273579491
58156981987,r4144777-n303509,0,43.0,60.29867930406675,31.44185140832043,7.4914371391574415,1575.4446748644255
59711965846,r7419443-n948219,0,44.0,67.58891943288585,40.76266686750391,10.516070117301501,1498.992826344825
62826722126,r9648383-n303766,0,44.0,61.56987357887919,28.12021174420942,8.233655714636706,1531.6587969891225
21270529586,r7753495-n303509,0,54.0,91.95117140273219,53.13623484671983,16.877836816802823,2681.0021093716728
53775022128,r7753495-n303509,0,52.0,52.68095416719777,18.276043847988785,4.948868292149972,1015.7825536719049
55935947742,r7753495-n303509,1,41.0,59.261552868965985,34.69720678371078,7.955214609737516,1536.407706558626
18649747802,r5179276-n948219,0,46.0,58.62262204609549,31.11125158027813,5.760478459593504,1042.1834338228143
27665904777,r7753495-n303509,0,46.0,45.31312204989885,9.086648685097774,1.7832097100472015,1032.877275792313
30140094246,r4506251-n410412,0,53.0,75.78865200288105,40.417234565165195,10.14828152990932,1524.308844441982
43705989916,r7753495-n303509,0,50.0,50.31989649805447,18.270505836575875,4.556097832128961,1515.9129182879378
48069463482,r9988778-n303766,1,41.0,54.512394734237354,29.949816886073442,5.29080471147184,1023.2789270513708
19351476050,r9988778-n303766,0,44.0,57.50883289276002,35.997318524998576,8.134511153794953,1615.2012627655326
30201327384,r7753495-n303509,0,41.0,38.02653767820774,1.9714867617107943,0.07942973523421588,726.8126272912424
34264990832,r8972851-n303509,0,47.0,71.55696071879842,36.05959735382263,14.101256846706724,1600.123160471923
21292581649,r810901-n303509,1,46.0,63.60690598340317,35.973892109461175,8.552599490326724,1535.8005069884305
23921389584,r7141590-n303509,0,55.0,92.50761418499413,51.964230152687996,15.932621514396365,2682.1754706185543
33438932591,r4683026-n948219,0,45.0,52.5058048754004,27.7576144198925,6.405532330745426,1059.937238720886
34237671302,r44132-n410412,0,32.0,28.52400196656834,0.010488364470665356,0.0006555227794165847,60.50508030154048
26425153812,r4506251-n410412,0,55.0,90.03887637461652,48.83204845330919,14.950810485324238,2661.994949850122
3792599087,r7753495-n948219,0,42.0,67.35010769063418,39.64701403241597,10.037274738025308,1511.79881431524
6109657438,r5179276-n948219,0,46.0,60.602749884963444,33.94468019837415,6.783168873664298,1071.6203026739609
40004119704,r4506251-n303766,0,45.0,61.69635696094287,32.26185563177365,7.502816351569907,1576.4253713308424
60248171453,r8473362-n410412,0,45.0,48.96781673993621,26.990845616757177,4.255995172829929,1066.117834669425
61644808089,r7141590-n303509,0,51.0,72.48934506537041,36.82319829239104,14.340921812870764,4796.676114867908
46249256169,r9988778-n303766,0,47.0,60.42917948717949,34.94108527131783,8.869481216457961,1532.9416577221227
59157356526,r4506251-n410412,0,50.0,64.09112217237397,33.245832623469056,7.2021220209362635,1599.2281693073617
39604036486,r974863-n303766,1,40.0,53.544544866038805,24.554179631215153,7.5967799193935726,1462.182763589283
46636345095,r4683026-n948219,0,46.0,54.30944723938101,28.80818951792651,8.005625252074974,1575.1697127937337
58361456036,r414303-n948219,0,43.0,63.98348464013952,37.18525634814447,11.264293504142762,2607.5434613648126
2839751274,r2684277-n948219,0,60.0,66.43456537618701,34.858671832819894,7.304951249722108,1074.4800711404707
32874726116,r7753495-n303509,0,49.0,48.658948683772074,16.815689641914233,2.9122087509291776,1090.4918488708893
36981148582,r4506251-n410412,0,53.0,76.67677982957315,41.77234171167834,10.628960864224013,1512.6433125987169
12634738497,r4144777-n303509,0,39.0,41.003444979757475,12.976454240352345,0.8826222004250449,30590.924472780775
44477292908,r2684277-n948219,1,43.0,62.1130340924561,29.019992609735702,7.430832960578774,1531.6201793111495
42666593714,r7462820-n303766,1,40.0,57.943400706535456,30.354882664647995,6.696719656825637,1022.5620489528135
53756095003,r4144777-n303509,0,54.0,90.29267776951599,53.832124233203864,16.55139613153183,2640.763335159621
2879535954,r9988778-n303766,0,44.0,59.12126017019232,38.18499746578814,7.2039640408675005,1123.4789126897324
56956557043,r44132-n410412,1,30.0,26.85545608108108,0.010135135135135136,0.0,49.44493243243243
22287509203,r810901-n303509,0,45.0,60.899428624842336,39.32115803747009,6.045132603052225,1157.0763884451828
60178411212,r2215649-n410412,0,51.0,64.49355216978405,38.60049960774599,9.603678929765886,1513.281803542673
62036077759,r9988778-n303766,1,41.0,53.305117385439836,22.725730013488388,4.8523750501257705,1005.4743538332543
5371942709,r4506251-n303766,0,47.0,70.15187913494285,42.71681742261556,11.057504175614412,1484.8324331359406
7170057274,r1039410-n303509,0,38.0,26.729900442477874,0.0,0.0,0.0
18101168527,r4683026-n948219,0,42.0,39.65427866831073,25.418026643456397,0.5588597954594908,29977.04666231474
20468682254,r810901-n303509,0,49.0,73.40910456916063,43.345550562534854,9.911729589661167,1153.6041919506674
39283965492,r9988778-n410412,0,44.0,67.7903352364222,38.98894744546919,9.926529790660226,1526.8966110379154
49626076562,r4683026-n948219,0,44.0,48.96883379529822,24.91738014577559,4.903911302740991,1051.7603736782671
3432049699,r7753495-n303509,0,52.0,50.133695459509795,14.663160439009543,4.592322704241491,1590.3164377920614
36754323975,r4683026-n948219,0,48.0,63.68319630684891,31.367146343515948,12.85900866784482,2621.9013765162717
55089695405,r8972851-n303509,0,46.0,62.53344729689281,29.015023477017316,7.142401035226108,1086.623750941046
55932449331,r4144777-n303509,0,41.0,44.91749634437747,21.37319447911837,2.536895039052748,28070.88833410607
10834538387,r4683026-n948219,0,42.0,39.63171416398409,24.74810641923878,0.11565044499147889,29885.957252414315
32142123091,r7753495-n303509,0,46.0,44.76318250025433,13.648301061412731,1.9279010817593,1078.5849172572823
39625865617,r4144777-n303509,1,51.0,86.29421185451342,46.11535745992688,15.447651536864475,2615.897409548576
66570373422,r7753495-n303509,0,38.0,26.21328989080662,0.01549841493483621,0.0003522367030644593,23.829165199013737
9247037017,r9170217-n303509,1,43.0,67.12123476865942,31.879559330352073,9.122484333739868,1023.6530056145825
19010204079,r4683026-n948219,0,51.0,66.54291451405615,34.543670686764315,13.380294145183118,2646.768083204957
27564535839,r2684277-n948219,0,44.0,58.15228248951951,32.62087498656347,5.231903686982694,1051.3421261958508
18331731730,r9170217-n303509,1,44.0,67.03787638243698,31.633936519660246,8.759385022060682,1019.9020583490446
5791101525,r8024255-n303766,0,38.0,38.434374999999996,9.773852099676972,0.06235579141670512,29019.396775496076
27324019132,r44132-n303766,1,40.0,47.04390432010385,28.459996563770687,4.562205295611172,997.6327625374645
29409089616,r8473362-n410412,0,49.0,61.98566172773785,29.577588501463936,7.91491438204241,1088.7727205512672
63348892482,r7419443-n948219,1,42.0,65.18979119546927,38.55707746032895,9.673457940543182,1515.7011417301464
64752859304,r414303-n948219,0,39.0,51.40745536126691,30.3543912900033,3.4361464863081492,1087.5566215770373
7333700279,r44132-n303766,0,40.0,51.57843683596683,26.601044878656676,3.9688453611541594,1120.5497915035708
23355759569,r8972851-n303509,0,43.0,54.83556582735759,28.91986692072346,4.504763564889672,1090.1010657161576
64933720210,r9480604-n410412,0,52.0,73.51314765223819,38.61314916803842,14.188004435710125,2622.953220277684
49350620721,r9170217-n948219,0,45.0,70.74322344792202,41.1447216521293,10.720241149307338,983.473255515649
58283216580,r4144777-n303509,0,46.0,61.855640557897644,35.138668689176946,7.518035144399354,1602.3981127615145
8047101416,r2684277-n948219,0,59.0,58.411933888145256,31.1924188636055,5.400977710527847,1132.9086888203458
27528619132,r9480604-n303766,0,43.0,64.04136535116011,37.818976133231686,9.563752223460193,1559.238335385758
48232555752,r810901-n303509,1,49.0,73.15835745123856,33.368400747114116,14.41311736427937,1536.4568021066168
62719979795,r9480604-n303766,1,43.0,64.74280307594174,30.196498812856586,8.980970268258975,1022.4072433466813
29459810629,r8275852-n410412,0,38.0,40.44679900340615,15.078279753320576,0.9959373088599214,30515.534389782668
44018677058,r44132-n410412,0,46.0,60.79916936277957,32.19304168425001,5.7959863084353165,1038.0186149012989
45528272746,r7462820-n303766,0,45.0,59.15287002220902,31.918662180882645,5.996283835785122,1154.86901070871
8916268168,r810901-n303509,1,54.0,87.65871806118345,46.40040134448129,15.034314271364321,2617.205508373464
10682722497,r7753495-n303509,0,55.0,75.08928064713598,42.06623699169217,16.025816353301266,4671.802888500219
19407450719,r4144777-n303509,0,32.0,26.853219026548675,0.0,0.0,0.0
20571430200,r9480604-n410412,0,54.0,77.51009029149662,39.26980622627371,16.26245843061241,2615.8499879239766
623371232,r7753495-n303509,0,41.0,38.749186046511625,0.47017189079878663,0.01769464105156724,1001.2416582406471
15441848635,r7462820-n303766,1,41.0,59.68306206184446,32.21928156078474,7.200641269496223,1022.6427911526547
21637936672,r7462820-n303766,0,40.0,43.94086309523809,10.255952380952381,1.8537946428571428,1089.454613095238
50114425633,r44132-n303766,0,44.0,66.74083921907288,33.158621965888415,11.267032661999199,1567.1562779508374
1142616489,r7141590-n303509,0,48.0,61.08741432899241,31.76224574103946,5.604457646457096,1074.953023566904
11782132545,r8141575-n410412,0,50.0,73.16295578126501,43.33648742256227,15.544039183442798,3396.1196833613617
39616236927,r8473362-n410412,0,49.0,62.32154012471407,29.580421771691785,7.588568921756024,1059.8281891392223
40501950865,r9988778-n303766,1,29.0,26.274866310160427,0.0,0.0,0.0
53568841345,r8972851-n303509,0,49.0,67.56044473731814,32.52045378194692,13.441855957826188,4514.855557278342
8332914031,r2215649-n410412,0,45.0,58.158910397001506,35.803714031239956,5.397100717919521,1146.692875365807
30036170346,r810901-n303509,0,47.0,68.31177459763475,36.999551015154736,10.587376940736993,1661.5621978706145
1183688588,r2215649-n410412,1,44.0,59.98761020753831,32.96062485970247,7.477852376385119,1536.6092545354365
44819658014,r9988778-n303766,0,43.0,56.3466408220263,30.862898351362055,6.130640488547073,1080.2510056483045
6783172991,r9515777-n303766,0,42.0,39.136437539814644,21.10996033947763,0.4604319503524238,29948.446992581634
9435791875,r9480604-n303766,0,43.0,60.83372865257813,33.59546293082979,8.063635865495261,1581.8780616997572
38724092903,r4683026-n948219,0,45.0,49.26064431199035,28.6098292317256,4.912842359308151,1008.70793871357
39142474448,r4683026-n948219,0,51.0,62.81256184288246,30.073030124040166,8.748611931482575,1555.3128411104549
66418866339,r2684277-n948219,0,49.0,60.15738790797218,34.21703584804708,5.959935794542536,1075.1341894060995
23660940443,r7753495-n303509,0,50.0,47.39295377662491,13.793485673026781,2.8995574215459494,1002.7537472088142
63121076023,r810901-n303509,0,54.0,87.53277231114524,54.41751343689091,16.10357805209379,2751.376043943063
28232900315,r9170217-n303509,0,48.0,68.34330357926775,38.55441335713659,9.038137639380725,1151.149814159033
64219558446,r9988778-n303766,0,45.0,58.3422607704004,34.113076533198175,6.7781804358844395,1074.51213887481
65886237088,r9988778-n303766,0,42.0,55.94086043681811,30.76472044053045,5.9827995132715985,1081.7671953307072
49180208657,r5179276-n948219,0,44.0,53.538097600225626,26.316980912959444,4.170729886439989,1072.8006768807081
41904518904,r7753495-n303509,0,48.0,63.2941265657281,39.943309013648914,8.199587640962674,1661.1994388732205
11628119649,r4144777-n303509,0,41.0,44.86188846442886,19.444044338677354,2.5194138276553106,29572.772701653306
42388742123,r9170217-n303509,0,47.0,69.10281587256185,40.641811241047755,9.934194362240875,1154.5160929529845
7839029647,r4683026-n948219,0,46.0,54.84064912244434,28.11132243193517,7.829098877472971,1562.8464846091829
14878907816,r44132-n303766,0,40.0,50.27817164386867,29.535273483175263,4.576681081683031,1057.5590304200152
15549105442,r4683026-n948219,0,50.0,68.93017738072118,34.03914460197234,10.472238406594592,2389.3986103018924
17040552927,r9480604-n303766,0,46.0,70.71245773953268,36.81048263664501,12.482806707254856,1576.0719703411448
30060978218,r44132-n410412,0,46.0,63.40645398923152,35.372956436612824,6.883259911894273,1073.4517865883504
42858532331,r9988778-n303766,0,53.0,62.62786436665962,33.19177072261454,13.384420624682628,4601.129025695695
9356633671,r974863-n303766,0,44.0,62.62918005895168,34.90552351659618,9.582545174932719,1569.2849160579265
12190933994,r7462820-n303766,1,36.0,40.471410588670864,8.250647908182154,1.6986301369863013,961.6523509811182
24956431912,r8972851-n303509,0,46.0,65.92281961634323,33.162966256949915,8.046061180580704,1087.8395687322923
16376218419,r4144777-n303509,0,48.0,68.74674937280223,37.04605201859335,8.786480134998499,1136.922130850539
28426735776,r7462820-n303766,0,33.0,28.47352169157856,0.014947138169886985,0.0003645643456069996,21.11410864017499
16084023210,r8141575-n410412,1,37.0,42.13711801975523,21.177844240683168,1.4476407854866002,30528.162968793044
58729630773,r4506251-n410412,0,53.0,75.11503857148452,39.486764302776365,9.393624936366841,1507.8049105219877
66322116641,r8141575-n410412,1,47.0,71.82046319535401,36.33598220684542,15.032054367972322,2554.180643024836
29814388896,r2684277-n948219,0,74.0,208.1698750675193,93.90217107211932,62.977086999703786,2819.3664163370563
17429784992,r2215649-n303766,0,72.0,215.49066568693073,95.6683496784332,64.05904606699066,2852.7440124552572
22227056498,r216287-n303509,0,53.0,67.47956989247312,20.978494623655912,6.279569892473118,688.1935483870968
35259450116,r8141575-n303766,0,39.0,27.42590909090909,0.0,0.0,0.0
45148425702,r4605940-n303509,0,38.0,37.925904104893306,0.2612245408061245,0.0807231410860685,1683.9317350815552
49745009380,r216287-n303509,0,58.0,106.59245629717917,63.87485101311085,20.971891140246324,1694.990961462058
61683958456,r8141575-n303766,0,73.0,157.89451349247534,67.73157758173326,45.16476388168137,2015.5338609237156
1184953827,r216287-n303509,1,47.0,32.1912,0.0,0.0,0.12
14457497083,r2215649-n303766,0,72.0,206.58703143189757,90.98067520372526,60.68800931315483,2727.0393480791618
19803674354,r4605940-n303509,0,33.0,30.373076923076926,0.0,0.0,0.0
34686349014,r8141575-n303766,0,45.0,46.97447826086956,1.6434782608695653,0.24782608695652175,481.4391304347826
59316328505,r8141575-n303766,0,73.0,215.98987277580073,95.72227758007118,63.91096085409253,2879.9318861209963
62122463578,r7419443-n948219,0,32.0,41.793684210526315,0.0,0.0,1.936842105263158
5433951839,r216287-n303509,1,33.0,44.51813793103448,20.69655172413793,6.662068965517242,799.951724137931
6360907349,r7419443-n948219,0,73.0,196.76951990471392,90.20260509719486,53.940262952952494,3910.137783071449
6708529726,r216287-n303509,1,37.0,52.06946058091286,24.29045643153527,7.983402489626556,974.2199170124481
15978106786,r7419443-n948219,0,30.0,26.959545454545456,0.0,0.0,0.0
25544853070,r216287-n303509,0,59.0,111.16632479273737,66.56780582961323,21.872153655700192,1695.0260344374835
31029210091,r7419443-n948219,1,71.0,172.8634185970813,80.43544187055824,48.14238051321001,3933.707874464276
46638526361,r4605940-n303509,1,34.0,46.65387453874539,22.29889298892989,6.878228782287823,1119.1918819188193
52486985708,r2684277-n948219,1,71.0,205.60928156159162,92.51662863751446,62.03339793079736,2825.3176007251586
59630835411,r216287-n303509,1,44.0,68.91984697272122,43.10312707917498,16.691949434464405,1278.6034597471723
69233266,r2215649-n303766,1,63.0,196.41160372263826,87.12435195852535,58.35302059331797,2849.5528873847925
709677586,r216287-n303509,1,38.0,27.737407407407407,0.0,0.0,2.3703703703703702
3596043845,r8141575-n303766,0,39.0,27.573333333333334,0.0,0.0,0.0
4183482750,r216287-n303509,1,51.0,99.82534352373291,63.505068382944486,20.62268704746581,1683.3618664521318
5448968019,r216287-n303509,1,37.0,27.637307692307694,0.0,0.0,2.3076923076923075
7950780746,r216287-n303509,1,37.0,27.564999999999998,0.0,0.0,2.3846153846153846
10965380282,r7419443-n948219,0,30.0,26.950000000000003,0.0,0.0,0.0
11917448100,r216287-n303509,1,37.0,54.44019512195122,28.70731707317073,9.482926829268292,1085.1170731707316
12559188102,r8141575-n303766,0,43.0,43.069583333333334,1.8833333333333333,0.3,465.8833333333333
14257419657,r4605940-n303509,1,34.0,41.44811214953271,11.444859813084111,3.502803738317757,1170.2859813084112
15539238348,r4605940-n303509,1,36.0,50.305397643593516,25.611929307805596,9.22680412371134,1287.3490427098675
16357285829,r4605940-n303509,1,34.0,42.39245161290323,13.346236559139784,4.034408602150537,1077.5698924731182
18807094479,r216287-n303509,1,37.0,47.14595918367347,26.857142857142858,7.946938775510204,988.1918367346939
20019083031,r8141575-n303766,0,43.0,35.858283261802576,1.9227467811158798,0.30042918454935624,464.92703862660943
20916714025,r8473362-n410412,0,73.0,199.34230484221285,92.43504677540707,61.8394872450066,2799.1721817639796
25213965060,r216287-n303509,1,53.0,98.79080361591572,63.86127126485871,20.74855861627162,1631.7504092817994
31205473024,r216287-n303509,1,35.0,26.99925925925926,0.0,0.0,2.3703703703703702
33305239289,r4605940-n303509,0,38.0,40.05710630379158,2.945655966503838,0.9313503140265178,1631.5859502209817
36803316539,r216287-n303509,1,36.0,51.58364077669903,28.179611650485437,9.169902912621358,1064.9077669902913
40293142462,r216287-n303509,1,35.0,27.0275,0.0,0.0,1.78125
40650989425,r216287-n303509,1,35.0,27.10969696969697,0.0,0.0,2.0606060606060606
41492795888,r216287-n303509,1,37.0,53.501115537848605,22.852589641434264,7.585657370517929,1090.386454183267
45156918534,r7419443-n948219,0,71.0,205.67752503754767,96.35496909671033,64.37313040288477,2885.298069669096
51373058883,r4605940-n303509,1,36.0,51.56536164087802,24.536523929471034,8.982007916516732,1301.7517092479309
55200551849,r2215649-n303766,1,62.0,177.50029576152772,77.08989287377736,51.24778761061947,2727.102934326968
58864514471,r216287-n303509,1,36.0,27.298333333333336,0.0,0.0,1.696969696969697
63993222363,r7419443-n948219,0,30.0,26.964499999999997,0.0,0.0,0.0
66782578179,r7419443-n948219,0,32.0,28.08093083723349,0.20748829953198128,0.041081643265730626,114.12480499219969
487837768,r2215649-n303766,1,73.0,85.66977519379846,30.44470284237726,20.14780361757106,939.8454780361757
2359089029,r8141575-n303766,0,45.0,47.04102564102564,1.9316239316239316,0.3504273504273504,465.6794871794872
3099583129,r8275852-n410412,0,30.0,27.536297117516632,0.0,0.0,0.0
5307833186,r216287-n303509,1,43.0,67.1852106567534,40.262081784386616,15.578066914498141,1302.7986369268897
9062796784,r216287-n303509,1,42.0,69.57326345213137,45.35429769392034,17.51991614255765,1295.248078266946
10236941197,r2215649-n303766,0,72.0,210.75199846370504,93.16515170912815,62.16271924209448,2784.0053770323902
11789619435,r7419443-n948219,0,33.0,34.44885964912281,1.894736842105263,0.3991228070175439,474.93859649122805
19534378987,r8141575-n303766,0,43.0,33.33013888888889,1.5763888888888888,0.2534722222222222,432.50694444444446
20102047094,r2215649-n303766,0,32.0,25.07777425203989,0.0,0.0,0.0
20505442624,r8141575-n303766,1,74.0,157.4098521017125,67.0707057602491,44.73105864037364,2014.9508303061755
28615728386,r216287-n303509,1,41.0,40.60730769230769,0.0,0.0,2.3076923076923075
29579533175,r216287-n303509,1,37.0,27.47181818181818,0.0,0.0,1.8181818181818181
34906052487,r2215649-n410412,0,38.0,27.143296213808462,0.0,0.0,0.0
39699262769,r2684277-n948219,1,71.0,203.50691479154415,91.24872326596305,61.178727289609704,2788.138397969606
44545905324,r216287-n303509,1,33.0,47.56727272727273,20.65034965034965,6.685314685314685,824.0419580419581
48505548549,r216287-n303509,0,58.0,100.28072285289053,56.24061049989786,18.50001459129775,1649.6254122041614
50607942241,r8275852-n410412,0,30.0,27.535303776683087,0.0,0.0,0.664696223316913
51077501850,r216287-n303509,1,37.0,54.8165641025641,29.235897435897435,9.687179487179487,1085.871794871795
53461120137,r8141575-n303766,0,44.0,41.79926086956522,1.8,0.36086956521739133,475.16521739130434
54143819669,r216287-n303509,1,50.0,90.73945483298192,54.44867384308068,17.646376650760182,1752.8336755077128
57284744057,r4605940-n303509,1,35.0,44.533995603187684,19.054135751580105,6.922231382247871,966.5427315196482
59372255496,r8141575-n303766,0,43.0,37.16540372670808,0.0,0.0,2.5341614906832297
59773130664,r216287-n303509,1,42.0,66.6207489257213,39.74524248004911,15.402087170042972,1302.9846531614487
60392438741,r2215649-n303766,1,68.0,207.2611417575369,93.03194355355997,62.07350865939705,2783.9204618345093
61634460220,r2215649-n303766,0,74.0,84.40971310416128,30.587490307573017,20.238046006720083,941.2414060480744
23192451953,r216287-n303509,1,39.0,28.033023255813955,0.0,0.0,3.0697674418604652
23728277580,r414303-n948219,1,65.0,210.05989681018747,95.36628981595926,63.93335752435166,2882.8676335514306
29171681026,r8141575-n303766,0,44.0,41.49942982456141,1.912280701754386,0.29385964912280704,464.5657894736842
35300712786,r216287-n303509,1,37.0,48.6976844783715,14.73791348600509,4.905852417302799,1211.4198473282443
36523211514,r2215649-n410412,0,38.0,27.109801980198018,0.0,0.0,0.6118811881188119
37451201739,r7419443-n948219,0,30.0,26.936666666666667,0.0,0.0,0.0
38889382229,r7419443-n948219,0,30.0,27.02875,0.0,0.0,0.0
56905505904,r8141575-n303766,0,45.0,46.93655021834061,1.7161572052401746,0.24890829694323144,486.8471615720524
59053931856,r414303-n948219,0,72.0,204.72994076457462,95.53859240356522,64.04263594560943,2869.4847011107413
3523623386,r4605940-n303509,0,51.0,71.21862723235378,33.546140035906646,10.90734196352641,1659.5188698856657
10128645794,r8141575-n303766,0,39.0,27.429000000000002,0.0,0.0,0.0
20499816572,r2215649-n303766,0,73.0,214.04245138451094,95.2531561676608,63.62413720640771,2853.268593505003
26024804309,r368967-n172107,0,29.0,24.818934426229507,0.0,0.0,0.0
26024804309,r368967-n172107,1,28.0,25.53467213114754,0.0,0.0,0.0
27537505780,r8141575-n303766,0,39.0,27.423333333333332,0.0,0.0,0.0
32609513259,r6727430-n303509,0,33.0,26.715652173913046,0.0,0.0,0.34782608695652173
32609513259,r6727430-n303509,1,29.0,24.530869565217394,0.0,0.0,0.34782608695652173
41526755575,r1039410-n303509,0,33.0,25.906180555555554,0.0,0.0,0.006944444444444444
41526755575,r1039410-n303509,1,32.0,27.70454861111111,0.0,0.0,0.006944444444444444
50116672580,r7269000-n303509,0,50.0,56.33058998050352,77.02606594897007,3.6739425277612954,18655.369543104178
50116672580,r7269000-n303509,1,46.0,54.83914978384335,80.22327710434857,3.6641519030261933,18768.452911757227
55845783042,r1039410-n303509,0,33.0,25.882861482110155,0.0,0.0,2.6108009112431323
55845783042,r1039410-n303509,1,36.0,34.55057131370885,0.006700317148345022,8.933756197793362e-05,766.0167954616519
60411283102,r2215649-n303766,1,30.0,26.372395454545455,0.0,0.0,0.0
62121848056,r7419443-n948219,1,29.0,25.91892561983471,0.0,0.0,0.0
50418741,r368967-n172107,0,30.0,24.939999999999998,0.0,0.0,0.0
50418741,r368967-n172107,1,29.0,25.69,0.0,0.0,0.0
809781065,r7419443-n172107,0,30.0,27.00336,0.0,0.0,3.008
809781065,r7419443-n172107,1,30.0,33.36772,0.66,0.008,722.012
14538291701,r9659953-n750018,0,29.0,27.223120694054607,0.0,0.0,0.0
16863803581,r7419443-n172107,0,30.0,26.935000000000002,0.0,0.0,0.0
16863803581,r7419443-n172107,1,28.0,24.435000000000002,0.0,0.0,0.0
17814642047,r8024255-n303766,0,36.0,33.5721387283237,0.06719653179190752,0.001445086705202312,431.5411849710983
23841459356,r7419443-n948219,0,31.0,27.136625310173695,0.0,0.0,0.0
24905655898,r6727430-n303509,0,33.0,26.662133333333333,0.0,0.0,0.4266666666666667
24905655898,r6727430-n303509,1,29.0,24.505733333333335,0.0,0.0,0.37333333333333335
28857981900,r368967-n172107,0,30.0,25.00992718446602,0.0,0.0,0.0
28857981900,r368967-n172107,1,29.0,25.730558252427183,0.0,0.0,0.0
41588799311,r1039410-n303509,0,33.0,25.920121457489877,0.0,0.0,0.0032388663967611335
41588799311,r1039410-n303509,1,34.0,27.897894736842108,0.0,0.0,0.0032388663967611335
46562534558,r9515777-n303766,0,32.0,25.52353263912216,0.0,0.0,0.001007725898555593
46562534558,r9515777-n303766,1,31.0,26.666930914791177,0.0,0.0,0.0013436345314074571
50116672580,r216287-n303509,0,47.0,55.59618193384224,79.83944020356235,3.669380831212892,18665.522985581
50116672580,r216287-n303509,1,44.0,50.93079601357082,38.78460559796438,3.675445292620865,18678.240797285835
50116672580,r4683026-n303509,0,47.0,54.65212626134148,21.680403629271602,3.684049860086492,18652.406469939793
50116672580,r4683026-n303509,1,45.0,51.316518273552106,73.1492410752141,3.653735266683626,18664.714194861357
50116672580,r810901-n303509,0,48.0,53.842438714055476,77.12999406226143,3.6333022308932055,18705.436847909066
50116672580,r810901-n303509,1,48.0,53.25809059292561,76.01518364577149,3.646153193655102,18639.804902875563
58793914423,r810901-n172107,0,31.0,26.675,0.0,0.0,0.0
58793914423,r810901-n172107,1,30.0,25.225,0.0,0.0,0.0
60869490370,r6727430-n303509,0,35.0,35.14713774597495,2.817531305903399,0.2898032200357782,15446.67441860465
60869490370,r6727430-n303509,1,32.0,35.284114490161,2.708407871198569,0.29159212880143115,15308.09481216458
63151730032,r1039410-n948219,0,44.0,42.91555663127548,20.288626413227053,1.3998343391314638,31045.188681274944
31173488735,r7317916-n772143,1,29.0,24.666511627906978,0.0,0.0,0.0
53672534283,r2215649-n410412,0,74.0,82.51750599316526,25.337837214216492,18.041178570821362,28017.008595668405
41282480643,r4506251-n303766,0,71.0,156.71877418564569,79.93758097824305,59.274738583685135,23681.062268926264
1830102668,r7141590-n948219,0,45.0,42.5379395480675,21.62966789407225,2.8778334083905093,31043.235043753917
4963257496,r8275852-n410412,0,40.0,42.189265537341015,11.713367089161316,1.7307662864579347,31057.880185037346
25856461857,r9480604-n410412,0,40.0,35.28196669310071,0.06502775574940524,0.0007930214115781126,472.1871530531324
52876892830,r8024255-n410412,0,71.0,148.59191897937143,83.26150324984147,58.691304692454025,24822.759641774333
6216255734,r2215649-n303766,0,72.0,165.0522449801125,81.02795699718953,60.05478758960458,23647.769142418187
51700957432,r8972851-n948219,0,72.0,138.67400895268239,69.32589300652242,48.89197666651382,24819.03954473181
6211581001,r9170217-n772143,0,64.0,51.87277905023668,16.76693642795338,3.0041482160126227,4200.126406067084
27461929527,r7419443-n948219,0,31.0,27.149476813317477,0.0,0.0,0.0
39357758266,r1039410-n303509,0,62.0,41.26412911402835,1.4416020628000474,0.9206747721395977,24555.792479213265
46230974628,r7419443-n948219,0,31.0,27.139681093394078,0.0,0.0,0.0
45665674578,r8024255-n303766,0,36.0,35.325067567567565,0.12331081081081081,0.0033783783783783786,550.0675675675676
48590634397,r1039410-n948219,0,44.0,48.20799509420093,23.6961440738906,5.882636347656562,31056.348000127837
24286353527,r8024255-n303766,0,36.0,38.03232471155065,0.01206626938844512,0.0066846991533184,1573.5214417536592
25576353503,r5354770-n750018,0,36.0,38.91133021010789,0.01542684081014575,0.007855385197804278,1277.4290176036343
61085357805,r2215649-n303766,0,36.0,37.30723188012747,0.012238117838497525,0.006773340565462065,1573.5956607227608
27835310991,r492024-n303766,0,42.0,36.86564250798533,0.10602586597178902,0.05498448834487406,29053.0496310375
48023940936,r4506251-n410412,0,60.0,90.43374531178685,30.454169615748427,24.33293589633344,29788.34155823968
30504671256,r4506251-n410412,0,31.0,25.661878787878788,0.0,0.0,2.2818181818181817
50938898601,r8024255-n410412,0,52.0,27.823893685358165,0.9724047499779003,0.6459469016118101,707.6335268291245
62799710393,r2215649-n303766,0,41.0,37.47512851474901,0.01811281697429705,0.008797653958944282,1270.9494566154908
42383396262,r8275852-n410412,0,50.0,85.40627660998507,33.52525627628613,26.625331410361593,25457.472973323085
9495132542,r8275852-n410412,0,50.0,76.7146342233163,27.28312273644597,21.599384842141895,28587.34109189667
33706709850,r8275852-n410412,0,39.0,29.967000000000002,0.0,0.0,0.0
33983766896,r4506251-n410412,0,35.0,38.64374181542491,0.02681094493073265,6.892273761113791e-05,1112.131711351575
9494291120,r3974592-n948219,0,54.0,37.11034476291357,0.01444955316061551,0.008095663870123632,23414.10038769978
14497098511,r8024255-n303766,0,37.0,37.75074482491778,0.013155349197136778,0.00783517121300058,1277.3069259044303
16012870343,r5354770-n750018,0,35.0,38.89621658986175,0.05391705069124424,0.00783410138248848,1210.4451612903226
17940589856,r5354770-n750018,0,36.0,38.610990354437455,0.899189904201653,0.0,1078.8948518658494
27842358648,r5354770-n750018,0,35.0,39.43165,0.04694444444444444,0.008055555555555555,1239.85
49282657763,r8275852-n410412,0,41.0,38.489379883624274,0.09343308395677473,0.03541147132169576,1286.2031587697422
22962530395,r810901-n303509,0,57.0,90.29433849267402,36.18620091484507,29.17802306731236,6981.869329974083
40662087819,r2215649-n303766,0,33.0,28.233005927180354,0.09822184589331075,0.000846740050804403,240.10753598645215
61514640269,r4605940-n303509,0,35.0,37.55057255106852,0.009785425011043345,0.005819564725141336,15327.56243480714
56871501211,r492024-n303766,0,42.0,37.01995474993734,0.07773104456525519,0.03957971290856081,23339.931049122642
47541862033,r7753495-n303509,0,72.0,104.08090390892656,36.02621641858009,32.55621113763841,31254.935357743347
50620608789,r8024255-n303766,0,37.0,34.86752954592577,0.02021563342318059,0.007516068836823554,1140.0134252539913
8752028267,r8275852-n410412,0,53.0,64.86124255091356,17.91007565201647,10.095867872690487,16217.28858764534
2563161140,r4506251-n410412,0,35.0,35.82849911452184,0.030991735537190084,0.00014757969303423848,854.0014757969303
2702470905,r8275852-n410412,0,35.0,28.79764705882353,0.0,0.0,0.0
20441395344,r4506251-n410412,0,59.0,82.00735506217706,26.702345125205838,21.12321844301857,4825.184543751065
25992112109,r4506251-n410412,0,61.0,103.8868512063065,41.070619523410926,33.28161985187383,6511.699435255724
35734344384,r5354770-n750018,0,35.0,39.426493079048264,0.012185667568786649,0.006631991429860171,1573.5216015448805
41513624327,r8275852-n410412,0,42.0,39.581020537328854,0.09205631619736503,0.044885042624644794,28115.593528803925
45332771212,r4506251-n410412,0,38.0,27.042179132040626,0.0,0.0,1.953831948291782
21453141322,r8024255-n303766,0,35.0,33.35552451893234,0.09559279950341402,0.006207324643078833,717.5574177529485
51364348842,r7419443-n948219,0,39.0,37.56859837987636,0.026090148985054122,0.00014211610886093938,1051.2640872592908
57493078898,r492024-n303766,0,42.0,36.90148355883303,0.12348321511524961,0.062249372454665705,28550.578976970908
48801193633,r7419443-n948219,0,47.0,76.4248230424297,29.07125369877808,23.031843241132965,28612.433100916896
63493028523,r8141575-n303766,0,33.0,26.128453328631082,0.0,0.0,0.1629384956307229
6961405327,r5354770-n750018,0,34.0,33.80480373831776,0.09781931464174455,0.004361370716510903,714.376323987539
11142155590,r368967-n750018,0,35.0,34.326978260869566,0.09202898550724638,0.006521739130434782,832.3615942028986
47606068596,r8275852-n410412,0,39.0,40.075343915343915,0.20987654320987653,0.01763668430335097,243.18342151675486
63973617650,r8275852-n410412,0,50.0,72.35175092803308,23.74231597109339,18.816414126926453,28540.937259226677
21457898952,r492024-n410412,0,44.0,40.181793515435515,0.04707150347330087,7.29225460469417e-07,1247.855862024709
23715493176,r4506251-n303766,0,35.0,28.77479262672811,0.0,0.0,0.6543778801843319
14417170390,r44132-n303766,0,38.0,32.214115907746894,1.298521584861029,0.0004730928444707274,551.0665878178593
59545301890,r8275852-n410412,0,40.0,40.448693954065064,5.249334002479778,5.904233335301411e-07,1143.4200844305367
46155090205,r7419443-n948219,0,41.0,38.435834129718366,3.3896822508731894,0.07647881048983632,1405.2682900451305
19021258270,r8275852-n410412,0,34.0,28.085225851480985,0.0,0.0,0.00039970468302318534
27941652111,r6727430-n948219,0,33.0,26.450640287769783,0.0,0.0,0.0
29053164122,r8024255-n410412,0,36.0,31.12772907259465,0.4905175408127822,6.946856547412296e-05,531.2220910038208
45948468747,r9852763-n200569,0,37.0,35.6059832911949,0.01176211938001539,0.00021985269869187644,631.4200285808508
50009007055,r6727430-n948219,0,43.0,57.89058241975132,85.4639979904186,6.691170401736852,26753.052841225126
57386941605,r1039410-n948219,0,30.0,25.835870483341154,0.0,0.0,0.0018770530267480056
57386941605,r1039410-n948219,1,30.0,25.0653824495542,0.0,0.0,0.003754106053496011
583841283,r6727430-n303509,0,36.0,37.298978413822816,0.004301679988512899,0.0002608529172450103,1017.9381335854114
15235900597,r6727430-n303509,0,36.0,33.84104676915842,0.010767872268439756,0.00035992887805369656,679.3608287002488
47582779419,r1039410-n948219,0,30.0,25.84287444537714,0.0,0.0,0.0011192389175360754
55054318093,r1039410-n948219,0,31.0,25.809713093866222,0.0,0.0,0.00022515284808118604
39967343673,r8275852-n410412,0,32.0,27.77890144822557,0.0,0.0,2.9365844586161836e-05
3579199314,r7141590-n772143,0,30.0,26.671150326797385,0.0,0.0,0.0
3579199314,r7141590-n772143,1,30.0,26.9281917211329,0.0,0.0,0.0
37861915000,r1039410-n303509,0,33.0,25.83398033177709,0.0,0.0,0.0015893513459819212
58844228286,r4144777-n200569,0,39.0,28.123680907548074,0.0,0.0,3.3999053693005545e-05
60747732563,r7753495-n772143,0,35.0,29.763369916074886,0.8095545513234345,0.16655907036797934,5710.511943189154
60747732563,r7753495-n772143,1,35.0,32.83351194318915,0.8482892188508715,0.18592640413169786,6481.105229180116
28710850208,r4683026-n772143,0,38.0,29.86886018237082,1.0265957446808511,0.21808510638297873,6764.581306990882
28710850208,r4683026-n772143,1,36.0,35.28002279635258,1.0167173252279635,0.21808510638297873,7567.915653495441
32220746849,r4683026-n772143,0,34.0,42.47689999999999,7.6,0.46,3.24
32220746849,r4683026-n772143,1,32.0,43.9789,8.32,0.46,789.25
36358335891,r4144777-n772143,0,36.0,29.937792022792024,0.8938746438746439,0.1801994301994302,6320.353988603989
36358335891,r4144777-n772143,1,37.0,32.88996438746439,0.9615384615384616,0.19658119658119658,7196.205128205128
50083512789,r368967-n172107,0,32.0,24.90454402874033,0.0,0.0,0.0
50083512789,r368967-n172107,1,30.0,25.60282588238448,0.0,0.0,0.0
53553199293,r810901-n772143,0,38.0,28.785313782991203,0.7882697947214077,0.16422287390029325,5304.859237536657
53553199293,r810901-n772143,1,36.0,31.207038123167155,0.7665689149560118,0.15542521994134897,5908.744281524927
54622062268,r810901-n172107,0,40.0,28.41723395180209,0.26608374209141966,0.044288050046207436,115.52434776427098
54622062268,r810901-n172107,1,31.0,25.249467548162368,0.0,0.0,0.0
55823347786,r7753495-n772143,0,37.0,44.59834061135371,4.170305676855895,0.6572052401746725,19464.294759825327
55823347786,r7753495-n772143,1,36.0,43.77585152838428,4.157205240174672,0.665938864628821,21199.7096069869
4722135196,r7141590-n772143,0,57.0,32.29710868800563,3.2934400281392895,0.5711836088638762,389.80359655293705
4722135196,r7141590-n772143,1,31.0,27.313806278578966,0.0,0.0,0.0
44055840927,r216287-n772143,0,31.0,27.511657834973505,0.0,0.0,1.2687358062074185
44055840927,r216287-n772143,1,31.0,29.86114307342922,0.07948523845571537,0.0,330.1688115064345
50718528165,r204106-n172107,0,31.0,25.950676358666104,0.0,0.0,0.0
50718528165,r204106-n172107,1,30.0,25.631578801857636,0.0,0.0,0.0
59217233317,r7753495-n772143,0,36.0,40.46124236252546,2.5437881873727086,0.5336048879837068,18189.91649694501
59217233317,r7753495-n772143,1,36.0,42.29826883910387,2.663951120162933,0.5885947046843177,19784.80651731161
62214765329,r2215649-n303766,0,74.0,127.913643220339,61.29972457627119,10.69061440677966,7180.797447033899
62214765329,r2215649-n303766,1,72.0,130.40705095338984,61.9164936440678,10.926387711864407,7219.520338983051
40130924494,r414303-n948219,0,72.0,122.36455211055393,61.79991524825199,10.792672112751214,7213.204228170539
40130924494,r414303-n948219,1,68.0,123.59892396669571,62.550313502993774,11.074997449600176,7251.680878279226
6181980570,r8141575-n410412,0,37.0,37.49764311308586,0.0033825426401031962,2.8665615594094882e-05,1082.3068080837036
6181980570,r8141575-n410412,1,36.0,31.99616740719507,0.004213845492331948,8.599684678228465e-05,525.4412784864555
12722451996,r8141575-n410412,0,32.0,27.18032432432432,0.0,0.0,0.0
12722451996,r8141575-n410412,1,31.0,26.601135135135134,0.0,0.0,0.0
15800877200,r8141575-n410412,0,35.0,37.92887464387464,0.047364672364672365,0.00035612535612535614,1131.6431623931624
15800877200,r8141575-n410412,1,31.0,26.64699074074074,0.0,0.0,3.832977207977208
39414278945,r2215649-n410412,0,60.0,78.85429886081857,88.09234906051924,11.906404647493366,11157.21840914355
57846258976,r8141575-n410412,0,39.0,39.04426855895197,0.1703056768558952,0.002183406113537118,1095.0218340611355
57846258976,r8141575-n410412,1,38.0,27.266626637554584,0.0,0.0,3.8209606986899565
23125008107,r9648383-n410412,1,58.0,79.56593887427242,88.04140544050729,11.738761107582999,11183.606475225493
8590312590,r4683026-n948219,1,52.0,70.59230730416338,98.7817383107496,6.901728502546057,11493.801926648235
40607385290,r4683026-n948219,0,58.0,77.32685687416468,88.76475652752428,11.99048310261528,11401.655021067623
17119927401,r8275852-n410412,0,50.0,67.15430942601061,71.40619319473495,9.557353745415636,11374.851170319702
23429485705,r9170217-n948219,0,41.0,51.426905273332615,69.95215336698529,3.262914831919235,1151.8649983890023
16186303335,r1039410-n948219,0,56.0,65.41582239759391,60.00483423064739,8.137316646643749,11381.452104145386
45689792843,r9648383-n410412,0,56.0,78.94293342230678,86.19105355031772,11.545964099674892,11036.850978323113
17860694,r8024255-n303766,0,45.0,29.403250800933435,4.858106237392715,0.3831032709725903,120.83160621761658
17860694,r8024255-n303766,1,45.0,29.309838626745243,2.6316101728434127,0.3763398330894277,120.90117865759602
1683117090,r4506251-n410412,0,47.0,48.027744543249796,5.566558879008354,5.387766100781461,22410.875639989223
19912656976,r5354770-n172107,0,33.0,26.087438963061498,0.0,0.0,3.883628311405999
19912656976,r5354770-n172107,1,32.0,26.232847849715295,0.0,0.0,3.883620200184936
66278117244,r8141575-n303766,0,32.0,26.02206349206349,0.0,0.0,0.12698412698412698
66278117244,r8141575-n303766,1,29.0,25.202539682539683,0.0,0.0,0.1111111111111111
913003833,r5051220-n772143,0,39.0,41.801380609933425,21.579525783189737,1.5273461070499441,31052.550552461595
6700157728,r492024-n410412,0,33.0,27.91909638554217,0.0,0.0,0.0001537472395381992
6700157728,r492024-n410412,1,31.0,25.460740502613703,0.0,0.0,0.00011181617420959943
28482863636,r5198790-n772143,0,40.0,40.32987690280523,19.73078123374597,0.7898100951258135,31054.83083093496
34764290829,r5354770-n172107,0,39.0,41.56276559957786,20.548997405567036,1.4755397739765181,31054.93753572842
44216461157,r9480604-n410412,0,45.0,45.560857142857145,12.39100089100089,2.1186813186813187,30966.527264627264
66150948784,r8141575-n303766,0,44.0,53.58578189423365,16.529090728015138,9.627766158749129,31042.51837466388
47577383712,r8532701-n772143,0,40.0,49.14750144089812,22.035834509718754,5.657174837324691,31050.75204858124
52680941707,r8141575-n303766,0,42.0,48.83059107611549,15.763202099737534,5.188477690288714,31033.46784776903
58569670754,r5179276-n948219,0,42.0,46.111776765159156,20.306417549801175,3.3056850396697044,31056.50958922354
6122765730,r4099734-n772143,1,38.0,48.608957660595046,22.83889550741449,5.181059347274038,31056.629941687304
56488913896,r204106-n772143,0,41.0,40.58407372598162,19.914253225656733,0.8055323493919985,31016.877448250256
42762533477,r1900814-n772143,0,42.0,47.0552079445361,22.403699997295323,3.2639764152219186,31054.746075965344
47287393117,r5198790-n772143,1,41.0,48.341555804704,21.369355287493658,5.274751624466013,31058.027014419695
65776802327,r1900814-n772143,1,37.0,41.02028368634774,20.90941609205746,1.4893758225441784,31000.623513796247
25591139406,r6707841-n772143,1,38.0,41.73841007049346,21.886837865055387,1.4843202416918428,31032.817915407853
47842517089,r4099734-n772143,0,41.0,45.38115617472821,23.184948896556214,3.399992560008184,31010.8258204916
10814999757,r8141575-n303766,0,40.0,45.69703879136869,15.079316429831893,2.426643137983344,31028.651187269745
49573743067,r1900814-n772143,0,41.0,45.7803844989098,21.87383913429702,3.375888314624889,31007.559093111522
61348817500,r2215649-n410412,0,45.0,49.816289444658665,11.314194248410557,8.473039984935033,31051.490310894304
3442758129,r2684277-n948219,0,43.0,46.75016330241862,14.914711765775596,2.4524095290052736,30931.01596653937
57833297880,r5354770-n172107,0,40.0,44.15189582012388,21.336077647173585,3.372199190362386,31036.992206018633
67038945587,r5198790-n772143,1,38.0,39.62590140859131,21.652534166575155,1.5288057421808707,30999.580946581347
4918105912,r8532701-n772143,1,40.0,46.51604203383856,21.741099753260485,5.014540007049701,31053.655981964515
61927103366,r5198790-n772143,0,40.0,42.3750787932125,22.770780048220164,3.3284929824078913,31005.412951605656
11983359824,r5179276-n948219,0,41.0,42.46900284038223,20.83356921845565,1.4793315829030462,31042.12657758343
55437771481,r4099734-n772143,0,43.0,51.21093639759701,21.069593875738935,5.4121797281839195,31058.56581420835
63793043215,r204106-n772143,0,42.0,47.893843923889555,22.214062511765192,5.127237269119851,31022.04922933279
31211855224,r6707841-n772143,1,38.0,41.332857303888915,22.14441768714454,1.496859148434698,31052.529353896603
61096736278,r5051220-n772143,1,37.0,40.857751497114215,20.420143867555094,0.7966816478498187,30994.522550094585
12448065857,r6707841-n772143,1,37.0,39.71439054889304,20.3812240231514,0.8095368528861842,30996.527659017018
60091669056,r8141575-n303766,0,41.0,45.27850882763877,13.879207417756891,2.414009907278039,31022.645116219992
63023153058,r1900814-n772143,1,36.0,40.08559776357827,21.72272630457934,0.8174121405750798,31045.185314164006
6330262721,r4099734-n772143,1,35.0,41.08949686636705,22.490619717148395,1.5284397806456933,31004.299220714962
21483605957,r1051355-n772143,0,39.0,43.80127221702525,22.265801033066253,3.5530666612437467,31006.78885183227
66137941226,r1900814-n772143,1,38.0,44.69936050150968,22.85830142131232,3.343894984903159,31054.403766845866
16539592589,r8141575-n303766,0,50.0,55.999613208278426,16.615068599333384,8.898748159057437,31041.48108673746
19409061092,r8141575-n303766,0,52.0,57.57778213724405,15.00398005449961,10.879886025712057,31055.535543469658
37061570827,r204106-n772143,0,41.0,40.62358134148046,20.225972962718902,0.8017931667964616,31053.623295193593
28998617448,r5051220-n772143,0,40.0,47.35936038716851,21.382696772505803,5.262818416663942,31018.839818841763
60436293085,r4099734-n772143,0,42.0,49.24255028418061,23.212219766340386,5.386161982949163,31057.506370382063
31822667563,r5051220-n772143,0,36.0,41.033496751528524,21.008287261713075,1.5366677551204242,31044.361081397576
51413653096,r4683026-n948219,0,47.0,50.546502115655855,14.088382117557567,7.743569832490769,31021.655726533652
66035905926,r6707841-n772143,0,41.0,46.18866436851855,20.78763774565039,3.320744447203071,31053.78438150532
38627952519,r1051355-n772143,1,38.0,40.87098047169918,21.10017691536234,1.5950441161556403,31000.17600261429
45021687268,r7269000-n172107,0,38.0,39.69397758217421,19.415091354899946,0.7909402153647981,31012.29340911402
55892211861,r8141575-n303766,0,44.0,52.391131514937705,14.514956273093562,8.388658855859035,31040.993204226004
14603920991,r5198790-n772143,0,37.0,39.33471121453901,22.41049423758865,0.8157025709219858,31046.889583333334
55887439435,r8532701-n772143,0,39.0,48.16956446942992,22.37343808799699,5.092581925980539,31020.578562157763
38099734447,r8532701-n772143,1,38.0,46.483596848772635,21.95462431824408,5.6225666398253376,31049.325981022903
38882826898,r6707841-n772143,0,42.0,49.2234767520271,21.737989506751532,5.542285488725514,31019.309789312676
45924460989,r9988778-n303766,0,37.0,39.31215833353828,20.752526991466024,0.7945574383315708,31049.975726125773
22974822120,r9988778-n303766,0,56.0,46.99270442660627,21.354403290810378,5.172659294540852,31059.871756653232
35409067962,r8141575-n303766,0,44.0,54.3269186629019,15.549399502947185,11.51925103769534,30989.24980156923
26932275458,r5354770-n172107,1,37.0,40.64566524387628,21.566234824760844,0.7896379391703487,31051.331227746556
37267039837,r1051355-n772143,1,40.0,46.96188103696091,21.85386924045071,5.077585885892595,31054.332514131238
37096374103,r2215649-n410412,0,43.0,45.42450376712329,9.147174657534247,3.3496917808219178,31033.2123630137
51738686153,r1900814-n772143,0,40.0,45.44302674716325,23.57059040276636,3.457432234536058,31051.034390559602
55628330598,r5198790-n772143,1,36.0,40.06425846933729,22.46911061655127,1.5481989779096603,31039.302886993075
23796088112,r2684277-n948219,0,43.0,46.15441583886158,14.217509366514282,2.360327226480597,31000.492352112193
40941205002,r6707841-n772143,0,40.0,45.41676209938491,22.050613062479766,3.5326460828747166,31047.073769828425
44808800428,r5354770-n172107,1,37.0,40.85694802300183,20.869879195827576,1.6744528150492577,31051.602326929078
57156085806,r5051220-n772143,1,38.0,45.542616325858724,22.687337674214433,3.356037604711563,31027.801953396494
3067544405,r4099734-n772143,1,33.0,39.5806467480201,20.288118240977184,0.8003036044199155,31046.857741324326
7351007570,r204106-n772143,1,35.0,39.93957532949512,21.924991565360294,0.805372049236529,31000.576951122624
23604566303,r9988778-n303766,1,36.0,43.601449298517146,21.259144240850766,1.5128463727594987,31054.547875580407
31397501566,r8532701-n772143,1,37.0,37.98883407497519,21.642752718464216,0.8171612724226611,31000.949098825113
62063930274,r5051220-n772143,1,39.0,47.11140988444551,21.44049292615081,3.2791852361439298,31053.02467621811
5699209944,r8141575-n303766,0,48.0,49.9889523637116,15.548489707251473,5.3752198200062065,31028.392133029894
55216166978,r8141575-n303766,0,48.0,51.11177145917634,55.565813534688495,0.683575430752064,2167.5791768753948
23108736470,r6727430-n303509,1,29.0,24.481066666666667,0.0,0.0,0.0
25850265712,r6727430-n303509,0,37.0,39.21200583726226,24.23021905769909,0.8792135732383977,1126.5144167548672
35713832974,r8141575-n303766,0,55.0,40.595763632330645,25.66292006062921,0.9614265117253448,1147.6059976093359
53567649796,r6727430-n303509,1,34.0,40.04486858656074,24.971102284011916,0.8971863621317444,1137.2863952333664
6610958728,r9988778-n303766,1,42.0,59.015500652767344,30.550361989160105,5.920678878031412,967.9597262333347
343004389,r7753495-n303509,0,56.0,56.30968228105907,20.784938189740917,5.1321365983043625,1474.8773457111731
740960243,r7141590-n303509,0,49.0,65.38413416202314,34.597435997350274,8.485504422709738,1582.0488251568406
5111850289,r8275852-n410412,0,40.0,59.9402081211177,26.867237901212377,6.533405236982444,1054.3739788683165
58117322031,r7753495-n303509,0,51.0,70.90569426751593,34.280290162774236,9.554387827317763,1088.158881811748
10871698161,r4506251-n303766,0,52.0,72.88745825448068,37.5960146944228,9.038461538461538,980.6411833463209
12145345242,r8024255-n410412,0,53.0,77.36891214586119,38.019725641801756,19.27685503409362,3032.582818959605
27178675534,r9515777-n303766,0,41.0,30.52179104477612,0.417910447761194,0.014925373134328358,116.95522388059702
48297831424,r7141590-n303509,0,50.0,65.94551283954283,27.48380584830043,7.153599525011132,1053.2760872792044
60117447440,r9515777-n303766,0,40.0,29.62463768115942,0.3333333333333333,0.0,101.42028985507247
41660209837,r7753495-n303509,0,52.0,72.05838956322279,33.97664787027303,11.80547325496193,1542.2041479499187
62854863160,r9515777-n303766,0,52.0,68.76642927726131,36.13642340478329,13.997215650639658,4213.800834686653
23043528742,r414303-n948219,0,45.0,65.6307055883293,37.21990061317602,10.856557496149486,1544.2280375461335
25423032447,r7419443-n948219,0,40.0,55.67881316234065,31.729707418215327,5.710201965903855,1075.4574374136077
27970224915,r9480604-n410412,0,47.0,52.99462576288956,29.904808856383312,3.2940853437839324,1058.41908066348
43758362272,r2215649-n410412,1,48.0,70.4280204602924,34.042294017225665,10.076321768262158,1503.3784255586788
6512007437,r1039410-n948219,0,49.0,67.14731619789211,30.876526408331085,11.003967477800037,2625.28583340711
23306259259,r974863-n303766,0,51.0,65.2297254955947,35.68967511013216,10.21511563876652,1512.249449339207
45082023055,r7419443-n948219,0,39.0,53.375149564558875,29.450416508898144,4.728190079515335,1071.3748390761075
58771432131,r9170217-n303509,0,47.0,66.05343004062976,41.267458100558656,10.716395801591332,1543.3103309632638
13747531195,r9515777-n303766,0,41.0,30.408169014084507,0.4225352112676056,0.0,104.30985915492958
22046211323,r8024255-n303766,0,35.0,27.32728753852928,0.014090708938793483,0.00044033465433729633,14.501100836635842
23703478217,r9648383-n303766,0,44.0,63.002001774575184,31.578135082813507,7.162024091202409,1088.3169498816949
29400734412,r44132-n303766,0,46.0,26.795146333442943,0.0,0.0,0.0
45709609553,r8972851-n948219,0,50.0,63.02953639618893,32.83765009552972,7.187592524641605,1572.127857983374
8907983500,r44132-n410412,0,54.0,88.65079189228054,44.81537441563588,28.986126737450785,4736.991653430776
30607885277,r9170217-n303509,0,44.0,54.677551593101434,30.606918055149567,4.895059923998831,1075.3737113904317
32492540160,r7462820-n303766,0,44.0,63.3483466215968,35.98962045780211,9.213598118822794,1580.183341294044
34750785402,r7141590-n303509,0,48.0,64.2157456016025,33.089082903414784,7.686754729104068,1570.675529602963
42119896599,r7141590-n303509,0,52.0,76.53987394523851,36.615326330291026,12.704322369553987,1594.4135009471327
5416113298,r7753495-n303509,0,50.0,76.31835325041983,40.29980285735147,11.91033660281841,1568.666220459026
24016739990,r1039410-n303509,0,45.0,48.907940347545626,24.674081777215115,3.783273801449865,1076.6732076381668
51888876585,r2684277-n948219,0,47.0,63.97271044776119,33.854835820895524,7.002985074626865,1091.4466268656715
18462702509,r9480604-n303766,0,45.0,63.637410037583834,37.32515210033431,8.986523806557445,1573.5955896094188
31335281245,r7753495-n303509,0,49.0,65.55019155941335,38.11893359558729,9.478663359986317,1572.6028990464788
47903883129,r9515777-n410412,0,45.0,59.407494481579356,33.72802735893051,7.191709414995596,1573.1367531996477
50942880765,r8024255-n303766,0,41.0,55.91664037730314,33.99227115278295,5.361066919405612,1075.7051416579222
18215414593,r44132-n410412,0,48.0,80.91164201073462,39.989968223245555,20.50354193896322,4730.735569014759
35089014647,r8473362-n410412,1,47.0,55.826608649335924,28.29203965567602,6.918489373034827,1515.8508788508789
35597277934,r2215649-n303766,0,45.0,59.04163018997257,29.34437426556992,6.108475323149237,988.7336956521739
38501493111,r1039410-n303509,0,51.0,69.98543842726761,39.25380682555474,15.012551580950733,4667.067441498335
61267579994,r9988778-n303766,1,45.0,70.33743428120063,32.21709320695103,9.210584518167456,737.4463823064771
6684682909,r9170217-n303509,0,46.0,62.59065980144293,37.38708351318575,8.852294916856795,1562.2659554788186
12830398734,r4605940-n303509,0,48.0,54.113228906640046,20.697137626892992,6.721659177899817,1588.9531119986686
28622832879,r4506251-n410412,0,49.0,66.73746218602423,30.689001437273287,12.7045376770926,3992.5955102320167
33238422153,r5179276-n948219,0,55.0,99.34668808609513,62.597456636761954,22.706523865776752,8957.157031449122
5327290306,r8275852-n303766,0,56.0,92.80773050798383,50.86544979019917,22.27076767168543,8539.19045002753
66827493850,r4506251-n303766,0,45.0,61.16525463649528,31.704590261179057,7.393914545422824,1520.0455711220056
9072970286,r8024255-n303766,0,43.0,46.96532087498189,18.39156888309431,3.5364044618281905,1029.9801390699695
36832903102,r9515777-n303766,0,41.0,32.41310344827586,0.2413793103448276,0.0,158.67816091954023
51114862577,r1039410-n303509,0,47.0,58.14849612540146,27.46495182533369,6.6481039512065765,1584.5266065588262
55174633859,r8024255-n410412,0,61.0,104.19326215883483,64.4478558868411,23.137780040075675,8954.024621142824
5930469845,r7753495-n303509,0,50.0,47.54036461267808,14.214248755303615,3.253872069358047,1065.366935344778
41546938795,r7753495-n303509,0,49.0,46.101898502857225,14.293017577759304,3.3569101489653312,1558.4733936983696
21525236142,r2215649-n410412,0,56.0,66.31268568911315,30.180641156564747,10.804925812458702,2619.3834204361146
28127331761,r7462820-n303766,0,46.0,56.81628300916543,31.573610817024107,5.392510360264981,1049.1947729816388
10869996635,r1039410-n303509,0,46.0,53.98675844568351,28.961659963058228,5.1721072347183625,1074.2330611610764
26283359083,r7753495-n303509,0,50.0,76.76896588042227,40.5707007617508,12.092830724765474,2432.5472114042177
45211983281,r7419443-n948219,0,42.0,60.081129540282205,35.01172507965407,8.924096495220756,1559.74161128812
57217150502,r810901-n303509,0,48.0,62.66447081834207,26.79897616690411,12.664115132929274,29652.052543887185
39207795800,r44132-n303766,0,48.0,59.66179272599461,32.40172728337824,7.857315011632383,1523.3960031466015
48401864014,r8473362-n410412,1,53.0,68.3154013341941,28.435211657290417,11.131421193396662,1477.052138092164
53573674072,r8972851-n948219,0,64.0,110.61587325042646,64.48078092460354,23.169279614273183,8864.17120448149
60943141365,r4605940-n303509,0,48.0,54.24504531245519,20.210287074478764,6.606857093693539,1587.3221199346124
162581525,r2215649-n410412,0,53.0,67.54783328253582,34.642883267296554,8.196494971045412,765.8046632124352
16580496612,r1039410-n948219,1,46.0,46.161457089622495,12.115591807603126,4.622274446371219,2559.25896054616
53515588872,r44132-n410412,0,52.0,65.44210551511657,34.74316243737604,10.525174084510994,2627.5573466206297
53142726496,r44132-n303766,0,52.0,84.47824515197843,44.466966213878024,28.80253866809176,4736.886585643636
54891904741,r2684277-n948219,0,54.0,83.0773207360925,50.02644010435028,12.763801734470846,1527.5468283625937
4187240798,r4506251-n410412,0,35.0,29.65267857142857,0.5178571428571429,0.017857142857142856,109.53571428571429
12729471273,r9170217-n303509,0,45.0,59.568226632104036,35.77315006426035,6.508985557758076,1067.6952534471868
46669827284,r8473362-n410412,0,66.0,110.62756712263662,71.04264492269304,25.39660592018298,8958.912895186324
9679735414,r7462820-n303766,0,39.0,47.469109865077975,17.966832711707426,4.1669545336971305,1090.0782581124267
25544752459,r7753495-n303509,0,49.0,45.38070746250597,12.961285855455541,2.8875884832310414,1580.6877256196346
31731921217,r4506251-n303766,0,53.0,30.428493641995438,0.0,0.0,0.0
20218826461,r2215649-n410412,0,51.0,73.92918713852933,43.9522858716607,10.94944918755164,1280.1540071605618
26541044725,r8473362-n410412,1,47.0,58.58799381134859,30.27008750179307,5.971085473062972,1017.1436709768643
27810787228,r1039410-n303509,0,46.0,59.039490642366786,33.50954151683557,5.923872180451128,1071.0800506701537
33193773413,r9515777-n303766,0,41.0,27.187072018890202,0.03541912632821724,0.0,22.39905548996458
61371321549,r7419443-n948219,0,41.0,58.921423322126074,33.66065883995664,8.282974149809844,1579.4949016149478
35661304523,r9988778-n303766,0,43.0,55.483983782795136,35.988863373097324,5.847602983315382,1090.5234214644258
37291365003,r9648383-n303766,0,74.0,119.44363733923834,41.06846731065122,16.701544437420903,22506.203724134502
64424726136,r9988778-n303766,0,48.0,67.35008009352143,40.31277546958184,9.539296377624366,1094.9872355886953
8073510172,r2215649-n303766,0,46.0,45.58273930753564,3.391038696537678,1.3808553971486761,14379.793279022404
51394450647,r974863-n303766,0,76.0,149.89144554469135,59.314015399360436,24.822369391121637,30562.602240786648
63730698952,r8024255-n303766,0,74.0,180.08898009246866,74.8110135485825,29.358334307283005,23055.94996412095
38376752436,r8275852-n303766,0,74.0,101.42284465822962,34.368861222155125,15.266896924775624,27696.225927259577
17600724557,r5179276-n948219,0,73.0,126.70255899365283,48.62482090398392,21.450182564948324,30452.463954424176
2469020948,r2215649-n303766,0,74.0,146.76543723672924,58.22444236527854,25.418090387649432,30420.351970755462
15957381908,r7753495-n200569,0,30.0,27.029070160608622,0.0,0.0,1.0008453085376163
26905523624,r7269000-n303509,0,74.0,141.4222894003919,51.519847004163125,21.72552882338843,17916.49091066866
31199178581,r7753495-n200569,0,31.0,30.328747697974215,0.4567219152854512,0.0055248618784530384,605.5966850828729
37595280253,r2215649-n303766,0,49.0,40.569833439086295,4.148001269035533,1.6234137055837563,9406.464784263959
44964638074,r2215649-n303766,0,35.0,25.421666666666667,0.0,0.0,1.1111111111111112
55452570988,r2215649-n303766,0,47.0,48.12148558758315,4.300443458980045,1.712860310421286,14007.59534368071
56518735710,r9480604-n410412,0,37.0,27.17549382716049,0.0,0.0,0.6419753086419753
60113370618,r6959555-n750018,0,28.0,22.885416666666668,0.0,0.0,0.0
56073235095,r4683026-n948219,1,73.0,133.32067898630103,52.05594255954705,22.868345474471802,30463.948046390007
25193187077,r6959555-n750018,0,28.0,22.884615384615383,0.0,0.0,0.0
34950462904,r974863-n303766,0,74.0,119.87229940995645,42.62314997570818,17.459188870434637,22507.80536036635
49599893927,r9480604-n410412,0,75.0,122.73111301467695,43.379328819911265,19.14870520455231,27693.835695721573
5564081895,r6959555-n750018,0,28.0,22.882514688601646,0.0,0.0,0.0
22617329691,r7269000-n303509,0,56.0,44.836599419448476,6.489840348330914,2.597532656023222,2950.0952104499274
35114523450,r9480604-n410412,1,74.0,131.76064779004972,48.91759181271911,19.838301469707247,22520.608168039336
40221766530,r4683026-n948219,0,42.0,31.738632075471696,0.519811320754717,0.08867924528301886,977.8764150943397
41078833539,r6959555-n750018,0,28.0,22.873508771929824,0.0,0.0,0.0
18771507500,r2215649-n410412,1,72.0,120.07721862318486,55.52280838996724,14.839571212047133,8330.18881093238
43765909276,r810901-n948219,1,44.0,60.32344782034346,14.08097754293263,3.108982826948481,2776.643857331572
52857431993,r1039410-n303509,0,64.0,73.57271118091089,25.74598003951568,6.166437002887684,3189.361619129642
7300440737,r492024-n410412,0,55.0,85.91066513552688,25.07657566187952,5.524812166959591,3387.0308795417786
13422383895,r810901-n948219,0,46.0,59.77824401217414,13.983062061664683,3.079131930660315,2776.9597723964534
14938501161,r9480604-n303766,0,38.0,41.86801880222841,5.317026462395543,1.0893105849582172,1292.143396007428
25728880554,r7753495-n303509,0,47.0,45.20355892399658,6.528181041844578,0.9454526046114432,1897.2709222886422
40583240849,r2215649-n410412,0,62.0,73.45840618955513,23.767504835589943,6.468471953578336,5768.000386847195
45837082159,r492024-n410412,0,48.0,66.31323834196891,25.473646596390925,3.39798106128283,1229.985885295694
51918465144,r492024-n410412,1,47.0,69.67289656541593,28.248858447488583,3.772880682946198,1304.9427238435576
54680376239,r7753495-n303509,0,56.0,69.62148250656448,24.567454403519978,5.769569228585622,4118.880633028174
60987871759,r8275852-n303766,0,34.0,35.96646963035336,0.015388373229115779,0.0003256798567008631,1226.6871030776747
15715237812,r2215649-n410412,0,69.0,94.27742068194335,39.64379892184188,10.047690972511974,4980.941569170686
21079217055,r4683026-n948219,1,48.0,67.80398890517061,29.922336194264183,3.9781243458237388,1304.8258321122044
28170008665,r492024-n410412,1,55.0,87.99487566398376,26.451045452538956,5.803350450993952,3385.4364267741794
38126471076,r7753495-n303509,0,56.0,68.78534977019554,23.67028900833528,5.561229259172704,4234.8831892186645
37812629668,r2215649-n303766,0,46.0,44.53307896703479,8.233081458108444,1.7520551357635141,1304.4501370090509
38833484965,r8141575-n303766,0,56.0,83.93007209258205,25.176711144838634,5.536141149686967,3383.126822515933
35018388703,r7753495-n303509,0,42.0,47.46545003928023,8.497612790393177,1.7887229870437569,2056.9390626363897
29948593221,r9170217-n948219,0,62.0,76.92169910742533,26.407358425002464,6.334391353280121,3188.076431568411
40189546571,r7419443-n948219,0,46.0,73.31777984027629,23.279257500539607,5.125836391107274,3156.9009712928987
1470125554,r7753495-n303509,0,47.0,44.70013858204459,6.1408917453303875,0.8849166499297048,1819.1208073910425
22237414205,r9480604-n303766,1,46.0,48.82452430993415,10.430783242258652,1.489491382934006,2257.2088412498247
40187878457,r9480604-n303766,0,52.0,83.52726737007104,26.378877165482415,5.804520617832559,3382.768039217136
44961219324,r1039410-n948219,0,47.0,71.2347329911543,31.03538276728186,4.170033853882276,1303.495467948018
49372230328,r8141575-n303766,1,54.0,86.06769843098489,26.65378354875393,5.841106560727797,3381.0806062002484
2067157326,r4683026-n948219,0,50.0,60.94985919690084,25.532369813007524,3.420323325635104,1132.4881919094091
3755469783,r4683026-n948219,1,47.0,63.4443498177059,26.627839581190987,3.5581938861363,1179.3318687482472
9447043637,r2215649-n303766,0,32.0,25.244,0.0,0.0,0.0
13528340621,r1039410-n172107,0,32.0,26.32112774348558,0.0,0.0,0.0
13528340621,r1039410-n172107,1,30.0,24.445413231958394,0.0,0.0,0.0
13951179598,r8972851-n200569,0,29.0,24.90265980498375,0.0,0.0,0.0
13951179598,r8972851-n200569,1,28.0,25.32712892741062,0.0,0.0,0.0
14303198507,r2215649-n303766,0,36.0,39.29716507177034,9.514354066985646,0.4150717703349282,1068.7571770334928
19629450801,r2215649-n303766,0,33.0,25.415555555555557,0.0,0.0,0.0
20166557085,r2215649-n303766,0,33.0,25.215,0.0,0.0,0.0
22949384866,r8141575-n303766,0,33.0,26.29034296028881,0.0,0.0,0.0
22949384866,r8141575-n303766,1,30.0,25.446672694394213,0.0,0.0,0.0
23413677134,r2215649-n303766,0,37.0,41.023501118568234,13.206935123042506,0.5883668903803132,1107.6778523489934
25695070073,r8141575-n303766,0,33.0,26.154384573797078,0.0,0.0,0.0
25695070073,r8141575-n303766,1,30.0,25.25218778158227,0.0,0.0,0.0
28164434419,r6707841-n772143,0,31.0,25.212679509632224,0.0,0.0,0.0
28164434419,r6707841-n772143,1,30.0,25.78091068301226,0.0,0.0,0.0
28213408674,r9480604-n410412,0,36.0,27.04,0.0,0.0,0.0
29600072374,r8275852-n303766,0,32.0,26.019550949913643,0.0,0.0,0.0
29600072374,r8275852-n303766,1,32.0,27.587236614853197,0.0,0.0,0.0
29871897966,r2215649-n303766,0,32.0,25.1912,0.0,0.0,0.0
32052585731,r5354770-n750018,0,30.0,26.041355633802816,0.0,0.0,0.0
32052585731,r5354770-n750018,1,30.0,27.355598591549295,0.0,0.0,0.0
32140975575,r2215649-n303766,0,32.0,25.19333333333333,0.0,0.0,0.0
35333574671,r7419443-n772143,0,30.0,25.51784110535406,0.0,0.0,0.0
35333574671,r7419443-n772143,1,29.0,26.245561312607947,0.0,0.0,0.0
36666562826,r6707841-n772143,0,30.0,25.013545386904763,0.0,0.0,0.0
36666562826,r6707841-n772143,1,30.0,25.560950520833337,0.0,0.0,0.0
37462990162,r2215649-n303766,0,33.0,25.431428571428572,0.0,0.0,0.0
37864616137,r7419443-n772143,0,30.0,25.36462005519779,0.0,0.0,0.0
37864616137,r7419443-n772143,1,29.0,26.02946274149034,0.0,0.0,0.0
43537991585,r8275852-n303766,0,31.0,25.765563751317174,0.0,0.0,0.0
43537991585,r8275852-n303766,1,31.0,27.28051106427819,0.0,0.0,0.0
43837327702,r2215649-n303766,0,34.0,25.545263157894738,0.0,0.0,0.0
47549973978,r7753495-n303509,0,39.0,33.19919354838709,3.5483870967741935,0.3225806451612903,292.9274193548387
49290180041,r2215649-n303766,0,33.0,25.294047619047618,0.0,0.0,0.0
49751767267,r2215649-n303766,0,33.0,25.287499999999998,0.0,0.0,0.0
51371729758,r2215649-n303766,0,32.0,25.235,0.0,0.0,0.0
51625124858,r2215649-n303766,0,32.0,25.2155,0.0,0.0,0.0
53211124375,r8972851-n200569,0,30.0,25.114760213143875,0.0,0.0,0.0
53211124375,r8972851-n200569,1,28.0,25.619999999999997,0.0,0.0,0.0
54838391149,r9480604-n410412,0,36.0,27.05,0.0,0.0,0.0
57154078506,r5354770-n750018,0,29.0,25.748311663840212,0.0,0.0,0.0
57154078506,r5354770-n750018,1,29.0,26.885409836065573,0.0,0.0,0.0
60300348661,r2215649-n303766,0,32.0,25.226,0.0,0.0,0.0
60799285466,r2215649-n303766,0,33.0,25.41333333333333,0.0,0.0,0.0
61283098477,r4683026-n172107,0,30.0,25.754115363283418,0.0,0.0,0.0
61283098477,r4683026-n172107,1,28.0,24.681832131632465,0.0,0.0,0.0
62771809017,r414303-n200569,0,29.0,25.37695885509839,0.0,0.0,0.0
62771809017,r414303-n200569,1,28.0,24.486243291592128,0.0,0.0,0.0
31153613106,r6959555-n772143,0,33.0,26.283787242020406,0.0,0.0,0.0
31153613106,r6959555-n772143,1,32.0,25.383349399284455,0.0,0.0,0.0
7978181999,r368967-n772143,0,33.0,25.65584778899202,0.0,0.0,0.0
7978181999,r368967-n772143,1,32.0,26.380470436998326,0.0,0.0,0.0
62741042798,r3955005-n772143,0,34.0,25.979647787931594,0.0,0.0,0.0
62741042798,r3955005-n772143,1,32.0,25.71335433306788,0.0,0.0,0.0
8541180711,r5354770-n772143,0,33.0,25.877632629777526,0.0,0.0,0.0
8541180711,r5354770-n772143,1,33.0,27.91652423633849,0.0,0.0,0.0
8532312908,r9659953-n772143,0,33.0,26.785314444601983,0.0,0.0,0.0
8532312908,r9659953-n772143,1,31.0,25.43874167021126,0.0,0.0,0.0
52534038331,r2684277-n172107,0,31.0,26.29451780874213,0.0,0.0,0.0
52534038331,r2684277-n172107,1,29.0,25.306110173697274,0.0,0.0,0.0
31365572116,r6727430-n172107,0,35.0,25.42467883245877,0.0,0.0,0.0
31365572116,r6727430-n172107,1,31.0,24.88048631934033,0.0,0.0,0.0
40428213,r9988778-n410412,0,30.0,25.2825,0.0,0.0,0.0
12931749510,r2684277-n948219,0,43.0,50.48168244869695,16.844054671957267,6.881961771397795,4108.079540333483
12931749510,r2684277-n948219,1,34.0,38.827031128062515,0.00039569570999901075,5.495773749986261e-06,1200.9802949032194
62208092813,r4506251-n410412,0,31.0,25.97568,0.0,0.0,0.0
3943041189,r8141575-n410412,0,45.0,41.906461963174536,5.523782696755666,1.9627902538620454,3108.213319146739
3943041189,r8141575-n410412,1,37.0,39.04628270492516,8.23484739063175e-05,6.535593167168055e-07,1203.5415699671194
5882838115,r8473362-n410412,1,32.0,26.05090476190476,0.0,0.0,0.0
7306611376,r8024255-n410412,0,34.0,25.744743390357698,0.08398133748055987,0.0,67.28849144634526
19793128134,r8473362-n410412,1,32.0,26.093333333333334,0.0,0.0,0.0
25916582711,r9988778-n410412,1,31.0,25.232546816479402,0.0,0.0,0.0
27936839880,r44132-n410412,1,29.0,25.846666666666664,0.0,0.0,0.0
28288066312,r810901-n948219,0,35.0,35.73438838174274,0.010705394190871369,8.298755186721991e-05,1018.0519502074688
28288066312,r810901-n948219,1,33.0,34.71714605809129,0.01053941908713693,8.298755186721991e-05,1019.8261410788382
37418700235,r9988778-n410412,1,31.0,25.22368,0.0,0.0,0.0
40103117697,r9988778-n410412,0,30.0,25.26849206349206,0.0,0.0,0.0
40916848619,r4506251-n410412,0,32.0,26.889074074074074,0.12114197530864197,0.0015432098765432098,68.23611111111111
42289591862,r492024-n410412,1,30.0,25.423333333333336,0.0,0.0,0.0
43272045058,r8473362-n410412,0,33.0,27.0875,0.0,0.0,0.0
45339112441,r8473362-n410412,1,32.0,26.05109248850281,0.0,0.0,0.29473684210526313
46439319932,r8473362-n410412,1,32.0,26.02,0.0,0.0,0.0
47008823674,r8024255-n410412,0,32.0,24.94904761904762,0.0,0.0,0.0
52214559557,r9480604-n410412,0,31.0,26.18331896551724,0.0,0.0,0.2948481116584565
56468754775,r9988778-n410412,0,31.0,25.847214996174444,0.1262433052792655,0.00306044376434583,36.22417750573833
56596602062,r8024255-n410412,1,31.0,25.46184,0.0,0.0,0.0
64065082681,r44132-n410412,0,31.0,27.184000000000005,0.0,0.0,0.0
12602788715,r8024255-n410412,0,32.0,24.9625,0.0,0.0,0.0
13721089124,r9988778-n410412,1,31.0,25.245454545454546,0.0,0.0,0.0
15632906244,r8473362-n410412,0,33.0,27.07164948453608,0.0,0.0,0.0
25993587885,r9988778-n410412,0,31.0,26.024086687306504,0.09055727554179567,0.0,70.77708978328174
27016385143,r9988778-n410412,0,30.0,25.251435406698565,0.0,0.0,0.0
29540871432,r4506251-n410412,0,31.0,25.996394634446037,0.0,0.0,0.2944910915420848
32164658274,r8024255-n410412,1,31.0,25.494999999999997,0.0,0.0,0.0
33716929252,r8024255-n410412,0,32.0,24.96042857142857,0.0,0.0,0.0
34441956751,r9480604-n410412,0,31.0,26.183768844221103,0.0,0.0,0.0
42091310261,r9480604-n410412,0,31.0,26.209999999999997,0.0,0.0,0.0
44483159343,r8024255-n410412,1,32.0,26.304262548262546,0.1250965250965251,0.0015444015444015444,67.27027027027027
45124869194,r8024255-n410412,1,31.0,25.478505025125628,0.0,0.0,0.0
45836964674,r8473362-n410412,0,33.0,27.08,0.0,0.0,0.0
48160797102,r3974592-n303509,0,43.0,47.24913768994034,13.601245671547169,5.40040044458176,3446.699249266721
48160797102,r3974592-n303509,1,33.0,38.03477224212854,0.00013542088812027781,1.0031176897798358e-06,1202.9968923413971
48310528468,r8024255-n410412,1,31.0,25.474961025641026,0.0,0.0,0.2916923076923077
59806897251,r8473362-n410412,0,33.0,27.067138477261114,0.0,0.0,0.29473684210526313
60987276066,r9988778-n410412,1,31.0,25.224339526337282,0.0,0.0,0.2949162923642303
63002258316,r8473362-n410412,1,32.0,26.05549436795995,0.0,0.0,0.0
63552092226,r8024255-n410412,0,33.0,24.961152882205514,0.0,0.0,0.0
66422868102,r4506251-n410412,0,31.0,25.979238095238095,0.0,0.0,0.0
7306789463,r9480604-n410412,0,31.0,26.155,0.0,0.0,0.0
8206930725,r810901-n948219,0,35.0,37.34942520372526,0.004729336437718277,3.637951105937136e-05,1182.1009531431898
8206930725,r810901-n948219,1,33.0,36.37186299476135,0.005420547147846333,7.275902211874272e-05,1182.7935826542491
13815071560,r492024-n410412,1,30.0,25.449903381642514,0.0,0.0,0.0
14940720778,r9480604-n410412,0,31.0,26.181587301587303,0.0,0.0,0.0
15721980679,r9480604-n410412,1,30.0,25.133006230529595,0.09813084112149532,0.0,69.79205607476635
18370466357,r9480604-n410412,0,31.0,26.182153110047846,0.0,0.0,0.0
18887122158,r492024-n410412,1,30.0,25.449439588688946,0.0,0.0,0.29491002570694086
24382036461,r8024255-n410412,1,31.0,25.465311004784688,0.0,0.0,0.0
27875383871,r2215649-n303766,0,38.0,37.64751164988893,8.244455997185332e-05,1.0502491716159658e-06,1202.6267629745157
27875383871,r2215649-n303766,1,43.0,41.2803860505905,5.165286114130578,1.713097132294637,3095.739900016279
27888723897,r8473362-n410412,1,32.0,26.04784,0.0,0.0,0.0
30909748221,r8024255-n410412,1,31.0,25.4525,0.0,0.0,0.0
33035505566,r8024255-n410412,0,32.0,24.963333333333335,0.0,0.0,0.0
36246588687,r9480604-n410412,1,29.0,24.26229987684729,0.0,0.0,0.2951559934318555
38580272243,r3974592-n303509,0,33.0,26.597410049627793,0.45037220843672454,0.00031017369727047146,264.12034739454094
38580272243,r3974592-n303509,1,31.0,26.92963399503722,0.03598014888337469,0.0,183.80303970223326
39819609082,r8473362-n410412,0,34.0,27.731518202943455,0.08133230054221534,0.0,68.2594887683966
42701526225,r3974592-n303509,0,34.0,29.92168220946915,2.265423242467719,0.0010760401721664275,841.4146341463414
42701526225,r3974592-n303509,1,31.0,30.009142754662843,0.05272596843615495,0.0007173601147776184,457.8694404591105
48055541888,r9480604-n410412,1,29.0,24.250263157894736,0.0,0.0,0.0
57634794647,r4506251-n410412,1,32.0,25.908976377952758,0.0,0.0,0.0
60288527547,r9988778-n410412,1,31.0,25.22578199052133,0.0,0.0,0.0
61554334955,r9988778-n410412,0,30.0,25.25936170212766,0.0,0.0,0.0
61846264860,r8473362-n410412,0,33.0,27.074571428571428,0.0,0.0,0.0
62580105957,r9480604-n410412,1,29.0,24.252349246231155,0.0,0.0,0.0
28726749356,r4506251-n410412,1,32.0,25.9625,0.0,0.0,0.0
30763608010,r9480604-n410412,1,29.0,24.278380952380953,0.0,0.0,0.0
40742357261,r4506251-n410412,0,31.0,25.99,0.0,0.0,0.0
62317627697,r4506251-n410412,1,32.0,25.910665829145728,0.0,0.0,0.0
1049380997,r492024-n410412,0,32.0,28.114784688995215,0.0,0.0,0.0
4912762340,r9988778-n410412,0,30.0,25.254654011022655,0.0,0.0,0.2951622780159216
14622807964,r9988778-n410412,1,32.0,26.086464258262872,0.1191391237509608,0.0023059185242121443,69.84704073789393
18653415683,r492024-n410412,1,30.0,25.458123425692694,0.0,0.0,0.0
25779594908,r492024-n410412,0,32.0,28.11304,0.0,0.0,0.0
28001516114,r4506251-n410412,1,32.0,25.91857819905213,0.0,0.0,0.0
40912842498,r492024-n410412,1,30.0,25.455,0.0,0.0,0.0
43416590769,r9480604-n410412,1,29.0,24.32,0.0,0.0,0.0
60439333610,r3974592-n303509,0,35.0,38.35453447883107,7.230560346541993,9.039597050921858e-06,2485.7342557338166
60439333610,r3974592-n303509,1,33.0,37.703450830015804,0.00023141368450359956,5.423758230553115e-06,1204.0679271480794
64330434132,r9170217-n172107,0,32.0,27.513767008387696,0.0,0.0,0.11183597390493942
7672104505,r4506251-n410412,1,33.0,26.711497284716838,0.10628394103956555,0.0007757951900698216,70.34134988363073
15884192811,r492024-n410412,0,32.0,28.13541238173591,0.0,0.0,0.29504319210201563
31302423456,r3974592-n303509,0,48.0,51.004121708413614,18.799355269008448,7.812262240007905,3400.3077293611977
31302423456,r3974592-n303509,1,33.0,37.45147349439257,0.0017909194209772244,2.4702336841065164e-05,1178.9224470134875
31344642376,r4506251-n410412,0,31.0,25.99,0.0,0.0,0.0
33456052548,r492024-n410412,0,32.0,28.125591939546602,0.0,0.0,0.0
34674954770,r492024-n410412,1,30.0,25.452251308900525,0.0,0.0,0.0
49778845951,r492024-n410412,1,31.0,26.369820452771272,0.09211553473848556,0.0,69.47931303669009
57442936922,r492024-n410412,0,32.0,28.103333333333335,0.0,0.0,0.0
59966371623,r492024-n410412,0,32.0,28.093333333333334,0.0,0.0,0.0
60769080055,r8024255-n410412,0,33.0,24.95698564102564,0.0,0.0,0.2916923076923077
66636218154,r4506251-n410412,1,32.0,25.915504916018026,0.0,0.0,0.2945514133551823
20897065940,r7269000-n948219,0,59.0,45.67632657654669,10.592147895439599,4.261845754193321,4002.1260849117107
20897065940,r7269000-n948219,1,54.0,37.627336723275455,9.97619963800647e-05,2.457192029065633e-06,1203.811371688135
37303699678,r9988778-n410412,1,32.0,25.87292462311558,0.1577889447236181,0.0020100502512562816,46.71557788944724
53898503793,r492024-n410412,0,33.0,28.939604651162792,0.12325581395348838,0.0015503875968992248,68.4015503875969
54381084124,r4506251-n410412,0,31.0,25.980864661654135,0.0,0.0,0.0
10771625308,r9480604-n410412,0,32.0,27.001446249033258,0.10363495746326373,0.0007733952049497294,67.2954369682908
50411071191,r9480604-n410412,1,29.0,24.24807291666667,0.0,0.0,0.0
60118929987,r8473362-n410412,0,33.0,27.068310387984983,0.0,0.0,0.0
63194635547,r1039410-n948219,0,35.0,39.64357989115668,6.942246629178022,1.0977641289104417e-05,2463.62172969205
63194635547,r1039410-n948219,1,34.0,37.10309525573788,0.00039245067608548287,5.4888206445522085e-06,1199.3097149381
9996807389,r8024255-n410412,0,52.0,64.45459836846493,34.445827722355055,20.525556288418024,28267.7502862744
9996807389,r8024255-n410412,1,47.0,67.83600328872032,39.93804105861984,22.232425041910574,27361.78491631627
57842194187,r4506251-n410412,1,32.0,25.956666666666667,0.0,0.0,0.0
61108149413,r8473362-n410412,1,33.0,26.866272098385856,0.10760953112990007,0.0007686395080707148,69.43120676402768
46284970947,r44132-n410412,0,31.0,27.191167192429024,0.0,0.0,0.0
46284970947,r44132-n410412,1,29.0,25.830315457413246,0.0,0.0,0.0
59972771646,r8141575-n303766,0,47.0,59.32441220348095,28.844163698676166,8.612835158927492,26359.102466232107
59972771646,r8141575-n303766,1,45.0,63.843138767555935,37.288730596062095,10.550178079430145,24106.778186949803
63644708748,r8024255-n303766,0,51.0,69.59548150698966,41.165699990892946,24.026979645735622,28248.653581917944
63644708748,r8024255-n303766,1,50.0,75.80012727107145,47.32428509630709,25.540927667228267,27292.344488525112
1617608594,r8275852-n303766,0,50.0,67.27012414617177,38.81142972421445,23.065766434496084,26527.71331028008
1617608594,r8275852-n303766,1,49.0,75.41647970598049,45.36902190921294,25.17248817378395,25982.366743309685
12431525495,r492024-n410412,0,52.0,72.33275291047231,39.654571827598666,22.916120700346724,29598.301696944207
12431525495,r492024-n410412,1,50.0,75.21670411591201,45.91889771422101,24.490164517851078,31082.672048142096
28524863640,r3955005-n750018,0,53.0,65.56395331291883,33.43642657435761,19.273864998002928,26174.477477477478
28524863640,r3955005-n750018,1,48.0,66.04713264989127,38.471308747170816,20.47516975103182,24928.921049127945
43360839931,r974863-n303766,0,50.0,61.861991376439605,31.20078105065585,18.244499993512868,26721.64529877566
43360839931,r974863-n303766,1,46.0,63.93314573990062,36.00175368793437,19.401992414380672,24955.5868216082
57304990340,r9648383-n410412,0,32.0,26.40184542586751,0.0,0.0,0.0
57304990340,r9648383-n410412,1,32.0,26.855094637223978,0.0,0.0,0.0
10718180860,r4144777-n303509,0,51.0,71.16028232905654,40.81001727590836,23.63323081493871,31452.09548515592
10718180860,r4144777-n303509,1,49.0,74.12362557494663,46.94410913532428,25.129759127621647,27926.84409593081
22136128559,r9648383-n410412,0,32.0,26.409209809264308,0.0,0.0,0.0
22136128559,r9648383-n410412,1,32.0,26.859863760217983,0.0,0.0,0.0
6691194418,r974863-n410412,0,30.0,25.139479768786128,0.0,0.0,0.0
6691194418,r974863-n410412,1,31.0,25.6685549132948,0.0,0.0,0.0
21098985056,r2215649-n410412,0,32.0,26.39654794520548,0.0,0.0,0.0
21098985056,r2215649-n410412,1,31.0,26.11857142857143,0.0,0.0,0.0
50418897511,r1039410-n948219,0,52.0,70.95162893482487,39.765500703019356,23.045869660480633,31024.502267674285
50418897511,r1039410-n948219,1,48.0,71.4446778074399,45.831420529240496,24.560262066258566,28072.115397333633
24430576150,r8141575-n303766,0,34.0,26.747562310030393,0.296048632218845,0.04802431610942249,227.8565349544073
24430576150,r8141575-n303766,1,32.0,26.341726443768998,0.2838905775075988,0.03829787234042553,279.48449848024313
30834867273,r8473362-n410412,0,33.0,26.8015754120962,0.0,0.0,0.01481735933488996
30834867273,r8473362-n410412,1,34.0,25.93528509026427,0.003880736968661656,4.6420298668201634e-05,3.9670323038858433
56582247580,r974863-n410412,0,30.0,25.12924193548387,0.0,0.0,0.0
56582247580,r974863-n410412,1,31.0,25.665790322580644,0.0,0.0,0.0
11145356724,r2215649-n410412,0,32.0,26.40484227129338,0.0,0.0,0.0
11145356724,r2215649-n410412,1,31.0,26.118359621451106,0.0,0.0,0.0
30340973984,r810901-n303509,0,45.0,54.809242553991744,24.336040056821044,7.197819173408289,29269.57084999849
30340973984,r810901-n303509,1,45.0,58.02235085315522,30.239518162920575,9.070912125516745,29577.42138580213
30454267658,r6727430-n303509,0,33.0,26.571866207722238,0.0,0.0,0.0
30454267658,r6727430-n303509,1,29.0,24.317511224184376,0.0,0.0,0.0
42572417030,r2215649-n303766,0,33.0,25.33203703703704,0.0,0.0,0.0
46660981981,r8141575-n410412,0,70.0,149.8866507274064,84.62088450219962,22.411461057890627,5088.946946460217
54685900388,r414303-n948219,0,71.0,148.49184064359966,84.57712321238556,22.73046457512366,5089.914047170804
2580759627,r6707841-n200569,0,34.0,33.44065592203898,0.05134932533733134,0.0007496251874062968,623.3684407796102
13190269177,r8275852-n410412,0,33.0,32.952,0.58,0.02,140.44
21530974315,r9852763-n200569,0,33.0,27.111203438395414,0.0,0.0,0.0
44096058558,r8275852-n410412,0,33.0,30.99173913043478,0.2826086956521739,0.0,117.32608695652173
48128508635,r2215649-n303766,0,44.0,39.616477334789735,0.8339705079191698,0.10049153468050245,1051.02293828509
61482598041,r8275852-n410412,0,34.0,34.99433734939759,0.4457831325301205,0.0,249.9277108433735
62229902689,r6707841-n200569,1,31.0,36.43138277170877,0.002735872685586575,3.853341810685317e-05,1037.5049226441631
62815764501,r9515777-n303766,1,33.0,35.03058139534884,0.17732558139534885,0.0014534883720930232,849.0625
63338592209,r2215649-n303766,0,44.0,37.66373042044518,0.476916735366859,0.06224237427864798,791.3944765045342
7762935508,r1051355-n200569,1,30.0,35.967419890355956,0.0026059763724808893,3.860705737008725e-05,1037.2570650914988
24183770045,r204106-n200569,0,35.0,37.930068550022206,0.0025295923687411897,3.861973082047618e-05,1037.0877440284241
29178402527,r6707841-n200569,1,29.0,26.64327089337176,0.0,0.0,0.0
32531777846,r368967-n200569,0,44.0,38.866046795689584,0.003664395646155099,0.002076490866154556,1093.9351673407346
48244624918,r1051355-n200569,0,32.0,37.39231979030144,0.002601958214478452,3.854752910338447e-05,1037.4878189808032
60494980846,r9515777-n303766,0,35.0,36.30758321273517,0.15629522431259044,0.001447178002894356,926.2141823444283
14181610272,r4099734-n200569,1,29.0,25.35978224455611,0.0,0.0,0.0
16262954922,r6707841-n200569,0,35.0,38.389678625101155,0.002812993718931833,3.853416053331278e-05,1037.3665369349928
34011165495,r4506251-n303766,1,33.0,37.61911497879015,0.0004099383310162906,8.614646086574223e-05,1039.2368374148932
44577670201,r1051355-n200569,0,31.0,36.51263605442177,0.22959183673469388,0.003401360544217687,901.0833333333334
2210296610,r810901-n172107,0,33.0,37.528560126277696,0.002675701168453676,3.849929738782267e-05,1037.4767367995535
24224414241,r9852763-n200569,0,35.0,38.11269956458636,0.204644412191582,0.002902757619738752,902.455732946299
24497741444,r204106-n200569,0,34.0,37.037001703577516,0.19420783645655879,0.0017035775127768314,910.7206132879046
40199113048,r810901-n172107,1,32.0,35.200885342471025,0.002560351133869788,5.7752281215107995e-05,1037.4086551418782
64456834861,r204106-n200569,1,32.0,32.07953846153846,0.052307692307692305,0.0007692307692307692,638.91
6023478204,r8141575-n410412,0,51.0,55.52465299178661,10.508657569936112,5.579101582247972,30538.90464516402
6023478204,r8141575-n410412,1,50.0,55.295145263954886,10.516195879900584,5.581771816751748,30325.09294654593
60944546664,r204106-n200569,1,33.0,36.358064073845206,0.0026456048200216285,3.862196817549822e-05,1037.0928279005097
30118039787,r810901-n172107,1,31.0,31.240142002989536,0.05194319880418535,0.0007473841554559044,621.642750373692
33353582284,r492024-n410412,0,32.0,27.900113445150083,0.0,0.0,3.9609184171958964
44114596259,r4506251-n303766,0,39.0,39.193059675750256,0.35093913384601855,0.2723724881466902,1178.652591495377
61772122665,r368967-n200569,0,53.0,67.05777523379305,21.958478043950773,18.398388007518506,8457.506717924522
6023478204,r8024255-n303766,0,50.0,53.897916620316195,10.254128242714058,5.360440965460334,30682.494619825233
6023478204,r8024255-n303766,1,52.0,55.79817951313937,10.530175915873546,5.5812121246257345,29667.170236708916
6023478204,r9648383-n410412,0,54.0,57.1195756488069,10.398565427021703,5.494024807637446,29864.212484157444
6023478204,r9648383-n410412,1,56.0,57.96388792607332,10.503847956618973,5.574517808926018,30221.518393122104
40433974471,r9659953-n200569,1,31.0,33.97813896087869,0.016413673947920523,0.0002468221646303838,871.7331852400346
42098555725,r1051355-n200569,1,29.0,32.004317045017316,0.05463639861485187,0.0007695267410542517,639.0111581377453
52376691164,r9515777-n303766,0,36.0,37.30846532938051,0.0026566049358949678,3.8501520810072e-05,1036.6203365032918
55505093174,r204106-n200569,1,32.0,34.92098639455782,0.23469387755102042,0.006802721088435374,896.1921768707483
50515454684,r9515777-n303766,1,38.0,36.79098975903251,0.17080449226647035,0.11165490896582522,1095.8982722516248
26815424732,r810901-n172107,1,30.0,25.131977077363896,0.0,0.0,0.0
51131212052,r9648383-n410412,0,34.0,26.117739933379518,0.0,0.0,3.992118474371993
59810146971,r6707841-n200569,1,31.0,32.59800299737729,0.046084675908579995,0.0003746721618583739,623.2660172349194
16250023616,r9515777-n303766,1,33.0,32.65205166604268,0.04342942718083115,0.0011231748408835642,622.5117933358292
19181963143,r368967-n200569,0,44.0,37.6501477022092,0.011769172361427487,0.0046100444733702135,934.3702317677261
37137078946,r9515777-n303766,1,31.0,26.69454022988506,0.0,0.0,0.0
42640478484,r4683026-n948219,0,38.0,26.97752380952381,0.0,0.0,0.0
45078139248,r4099734-n200569,0,33.0,33.649776148205326,0.047472018525665766,0.00038595137012736397,641.6920108066383
49575096221,r810901-n172107,1,31.0,34.55671511627907,0.20494186046511628,0.0029069767441860465,929.7441860465116
58414061172,r2684277-n948219,0,30.0,26.323713286713286,0.0,0.0,0.0
58414061172,r2684277-n948219,1,29.0,26.631160839160838,0.0,0.0,0.0
62917157245,r4099734-n200569,1,31.0,32.322226080246914,0.05401234567901234,0.0007716049382716049,641.8117283950618
65739405221,r7753495-n200569,0,32.0,37.19072594794628,0.0031183199380933045,0.0016779166251656846,1074.181299274435
897068570,r8024255-n303766,0,34.0,26.767241713179178,0.0,0.0,3.957740061510423
13120485570,r2215649-n303766,0,47.0,41.60694827843938,4.039688076137327,2.4776022721610444,1614.4147690467885
33387462619,r9852763-n200569,0,35.0,34.412012719790496,0.053497942386831275,0.0007482229704451926,621.2102506546951
36581132812,r810901-n172107,0,30.0,26.542750716332378,0.0,0.0,0.0
42339523964,r9659953-n200569,0,30.0,26.510029325513198,0.0,0.0,0.0
43877167150,r810901-n172107,0,32.0,36.71217391304348,0.19130434782608696,0.002898550724637681,929.7637681159421
6023478204,r9515777-n410412,0,55.0,55.6232365176355,10.779255882029252,5.7848806474582615,30943.95755264502
6023478204,r9515777-n410412,1,56.0,56.070964739335764,10.532011003554661,5.599587437247851,29934.713955786367
14972303903,r9659953-n200569,0,34.0,36.98189731541039,0.0025420791125832917,3.8516350190655935e-05,1026.2543234603088
54121033426,r9659953-n200569,1,32.0,35.58300620777798,0.0026017893007120687,2.2822713164140955e-05,1024.1484617491328
54124186120,r1039410-n948219,0,30.0,25.78304627516082,0.0,0.0,2.3863872172649927
64071931342,r6707841-n200569,0,35.0,36.577849829351536,0.24744027303754265,0.0034129692832764505,889.7627986348123
49310196688,r9515777-n303766,0,54.0,67.52274677652126,23.54319760032775,9.832320431183387,14282.88744742482
57121199546,r9852763-n200569,1,30.0,29.051659513590845,0.0,0.0,0.0
6023478204,r3974592-n948219,0,48.0,53.264793713015244,10.471222664670321,5.545665941862696,30605.440550948202
6023478204,r3974592-n948219,1,47.0,53.840196597590854,10.45410740014822,5.5334228836162955,30642.18055330883
17624741072,r810901-n172107,0,32.0,33.137297196261684,0.0497196261682243,0.0007476635514018691,621.1880373831775
21759647028,r368967-n200569,0,46.0,39.25215324906685,1.0706226671191041,0.8152358330505599,1518.1959407872412
37492894656,r9659953-n200569,1,28.0,24.473632352941177,0.0,0.0,0.0
55449649015,r1051355-n200569,0,31.0,32.967979041916166,0.051646706586826345,0.0007485029940119761,621.6167664670659
61336032384,r9852763-n200569,1,32.0,35.023199850299406,0.04229041916167665,0.00037425149700598805,621.0849550898204
14788719891,r204106-n200569,0,33.0,27.69281198003328,0.0,0.0,0.0
15564408469,r492024-n410412,0,33.0,28.03642695380934,0.0,0.0,3.6228261334017007
61569077755,r9852763-n200569,1,33.0,39.09344915254237,0.0025038520801232665,3.852080123266564e-05,1036.9718220338982
64724376030,r2215649-n303766,0,44.0,38.22136093625321,0.009220675591807784,0.0027780240565061913,1027.677571888761
2912790922,r9648383-n410412,0,49.0,60.037482247553946,20.240121268481744,7.668798046120327,16471.053246972482
8720853166,r6707841-n200569,0,32.0,26.040562770562772,0.0,0.0,0.0
9782546756,r204106-n200569,0,34.0,33.98833076923077,0.05038461538461538,0.0007692307692307692,639.2880769230769
53336710587,r1051355-n200569,1,27.0,25.55475083056478,0.0,0.0,0.0
15534988863,r9648383-n410412,1,44.0,49.61514821160645,15.183419293803917,5.248180314942825,10412.711735920098
41939162429,r492024-n410412,0,33.0,28.019941526574083,0.0,0.0,3.960060561762556
46337416700,r1051355-n200569,1,29.0,34.4472402044293,0.23339011925042588,0.005110732538330494,860.7614991482112
7106754466,r4683026-n948219,0,53.0,53.75201014505214,18.140254731696533,6.057239710632653,16885.671796509414
23836482265,r1051355-n200569,0,29.0,26.050487106017194,0.0,0.0,0.0
55873414914,r204106-n200569,1,30.0,25.667425249169437,0.0,0.0,0.0
342247359,r6707841-n200569,1,31.0,35.22701013513513,0.22297297297297297,0.0033783783783783786,873.731418918919
1305047232,r9515777-n303766,0,34.0,32.60689745508982,0.041916167664670656,0.00037425149700598805,622.127994011976
2919104239,r9480604-n410412,0,53.0,61.50266596359342,19.910079636565218,7.942578746456466,14873.01725053294
18571750615,r4099734-n200569,0,30.0,25.70253355704698,0.0,0.0,0.0
51844191179,r9852763-n200569,1,32.0,38.22033478893741,0.1572052401746725,0.001455604075691412,920.8457059679768
51987688145,r9515777-n303766,1,34.0,36.56254735504736,0.002156002156002156,1.925001925001925e-05,1037.2912527912529
58414061172,r1039410-n948219,0,30.0,25.80408489909534,0.0,0.0,0.0
58414061172,r1039410-n948219,1,30.0,25.001496172581767,0.0,0.0,0.0
62445755580,r9515777-n303766,0,32.0,25.52014347202296,0.0,0.0,0.0
51247181629,r9852763-n200569,0,37.0,39.51181189701323,0.002137533940572705,1.9257062527682026e-05,1036.7159390706543
13054575682,r44132-n303766,0,59.0,110.28965741678698,54.67986216908216,22.94050059423631,28542.272435411698
24801045674,r3974592-n303509,1,28.0,24.838518907563024,0.0,0.0,3.9243697478991595
32539684870,r974863-n410412,0,56.0,76.69226423934325,24.19504197358633,10.950015782863122,17726.157438474427
62581353302,r3974592-n303509,1,28.0,24.814119677790565,0.0,0.0,3.9125431530494823
29468815065,r3974592-n303509,1,28.0,24.815245901639344,0.0,0.0,3.9262295081967213
54302782832,r4506251-n303766,0,62.0,113.57823039819495,53.270935261184725,22.3230685991228,28550.811420524096
27369314922,r3974592-n303509,0,57.0,48.462527395976146,6.818163823613812,3.089237126550394,17755.046963619552
45764867848,r216287-n303509,0,59.0,117.31659511648455,61.19787648254707,22.900508609728238,25033.700854148257
19962337491,r3974592-n303509,0,61.0,112.7121188581608,54.61506871450473,22.865629347616178,28552.479019118673
34824683968,r4144777-n303509,0,33.0,27.067809523809522,0.0,0.0,2.552380952380952
46907495830,r3974592-n303509,1,29.0,24.86611691442346,0.0,0.0,2.9055845721173164
24625976766,r3974592-n303509,1,28.0,24.82353982300885,0.0,0.0,3.663716814159292
63960567705,r9170217-n948219,0,59.0,105.09505800961215,53.15285303211192,22.339593473535984,28536.91899317354
37315816827,r9480604-n303766,0,61.0,101.06749349742428,46.66414660229876,19.55521369943425,28548.270034849083
38249669635,r3974592-n303509,1,28.0,24.79754993983153,0.0,0.0,0.22815884476534296
29454224193,r3974592-n303509,1,28.0,24.81668436578171,0.0,0.0,3.9569321533923305
63164350821,r4144777-n303509,0,52.0,74.99506811783081,24.25840218032467,10.955657035206332,17724.141381149333
8400198810,r9480604-n303766,0,57.0,109.64395363950624,54.04614517309823,22.648718059138794,28550.178136732527
4856307055,r7419443-n948219,0,30.0,26.924383561643836,0.0,0.0,0.0
37128660944,r8141575-n410412,0,74.0,214.34987867890604,92.30203463613135,63.938241695845555,3156.3869594019116
39293261507,r3974592-n303509,1,28.0,24.84550647032575,0.0,0.0,3.966086568496207
42030903726,r974863-n303766,0,74.0,188.6007460851472,78.49752070582196,54.234364233310366,3277.3430748652263
57344760839,r3974592-n303509,1,28.0,24.829475779694757,0.0,0.0,3.9495686794956866
66039169444,r4506251-n410412,0,31.0,25.72259889408762,0.0,0.0,0.0
29153938586,r1039410-n948219,0,74.0,217.78225387779298,91.08777357744927,64.07731666606001,4698.023487751738
39589720473,r7419443-n948219,0,74.0,216.3693177061532,96.47600310948992,66.64755127668481,3286.3631645039763
14572815385,r7419443-n948219,1,70.0,210.9821975104925,95.5486781217491,65.99851131757363,3267.625443914338
29517874401,r7419443-n948219,0,73.0,213.18264311096405,94.53949848221093,65.30437785035032,3240.6750348875685
53544101366,r9480604-n410412,0,74.0,208.67086710511037,91.96533268587233,64.46889548079258,4731.830886001119
11177719926,r7269000-n948219,1,75.0,226.77586899052667,96.65568804543221,66.71597404940069,3295.274981805968
25848527204,r4683026-n948219,0,73.0,207.45407856130566,93.9863165545624,66.01535103178867,4781.007846893209
43468450649,r8473362-n410412,0,33.0,26.71794774546987,0.0,0.0,0.0
60720905761,r9515777-n303766,0,73.0,228.2040622654323,97.14897951889051,66.97410372806233,3315.2717589448475
6971154432,r2215649-n410412,0,41.0,27.866666666666664,0.0,0.0,0.0
11838527759,r8473362-n410412,0,74.0,212.00957566052844,93.70168134507607,64.19183346677342,3182.924899919936
34739713785,r4506251-n303766,0,73.0,228.15268995329137,97.26866653127931,67.08807914357828,3282.989362422273
45190075855,r9988778-n303766,0,75.0,224.71174406289464,95.95089413010713,65.95566010835472,3244.187319239073
54914416157,r7419443-n948219,0,32.0,27.263333333333332,0.0,0.0,0.0
10946239729,r7269000-n948219,0,73.0,235.19259741800101,97.11429223119383,66.98747319921536,3283.302258108663
16197045990,r4683026-n948219,0,74.0,206.55105922597087,93.71477899255483,65.93706351867999,4779.878602186599
28638485628,r2684277-n948219,0,74.0,216.59908031216045,93.9497308110244,66.09389509038823,4771.802804669235
29533769850,r7419443-n948219,0,32.0,27.326666666666668,0.0,0.0,0.0
3152220526,r7419443-n948219,0,31.0,27.020819575471698,0.0,0.0,0.0
7005791315,r9648383-n410412,0,74.0,228.67964098778685,94.12526282825571,64.96767771663758,3242.2787768979556
41116288516,r7753495-n303509,0,74.0,128.85750310826322,46.50740404233614,29.38744102269829,4208.562380451415
55025585376,r8141575-n303766,0,73.0,215.37888566541616,95.4362697385207,58.99966689031478,3350.0012403020196
21026210280,r44132-n303766,0,43.0,27.280137038446895,0.3349828701941378,0.1180053292729349,49.53635325466311
22735450142,r2684277-n948219,1,64.0,215.7425506079352,93.42727175767918,65.75580204778157,4790.08948912116
15908490766,r7419443-n948219,1,70.0,208.7430278826393,94.23150024049323,65.05191738693175,3238.7232870323137
23573286544,r4683026-n948219,0,75.0,206.1445339127471,91.07053510565781,62.49389911383776,3242.7806237218815
24407437942,r9988778-n303766,1,73.0,220.5342175753364,94.07423084212522,65.05727883420725,3188.382146692779
24089752183,r4506251-n410412,1,32.0,25.85595744680851,0.0,0.0,0.0
25781950046,r8275852-n410412,0,72.0,198.09697725731755,91.27445211855155,57.99796591470632,3314.190399577094
37386565400,r4683026-n948219,0,73.0,208.08207261583453,91.59328599096192,63.08111723848266,3285.40057713099
43089920986,r8141575-n410412,1,75.0,214.58420928780674,91.87998847428324,63.306327938657574,3181.5333365349215
44224473967,r8473362-n410412,0,44.0,34.487328519855595,3.8194945848375452,1.187725631768953,373.40794223826714
11879244524,r1039410-n948219,1,70.0,207.31561681395115,92.07351903497866,64.68940559793018,4670.006841167971
58722090524,r8972851-n303509,0,73.0,216.4248793758034,92.8430465456937,63.93793160144689,3288.757421302801
22713382567,r4683026-n948219,0,75.0,219.99644840175333,98.43570962610298,67.9968286848942,3320.1687480687137
22779463109,r2215649-n410412,0,40.0,27.638333333333332,0.0,0.0,0.0
3915353637,r7419443-n948219,0,70.0,190.48994669084317,87.5788939256573,53.85254759746147,3320.915575702629
38686190704,r2684277-n948219,0,73.0,210.9841776826877,95.29460533353709,58.456407121571026,3304.434349609027
5788768981,r44132-n303766,0,37.0,26.403425414364637,0.0,0.0,0.0
10115911544,r4683026-n948219,0,74.0,207.9894212021789,91.69508327969734,63.089135178411645,3290.380951633412
32468037513,r414303-n948219,0,72.0,219.57688452048373,96.34531019528674,66.65122317611153,3299.235798718027
52126320030,r44132-n303766,0,44.0,36.32632653061224,4.63265306122449,1.4642857142857142,451.7448979591837
7523917627,r8024255-n303766,0,73.0,215.8697180731398,94.54186226626835,65.18608964125585,3304.8164129799106
15573471990,r8275852-n410412,0,37.0,28.604968798847594,0.0,0.0,0.0
19814409695,r8473362-n410412,0,50.0,29.956415220293724,0.6161548731642189,0.1855807743658211,96.08277703604806
27996535114,r9515777-n303766,1,74.0,211.41593631746855,96.56517104591934,66.61834641652517,3320.410304631526
33750764662,r7419443-n948219,0,70.0,186.10195172387864,85.55288190397414,52.88295672444261,3285.9176598864533
41541386966,r9480604-n410412,0,67.0,74.04248004561003,23.8363740022805,16.09407069555302,866.9042189281641
48695751822,r2215649-n410412,0,40.0,27.641666666666666,0.0,0.0,0.0
64249433600,r9170217-n303509,0,47.0,32.85982530765507,1.655286973612802,0.04498095643203231,823.0550209992617
27388232542,r2215649-n303766,0,65.0,37.19548951014713,0.6560295233665451,0.04199858013660065,1303.5401099170115
18974950615,r2215649-n303766,1,64.0,34.744225373673544,9.62738701006056,0.8310144448322526,1884.8377022980694
2648125933,r2684277-n948219,0,37.0,31.293389830508474,1.3728813559322033,0.0,235.3050847457627
3430773196,r9480604-n410412,0,38.0,27.292352941176468,0.0,0.0,0.23529411764705882
7723237089,r2684277-n948219,0,38.0,28.826344086021503,0.6451612903225806,0.005376344086021506,77.18279569892474
13383583486,r9480604-n410412,0,38.0,27.321470588235293,0.0,0.0,0.17647058823529413
14355591524,r9480604-n410412,0,38.0,27.316022727272728,0.0,0.0,0.09090909090909091
14809359722,r9480604-n410412,0,36.0,26.954,0.0,0.0,0.0
15549656278,r9480604-n410412,0,40.0,42.44421161825726,27.49585062240664,0.002074688796680498,940.8651452282157
22054466120,r2684277-n948219,0,37.0,31.95173076923077,2.4615384615384617,0.0,269.25
28116402143,r9480604-n410412,0,36.0,26.80666666666667,0.0,0.0,0.0
29133358081,r8473362-n410412,0,40.0,38.393742442563486,32.544740024183795,0.00020153164046755341,1014.6493349455865
31108880177,r2215649-n410412,0,39.0,42.918671875,27.8974609375,0.0009765625,1008.1201171875
36800978959,r8275852-n410412,0,32.0,31.852588235294114,1.011764705882353,0.0,268.36470588235295
38679532327,r9480604-n410412,0,41.0,44.59803529411765,26.305882352941175,0.0,1001.2223529411765
43177536039,r9480604-n410412,0,40.0,41.571799485861185,24.375321336760926,0.002570694087403599,921.2082262210797
44940882795,r2215649-n410412,0,35.0,26.649444444444445,0.0,0.0,0.0
46569113046,r2215649-n410412,0,39.0,42.25888719512196,27.641768292682926,0.0,984.4009146341464
46621413274,r9480604-n410412,0,40.0,40.6895177956372,23.040183696900115,0.003444316877152698,845.0849598163031
48819101397,r4683026-n948219,0,40.0,26.988459279791986,0.0,0.0,5.3966540744738264e-05
49633186563,r9480604-n410412,0,36.0,26.97666666666667,0.0,0.0,0.0
51505444434,r8275852-n410412,0,32.0,32.720588235294116,0.8151260504201681,0.0,325.6302521008403
52895195342,r2215649-n410412,0,35.0,26.7,0.0,0.0,0.0
54470105490,r9480604-n410412,0,36.0,26.97666666666667,0.0,0.0,0.0
55141983145,r9480604-n410412,0,39.0,42.46336414048059,27.027726432532347,0.0018484288354898336,971.7338262476894
55195164184,r2215649-n410412,0,35.0,26.76307531380753,0.0,0.0,0.02510460251046025
57219511217,r2215649-n410412,0,35.0,26.668,0.0,0.0,0.0
59264127443,r8473362-n410412,0,40.0,39.400819570602806,33.52683732452518,0.0,1039.5043352601156
61144988574,r9480604-n303766,0,40.0,40.12897688442211,33.2156783919598,0.00020100502512562814,1040.6355778894472
62624255081,r2215649-n410412,0,38.0,42.15188299817185,27.352833638025594,0.0,968.6782449725777
63774828086,r2215649-n410412,0,37.0,40.16393229166667,25.6328125,0.0,871.5755208333334
65753935607,r2215649-n410412,0,35.0,26.756,0.0,0.0,0.0
65862503108,r9480604-n410412,0,36.0,26.93375,0.0,0.0,0.1875
3081441555,r8024255-n303766,0,41.0,54.27605362182502,32.79068673565381,17.48400752587018,1849.063029162747
5040839751,r9988778-n303766,1,30.0,26.385967741935485,0.0,0.0,0.0
15499148803,r9988778-n303766,0,31.0,24.594916666666666,0.0,0.0,0.0
22662581744,r9480604-n410412,0,38.0,27.298108108108107,0.0,0.0,0.21621621621621623
24177367204,r9515777-n410412,0,37.0,24.70238438842626,0.0,0.0,0.0
37807379580,r9988778-n303766,0,40.0,62.4586858974359,45.011752136752136,31.43482905982906,2851.4017094017095
41240418127,r8024255-n303766,1,41.0,68.61219512195122,50.597109304426375,35.390243902439025,3215.49864498645
43083487485,r2215649-n410412,0,39.0,44.13910761154855,28.9588801399825,0.0026246719160104987,1009.7882764654419
65574685541,r8024255-n303766,1,31.0,26.662750000000003,0.0,0.0,0.0
49278677010,r4144777-n172107,0,34.0,29.314308728349076,0.0,0.0,0.0
23427415767,r492024-n410412,0,33.0,28.164723722970027,0.0,0.0,0.0
43602573774,r414303-n948219,0,33.0,26.398177633012164,0.0,0.0,0.0
46120067762,r492024-n410412,0,33.0,28.120740253588863,0.0,0.0,0.0
51716401139,r7269000-n303509,0,33.0,29.90793179614266,0.0,0.0,0.0
22279120407,r4683026-n172107,0,32.0,25.93945742748383,0.0,0.0,0.0
29942676479,r4144777-n172107,0,35.0,29.58600510495434,0.0,0.0,0.0
22441941936,r492024-n410412,0,36.0,28.278908597008687,0.0,0.0,0.0
45077637837,r7269000-n172107,0,34.0,27.082710544985282,0.0,0.0,0.0
52357128582,r9515777-n410412,0,34.0,24.58974779855809,0.0,0.0,0.0
66386470180,r492024-n410412,0,33.0,27.8865767315469,0.0,0.0,0.0
9841422966,r7141590-n172107,1,39.0,47.56963409783906,25.14301812465673,6.9219332967178655,31039.80763621901
5420242366,r6707841-n172107,0,39.0,43.537380861906016,24.20103670359436,3.0647160270088567,31053.134829927996
34086038107,r8024255-n303766,0,43.0,42.08879974381279,21.154477062641597,1.4745103287417194,31047.829320052384
9325253079,r6707841-n172107,1,36.0,39.118631641499626,23.58038774578987,1.553413202882095,31051.2093020788
25765925209,r9852763-n172107,1,37.0,40.939055421578125,24.382462980910095,3.704805156753589,31004.379104780364
58588140859,r3974592-n172107,0,31.0,44.88603636939273,24.394087500247345,3.2399034370856996,31049.16968755565
1455662346,r7141590-n172107,0,44.0,61.38367939059568,26.526115327526817,11.009773993894754,31045.181589044165
31565727781,r414303-n172107,1,38.0,44.29108053555217,26.09084819264365,6.511991749887619,31034.561042898822
47358406561,r9170217-n172107,1,34.0,39.00120491365497,22.803109607738413,1.624402112634265,31004.897857693904
15942222997,r414303-n172107,1,35.0,40.036630527166814,25.586102531147,3.342192002321773,31033.633387922637
44097263211,r8972851-n172107,1,35.0,40.666512678048285,25.12736640064653,3.1452671987069403,31009.712071926457
11558517414,r7141590-n172107,0,43.0,61.303024100958346,27.027507353638864,11.200037954265111,31054.19242812411
60515743394,r9852763-n172107,0,39.0,45.144949447525875,23.48283617941215,3.5854260383456347,31054.369316941084
65944058813,r414303-n172107,0,41.0,57.10064623894411,26.90358443549933,11.854085088127642,31038.916153235303
4337085376,r7141590-n172107,0,38.0,46.35182594024053,26.23569284495105,7.291469659217987,31015.44756822507
31880548558,r9170217-n172107,1,35.0,44.453798616038114,27.496438739875977,6.854637930875619,31040.362059910254
23476400489,r7141590-n172107,1,35.0,42.13210093321635,24.65212338054489,3.754036531033147,31006.80792151411
33438956563,r8972851-n172107,0,40.0,40.728032929445185,22.27482172879587,1.5422227375500028,31052.977355208997
39734151140,r8972851-n172107,1,43.0,59.94010623805818,26.151563937442504,11.627901422404642,31055.05567546529
26549640409,r7141590-n172107,0,38.0,43.20779215769868,25.223595927606404,3.199183897195408,31048.603489753037
57534584715,r1051355-n172107,1,41.0,40.394435842111946,23.44056986927275,1.5541206582899691,31048.319657739983
21785017393,r9170217-n172107,1,35.0,41.738386291444904,22.899969191870902,3.4452199594182575,31052.507409886224
24045589591,r7141590-n172107,1,41.0,57.109887625276116,27.349306942153543,11.31445630890027,31047.62272959651
57894468410,r1051355-n172107,0,38.0,39.74647930008516,21.19196779152979,1.5231332470606453,31030.095486168717
3463616645,r414303-n172107,0,41.0,56.54148994649086,26.674397793889366,11.592033895209745,31020.71162591084
51015588539,r3974592-n172107,1,31.0,46.537534534772945,26.48949071133693,7.3940536678310576,31045.398301047953
26298696541,r8024255-n303766,0,40.0,40.613930710768685,19.675235476755493,1.4576141840116248,31034.875022214786
58660621088,r3974592-n172107,0,34.0,58.35540490217608,27.0932120043159,11.190673070496233,31016.339208815134
58717225052,r3974592-n172107,1,31.0,48.13331923710053,25.478515070670376,7.0547009517322286,31051.59546650016
13020252091,r1051355-n172107,1,37.0,41.337378918879075,25.85995766504839,3.3805090725275653,31010.708183704202
39737933399,r1051355-n172107,1,42.0,56.756966907146186,26.404732421664693,11.729343885718388,31052.038001148558
15030454283,r6707841-n172107,1,39.0,45.80164540428349,26.72491008964197,6.716455832095761,31051.816090822882
41732399033,r8972851-n172107,0,38.0,45.10125552412123,27.548529058264457,6.9225143765832735,31014.61827628927
18176790564,r7141590-n172107,1,43.0,61.21047752142386,26.015680070314218,11.575170292243463,31055.434471544715
31862589242,r8972851-n172107,0,38.0,46.33894958979935,26.376356627458733,7.3754077295641,31057.17040624691
54579766932,r1051355-n172107,1,38.0,40.38106625378412,22.20919511011485,1.5344672197444134,31053.400157141867
23885817268,r9852763-n172107,0,39.0,46.0961566934558,27.32788978185993,6.867729047072331,31052.160523536164
32543208702,r1051355-n172107,0,44.0,59.11838743495056,26.93630585279701,11.15696867237748,31053.097071240354
379212017,r414303-n172107,1,35.0,37.79450404716231,22.292401628222525,1.6143966686941469,31007.297805642633
49422139851,r8972851-n172107,1,36.0,40.668039119804405,22.813727711849246,1.6322738386308069,31039.83135547737
66913462180,r8972851-n172107,1,38.0,46.06644058848374,26.361977333521047,6.5694776854850065,31054.04399549486
28363238509,r6707841-n172107,1,36.0,38.57808814073847,23.518303802004827,1.629697167733027,31010.978602523428
40278949527,r1051355-n172107,0,39.0,43.98957705431408,27.004615927665697,6.645496755274376,31019.185831817318
22758079627,r8972851-n172107,0,44.0,61.15017595955846,26.081784518033423,11.649866108121007,31054.796678774383
33682591708,r1051355-n172107,0,39.0,40.26613534569019,22.83807833420689,1.6202530137704294,31043.231309858485
37734833636,r3974592-n172107,0,32.0,43.86103413047557,22.513844004753665,3.4438942518191107,31040.192961240955
3959072825,r6707841-n172107,0,42.0,56.88537178405136,26.584356715441295,10.774919156764753,31017.009264966666
49362112769,r414303-n172107,1,37.0,42.74412032516757,23.639902142551534,3.591105065110309,31052.92655206082
8148414670,r3974592-n172107,1,35.0,60.33273322181099,25.44208783684224,11.101921593440407,31048.644310193893
51692510820,r9852763-n172107,0,39.0,46.2681532988683,26.75946024931725,7.328244197881711,31011.43261682337
52887658520,r414303-n172107,0,36.0,40.165625401912315,23.514669140513814,1.5702041978093801,31052.321023835375
5858243261,r6707841-n172107,0,40.0,40.259632599519726,23.55386177786711,1.6417924658041447,31041.061631880162
63383612146,r3974592-n172107,1,30.0,40.144377684707905,24.005884879725087,1.6507731958762886,31009.517676116837
51472095088,r2215649-n410412,0,45.0,51.50584749640036,17.102922772596987,9.070707682370514,30995.00268459085
54260727685,r9852763-n172107,1,39.0,43.18813299106481,24.538204077602803,3.2582514686281288,31051.975721972653
14741180619,r9852763-n172107,0,41.0,48.559472224629516,25.79123937179228,7.2256020644962495,31056.93025584732
27326502107,r6707841-n172107,0,40.0,48.273420857050425,26.07393611905324,6.491977721235649,31054.96624085198
28981762402,r9170217-n172107,0,38.0,42.23221357524922,24.31273758928872,3.743016697130426,31028.445821231933
43708540730,r9852763-n172107,1,39.0,43.363242850459386,24.629876270393485,3.087944575506913,31052.74474671763
49970964412,r8024255-n303766,0,47.0,59.70070729732242,23.398744175549922,9.635226805081707,31058.005681742754
43935920607,r9852763-n172107,1,37.0,39.76991355052694,23.86311453485262,1.6209169207724816,31043.730337559515
55342771352,r9170217-n172107,0,41.0,57.183554946560704,26.85440760025578,11.815392344934684,31019.840422033434
13999154842,r414303-n172107,0,39.0,40.38474703982777,21.234660925726587,1.5367150133720995,31031.30143264568
36381424883,r3974592-n172107,0,34.0,58.85793859311195,27.241197318745666,11.291499730333616,31035.954965713845
64002617439,r6707841-n172107,1,36.0,41.695014988109065,23.91487196504618,3.662927935401803,31046.219102925723
4495460559,r414303-n303509,0,57.0,38.922907712156594,0.557838137283725,0.24811271931209924,26048.942301571296
4682289870,r2215649-n303766,0,33.0,25.381739073380693,0.0,0.0,0.0
9080223847,r44132-n410412,0,31.0,27.166363636363634,0.0,0.0,0.0
9080223847,r44132-n410412,1,29.0,25.795909090909092,0.0,0.0,0.0
9943229958,r8275852-n303766,0,31.0,25.778851444291607,0.0,0.0,0.0
9943229958,r8275852-n303766,1,31.0,27.38816368638239,0.0,0.0,0.0
11215228029,r3974592-n303509,0,33.0,24.584890081357106,0.0027696036004846805,0.00017310022503029253,3.7043448156482603
11215228029,r3974592-n303509,1,32.0,27.7722849229704,0.39743811666955164,0.008481911026484334,3093.759044486758
59497389874,r44132-n410412,0,35.0,28.23720912049748,0.1195234025752054,0.002831323266983394,732.5083134404733
59497389874,r44132-n410412,1,32.0,26.668773751295525,0.12025071497406352,0.002774177292787399,2124.762485745976
3100229904,r8275852-n303766,0,31.0,25.810999999999996,0.0,0.0,0.0
3100229904,r8275852-n303766,1,31.0,27.474666666666668,0.0,0.0,0.0
10944923261,r2684277-n948219,0,30.0,26.372272727272726,0.0,0.0,0.0
10944923261,r2684277-n948219,1,30.0,26.723636363636363,0.0,0.0,0.0
17910370799,r8275852-n303766,0,31.0,25.761321044546847,0.0,0.0,0.0
17910370799,r8275852-n303766,1,31.0,27.384506912442394,0.0,0.0,0.0
23812844465,r8275852-n303766,0,31.0,25.769120521172635,0.0,0.0,0.0
23812844465,r8275852-n303766,1,31.0,27.391365116967723,0.0,0.0,0.0
27067048849,r216287-n303509,0,35.0,27.967741147741144,0.0,0.0,0.0
27067048849,r216287-n303509,1,30.0,26.131457875457876,0.0,0.0,0.0
45250612908,r8275852-n303766,0,31.0,25.789414290621778,0.0,0.0,0.0
45250612908,r8275852-n303766,1,31.0,27.422258673995188,0.0,0.0,0.0
55007291509,r8275852-n303766,0,32.0,25.8862148922273,0.0,0.0,3.635532331809275
55007291509,r8275852-n303766,1,35.0,30.13475669497061,0.3363814500326584,0.007348138471587198,2968.808621815807
62546771134,r44132-n410412,0,31.0,27.15412115412925,0.0,0.0,3.937484665587124
62546771134,r44132-n410412,1,30.0,25.85208970238241,0.006133915646392031,0.0002208209632701131,1368.5143901661065
27768201445,r44132-n410412,0,45.0,45.636399386719255,7.851605534364123,3.9488092956544856,1561.0136674435714
22569549363,r7419443-n948219,0,39.0,39.44457539629002,13.850421655907342,3.696304250195442e-06,1014.8245567669165
33271040267,r974863-n410412,0,37.0,26.08081395348837,0.0,0.0,0.0
57187520167,r974863-n410412,0,40.0,26.43418491484185,0.0,0.0,0.0
49777423790,r2215649-n410412,0,45.0,40.798517297848285,12.671218022799584,0.028541489312794367,1523.2759253710758
36009235761,r7753495-n303509,0,38.0,39.053039606867884,5.174622841675928,0.04970814654889719,2029.7361809060071
43103308704,r8275852-n410412,0,35.0,38.30451186824664,9.656570615144972,4.472887036119681e-06,1014.514283605639
44933988156,r216287-n303509,0,36.0,40.256101853999624,5.250037663477427,0.00857710969278559,2008.4737503497322
49079065879,r9648383-n303766,0,74.0,192.3701628206228,78.68243973578107,35.591773183494894,21747.82412713391
54515943422,r4683026-n303509,0,39.0,37.057733126004905,0.0007456852523390944,4.249702750108e-05,9141.437273928808
7698982393,r8473362-n410412,0,40.0,37.196398101247084,0.000604008523456746,3.448000301801438e-05,12412.956224593816
20028197761,r8141575-n303766,0,49.0,61.68497549397962,34.990660697746215,6.057675980240815,2394.6925169805495
34991585760,r4506251-n410412,0,54.0,64.1983661293589,12.587107614068513,2.9283342959368133,4792.738034338691
32533349696,r9480604-n303766,0,75.0,165.7814460762916,68.8829137979306,11.884592140240176,25991.799141185467
20068564721,r4144777-n303509,0,74.0,113.24092437682833,40.31810324000332,7.030965877281223,26676.064730336453
13033695440,r8275852-n410412,0,36.0,28.98318181818182,0.0,0.0,0.509090909090909
54604780620,r9988778-n303766,0,49.0,79.49075792640592,53.81271696366582,8.057799120573941,4225.5102406850265
11122448293,r9648383-n303766,0,75.0,161.1649887039025,64.03353962333031,10.92500582006602,25564.626466558595
28523311721,r4144777-n303509,0,73.0,110.4274226476304,37.89549902668522,7.665220081176842,26198.7460723474
34820916070,r8473362-n410412,0,47.0,66.71084847337876,27.267537219278324,5.838884683320717,2088.8680292707545
48704739764,r4605940-n303509,0,59.0,94.30878247869123,48.781671020071485,10.861974154522958,2204.642889056915
43480320283,r7419443-n948219,0,56.0,100.56292368598383,50.21976078167116,7.492250673854447,5393.034198113208
65149598448,r44132-n303766,0,45.0,54.151551702887694,8.490894273698794,2.0379146718007237,8136.752953251605
4887943013,r8141575-n303766,1,45.0,65.23249047801825,23.10080014172252,4.947976025273849,2182.1838554430306
51797859798,r414303-n303509,0,63.0,128.05843155306945,64.4910244521775,9.63119433559453,6233.53378224921
44158471386,r7419443-n948219,0,51.0,96.74342796765895,48.07791253215729,8.499540610069827,4313.935317897832
62074668575,r8972851-n303509,0,73.0,80.76900664826917,36.79165782171968,14.615256390748154,21403.697598620376
13242310818,r4506251-n410412,0,55.0,94.6507709782763,41.71404231151498,25.522362629561268,8944.109896350987
35386176190,r414303-n303509,0,74.0,143.12883381088827,54.69169054441261,19.284527220630373,12105.480229226361
54541151574,r810901-n303509,0,74.0,38.557550919318594,6.343973928591641,2.415778110618574,9583.101601390086
4421064049,r810901-n948219,0,31.0,26.205,0.0,0.0,0.0
4421064049,r810901-n948219,1,29.0,25.8625,0.0,0.0,0.0
18720072876,r6727430-n303509,0,34.0,26.721623646960868,0.0,0.0,0.0033305578684429643
21508637270,r414303-n948219,0,58.0,30.726643735023575,0.2380768338873,0.022622452397516167,642.9083764912009
37228739841,r3974592-n772143,1,30.0,25.978106002878672,0.0,0.0,0.0
41827488072,r810901-n948219,0,31.0,26.2,0.0,0.0,0.0
41827488072,r810901-n948219,1,29.0,25.823333333333334,0.0,0.0,0.0
61317737802,r414303-n303509,0,71.0,100.68961262105593,31.916588566073102,10.382068103717588,10634.790690409247
64408339578,r4683026-n303509,0,32.0,28.747872928176793,0.22099447513812154,0.003683241252302026,47.3609576427256
11280749183,r9852763-n772143,0,34.0,27.20748617025947,0.0,0.0,0.0
15420382161,r9852763-n772143,1,32.0,26.168306075902848,0.0,0.0,0.0
36715567190,r7462820-n303766,0,58.0,42.034972938170256,5.870223939156154,3.0020723929095996,1002.5408442486066
42274023965,r414303-n772143,0,32.0,26.56208684381076,0.0,0.0,0.0
7422739601,r492024-n303766,0,65.0,102.20761667613182,34.007979846519014,17.399443740625866,5256.715026283983
49605258750,r414303-n772143,1,31.0,26.918389145349284,0.0,0.0,0.0
53554004696,r8972851-n772143,1,29.0,25.026492290341665,0.0,0.0,0.0
14630226170,r3974592-n772143,0,31.0,25.060973391134006,0.0,0.0,0.0
17466186893,r8972851-n772143,0,32.0,25.53378560651506,0.0,0.0,0.0
27717524262,r414303-n772143,0,31.0,26.44497005988024,0.0,0.0,0.0
32076819956,r492024-n303766,0,47.0,34.14430965391621,1.5918639951426836,0.7499696417729205,1240.6550091074682
31622015007,r810901-n948219,0,35.0,26.23038586724786,0.0,0.0,3.6923215431188736
31622015007,r810901-n948219,1,60.0,36.04080240730946,0.3138055171051266,0.2837416581325471,11981.135943210904
34171215126,r8473362-n410412,0,46.0,44.97168809695072,3.1592178417882857,0.5558141203607825,704.9905456287802
39451349880,r492024-n410412,0,32.0,27.843333333333334,0.0,0.0,0.0
39451349880,r492024-n410412,1,30.0,25.43166666666667,0.0,0.0,0.0
19783691372,r8275852-n410412,0,40.0,40.44285620444732,5.37925786564387,0.07551834050626999,2039.4946021163464
48113840596,r5354770-n172107,0,33.0,26.280265325488706,0.0,0.0,3.914518884038717
48113840596,r5354770-n172107,1,35.0,36.54253216929209,0.004744733345985955,7.591573353577529e-05,845.372860125261
11648119859,r6727430-n303509,0,40.0,39.73759577717283,5.849655844012128,0.8591505654781666,31042.107429785538
19038790419,r6727430-n303509,0,40.0,45.05133273002984,7.642616054395147,2.2412561757080662,30978.877415252166
50504234936,r7753495-n948219,0,36.0,38.90136959375408,2.9794093592571973,1.234352556304681,31061.81100046047
54946283481,r8275852-n303766,0,45.0,53.19738051978829,16.639558153619294,12.463464728651552,31030.005885141007
6891662484,r6727430-n303509,0,41.0,40.34592905033671,4.840818063115271,1.341104150467276,31039.54171740438
8968783541,r974863-n303766,0,38.0,39.377926370642705,19.42025734860111,0.8266185473126803,31035.358298058924
16645933129,r492024-n303766,0,45.0,42.30053552340911,9.515321029003065,0.7766336492553267,30940.76430556545
27014073291,r492024-n303766,0,42.0,42.05577073382545,8.766355478361557,0.7592994644666378,31026.006513243596
37922220556,r7753495-n948219,0,58.0,40.749064077243794,7.770097286226319,0.6403701265452417,30945.752651598275
4029987869,r8972851-n948219,0,41.0,50.81545489364209,6.130634611985151,1.8330976371457193,16818.4928407283
32861185937,r8972851-n948219,0,35.0,40.872484076433125,0.6496815286624203,0.006369426751592357,1810.71974522293
40175416861,r8972851-n948219,0,34.0,37.01502369668246,0.909952606635071,0.014218009478672985,1347.047393364929
45022732825,r7753495-n303509,0,45.0,40.02964414831982,2.3330764774044033,1.0094553881807649,31011.5500811124
63521714442,r8972851-n948219,0,34.0,36.22628048780488,1.2621951219512195,0.0,1363.810975609756
64487820326,r8972851-n948219,0,33.0,27.925780089153044,0.1649331352154532,0.0,88.2778603268945
66137607703,r8972851-n948219,0,34.0,37.117745098039215,0.7696078431372549,0.00980392156862745,1351.5098039215686
164578513,r8972851-n948219,0,34.0,36.56638036809816,1.2760736196319018,0.0,1413.6503067484662
8989922077,r8972851-n948219,0,33.0,36.52,0.9945652173913043,0.0,1263.304347826087
18700730240,r8972851-n948219,0,33.0,36.53479289940829,1.1538461538461537,0.005917159763313609,1403.1479289940828
20889780738,r8972851-n948219,0,34.0,36.51709183673469,0.8163265306122449,0.0,1245.341836734694
38543562947,r8972851-n948219,0,33.0,33.12092307692308,1.7230769230769232,0.0,485.55384615384617
39242047417,r9988778-n410412,0,46.0,46.24225712873225,3.6017719485608346,1.0851163120178626,16392.74191292747
52296935371,r8972851-n948219,0,34.0,38.45954887218045,1.443609022556391,0.015037593984962405,1110.8646616541353
8489090885,r492024-n303766,0,36.0,25.16584752035529,0.0,0.0,3.8356772760917837
8489090885,r492024-n303766,1,32.0,25.56337527757217,0.0,0.0,3.837157660991858
8489090885,r8473362-n410412,0,33.0,26.738944687045123,0.0,0.0,3.8427947598253276
8489090885,r8473362-n410412,1,32.0,25.683100436681222,0.0,0.0,3.8427947598253276
9890999195,r8024255-n303766,0,38.0,40.66692018072289,2.92394578313253,1.8968373493975903,10407.872740963856
11627880106,r2684277-n948219,0,37.0,41.90171296296297,3.759259259259259,2.349537037037037,8747.516203703704
13870546883,r492024-n303766,0,33.0,25.05788902291918,0.0,0.0,3.835946924004825
13870546883,r492024-n303766,1,31.0,25.589698431845598,0.0,0.0,3.835946924004825
13870546883,r9988778-n303766,0,31.0,24.242809633027523,0.0,0.0,3.739678899082569
13870546883,r9988778-n303766,1,30.0,26.482981651376146,0.0,0.0,3.74197247706422
22368527038,r8024255-n410412,0,35.0,27.457369109947646,1.7657068062827226,1.1452879581151831,400.3350785340314
22368527038,r8024255-n410412,1,32.0,28.25315445026178,1.7552356020942408,1.1465968586387434,401.50392670157066
33650960449,r8972851-n948219,0,34.0,38.352816091954026,1.471264367816092,0.017241379310344827,1504.9022988505747
51161304739,r7753495-n948219,0,30.0,25.45244199920456,0.0,0.0,3.8508550974413365
55142806802,r7753495-n303509,0,58.0,89.10460780570581,31.56819386997561,26.815261427510872,26172.655668681728
25525170311,r492024-n303766,0,39.0,30.031860465116278,1.4289405684754521,1.0116279069767442,1531.5122739018088
38803788197,r8024255-n410412,0,33.0,24.57969080790538,0.0,0.0,1.0662373388436037
46299336559,r2684277-n948219,0,30.0,26.41333333333333,0.0,0.0,0.0
47584375067,r8024255-n303766,0,49.0,81.7586622212176,31.777595690174802,26.68551273357444,29907.331054098853
59866109429,r7753495-n948219,0,35.0,43.4759356136821,5.289738430583501,3.37625754527163,4797.867203219316
9118660063,r4506251-n410412,0,46.0,35.34354515050167,2.280936454849498,1.4573578595317727,2025.5652173913043
12830636202,r7753495-n303509,0,37.0,25.541117053603987,0.0,0.0,3.704874194724687
16739299928,r2684277-n948219,0,43.0,41.61283151326053,2.234009360374415,1.4898595943837754,20617.197347893914
17925767766,r492024-n303766,0,54.0,83.01250017582109,31.30628032913707,25.907201631619664,29129.79063225262
41862849791,r492024-n303766,0,54.0,82.7926929142344,31.26220386169735,26.29116838796587,29897.08653794342
5316285025,r1039410-n303509,0,39.0,26.705429141716568,0.0,0.0,2.315369261477046
10674034828,r810901-n303509,0,35.0,35.52162838182746,5.481623277182236,0.0,1101.7450229709036
51503934125,r8024255-n303766,0,48.0,60.88667052023121,16.84657308009909,13.782163501238646,22780.84376548307
53470514092,r2684277-n948219,0,50.0,77.93624835454146,26.686485300570425,21.86397542781922,26363.13799912242
61059209549,r2215649-n410412,0,46.0,36.97847269380468,7.864374979208481,0.9648418181213337,4584.630680520287
3470677188,r8972851-n948219,0,57.0,87.31382620075779,29.522966223402953,24.532737467956103,26714.213979717377
49182652420,r8275852-n410412,0,46.0,48.16758601756955,6.1736822840409955,4.971632503660322,17473.828879941433
14887690901,r492024-n303766,0,48.0,42.549434737923946,3.218910585817061,2.0030832476875644,10030.095580678315
28285467643,r7462820-n303766,0,48.0,70.33298729386321,22.036721636478326,18.214765251869874,29256.322429485448
31222686064,r2684277-n948219,0,51.0,86.12249413630799,32.282695549159605,26.725716364272426,30644.165228902635
66361629090,r8972851-n948219,0,42.0,28.472303370786516,0.0,0.0,3.8764044943820224
5905324570,r4506251-n410412,0,34.0,26.192383397619444,0.0,0.0,3.970373174944982
13583564547,r7141590-n948219,0,62.0,28.421679566563466,0.04179566563467492,0.0030959752321981426,0.0
38295532889,r4506251-n410412,0,38.0,28.21689228110599,0.5990783410138248,0.4110023041474654,711.5671082949309
39855113865,r8024255-n303766,0,38.0,39.676920999324786,2.589466576637407,1.7332883187035786,9898.21471978393
44881840404,r8024255-n303766,0,40.0,27.69610020384079,0.0,0.0,3.373886922004077
54223718897,r1039410-n303509,0,44.0,41.48443071491615,2.7740511915269197,1.8976169461606356,19756.777581641658
11464926378,r2684277-n948219,0,37.0,45.50685520361991,7.391402714932127,4.904977375565611,5204.556561085973
20610177883,r3955005-n172107,1,36.0,46.016221442645005,23.895276082464317,3.498197895141525,31047.106184823875
22812963814,r2684277-n948219,0,36.0,35.258258317025444,3.11545988258317,2.076320939334638,2577.362035225049
26567438714,r8972851-n948219,0,47.0,29.242278978389,0.0,0.0,1.917485265225933
49271866643,r8532701-n172107,0,36.0,41.79950240862081,23.070580580352047,0.835471792881441,31050.77473117052
55422527619,r2684277-n948219,0,31.0,26.38087678818643,0.0,0.0,3.9926165205353024
66694925370,r9659953-n172107,0,40.0,52.97376965375755,22.250601173760238,5.722753796223115,31049.835278389695
6607218738,r6959555-n172107,0,37.0,38.84658107855943,21.308465509734404,0.8251788268955651,31039.296137339057
27394171185,r5198790-n172107,0,40.0,44.74725528067724,22.381349141119422,1.5648064436590778,31030.455299169887
38774855850,r5051220-n172107,0,37.0,39.617200734855764,20.880573771489058,0.8108476390933534,31054.357986689865
21878502021,r5051220-n172107,0,38.0,40.63690625034333,22.282688229930013,0.8384622990804118,31051.875212867642
45682260470,r9659953-n172107,1,35.0,41.17667333362321,21.99492369233445,0.8313513631027436,31050.72677072916
30795833154,r9659953-n172107,0,39.0,51.12864327532604,23.6869786409335,5.502563895506117,31056.696426696813
36644408140,r6959555-n172107,1,37.0,47.439816269841266,23.43204761904762,5.399293650793651,31046.829849206348
48656484492,r1900814-n172107,1,38.0,43.96924015171603,21.22670939924603,1.5122375808441222,31046.27659353708
20992766678,r5198790-n172107,0,39.0,49.55402932960894,22.17089351410274,5.397806240632239,31019.58687321161
36479231088,r6959555-n172107,1,35.0,40.76046257538134,21.91696819203027,1.5403571006266998,31000.726995388435
52744266213,r6959555-n172107,1,35.0,40.63832633297062,21.95334058759521,0.8345810663764962,31050.710206746462
58739261088,r5051220-n172107,0,38.0,43.36052118691579,22.251460199993883,3.5112381884346044,31010.42555273539
2624390842,r6959555-n172107,1,37.0,45.53660531985961,23.461550041870137,3.4805092161345867,31054.035782501105
64559601038,r5198790-n172107,1,37.0,43.39022066054941,23.7598514288988,3.4649339737040608,31041.328345952967
64885743764,r6959555-n172107,0,38.0,40.73909812054993,23.256633667600333,1.561333361842246,31053.717986272957
18018074802,r8532701-n172107,0,38.0,44.293009636348195,23.60094570233972,3.4809396619255706,31013.157985144357
42253136417,r3955005-n172107,1,33.0,40.9527957460693,20.56204498643881,0.8424047148071864,31007.23837102596
6854439245,r1900814-n172107,0,40.0,48.188852130795574,22.368190570313697,5.732070134782831,31041.584635438852
10063782380,r8532701-n172107,1,36.0,43.19400725294651,21.76259385824209,1.6088406908896482,31045.713857312225
62841270682,r9659953-n172107,0,38.0,46.866847341633836,23.730962034294695,3.4549654465115833,31011.664586747946
7796440403,r1900814-n172107,0,38.0,41.25062279628697,20.508646950181095,0.8073804897939604,31049.74963421362
40048821868,r9659953-n172107,1,38.0,48.60959104431146,22.698960531322424,5.86273305890899,31051.09943270262
235847952,r4099734-n172107,0,42.0,49.27479234188152,22.620747758358338,5.849708994936426,31057.373010892272
20480912429,r6959555-n172107,0,40.0,47.46919903524813,23.067067595686993,5.2156504193202595,31046.015960968536
30429096524,r4099734-n172107,1,38.0,43.65825253057781,22.8791438211725,1.563464782792071,31050.348249683677
34553131615,r8532701-n172107,0,40.0,52.88436092567406,20.91778361486311,3.6489685316500378,31054.862259782596
56254670701,r3955005-n172107,1,36.0,47.22754066300978,23.765284998807537,3.468170760791796,31047.87584068686
11560972682,r4099734-n172107,0,41.0,47.44318279939798,22.77511072887551,5.828733605676199,31019.88997634917
54304601608,r5051220-n172107,1,37.0,45.22351822383153,23.547667826004098,3.416885035018343,31049.08084234599
35622694256,r1900814-n172107,1,41.0,50.54234160285534,23.351120657303237,5.4363576841079855,31057.350441954983
54040639522,r5051220-n172107,0,37.0,41.43431722766058,22.86930848557818,1.585625294456368,31047.24878814846
18317870231,r3955005-n172107,0,42.0,48.40600082057109,22.91164658634538,5.195303808554454,31021.662611151878
23589993177,r9659953-n172107,0,37.0,44.46830452111097,21.346606053057666,0.8177107983559596,31053.18887781791
33502295580,r9659953-n172107,1,37.0,46.15905853061142,22.055868748924627,3.5461170207382366,31049.607704219507
29581382560,r4099734-n172107,0,40.0,45.16540085641697,22.344380019668908,3.5522967546303885,31051.87005204065
32420768048,r3955005-n172107,0,44.0,51.10829741153738,23.549180789823275,5.4736524294513105,31057.23637534721
38975731272,r4099734-n172107,0,40.0,42.1037578623571,21.360497681465496,1.7527891281392038,31025.699416923006
64169195883,r5051220-n172107,1,35.0,40.429096371856325,22.953211259286185,0.8336438194334007,31050.864018447417
64294879306,r8532701-n172107,1,37.0,43.64007903984317,22.666249569868928,1.5693684111740231,31051.232833859918
9339507837,r9659953-n172107,1,36.0,41.03236270619072,22.768561112456183,1.5895133530532544,31006.15184690043
34410723616,r1900814-n172107,1,37.0,40.465914108540765,22.20331603483156,0.8348249626176445,31003.596710352715
47884734069,r8532701-n172107,0,42.0,51.488057430117834,22.038041244176487,5.382818922992601,31056.361374691696
30550119697,r5198790-n172107,1,35.0,39.416383646628205,21.074061666356474,0.8249022892238973,30997.269148210187
66515703919,r4099734-n172107,1,36.0,40.42948079264917,21.114616775526773,0.8298707209368119,30998.280600760176
15295377710,r5051220-n172107,1,36.0,40.99664446383099,22.008122701122325,1.8465174950485712,31001.309145996416
32612869268,r1900814-n172107,0,38.0,42.83602835317438,21.577948046227498,1.6372161494859103,31052.266967276773
34298745607,r6959555-n172107,0,39.0,42.51685304910012,22.360547224306462,3.4535260198785087,31009.9169296235
15172155404,r5198790-n172107,0,38.0,43.355028388447565,21.166303343801957,0.8119096003448488,31052.6211343063
28276826365,r8532701-n172107,1,36.0,41.45077224048351,23.019754002756866,1.580882197009861,31006.34704697275
58446406458,r4099734-n172107,1,37.0,42.05907644126294,23.237856321104434,1.5847500958711491,31040.863191870125
24794547604,r1900814-n172107,1,39.0,45.00893128429843,22.357385723586983,3.6278355949194405,31044.324500573577
36519143980,r3955005-n172107,1,38.0,51.73608705647335,23.44580175666677,5.381092050607223,31054.986626819293
33275764803,r1900814-n172107,0,39.0,47.33289858132415,23.79670789245024,5.5229367483332386,31020.731604719716
47119029873,r4099734-n172107,1,39.0,46.55463657689781,23.453729942760628,3.4348409496105847,31054.08602796284
53266882865,r5051220-n172107,1,38.0,44.79056845410229,22.51420102453937,3.656965215235892,31056.55243534661
13612704365,r8141575-n410412,0,42.0,53.770223691290646,22.661179622898434,7.372280728726267,31012.241634912094
33921888788,r8532701-n172107,1,36.0,41.19520861023763,21.80406522514345,0.8282382943776272,31045.81411482478
6624525513,r1039410-n948219,0,36.0,26.07087495629451,0.0,0.0,0.00030670518883838476
16873047566,r3955005-n172107,0,41.0,41.69368272381455,21.282550563067304,0.8458815110541976,31022.96973120912
28428977092,r5198790-n172107,0,39.0,44.49317532877735,21.42719807040717,1.5867685062884052,31048.105656693275
59202725861,r9170217-n303509,0,32.0,25.946378378378377,0.0,0.0,0.021621621621621623
59202725861,r9170217-n303509,1,29.0,24.835459459459457,0.0,0.0,0.021621621621621623
40758876570,r7269000-n948219,0,73.0,200.96568730102337,94.67692114777738,38.39131085985775,15444.533299198172
40758876570,r7269000-n948219,1,73.0,181.59678324869208,89.29356935359151,34.3369210084502,13880.303353605439
1293929395,r1039410-n948219,0,38.0,27.16739407240131,0.0,0.0,3.9906490036736058
1293929395,r1039410-n948219,1,72.0,200.72824552196477,95.17351293183421,43.93895877398048,6225.066856443123
788697483,r8473362-n410412,0,41.0,27.562166060960113,1.6303129521571077e-05,0.0,23.72756111975328
788697483,r8473362-n410412,1,70.0,30.741065382342352,3.7435735101317156,1.803617936159662,2392.292662912418
10797251294,r2215649-n303766,0,74.0,182.02590883190885,82.38613485280152,48.17511870845204,25481.252611585944
29146904327,r4144777-n303509,1,34.0,28.656666666666666,0.2714570858283433,0.047238855622089154,150.14770459081836
41356552932,r8275852-n410412,0,74.0,221.52854783051512,94.35390530050972,40.53554362804834,27611.959968371677
42328873932,r492024-n410412,0,50.0,45.56469168900804,17.202477730692728,9.404328461471936,5699.423073596818
48196979228,r8275852-n410412,0,43.0,55.38582621810116,33.90279927863515,9.96373226511754,29637.152148933113
54565586432,r2684277-n772143,0,30.0,26.815384615384612,0.0,0.0,0.0
64716423232,r974863-n303766,0,49.0,67.53075188715495,49.33531241865711,30.45632584255736,25896.799967772724
5532128467,r4099734-n200569,1,41.0,121.92474285714285,58.76571428571429,32.777142857142856,16112.262857142858
16696229599,r4683026-n948219,0,53.0,61.37829958337371,39.13235151632594,23.86241643251623,21488.318961340956
17406687754,r974863-n303766,0,35.0,26.695714285714285,0.0,0.0,0.0
24152679179,r9648383-n303766,0,73.0,174.85311860636517,83.88595425056431,41.80519273944143,19481.88384514791
30526518609,r4144777-n303509,0,35.0,27.983765801729874,0.22488356620093147,0.04590818363273453,155.83166999334665
35915655356,r9515777-n303766,0,57.0,118.0312244255587,61.06263770853006,33.40100723953415,4764.171230720805
36264269693,r4099734-n200569,0,43.0,129.12090395480226,57.31638418079096,32.333333333333336,16229.389830508475
47327827223,r4506251-n303766,0,69.0,175.74918257645967,80.46969416126042,46.927154772937904,25529.923262279888
49907667803,r4099734-n200569,1,30.0,26.18837528604119,0.08543096872616324,0.0007627765064836003,74.51945080091534
51569682292,r9515777-n303766,0,40.0,26.736012861736334,0.0,0.0,0.0
59347859695,r4144777-n303509,0,36.0,38.207961165048545,3.766990291262136,0.6407766990291263,1581.126213592233
61928372834,r4683026-n200569,0,37.0,30.539055793991416,2.2775393419170245,0.6909871244635193,500.7181688125894
62257252918,r4506251-n303766,0,57.0,167.0145299145299,83.1994301994302,47.287749287749286,25413.078347578346
63136570223,r2684277-n772143,0,69.0,176.6614700755375,84.0652721286074,48.97598295564594,25742.764671702498
64370383329,r2215649-n410412,0,43.0,56.13301513546756,27.784994362636237,16.784686870067308,22344.11947794595
4332385915,r4683026-n200569,0,73.0,208.65384980578332,94.32283124730255,54.71406991799741,28830.74579197238
6004233796,r4099734-n200569,0,44.0,133.4805421686747,60.765060240963855,34.31927710843374,16194.590361445784
7886294256,r9648383-n303766,1,45.0,68.26773563008554,52.39422073857709,32.10577926142291,25901.31311287294
25095911747,r4506251-n303766,0,53.0,42.16608695652174,1.5072463768115942,0.0,594.4057971014493
32341703185,r9515777-n303766,0,57.0,118.84563254050327,60.490520510168906,33.07928300586005,4719.8369527749055
66169541541,r4683026-n948219,0,48.0,54.98350671083638,33.4284689730542,9.720569652675797,25417.84682900174
1391489598,r368967-n750018,0,72.0,172.48109578688835,82.14453051199698,47.84507840544115,25481.87832986964
12562498309,r4099734-n200569,0,31.0,26.693735676088615,0.0718105423987777,0.0,74.89686783804432
16124738953,r9515777-n303766,0,40.0,26.81659163987138,0.0,0.0,0.0
17267929476,r2215649-n303766,1,73.0,181.40313200379867,82.51490978157645,48.14055080721747,25463.888509021843
34198530739,r4506251-n303766,0,71.0,200.75086656607027,93.57016598404829,54.3755119637853,28763.338003880148
35437641393,r4099734-n200569,1,41.0,126.2291975308642,61.629629629629626,34.858024691358025,16212.098765432098
42992668271,r4605940-n717709,0,72.0,175.59533204259438,84.12623426911907,48.999225556631174,25961.19477250726
47297606498,r4144777-n303509,1,34.0,39.4170297029703,3.118811881188119,0.6534653465346535,1586.069306930693
47519467521,r9515777-n303766,0,41.0,34.65704918032787,2.081967213114754,0.01639344262295082,610.655737704918
48130599015,r9515777-n303766,0,58.0,120.81379112104759,61.93803896518684,33.95592462472054,4759.979878633025
51412688000,r9515777-n303766,0,40.0,36.012874999999994,1.25,0.0,661.6125
60618560453,r2684277-n772143,1,74.0,176.30288406075755,83.63276293020573,48.876562199577,25771.51278600269
61832040041,r9515777-n303766,0,63.0,120.9386882762799,61.28718570130263,33.5354438049076,3968.114207815813
