id_job,start_timestamp,end_timestamp,runtime_seconds,runtime_minutes,runtime_hours
54541151574,1613226592.937,1614168510.473,941917.5360000134,15698.625600000223,261.6437600000037
27608142619,1613742274.959,1614643182.379,900907.4199998379,15015.123666663965,250.25206111106607
39242047417,1613263387.24,1613965103.177,701715.9370000362,11695.265616667271,194.92109361112117
32658871069,1613786961.862,1614478189.385,691227.5230000019,11520.458716666699,192.0076452777783
26905523624,1612887144.185,1613574580.305,687436.120000124,11457.268666668733,190.95447777781223
8590312590,1613991439.609,1614643185.995,651746.385999918,10862.4397666653,181.040662777755
60804573610,1613214328.204,1613819186.54,604858.3359999657,10080.972266666095,168.01620444443492
34171215126,1614018045.818,1614558057.381,540011.5629999638,9000.192716666063,150.00321194443438
20068564721,1613229053.04,1613698681.183,469628.1430001259,7827.135716668765,130.4522619444794
6023478204,1613699102.454,1614162515.141,463412.68700003624,7723.544783333938,128.72574638889895
27369314922,1613287267.392,1613699800.127,412532.7350001335,6875.545583335558,114.59242638892597
56073235095,1613441272.513,1613841564.754,400292.24099993706,6671.537349998951,111.19228916664919
54515943422,1613057207.807,1613400153.614,342945.8070001602,5715.763450002671,95.26272416671117
62074668575,1613233115.286,1613569551.746,336436.46000003815,5607.2743333339695,93.45457222223281
66993331552,1613346522.799,1613642847.914,296325.11500000954,4938.751916666825,82.31253194444709
11122448293,1614298116.421,1614593531.867,295415.4460000992,4923.59076666832,82.05984611113867
32533349696,1613955136.003,1614235003.568,279867.5650000572,4664.459416667621,77.74099027779367
49599893927,1613840604.775,1614104193.631,263588.8559999466,4393.14759999911,73.21912666665183
38376752436,1613840634.889,1614104194.598,263559.7090001106,4392.66181666851,73.2110302778085
2469020948,1614382903.27,1614643183.655,260280.38499999046,4338.006416666508,72.3001069444418
9494291120,1614230852.8,1614490075.113,259222.31299996376,4320.371883332729,72.00619805554548
7698982393,1613400133.842,1613659200.02,259066.1779999733,4317.769633332889,71.9628272222148
34950462904,1613862487.336,1614104194.035,241706.69900012016,4028.444983335336,67.1407497222556
37291365003,1613862487.35,1614104193.432,241706.08200001717,4028.4347000002863,67.1405783333381
35114523450,1614043863.999,1614281317.176,237453.17700004578,3957.552950000763,65.95921583334605
61514640269,1613040924.332,1613268460.757,227536.42499995232,3792.2737499992054,63.20456249998676
20897065940,1613184027.038,1613405779.201,221752.1629998684,3695.86938333114,61.597823055519
55216166978,1614252834.256,1614464926.486,212092.23000001907,3534.870500000318,58.91450833333863
27875383871,1614140369.615,1614347932.696,207563.08100008965,3459.3846833348275,57.65641138891379
7446995639,1613241445.211,1613441493.877,200048.6660001278,3334.1444333354634,55.569073888924386
33238422153,1613183307.074,1613381430.312,198123.2380001545,3302.0539666692416,55.03423277782069
53573674072,1613190429.017,1613385157.51,194728.49300003052,3245.474883333842,54.09124805556403
55174633859,1613193164.907,1613387786.367,194621.46000003815,3243.691000000636,54.061516666677264
22546131896,1613205246.116,1613397542.525,192296.4090001583,3204.9401500026383,53.41566916671064
32539684870,1613031934.021,1613222071.052,190137.03100013733,3168.9505166689555,52.81584194448259
63134290006,1612870474.049,1613060101.779,189627.73000001907,3160.4621666669846,52.674369444449745
10564472974,1613128889.77,1613317144.308,188254.5380001068,3137.5756333351137,52.29292722225189
63164350821,1612854730.702,1613036968.421,182237.7190001011,3037.2953166683515,50.62158861113919
7264797489,1613244902.485,1613426850.78,181948.2950000763,3032.471583334605,50.54119305557675
15573471990,1613699769.018,1613880913.148,181144.13000011444,3019.0688333352405,50.317813888920675
59545301890,1613510486.675,1613687992.083,177505.40799999237,2958.4234666665393,49.30705777777566
46669827284,1613213710.667,1613391064.524,177353.85699987411,2955.8976166645684,49.26496027774281
36009235761,1612806787.153,1612984086.071,177298.91799998283,2954.9819666663807,49.24969944443968
19783691372,1613139484.293,1613316745.056,177260.76300001144,2954.3460500001906,49.239100833336515
44933988156,1612909958.049,1613086344.945,176386.89599990845,2939.781599998474,48.996359999974565
42556479621,1614383905.119,1614556741.626,172836.50699996948,2880.6084499994913,48.010140833324854
10969022550,1613477429.597,1613650096.344,172666.74700021744,2877.7791166702905,47.96298527783818
63730698952,1614475191.638,1614643184.636,167992.99799990654,2799.8832999984425,46.66472166664071
3943041189,1614181447.962,1614347931.735,166483.7730000019,2774.729550000032,46.24549250000053
47826269731,1614478187.264,1614643183.618,164996.35400009155,2749.939233334859,45.832320555580985
36076076552,1613455606.589,1613615117.293,159510.70399999619,2658.5117333332696,44.30852888888783
51662710073,1613961331.598,1614119912.019,158580.42100000381,2643.00701666673,44.050116944445506
8046636288,1614475068.436,1614630707.993,155639.5569999218,2593.992616665363,43.23321027775606
46155090205,1613755353.875,1613909641.533,154287.65799999237,2571.4609666665397,42.85768277777566
11580353383,1614086167.821,1614234024.496,147856.67499995232,2464.277916665872,41.071298611097866
21457898952,1613863821.638,1614011230.195,147408.5569999218,2456.80928333203,40.946821388867164
15534988863,1614261197.989,1614406813.049,145615.05999994278,2426.917666665713,40.448627777761885
52569210509,1612820464.825,1612965999.457,145534.63199996948,2425.5771999994913,40.42628666665819
16186303335,1614162559.602,1614301534.793,138975.19099998474,2316.253183333079,38.604219722217984
63037731536,1613500882.674,1613639365.984,138483.30999994278,2308.055166665713,38.467586111095216
35018388703,1612984144.413,1613118808.953,134664.53999996185,2244.4089999993644,37.40681666665607
42858532331,1613462937.574,1613596117.703,133180.12900018692,2219.668816669782,36.9944802778297
17600724557,1613441341.402,1613573648.926,132307.52400016785,2205.1254000027975,36.75209000004662
61644808089,1613197508.774,1613327804.22,130295.44600009918,2171.5907666683197,36.193179444471994
34859094387,1613659202.088,1613789467.866,130265.77799987793,2171.0962999979656,36.18493833329943
28523311721,1614179391.41,1614306803.097,127411.68699979782,2123.528116663297,35.392135277721614
19010204079,1614443291.987,1614566518.112,123226.125,2053.76875,34.229479166666664
38501493111,1613167657.424,1613288745.618,121088.19400000572,2018.136566666762,33.63560944444603
10682722497,1613218897.733,1613338702.006,119804.27300000191,1996.737883333365,33.27896472222275
53515588872,1612979944.705,1613099531.518,119586.81299996376,1993.113549999396,33.2185591666566
62854863160,1614488293.594,1614607147.687,118854.09299993515,1980.901549998919,33.01502583331532
16580496612,1614075567.986,1614193115.53,117547.54399991035,1959.1257333318392,32.65209555553066
2919104239,1614254524.528,1614371420.496,116895.96799993515,1948.2661333322526,32.47110222220421
17119927401,1614162559.577,1614277605.82,115046.24300003052,1917.437383333842,31.957289722230698
5486075855,1613303614.337,1613416803.649,113189.31200003624,1886.4885333339373,31.44147555556562
48160797102,1613068953.941,1613177629.41,108675.46900010109,1811.2578166683516,30.18763027780586
2912790922,1614349897.677,1614456883.38,106985.70300006866,1783.0950500011445,29.718250833352407
11782132545,1614443288.57,1614550106.54,106817.97000002861,1780.2995000004769,29.67165833334128
66322116641,1614443288.573,1614549312.781,106024.20799994469,1767.0701333324114,29.451168888873525
49310196688,1614379033.297,1614480988.664,101955.367000103,1699.2561166683834,28.320935277806388
65149598448,1613336701.178,1613435566.865,98865.68700003624,1647.761450000604,27.4626908333434
53142726496,1613169944.059,1613266543.416,96599.35699987411,1609.9892833312354,26.833154722187253
8907983500,1613177402.258,1613272996.656,95594.39800000191,1593.2399666666984,26.553999444444973
51797859798,1613334090.685,1613429041.332,94950.64700007439,1582.510783334573,26.375179722242883
43103308704,1613923484.367,1614017447.082,93962.71499991417,1566.0452499985695,26.100754166642826
24177367204,1614546235.954,1614639162.973,92927.0190000534,1548.78365000089,25.813060833348167
22713382567,1614341892.187,1614433483.204,91591.01699995995,1526.5169499993324,25.44194916665554
51394450647,1614290145.577,1614381269.464,91123.88700008392,1518.7314500013988,25.312190833356645
45689792843,1614162614.721,1614253484.825,90870.10400009155,1514.5017333348592,25.241695555580986
51131212052,1614259836.518,1614349897.281,90060.76300001144,1501.0127166668574,25.01687861111429
39414278945,1613991213.932,1614080496.611,89282.67900013924,1488.0446500023206,24.800744166705343
5327290306,1613738198.655,1613826841.558,88642.90300011635,1477.3817166686058,24.62302861114343
40607385290,1613991316.827,1614079694.574,88377.74699997902,1472.9624499996503,24.54937416666084
56871501211,1613229812.23,1613317900.641,88088.41100001335,1468.1401833335558,24.469003055559263
23125008107,1614162614.716,1614250486.301,87871.58500003815,1464.5264166673026,24.408773611121706
32337534525,1613187794.128,1613275181.378,87387.25,1456.4541666666667,24.27423611111111
43300551106,1614119930.026,1614206389.712,86459.6859998703,1440.994766664505,24.016579444408418
27388232542,1614015390.458,1614101849.849,86459.39100003242,1440.9898500005404,24.016497500009006
3601240052,1613832667.63,1613919125.88,86458.25,1440.9708333333333,24.016180555555554
31622015007,1614029400.458,1614115849.617,86449.15900015831,1440.8193166693052,24.01365527782175
583841283,1613118511.465,1613204957.164,86445.69900012016,1440.7616500020026,24.012694166700044
15235900597,1613031500.314,1613117943.108,86442.79400014877,1440.713233335813,24.01188722226355
6624525513,1613948956.406,1614035396.444,86440.03800010681,1440.6673000017802,24.011121666696337
1643579300,1614130914.211,1614217350.155,86435.94400000572,1440.599066666762,24.009984444446033
15069575251,1612966228.331,1613052660.839,86432.507999897,1440.5417999982833,24.00902999997139
18974950615,1614015390.461,1614101818.65,86428.1890001297,1440.4698166688283,24.007830277813806
19021258270,1614293208.656,1614379615.503,86406.84700012207,1440.1141166687012,24.00190194447835
24152679179,1614104215.614,1614190622.364,86406.75,1440.1125,24.001875
1262769788,1613655065.707,1613740519.815,85454.10800004005,1424.235133334001,23.737252222233348
35713832974,1613948517.927,1614033486.019,84968.09200000763,1416.1348666667939,23.602247777779898
6167723078,1614558342.11,1614643216.533,84874.42300009727,1414.573716668288,23.57622861113813
51700957432,1613393675.137,1613478283.658,84608.52099990845,1410.1420166651408,23.502366944419013
52876892830,1613393611.058,1613478218.959,84607.90100002289,1410.1316833337148,23.50219472222858
65412844964,1613128912.065,1613213352.513,84440.44799995422,1407.340799999237,23.455679999987286
48873019877,1613192023.714,1613276368.567,84344.85299992561,1405.7475499987602,23.42912583331267
49812772277,1614076033.348,1614159008.014,82974.66599988937,1382.9110999981563,23.048518333302603
788697483,1613040952.457,1613123316.052,82363.59500002861,1372.7265833338101,22.878776388896835
12145345242,1613110999.369,1613193164.379,82165.00999999046,1369.4168333331743,22.82361388888624
56530751093,1613439268.58,1613520951.865,81683.28500008583,1361.388083334764,22.68980138891273
10875221935,1613439268.587,1613520951.754,81683.16700005531,1361.3861166675886,22.689768611126475
55543218301,1613439268.586,1613520949.705,81681.11899995804,1361.351983332634,22.689199722210567
41393387839,1612969294.102,1613049974.723,80680.6210000515,1344.6770166675249,22.411283611125416
37761732261,1614038685.027,1614118981.951,80296.9240000248,1338.28206666708,22.304701111118
18215414593,1613099531.837,1613177401.933,77870.09600019455,1297.834933336576,21.630582222276264
65075341916,1614084169.315,1614159008.921,74839.6059999466,1247.3267666657766,20.78877944442961
35488171749,1614259417.71,1614333216.545,73798.83500003815,1229.9805833339692,20.499676388899484
24250182563,1613581342.799,1613654740.747,73397.94799995422,1223.2991333325704,20.388318888876174
56137721763,1613865541.897,1613938148.464,72606.56699991226,1210.1094499985377,20.16849083330896
47541862033,1613600745.592,1613672130.112,71384.51999998093,1189.741999999682,19.829033333328034
38761172982,1614261255.893,1614332372.603,71116.71000003815,1185.2785000006359,19.754641666677262
34991585760,1613398394.057,1613468297.606,69903.5490000248,1165.0591500004132,19.417652500006888
60770293370,1614090377.807,1614159011.697,68633.8900001049,1143.8981666684151,19.064969444473583
20727717921,1614162521.277,1614230844.11,68322.83299994469,1138.7138833324113,18.97856472220686
27768201445,1613302911.211,1613371130.867,68219.65600013733,1136.9942666689556,18.94990444448259
36999140602,1614086167.842,1614153927.699,67759.85699987411,1129.3309499979018,18.82218249996503
43181032848,1613174449.943,1613241445.015,66995.0720000267,1116.5845333337784,18.609742222229638
51779082953,1613464943.681,1613531844.136,66900.4549999237,1115.0075833320618,18.58345972220103
49777423790,1613923226.036,1613989417.867,66191.83100008965,1103.1971833348275,18.386619722247122
40475480865,1613834602.95,1613899489.565,64886.61500000954,1081.4435833334924,18.024059722224873
41356552932,1612961703.951,1613026125.255,64421.30400013924,1073.6884000023206,17.894806666705342
28250083927,1614281959.531,1614346097.253,64137.72200012207,1068.9620333353678,17.816033888922796
48023940936,1613258238.861,1613321554.55,63315.68899989128,1055.2614833315213,17.58769138885869
14516593920,1614184216.282,1614247134.326,62918.043999910355,1048.6340666651727,17.477234444419544
43333387395,1613890845.96,1613953090.443,62244.483000040054,1037.4080500006676,17.29013416667779
9495132542,1613356806.111,1613418194.541,61388.42999982834,1023.1404999971389,17.052341666618982
41282480643,1613393731.213,1613454629.377,60898.16400003433,1014.9694000005723,16.916156666676205
60439333610,1613180082.778,1613240369.611,60286.83299994469,1004.7805499990781,16.746342499984635
3579125299,1614273381.636,1614333214.875,59833.239000082016,997.220650001367,16.62034416668945
38646905356,1613831155.839,1613890844.645,59688.80599999428,994.813433333238,16.5802238888873
35772126170,1613831155.849,1613890418.392,59262.542999982834,987.7090499997139,16.46181749999523
63493028523,1613820598.469,1613879692.521,59094.05199980736,984.900866663456,16.415014444390934
45148425702,1612825378.791,1612884468.062,59089.271000146866,984.8211833357811,16.413686388929683
57144032820,1613676303.569,1613734880.465,58576.89599990845,976.2815999984741,16.271359999974568
41834540709,1613890418.62,1613948518.992,58100.37200021744,968.3395333369573,16.13899222228262
48801193633,1613258107.619,1613315879.325,57771.706000089645,962.8617666681607,16.047696111136013
52797009411,1614357768.672,1614415147.025,57378.35300016403,956.3058833360672,15.938431388934454
14110182116,1613860520.326,1613917701.989,57181.66300010681,953.0277166684468,15.883795277807447
22569549363,1613687257.991,1613744267.024,57009.03299999237,950.1505499998729,15.83584249999788
21879720755,1613688902.748,1613745416.67,56513.922000169754,941.8987000028293,15.69831166671382
59157356526,1613184838.405,1613240171.109,55332.703999996185,922.2117333332698,15.370195555554496
58283216580,1613170450.521,1613223594.108,53143.58700013161,885.7264500021935,14.762107500036558
31222686064,1613259640.088,1613312760.274,53120.1859998703,885.3364333311716,14.755607222186194
15072284581,1614023296.982,1614076014.796,52717.81399989128,878.6302333315214,14.643837222192023
21525236142,1613735074.385,1613787443.233,52368.84800004959,872.8141333341598,14.546902222235998
55054318093,1614405308.736,1614457471.766,52163.02999997139,869.3838333328565,14.489730555547608
1183688588,1613185328.023,1613236764.629,51436.605999946594,857.2767666657766,14.287946111096277
6512007437,1614035493.142,1614086382.005,50888.863000154495,848.1477166692416,14.135795277820693
58361456036,1614443291.973,1614494057.349,50765.37599992752,846.089599998792,14.1014933333132
27835310991,1613158425.242,1613209077.993,50652.75099992752,844.2125166654587,14.070208611090978
43360839931,1614219253.384,1614269598.468,50345.08399987221,839.0847333312034,13.984745555520057
64650442535,1614593171.805,1614643186.698,50014.89299988747,833.5815499981244,13.893025833302074
13678312743,1614593181.838,1614643186.767,50004.92899990082,833.4154833316803,13.890258055528005
41904518904,1613168909.922,1613218897.419,49987.49699997902,833.1249499996503,13.885415833327505
63973617650,1613441149.883,1613490533.148,49383.265000104904,823.0544166684151,13.717573611140251
44312845909,1612981575.437,1613030719.941,49144.5039999485,819.0750666658083,13.651251111096807
8332914031,1613178307.6,1613226963.021,48655.421000003815,810.9236833333969,13.515394722223283
42383396262,1613050597.767,1613099079.606,48481.83899998665,808.0306499997774,13.467177499996291
55935947742,1613173487.822,1613221875.172,48387.34999990463,806.4558333317439,13.440930555529064
26425153812,1613137140.286,1613184826.081,47685.795000076294,794.7632500012716,13.246054166687859
61059209549,1613686865.405,1613734495.455,47630.049999952316,793.834166665872,13.230569444431199
9996807389,1613063173.518,1613110717.519,47544.00100016594,792.4000166694324,13.20666694449054
18330128720,1612977425.799,1613024729.714,47303.91499996185,788.3985833326975,13.139976388878292
35714555652,1612910209.008,1612957123.494,46914.486000061035,781.9081000010173,13.03180166668362
21292581649,1613182312.233,1613229151.412,46839.17899990082,780.6529833316803,13.010883055528005
8916268168,1613136214.653,1613182311.648,46096.99499988556,768.2832499980926,12.804720833301545
46660981981,1614366212.278,1614411659.584,45447.30599999428,757.4550999999046,12.624251666665078
22279120407,1614714427.213,1614759482.625,45055.41199994087,750.9235333323479,12.515392222205797
39625865617,1613105998.086,1613150942.844,44944.75800013542,749.079300002257,12.484655000037618
54685900388,1614198016.292,1614242818.612,44802.31999993324,746.7053333322207,12.445088888870345
55025585376,1614119265.169,1614163726.214,44461.045000076294,741.0174166679383,12.35029027779897
63121076023,1613104843.006,1613149191.491,44348.484999895096,739.1414166649182,12.31902361108197
23921389584,1613153212.237,1613197508.501,44296.263999938965,738.2710666656494,12.304517777760823
22287509203,1613181128.309,1613225393.506,44265.1970000267,737.7532833337784,12.295888055562973
43249078686,1612966495.779,1613010725.823,44230.043999910355,737.1673999985059,12.286123333308431
36754323975,1613727725.138,1613771391.635,43666.49699997902,727.7749499996503,12.129582499994171
36918495801,1613170575.806,1613213900.331,43324.52500009537,722.0754166682561,12.034590277804268
48323500878,1613218765.478,1613262012.455,43246.97699999809,720.7829499999682,12.013049166666137
4495460559,1613040267.138,1613083508.332,43241.19400000572,720.686566666762,12.011442777779367
39967343673,1614017448.012,1614060680.702,43232.6899998188,720.5448333303134,12.009080555505223
53672534283,1613641464.033,1613684688.793,43224.75999999046,720.4126666665077,12.006877777775129
48819101397,1613626399.368,1613669619.682,43220.31399989128,720.3385666648547,12.005642777747578
64249433600,1613392069.923,1613435286.417,43216.49399995804,720.2748999993006,12.00458166665501
39357758266,1613123389.65,1613166605.749,43216.09899997711,720.2683166662852,12.004471944438087
25848527204,1613778654.418,1613821832.326,43177.90799999237,719.6317999998729,11.993863333331214
9373450357,1613339447.153,1613382438.494,42991.34099984169,716.5223499973615,11.942039166622692
59497389874,1613389813.536,1613432691.046,42877.50999999046,714.6251666665078,11.910419444441795
3470677188,1613478490.762,1613521346.391,42855.6289999485,714.260483332475,11.904341388874585
53756095003,1613127629.566,1613170450.217,42820.65100002289,713.6775166670482,11.894625277784135
7106754466,1614163787.374,1614206585.527,42798.15299987793,713.3025499979655,11.888375833299424
21492435643,1613787619.067,1613830206.835,42587.768000125885,709.7961333354314,11.829935555590524
40391159212,1614499663.543,1614542042.702,42379.15899991989,706.3193166653315,11.771988611088858
1617608594,1613531845.521,1613573963.846,42118.325000047684,701.9720833341281,11.699534722235468
21270529586,1613127059.599,1613168909.645,41850.046000003815,697.5007666667302,11.625012777778837
383286615,1614499663.544,1614541003.622,41340.078000068665,689.0013000011444,11.483355000019074
50083512789,1614715388.388,1614756591.968,41203.579999923706,686.7263333320618,11.445438888867697
566295061,1614499663.548,1614540263.009,40599.46099996567,676.6576833327612,11.27762805554602
50418897511,1614344829.096,1614385369.958,40540.861999988556,675.6810333331426,11.261350555552376
12431525495,1614327627.234,1614368114.633,40487.39899992943,674.7899833321571,11.24649972220262
43602573774,1614157671.361,1614198010.881,40339.51999998093,672.3253333330155,11.205422222216924
34065954947,1613982361.414,1614022656.789,40295.375,671.5895833333333,11.193159722222223
40677747703,1613982469.598,1614022761.246,40291.64800000191,671.5274666666985,11.192124444444975
22441941936,1614573984.831,1614613885.718,39900.886999845505,665.0147833307584,11.083579722179307
12931749510,1613435978.552,1613475650.645,39672.09299993515,661.2015499989192,11.02002583331532
63194635547,1613435990.832,1613475650.656,39659.823999881744,660.9970666646957,11.016617777744928
10718180860,1614336585.083,1614376188.026,39602.9430000782,660.0490500013034,11.000817500021723
64933720210,1613786458.917,1613825947.608,39488.69099998474,658.1448499997457,10.969080833329095
24956431912,1613140404.56,1613179735.18,39330.62000012398,655.5103333353997,10.925172222256661
16197045990,1613822261.531,1613861453.68,39192.14900016785,653.2024833361307,10.88670805560218
27210601152,1613730259.075,1613768920.499,38661.424000024796,644.35706666708,10.739284444451332
63644708748,1614221945.265,1614260196.454,38251.18899989128,637.5198166648547,10.625330277747578
63613489074,1613099091.155,1613137205.632,38114.47699999809,635.2412833333016,10.587354722221692
58844228286,1614723250.151,1614760032.591,36782.44000005722,613.0406666676204,10.21734444446034
46405626619,1613128143.138,1613164101.511,35958.37299990654,599.306216665109,9.988436944418483
34264990832,1613104513.449,1613140391.909,35878.46000003815,597.9743333339691,9.966238888899484
54541283941,1613061639.173,1613097157.193,35518.01999998093,591.9669999996821,9.866116666661368
15434182406,1613614693.907,1613650087.273,35393.36599993706,589.8894333322843,9.831490555538071
30036170346,1613069831.642,1613104840.821,35009.17900013924,583.4863166689872,9.724771944483122
50718528165,1614715513.724,1614750464.861,34951.13700008392,582.5189500013987,9.708649166689979
23355759569,1613179736.367,1613214610.483,34874.11599993706,581.2352666656176,9.68725444442696
34011165495,1614724881.423,1614759737.901,34856.47799992561,580.9412999987602,9.682354999979337
55089695405,1613069831.697,1613104513.238,34681.540999889374,578.0256833314895,9.63376138885816
42734188731,1613213903.374,1613248542.904,34639.52999997139,577.3254999995231,9.622091666658719
50515454684,1614724881.462,1614759162.723,34281.2610001564,571.3543500026067,9.522572500043445
48232555752,1613101994.003,1613136214.484,34220.480999946594,570.3413499991099,9.505689166651832
35309199056,1612978168.595,1613012299.811,34131.21600008011,568.8536000013352,9.480893333355585
20571430200,1614186488.058,1614220501.255,34013.1970000267,566.8866166671118,9.448110277785196
66386470180,1613826759.621,1613860398.313,33638.69199991226,560.6448666652044,9.344081111086739
47584375067,1613366862.442,1613400481.15,33618.708000183105,560.3118000030518,9.338530000050863
33414844145,1613270947.15,1613303609.68,32662.52999997139,544.3754999995232,9.072924999992052
55761022752,1613938183.279,1613970754.681,32571.40199995041,542.8566999991734,9.047611666652891
30340973984,1612804321.774,1612836758.041,32436.266999959946,540.6044499993325,9.01007416665554
45077637837,1614714427.183,1614746801.643,32374.45999979973,539.5743333299955,8.992905555499924
41124080673,1614346233.561,1614378586.535,32352.97399997711,539.2162333329519,8.986937222215865
55906935267,1613069831.645,1613101993.729,32162.084000110626,536.0347333351771,8.933912222252951
20468682254,1613149191.787,1613181127.935,31936.148000001907,532.2691333333652,8.871152222222753
40758876570,1613152373.434,1613184026.797,31653.362999916077,527.5560499986012,8.792600833310022
37315816827,1613356882.056,1613388465.063,31583.006999969482,526.3834499994914,8.773057499991523
25165769984,1614716120.607,1614746597.658,30477.050999879837,507.9508499979973,8.465847499966621
26973900767,1613106736.865,1613137133.148,30396.28299999237,506.6047166665395,8.443411944442325
46937657097,1614716120.573,1614746484.923,30364.35000014305,506.0725000023842,8.434541666706403
16376218419,1613097281.895,1613127629.26,30347.365000009537,505.7894166668256,8.42982361111376
54425831372,1614716120.592,1614746365.424,30244.832000017166,504.0805333336194,8.40134222222699
64655012194,1614716120.579,1614746263.879,30143.299999952316,502.3883333325386,8.373138888875644
21121345712,1614715624.171,1614745470.604,29846.433000087738,497.4405500014623,8.290675833357705
45764867848,1612856086.762,1612885697.39,29610.62800002098,493.5104666670164,8.225174444450273
41862849791,1613367296.044,1613396696.013,29399.96900010109,489.99948333501817,8.166658055583635
55080362930,1613831155.839,1613860520.004,29364.164999961853,489.40274999936423,8.156712499989403
46120067762,1614613885.927,1614643184.657,29298.730000019073,488.3121666669846,8.138536111116409
28232900315,1613069831.669,1613098497.888,28666.21900010109,477.7703166683515,7.962838611139191
29707875760,1614725775.012,1614754429.559,28654.546999931335,477.5757833321889,7.959596388869816
9247037017,1613096811.847,1613125395.255,28583.40800023079,476.3901333371798,7.939835555619664
42388742123,1613098498.065,1613127059.401,28561.335999965668,476.0222666660945,7.933704444434908
6216255734,1613954845.163,1613983365.104,28519.94099998474,475.3323499997457,7.922205833329095
63960567705,1613241288.214,1613269036.64,27748.426000118256,462.4737666686376,7.70789611114396
54302782832,1613356871.952,1613384560.949,27688.99699997902,461.48328333298366,7.691388055549727
1002943407,1614552692.067,1614580056.64,27364.573000192642,456.0762166698774,7.60127027783129
8400198810,1613264905.202,1613292174.536,27269.334000110626,454.4889000018438,7.574815000030729
19962337491,1613241562.338,1613268678.416,27116.077999830246,451.9346333305041,7.532243888841735
29942676479,1614729061.638,1614756099.01,27037.37199997902,450.622866666317,7.510381111105283
18331731730,1613069831.678,1613096811.683,26980.00500011444,449.66675000190736,7.4944458333651225
13054575682,1613267792.441,1613294751.369,26958.927999973297,449.3154666662216,7.488591111103694
65230418109,1613411085.959,1613437408.766,26322.8069999218,438.71344999869666,7.311890833311611
28638485628,1614005712.637,1614031182.309,25469.671999931335,424.49453333218895,7.074908888869816
32142123091,1613401488.513,1613426248.611,24760.09800004959,412.6683000008265,6.877805000013775
49079065879,1614190623.305,1614215139.492,24516.18700003624,408.6031166672707,6.810051944454511
30834867273,1612988828.645,1613012965.191,24136.546000003815,402.27576666673025,6.704596111112171
3432049699,1613514207.82,1613537669.196,23461.37600016594,391.022933336099,6.517048888934983
31402513783,1614274922.472,1614298085.511,23163.039000034332,386.0506500005722,6.434177500009537
55710519313,1614275050.771,1614298085.509,23034.738000154495,383.9123000025749,6.398538333376249
16285697235,1613388743.98,1613411085.637,22341.65700006485,372.3609500010808,6.206015833351347
66953742736,1613165449.684,1613187487.589,22037.90499997139,367.29841666618984,6.12164027776983
12634738497,1614380725.041,1614402553.388,21828.34700012207,363.80578333536783,6.063429722256131
1293929395,1613907110.534,1613928078.664,20968.13000011444,349.4688333352407,5.8244805555873445
52857431993,1613301154.738,1613321814.514,20659.77600002289,344.32960000038145,5.738826666673025
57493078898,1613209130.598,1613229418.106,20287.507999897003,338.1251333316167,5.635418888860278
29153938586,1613928464.356,1613948659.841,20195.485000133514,336.5914166688919,5.609856944481532
29948593221,1613301154.756,1613321317.574,20162.817999839783,336.0469666639964,5.600782777733273
7523917627,1614341892.209,1614361807.099,19914.889999866486,331.91483333110807,5.531913888851801
22735450142,1614007404.929,1614027055.199,19650.269999980927,327.5044999996821,5.458408333328035
4963257496,1613418194.735,1613437422.835,19228.10000014305,320.46833333571755,5.341138888928626
31429917866,1613457271.012,1613475999.23,18728.21799993515,312.1369666655858,5.2022827777597636
29459810629,1614379741.814,1614398441.379,18699.56500005722,311.65941666762035,5.194323611127006
59879861726,1613429741.601,1613448363.429,18621.827999830246,310.36379999717076,5.172729999952846
27970546133,1613411099.879,1613429224.449,18124.569999933243,302.07616666555407,5.034602777759234
45022732825,1613568992.179,1613587110.393,18118.21399998665,301.9702333331108,5.032837222218514
22238543322,1614620924.173,1614638779.732,17855.55900001526,297.5926500002543,4.9598775000042385
51554711444,1613644351.25,1613662204.898,17853.648000001907,297.5608000000318,4.959346666667196
39739040553,1614620924.163,1614638748.0,17823.83699989319,297.0639499982198,4.951065833303663
57719617660,1614478643.15,1614495935.522,17292.37199997902,288.2061999996503,4.803436666660839
59053931856,1613948520.181,1613965526.452,17006.270999908447,283.4378499984741,4.7239641666412355
11177719926,1613407214.247,1613424095.082,16880.835000038147,281.34725000063577,4.68912083334393
28633170473,1613667219.367,1613683958.531,16739.163999795914,278.9860666632652,4.649767777721087
23427415767,1614557793.339,1614573984.622,16191.28299999237,269.8547166665395,4.497578611108992
49307774335,1613064383.875,1613080536.071,16152.196000099182,269.2032666683197,4.486721111138662
49970964412,1614194894.364,1614210719.756,15825.391999959946,263.75653333266575,4.395942222211096
25544752459,1613470916.744,1613486539.924,15623.180000066757,260.38633333444596,4.339772222240766
51472095088,1614092636.634,1614108245.581,15608.947000026703,260.14911666711174,4.335818611118529
11879244524,1613928464.363,1613944059.486,15595.123000144958,259.91871666908264,4.331978611151377
32468037513,1614341892.197,1614357330.398,15438.200999975204,257.3033499995867,4.288389166659779
44114596259,1614724871.36,1614740177.808,15306.448000192642,255.10746666987737,4.251791111164623
50504234936,1613572126.954,1613587416.164,15289.210000038147,254.82016666730246,4.247002777788374
61085357805,1614722119.859,1614737373.324,15253.46499991417,254.22441666523616,4.237073611087269
45156918534,1613942596.731,1613957836.846,15240.115000009537,254.00191666682562,4.233365277780427
7300440737,1613791451.435,1613806420.683,14969.248000144958,249.48746666908264,4.15812444448471
38833484965,1613791471.241,1613806395.046,14923.805000066757,248.73008333444596,4.145501388907433
897068570,1614373454.364,1614388307.636,14853.271999835968,247.55453333059947,4.125908888843324
24286353527,1614723059.054,1614737739.298,14680.244000196457,244.6707333366076,4.077845555610127
35734344384,1614723709.233,1614738382.41,14673.177000045776,244.55295000076293,4.075882500012716
49278677010,1614714427.203,1614729061.448,14634.244999885559,243.904083331426,4.065068055523766
3904282188,1613990825.023,1614005108.674,14283.651000022888,238.06085000038146,3.967680833339691
28170008665,1613791451.416,1613805691.261,14239.84500002861,237.33075000047683,3.955512500007947
40187878457,1613795710.497,1613809919.735,14209.237999916077,236.8206333319346,3.9470105555322434
49372230328,1613791471.25,1613805573.932,14102.681999921799,235.04469999869664,3.917411666644944
52534038331,1614717433.649,1614731529.751,14096.101999998093,234.93503333330153,3.915583888888359
8541180711,1614717433.659,1614731529.718,14096.059000015259,234.93431666692098,3.915571944448683
31365572116,1614717433.65,1614731529.7,14096.049999952316,234.93416666587194,3.915569444431199
31153613106,1614717433.661,1614731529.697,14096.036000013351,234.93393333355587,3.9155655555592643
7978181999,1614717433.654,1614731529.684,14096.02999997139,234.9338333328565,3.9155638888809414
8532312908,1614717433.682,1614731529.712,14096.02999997139,234.9338333328565,3.9155638888809414
62741042798,1614717433.657,1614731529.683,14096.026000022888,234.93376666704813,3.9155627777841358
13528340621,1614717433.651,1614731529.674,14096.023000001907,234.93371666669844,3.915561944444974
58722090524,1613577233.726,1613591305.669,14071.942999839783,234.53238333066304,3.9088730555110507
4918105912,1614744290.077,1614758348.064,14057.986999988556,234.29978333314259,3.90499638888571
41546938795,1613456884.634,1613470916.493,14031.858999967575,233.86431666612626,3.8977386111021044
37267039837,1614731002.497,1614744874.942,13872.444999933243,231.20741666555404,3.8534569444259006
40130924494,1614005115.182,1614018979.418,13864.236000061035,231.07060000101725,3.851176666683621
27996535114,1614278135.736,1614291941.656,13805.919999837875,230.0986666639646,3.834977777732743
63793043215,1614721838.832,1614735549.737,13710.90499997139,228.5150833328565,3.808584722214275
65739405221,1614725289.925,1614738790.214,13500.289000034332,225.00481666723888,3.7500802777873146
37386565400,1613579513.66,1613593012.99,13499.329999923706,224.98883333206177,3.749813888867696
55887439435,1614721838.746,1614735280.556,13441.80999994278,224.03016666571298,3.7338361110952167
61772122665,1614743529.099,1614756899.142,13370.042999982834,222.8340499997139,3.713900833328565
10115911544,1614603061.855,1614616426.521,13364.665999889374,222.74443333148957,3.7124072221914926
19912656976,1614717980.889,1614731301.307,13320.417999982834,222.00696666638058,3.7001161111063428
16084023210,1614549314.695,1614562631.006,13316.311000108719,221.93851666847866,3.6989752778079774
8752028267,1613497126.54,1613510423.915,13297.375,221.62291666666667,3.6937152777777778
41116288516,1613426248.956,1613439436.197,13187.240999937057,219.78734999895096,3.663122499982516
6122765730,1614740766.248,1614753937.055,13170.807000160217,219.51345000267028,3.658557500044505
48196979228,1614277647.654,1614290794.396,13146.741999864578,219.11236666440965,3.6518727777401607
62534949826,1612997653.329,1613010761.55,13108.220999956131,218.47034999926885,3.6411724999878143
20480912429,1614733818.74,1614746916.788,13098.048000097275,218.30080000162124,3.6383466666936872
48590634397,1614311285.655,1614324376.575,13090.920000076294,218.18200000127158,3.6363666666878594
18317870231,1614715475.656,1614728559.134,13083.478000164032,218.05796666940054,3.6342994444900087
60436293085,1614732939.202,1614746016.115,13076.913000106812,217.9485500017802,3.6324758333630034
36519143980,1614747163.885,1614760187.092,13023.207000017166,217.0534500002861,3.6175575000047684
36644408140,1614724205.928,1614737213.568,13007.640000104904,216.7940000017484,3.6132333333624733
35622694256,1614743809.8,1614756737.813,12928.013000011444,215.46688333352407,3.591114722225401
55437771481,1614746016.273,1614758921.603,12905.329999923706,215.08883333206177,3.584813888867696
41446539706,1614727985.931,1614740834.383,12848.451999902725,214.14086666504542,3.569014444417424
32420768048,1614736782.647,1614749605.658,12823.010999917984,213.71684999863308,3.561947499977218
30795833154,1614726246.795,1614739030.858,12784.06299996376,213.06771666606267,3.5511286111010447
33275764803,1614715475.725,1614728188.953,12713.228000164032,211.8871333360672,3.5314522222677867
22095739731,1614728043.164,1614740710.78,12667.615999937057,211.1269333322843,3.518782222204738
49180208657,1613401488.499,1613414117.595,12629.095999956131,210.4849333326022,3.5080822222100365
28998617448,1614721838.789,1614734467.173,12628.384000062943,210.4730666677157,3.5078844444619284
47287393117,1614742200.341,1614754815.58,12615.238999843597,210.2539833307266,3.50423305551211
12830398734,1612964793.099,1612977387.925,12594.825999975204,209.9137666662534,3.49856277777089
9679735414,1613422377.095,1613434964.628,12587.53299999237,209.7922166665395,3.496536944442325
22974822120,1613413886.212,1613426463.593,12577.381000041962,209.62301666736602,3.4937169444561005
15715237812,1613301154.742,1613313723.175,12568.43299984932,209.473883330822,3.491231388847033
38882826898,1614721838.875,1614734394.945,12556.069999933243,209.2678333322207,3.4877972222036786
6077102607,1613109637.586,1613122180.755,12543.169000148773,209.0528166691462,3.484213611152437
38099734447,1614731853.754,1614744288.988,12435.233999967575,207.25389999945958,3.45423166665766
47577383712,1614735281.722,1614747640.205,12358.483000040054,205.97471666733423,3.4329119444555705
66694925370,1614739032.114,1614751310.327,12278.21299982071,204.63688333034514,3.410614722172419
4682289870,1614348642.319,1614360799.647,12157.328000068665,202.62213333447775,3.377035555574629
29982965837,1613315074.763,1613327219.78,12145.016999959946,202.41694999933242,3.3736158333222073
20992766678,1614715475.696,1614727598.025,12122.328999996185,202.03881666660308,3.3673136111100517
6854439245,1614728190.259,1614740307.187,12116.927999973297,201.94879999955495,3.365813333325916
47884734069,1614735459.455,1614747513.98,12054.525000095367,200.90875000158945,3.3484791666931577
29814388896,1613993645.374,1614005686.841,12041.46700000763,200.69111666679382,3.344851944446564
235847952,1614746551.094,1614758559.465,12008.37099981308,200.13951666355132,3.335658611059189
11560972682,1614715475.783,1614727477.753,12001.97000002861,200.03283333381017,3.333880555563503
40048821868,1614725283.274,1614737220.841,11937.56700015068,198.95945000251135,3.315990833375189
8148414670,1614735760.96,1614747672.151,11911.190999984741,198.51984999974567,3.308664166662428
1830102668,1613418478.459,1613430378.67,11900.210999965668,198.33684999942778,3.3056141666571297
27326502107,1614746989.59,1614758797.865,11808.275000095367,196.8045833349228,3.2800763889153797
64372657077,1613468501.795,1613480273.866,11772.070999860764,196.20118333101271,3.2700197221835454
18176790564,1614746413.69,1614758159.153,11745.463000059128,195.75771666765212,3.2626286111275355
59529878515,1613052635.096,1613064371.759,11736.663000106812,195.6110500017802,3.2601841666963365
66913462180,1614736252.205,1614747986.472,11734.266999959946,195.57111666599909,3.2595186110999848
61348817500,1614166362.579,1614178084.558,11721.979000091553,195.36631666819255,3.256105277803209
31565727781,1614734532.029,1614746245.457,11713.427999973297,195.22379999955496,3.2537299999925824
22758079627,1614737356.364,1614749038.89,11682.526000022888,194.70876666704814,3.245146111117469
39734151140,1614747986.76,1614759657.427,11670.667000055313,194.51111666758854,3.241851944459809
8478790205,1613416804.509,1613428406.406,11601.896999835968,193.36494999726614,3.222749166621102
42325207264,1613416804.506,1613428398.646,11594.139999866486,193.23566666444142,3.2205944444073573
14630226170,1614722476.13,1614734057.088,11580.957999944687,193.01596666574477,3.216932777762413
17466186893,1614722474.548,1614734042.492,11567.944000005722,192.79906666676203,3.213317777779367
15030454283,1614744604.012,1614756144.492,11540.480000019073,192.34133333365122,3.205688888894187
53775022128,1613502627.181,1613514156.762,11529.581000089645,192.15968333482743,3.2026613889137905
39471827543,1613468681.546,1613480205.968,11524.421999931335,192.0736999988556,3.2012283333142597
10946239729,1613407214.232,1613418721.277,11507.044999837875,191.78408333063126,3.1964013888438543
39737933399,1614725548.106,1614737053.474,11505.368000030518,191.75613333384197,3.1959355555640325
42762533477,1614742993.432,1614754445.576,11452.144000053406,190.86906666755675,3.181151111125946
222085474,1613457271.001,1613468680.369,11409.368000030518,190.15613333384195,3.169268888897366
40278949527,1614715744.598,1614727150.771,11406.172999858856,190.10288333098094,3.1683813888496823
31976223819,1613430201.442,1613441591.646,11390.203999996185,189.83673333326976,3.1639455555544957
53554004696,1614722474.928,1614733849.867,11374.9390001297,189.58231666882833,3.1597052778138055
65944058813,1614727050.822,1614738360.998,11310.175999879837,188.5029333313306,3.1417155555221767
29809923185,1614453622.354,1614464929.853,11307.49899983406,188.458316663901,3.14097194439835
3463616645,1614715744.666,1614727050.664,11305.998000144958,188.43330000241596,3.1405550000402664
55342771352,1614715744.744,1614727045.417,11300.673000097275,188.34455000162126,3.139075833360354
57156085806,1614730406.679,1614741696.449,11289.769999980927,188.16283333301544,3.136047222216924
61927103366,1614721838.736,1614733099.712,11260.975999832153,187.6829333305359,3.128048888842265
23885817268,1614725989.015,1614737229.703,11240.68799996376,187.344799999396,3.1224133333232666
46013556703,1613457268.973,1613468501.628,11232.65499997139,187.21091666618983,3.120181944436497
66137941226,1614740713.918,1614751929.125,11215.207000017166,186.92011666695277,3.1153352777825463
31880548558,1614724442.445,1614735646.813,11204.368000030518,186.7394666671753,3.1123244444529217
41732399033,1614715744.68,1614726910.923,11166.243000030518,186.10405000050864,3.101734166675144
37228739841,1614722476.721,1614733640.427,11163.706000089645,186.06176666816074,3.101029444469346
25257204372,1613467606.497,1613478737.552,11131.055000066757,185.51758333444596,3.091959722240766
47842517089,1614721838.811,1614732939.026,11100.21499991417,185.00358333190283,3.0833930555317135
343004389,1613491517.311,1613502600.087,11082.77599978447,184.71293332974116,3.0785488888290193
1455662346,1614736440.713,1614747499.697,11058.983999967575,184.31639999945958,3.071939999990993
47780592637,1613418721.457,1613429755.695,11034.237999916077,183.90396666526794,3.0650661110877992
56804981650,1613383693.291,1613394708.347,11015.055999994278,183.5842666665713,3.0597377777761885
58569670754,1613424847.516,1613435860.454,11012.93799996376,183.54896666606268,3.059149444434378
47119029873,1614743352.86,1614754354.88,11002.020000219345,183.36700000365576,3.056116666727596
54584512727,1613098491.946,1613109491.72,10999.773999929428,183.32956666549046,3.0554927777581744
34086038107,1614210724.305,1614221702.857,10978.552000045776,182.9758666674296,3.0495977777904932
2624390842,1614746701.128,1614757673.548,10972.420000076294,182.87366666793824,3.047894444465637
18018074802,1614715475.716,1614726414.737,10939.020999908447,182.31701666514078,3.038616944419013
32543208702,1614745153.317,1614756083.765,10930.448000192642,182.17413333654403,3.036235555609067
51738686153,1614732066.764,1614742993.141,10926.37700009346,182.106283334891,3.0351047222481835
46175149516,1614048867.833,1614059789.07,10921.236999988556,182.02061666647595,3.0336769444412655
58717225052,1614747672.305,1614758586.431,10914.12599992752,181.902099998792,3.0317016666465335
9841422966,1614735511.578,1614746413.431,10901.852999925613,181.69754999876022,3.028292499979337
3959072825,1614715744.612,1614726630.549,10885.93700003624,181.43228333393733,3.0238713888989555
11558517414,1614747499.853,1614758379.809,10879.956000089645,181.3326000014941,3.0222100000249017
34739713785,1613483060.246,1613493904.632,10844.385999917984,180.73976666529973,3.0123294444216624
54304601608,1614733320.881,1614744155.522,10834.641000032425,180.5773500005404,3.009622500009007
65545121228,1614439413.127,1614450238.74,10825.612999916077,180.42688333193462,3.00711472219891
56254670701,1614736341.266,1614747163.729,10822.463000059128,180.3743833343188,3.0062397222386466
58156981987,1614459269.622,1614470085.503,10815.881000041962,180.2646833340327,3.004411388900545
66035905926,1614744601.168,1614755413.449,10812.28099989891,180.2046833316485,3.0034113888608083
64559601038,1614723796.179,1614734607.813,10811.634000062943,180.19390000104903,3.0032316666841505
58660621088,1614715744.699,1614726556.197,10811.498000144958,180.19163333574932,3.003193888929155
62841270682,1614715475.634,1614726246.641,10771.006999969482,179.5167833328247,2.991946388880412
20610177883,1614725600.216,1614736340.977,10740.760999917984,179.0126833319664,2.98354472219944
11983359824,1613414117.776,1613424847.348,10729.572000026703,178.82620000044506,2.980436666674084
14741180619,1614737229.885,1614747952.744,10722.858999967575,178.71431666612625,2.9785719444354375
36381424883,1614726556.35,1614737275.991,10719.641000032425,178.66068333387375,2.9776780555645623
24045589591,1614724805.763,1614735508.275,10702.512000083923,178.37520000139872,2.9729200000233122
5420242366,1614736392.659,1614746989.435,10596.776000022888,176.6129333337148,2.9435488888952466
57833297880,1614731325.108,1614741908.814,10583.705999851227,176.39509999752045,2.9399183332920074
4337085376,1614715744.723,1614726270.207,10525.483999967575,175.42473333279293,2.9237455555465486
23604566303,1613424221.371,1613434713.254,10491.882999897003,174.86471666495007,2.9144119444158343
36715567190,1613411891.847,1613422376.779,10484.932000160217,174.74886666933696,2.912481111155616
54260727685,1614744927.763,1614755385.697,10457.934000015259,174.29890000025432,2.9049816666709054
31862589242,1614726911.078,1614737356.093,10445.014999866486,174.0835833311081,2.901393055518468
913003833,1614743636.721,1614754074.056,10437.335000038147,173.95558333396912,2.8992597222328187
58588140859,1614747179.648,1614757615.537,10435.888999938965,173.93148333231608,2.8988580555386014
51015588539,1614725357.845,1614735760.806,10402.960999965668,173.38268333276113,2.889711388879352
48229135701,1613401498.52,1613411891.681,10393.161000013351,173.21935000022253,2.8869891666703755
45688606540,1613013093.438,1613023475.933,10382.495000123978,173.04158333539962,2.8840263889233273
43708540730,1614734555.198,1614744927.505,10372.307000160217,172.87178333600363,2.8811963889333936
19511565039,1613012965.37,1613023327.402,10362.03200006485,172.70053333441416,2.878342222240236
62063930274,1614741696.646,1614752052.259,10355.613000154495,172.59355000257491,2.876559166709582
37061570827,1614744450.435,1614754792.712,10342.276999950409,172.3712833325068,2.872854722208447
67038945587,1614721838.777,1614732179.981,10341.203999996185,172.3533999999364,2.872556666665607
15166267648,1613457268.976,1613467606.203,10337.226999998093,172.2871166666349,2.8714519444439146
27212197528,1613109491.903,1613119827.78,10335.876999855042,172.2646166642507,2.8710769444041784
62214765329,1614005113.089,1614015390.285,10277.196000099182,171.28660000165303,2.8547766666942174
25591139406,1614730508.973,1614740761.468,10252.494999885559,170.87491666475933,2.847915277745989
51692510820,1614715744.636,1614725988.834,10244.198000192642,170.73663333654403,2.8456105556090674
22962530395,1613049982.233,1613060220.652,10238.418999910355,170.64031666517258,2.8440052777528764
49573743067,1614721838.797,1614732066.599,10227.802000045776,170.4633666674296,2.8410561111238266
44097263211,1614715744.711,1614725964.056,10219.34500002861,170.3224166671435,2.8387069444523916
15840561184,1614109394.796,1614119611.441,10216.644999980927,170.27741666634878,2.837956944439146
40941205002,1614734395.099,1614744600.246,10205.147000074387,170.0857833345731,2.8347630555762184
33502295580,1614737220.993,1614747421.329,10200.335999965668,170.0055999994278,2.8334266666571297
1271334514,1613099458.619,1613109637.246,10178.62700009346,169.643783334891,2.82739638891485
26549640409,1614726270.669,1614736440.549,10169.880000114441,169.49800000190734,2.824966666698456
47903883129,1614474567.459,1614484725.427,10157.96799993515,169.29946666558584,2.821657777759764
21483605957,1614721838.856,1614731994.077,10155.220999956131,169.25368333260218,2.8208947222100362
58739261088,1614715475.75,1614725603.856,10128.105999946594,168.80176666577657,2.8133627777629426
42253136417,1614715475.7,1614725600.064,10124.363999843597,168.7393999973933,2.8123233332898883
39091287857,1613699569.193,1613709688.606,10119.412999868393,168.65688333113988,2.810948055518998
29581382560,1614727477.908,1614737556.129,10078.220999956131,167.97034999926885,2.7995058333211476
31211855224,1614740761.736,1614750837.612,10075.87599992752,167.93126666545868,2.7988544444243115
26298696541,1614184827.818,1614194894.084,10066.266000032425,167.77110000054043,2.796185000009007
27394171185,1614736585.748,1614746633.117,10047.369000196457,167.45615000327427,2.7909358333879046
34298745607,1614715475.66,1614725519.026,10043.365999937057,167.38943333228428,2.7898238888714046
55628330598,1614732180.138,1614742200.165,10020.026999950409,167.00044999917347,2.783340833319558
10181979328,1613408518.106,1613418535.1,10016.993999958038,166.94989999930064,2.7824983333216773
6330262721,1614721838.85,1614731853.596,10014.746000051498,166.91243333419163,2.781873888903194
53266882865,1614744155.686,1614754151.183,9995.49699997902,166.59161666631698,2.7765269444386163
24794547604,1614724865.808,1614734854.907,9989.098999977112,166.48498333295186,2.7747497222158644
15942222997,1614724570.867,1614734531.164,9960.296999931335,166.00494999885558,2.766749166647593
53544101366,1613774236.704,1613784182.61,9945.90599989891,165.76509999831518,2.7627516666385863
34553131615,1614747514.132,1614757457.48,9943.348000049591,165.7224666674932,2.7620411111248866
37734833636,1614737276.143,1614747179.361,9903.218000173569,165.05363333622614,2.7508938889371026
64294879306,1614743648.212,1614753549.336,9901.12400007248,165.0187333345413,2.7503122222423553
55142806802,1613343724.726,1613353606.179,9881.452999830246,164.6908833305041,2.7448480555084016
25992112109,1613042723.475,1613052601.439,9877.963999986649,164.63273333311082,2.74387888888518
54040639522,1614725604.01,1614735463.502,9859.492000102997,164.3248666683833,2.7387477778063882
33269320085,1613457268.972,1613467099.144,9830.172000169754,163.83620000282923,2.730603333380487
9339507837,1614715475.665,1614725283.122,9807.457000017166,163.45761666695276,2.7242936111158795
13020252091,1614715744.628,1614725547.209,9802.581000089645,163.3763500014941,2.7229391666915683
52887658520,1614747665.619,1614757460.341,9794.72200012207,163.24536666870117,2.7207561111450196
28363238509,1614715744.642,1614725538.294,9793.651999950409,163.22753333250682,2.720458888875114
30429096524,1614733560.656,1614743351.741,9791.085000038147,163.18475000063577,2.7197458333439295
57534584715,1614737053.629,1614746815.468,9761.838999986649,162.69731666644415,2.711621944440736
5858243261,1614726630.704,1614736389.427,9758.723000049591,162.64538333415985,2.7107563889026642
63151730032,1614301535.975,1614311285.455,9749.480000019073,162.49133333365123,2.708188888894187
28276826365,1614715475.747,1614725212.194,9736.447000026703,162.2741166671117,2.7045686111185288
9325253079,1614734874.155,1614744603.742,9729.587000131607,162.15978333552678,2.702663055592113
21785017393,1614735646.994,1614745371.787,9724.792999982834,162.07988333304723,2.7013313888841206
63023153058,1614731017.686,1614740711.595,9693.908999919891,161.56514999866485,2.6927524999777477
58446406458,1614723869.218,1614733560.491,9691.273000001907,161.52121666669845,2.6920202777783078
15420382161,1614722472.334,1614732150.596,9678.261999845505,161.30436666409176,2.6884061110681956
31397501566,1614721838.786,1614731512.842,9674.055999994278,161.2342666665713,2.6872377777761884
64885743764,1614746916.995,1614756573.655,9656.66000008583,160.94433333476385,2.6824055555793973
43935920607,1614724905.76,1614734555.002,9649.242000102997,160.8207000017166,2.6803450000286104
26932275458,1614740776.925,1614750404.313,9627.388000011444,160.4564666668574,2.674274444447623
24459653541,1614048548.26,1614058171.163,9622.903000116348,160.3817166686058,2.67302861114343
63383612146,1614715744.741,1614725357.657,9612.916000127792,160.21526666879654,2.6702544444799425
41396127802,1613408873.681,1613418478.285,9604.604000091553,160.0767333348592,2.667945555580987
33921888788,1614734095.087,1614743647.947,9552.860000133514,159.21433333555856,2.6535722222593097
13612704365,1614355471.603,1614365016.511,9544.90799999237,159.08179999987286,2.651363333331214
11280749183,1614722471.865,1614732002.134,9530.269000053406,158.83781666755675,2.6472969444592795
45682260470,1614747421.491,1614756918.93,9497.4390001297,158.29065000216167,2.638177500036028
52744266213,1614737213.734,1614746700.965,9487.230999946594,158.12051666577656,2.6353419444296096
7351007570,1614721838.863,1614731324.796,9485.933000087738,158.09888333479563,2.6349813889132605
60515743394,1614747952.903,1614757409.523,9456.619999885559,157.61033333142598,2.6268388888570997
43705989916,1613589035.0,1613598477.595,9442.59500002861,157.37658333381017,2.622943055563503
52186132222,1613089427.087,1613098865.022,9437.935000181198,157.29891666968663,2.621648611161444
49362112769,1614746246.65,1614755658.755,9412.105000019073,156.86841666698456,2.6144736111164093
38286911624,1613409090.373,1613418494.579,9404.206000089645,156.73676666816075,2.612279444469346
21878502021,1614743949.982,1614753346.274,9396.291999816895,156.6048666636149,2.6100811110602486
34764290829,1614741908.997,1614751300.874,9391.87700009346,156.53128333489101,2.6088547222481835
34410723616,1614715475.755,1614724865.655,9389.899999856949,156.49833333094915,2.608305555515819
19409061092,1614206091.502,1614215434.512,9343.009999990463,155.71683333317438,2.5952805555529066
50942880765,1614465228.6,1614474567.286,9338.686000108719,155.64476666847864,2.594079444474644
57894468410,1614735817.596,1614745153.017,9335.421000003815,155.59035000006358,2.5931725000010597
64002617439,1614725540.5,1614734873.542,9333.042000055313,155.5507000009219,2.5925116666820314
14603920991,1614733099.873,1614742416.46,9316.587000131607,155.27645000219346,2.587940833369891
13999154842,1614738361.256,1614747665.464,9304.207999944687,155.07013333241144,2.5845022222068574
12749192034,1613478238.437,1613487516.871,9278.434000015259,154.640566666921,2.5773427777820164
44808800428,1614731512.998,1614740776.77,9263.772000074387,154.39620000123978,2.573270000020663
23728277580,1613948960.427,1613958195.011,9234.583999872208,153.90973333120346,2.5651622221867245
28981762402,1614727045.57,1614736252.034,9206.463999986649,153.44106666644413,2.5573511111074025
3328773521,1613401917.531,1613411098.709,9181.178000211716,153.01963333686192,2.550327222281032
65776802327,1614721838.821,1614731017.529,9178.707999944687,152.97846666574478,2.549641111095746
31822667563,1614734467.328,1614743636.426,9169.098000049591,152.81830000082653,2.546971666680442
38627952519,1614721838.898,1614731002.34,9163.441999912262,152.72403333187103,2.545400555531184
25765925209,1614715744.677,1614724905.606,9160.928999900818,152.68214999834697,2.5447024999724492
45021687268,1614747640.366,1614756778.324,9137.957999944687,152.2992999990781,2.538321666651302
25781950046,1614066893.891,1614076031.132,9137.240999937057,152.28734999895096,2.538122499982516
5930469845,1613554842.035,1613563974.715,9132.679999828339,152.2113333304723,2.536855555507872
50029524041,1613087060.494,1613096187.752,9127.258000135422,152.1209666689237,2.5353494444820615
64169195883,1614724232.797,1614733320.718,9087.921000003815,151.46535000006358,2.5244225000010596
23476400489,1614715744.752,1614724805.471,9060.71899986267,151.01198333104452,2.516866388850742
49271866643,1614726414.918,1614735459.291,9044.37299990654,150.73954999844233,2.512325833307372
38975731272,1614737556.337,1614746550.882,8994.545000076294,149.9090833346049,2.498484722243415
28428977092,1614727598.228,1614736585.592,8987.364000082016,149.78940000136694,2.4964900000227823
16639294675,1613096187.938,1613105165.082,8977.144000053406,149.61906666755675,2.493651111125946
48656484492,1614734855.072,1614743809.623,8954.550999879837,149.24251666466395,2.487375277744399
54579766932,1614746817.377,1614755751.512,8934.134999990463,148.90224999984105,2.4817041666640174
28482863636,1614742416.616,1614751348.039,8931.423000097275,148.85705000162125,2.480950833360354
32612869268,1614748915.159,1614757820.662,8905.50300002098,148.42505000034967,2.473750833339161
33438956563,1614749039.195,1614757943.08,8903.884999990463,148.39808333317438,2.47330138888624
56488913896,1614735549.891,1614744450.145,8900.253999948502,148.33756666580837,2.4722927777634727
3516563303,1613418535.404,1613427431.668,8896.263999938965,148.2710666656494,2.4711844444274904
10063782380,1614725212.351,1614734094.92,8882.569000005722,148.04281666676204,2.4673802777793674
57869157658,1613689725.915,1613698597.441,8871.526000022888,147.85876666704814,2.464312777784136
51364348842,1613744607.662,1613753446.798,8839.136000156403,147.31893333594005,2.4553155555990007
31302423456,1613060115.023,1613068952.655,8837.631999969482,147.29386666615804,2.454897777769301
379212017,1614715744.698,1614724570.708,8826.009999990463,147.10016666650773,2.4516694444417952
39589720473,1614206559.471,1614215349.549,8790.078000068665,146.50130000114441,2.4416883333524066
3067544405,1614731994.242,1614740765.982,8771.740000009537,146.19566666682562,2.4365944444470937
15295377710,1614715475.793,1614724232.644,8756.851000070572,145.94751666784288,2.4324586111307145
36479231088,1614715475.691,1614724205.741,8730.049999952316,145.5008333325386,2.4250138888756436
18114818157,1613357964.777,1613366671.816,8707.039000034332,145.11731666723887,2.418621944453981
47358406561,1614715744.785,1614724442.257,8697.471999883652,144.95786666472753,2.4159644444121255
12448065857,1614721838.914,1614730508.717,8669.802999973297,144.49671666622163,2.4082786111036936
33682591708,1614727150.927,1614735817.321,8666.394000053406,144.4399000008901,2.4073316666815017
49422139851,1614725964.227,1614734620.495,8656.267999887466,144.27113333145778,2.4045188888576297
7796440403,1614740307.349,1614748915.003,8607.654000043869,143.46090000073116,2.3910150000121857
61096736278,1614721838.821,1614730406.416,8567.594999790192,142.7932499965032,2.37988749994172
18771507500,1613301154.745,1613309721.117,8566.372000217438,142.77286667029063,2.379547777838177
45924460989,1613426463.759,1613434983.438,8519.678999900818,141.99464999834697,2.3665774999724496
38803788197,1613005537.345,1613014055.32,8517.974999904633,141.96624999841055,2.366104166640176
38774855850,1614735463.769,1614743949.827,8486.05799984932,141.43429999748867,2.3572383332914777
64716423232,1614121454.301,1614129902.903,8448.601999998093,140.81003333330153,2.346833888888359
27970224915,1614233090.612,1614241515.937,8425.325000047684,140.42208333412808,2.340368055568801
66515703919,1614715475.814,1614723867.067,8391.25300002098,139.85421666701635,2.330903611116939
15172155404,1614746633.271,1614755014.45,8381.179000139236,139.68631666898727,2.3281052778164546
38686190704,1614067656.434,1614076031.12,8374.6859998703,139.57809999783834,2.326301666630639
30550119697,1614715475.737,1614723795.918,8320.180999994278,138.66968333323797,2.3111613888872995
6607218738,1614725520.179,1614733818.587,8298.40799999237,138.30679999987285,2.305113333331214
23589993177,1614751310.48,1614759600.165,8289.68499994278,138.161416665713,2.3026902777618834
45709609553,1613385157.911,1613393434.058,8276.147000074387,137.9357833345731,2.2989297222428853
16873047566,1614728559.408,1614736782.481,8223.072999954224,137.05121666590372,2.284186944431729
32874726116,1613373212.669,1613381399.543,8186.874000072479,136.44790000120798,2.2741316666867997
27953383585,1613545773.952,1613553950.416,8176.463999986649,136.27439999977747,2.271239999996291
43758362272,1613419908.522,1613428077.317,8168.794999837875,136.14658333063124,2.2691097221771876
49605258750,1614722473.749,1614730636.648,8162.898999929428,136.04831666549046,2.267471944424841
35409067962,1614166011.461,1614174138.68,8127.2190001010895,135.45365000168482,2.257560833361414
41513624327,1613041347.12,1613049466.326,8119.206000089645,135.3201000014941,2.2553350000249015
53568841345,1613214610.737,1613222722.822,8112.085000038147,135.20141666730245,2.253356944455041
59972771646,1613783362.975,1613791470.944,8107.9690001010895,135.1328166683515,2.2522136111391915
6700157728,1613783362.968,1613791451.218,8088.25,134.80416666666667,2.2467361111111113
7886294256,1614121454.289,1614129502.779,8048.490000009537,134.14150000015894,2.235691666669316
54946283481,1613668238.717,1613676207.96,7969.243000030518,132.8207166671753,2.213678611119588
64752859304,1614424238.9,1614432169.174,7930.273999929428,132.17123333215713,2.2028538888692855
66937116434,1613401919.568,1613409848.322,7928.753999948502,132.1458999991417,2.2024316666523616
23660940443,1613537907.795,1613545772.732,7864.93700003624,131.08228333393734,2.1847047222322886
31007039776,1613433828.926,1613441597.602,7768.675999879837,129.4779333313306,2.157965555522177
42030903726,1614275914.963,1614283670.518,7755.554999828339,129.25924999713897,2.1543208332856496
31029210091,1613926509.0,1613934250.315,7741.3150000572205,129.02191666762033,2.1503652777936724
9740928447,1613569553.193,1613577233.517,7680.323999881744,128.00539999802908,2.1334233333004846
32531777846,1614730170.62,1614737795.102,7624.482000112534,127.07470000187556,2.117911666697926
20218826461,1613419908.512,1613427522.727,7614.214999914169,126.90358333190282,2.1150597221983802
65646176711,1613572345.193,1613579886.41,7541.217000007629,125.68695000012715,2.094782500002119
21605604538,1613434009.588,1613441461.203,7451.615000009537,124.19358333349228,2.0698930555582047
20916714025,1613995810.249,1614003194.731,7384.481999874115,123.07469999790192,2.0512449999650317
197545461,1613427522.896,1613434857.802,7334.906000137329,122.24843333562215,2.037473888927036
58020061057,1613573964.859,1613581297.837,7332.977999925613,122.21629999876022,2.0369383333126705
50938898601,1613487899.653,1613495210.868,7311.214999914169,121.85358333190283,2.0308930555317137
60943141365,1612957459.673,1612964766.405,7306.731999874115,121.77886666456858,2.02964777774281
29517874401,1614248258.4,1614255561.837,7303.436999797821,121.72394999663035,2.028732499943839
58022511108,1613091240.673,1613098491.643,7250.969999790192,120.8494999965032,2.0141583332750534
9072970286,1614362612.448,1614369856.704,7244.256000041962,120.73760000069936,2.0122933333449895
43039812557,1613082187.774,1613089426.891,7239.117000102997,120.65195000171661,2.0108658333619434
15908490766,1614248258.39,1614255466.718,7208.327999830246,120.13879999717076,2.0023133332861796
7422739601,1613423236.273,1613430440.928,7204.65499997139,120.07758333285649,2.0012930555476083
17429784992,1613935364.776,1613942562.987,7198.210999965668,119.97018333276112,1.9995030555460187
57550345073,1613401915.44,1613409092.55,7177.109999895096,119.6184999982516,1.9936416666375265
42125849407,1613401919.579,1613409090.066,7170.486999988556,119.50811666647593,1.9918019444412656
12806739009,1613317615.321,1613324769.49,7154.168999910355,119.23614999850591,1.9872691666417652
12490711639,1613084101.749,1613091240.487,7138.737999916077,118.97896666526795,1.9829827777544657
51114862577,1613327497.262,1613334611.649,7114.386999845505,118.57311666409174,1.9762186110681959
6891662484,1613424596.886,1613431645.253,7048.367000102997,117.47278333504995,1.9578797222508324
24016739990,1613334611.871,1613341572.92,6961.0490000247955,116.0174833337466,1.9336247222291099
31424821447,1613401919.61,1613408873.503,6953.893000125885,115.89821666876475,1.9316369444794126
3206904286,1613426850.993,1613433801.904,6950.911000013351,115.8485166668892,1.93080861111482
35566704180,1612962010.273,1612968930.175,6919.901999950409,115.33169999917348,1.9221949999862247
6360907349,1613926509.003,1613933381.727,6872.723999977112,114.54539999961852,1.9090899999936422
3920101496,1613429755.858,1613436533.696,6777.838000059128,112.96396666765213,1.8827327777942022
39699262769,1613993645.364,1614000421.197,6775.832999944687,112.93054999907811,1.8821758333179686
52486985708,1614000532.294,1614007242.118,6709.824000120163,111.83040000200272,1.8638400000333786
3162548193,1613409851.328,1613416537.694,6686.3659999370575,111.4394333322843,1.8573238888714048
64424726136,1613402095.847,1613408729.437,6633.590000152588,110.55983333587646,1.8426638889312743
61267579994,1613402095.874,1613408729.358,6633.483999967575,110.55806666612625,1.8426344444354374
51413653096,1614207026.166,1614213649.049,6622.883000135422,110.38138333559036,1.8396897222598394
10119419143,1613409092.738,1613415697.361,6604.6230001449585,110.07705000241597,1.8346175000402662
18498224886,1613401915.448,1613408517.9,6602.452000141144,110.04086666901907,1.834014444483651
7333700279,1613312388.672,1613318958.184,6569.512000083923,109.49186666806538,1.8248644444677564
43089920986,1614348399.581,1614354955.459,6555.878000020981,109.26463333368301,1.8210772222280502
16674857998,1613427431.839,1613433972.18,6540.341000080109,109.00568333466848,1.8167613889111414
42307602034,1613074962.496,1613081491.252,6528.756000041962,108.81260000069936,1.8135433333449893
45618162982,1614717025.654,1614723508.813,6483.158999919891,108.05264999866486,1.8008774999777477
20499816572,1613943172.216,1613949642.918,6470.701999902725,107.84503333171209,1.7974172221952014
43146431286,1613429755.865,1613436204.553,6448.68799996376,107.47813333272934,1.7913022222121557
27067048849,1612885825.868,1612892203.189,6377.320999860764,106.28868333101272,1.7714780555168788
17940589856,1614738400.896,1614744704.746,6303.850000143051,105.06416666905085,1.7510694444841808
39207795800,1613456884.603,1613463157.85,6273.246999979019,104.55411666631699,1.7425686111052832
48920012881,1613080799.272,1613087060.277,6261.004999876022,104.35008333126704,1.7391680555211173
8968783541,1614269637.101,1614275845.409,6208.3079998493195,103.47179999748866,1.7245299999581443
23573286544,1614617211.55,1614623369.753,6158.203000068665,102.63671666781107,1.710611944463518
37096374103,1614178084.866,1614184216.041,6131.174999952316,102.18624999920527,1.7031041666534212
21833742164,1613324769.703,1613330889.914,6120.210999965668,102.00351666609446,1.7000586111015743
48704739764,1613428404.247,1613434521.504,6117.256999969482,101.9542833328247,1.6992380555470785
35089014647,1613348730.273,1613354824.389,6094.1159999370575,101.56859999895096,1.692809999982516
60248171453,1614011959.204,1614018042.634,6083.430000066757,101.39050000111261,1.6898416666852103
10869996635,1613341573.193,1613347645.666,6072.4729998111725,101.2078833301862,1.6867980555031035
29199310364,1613245591.066,1613251660.429,6069.362999916077,101.15604999860128,1.6859341666433547
37456809816,1613068930.198,1613074962.31,6032.111999988556,100.53519999980927,1.6755866666634878
66827493850,1613456884.6,1613462899.139,6014.539000034332,100.24231666723887,1.6707052777873146
58882659096,1613057458.21,1613063422.982,5964.772000074387,99.41286666790644,1.656881111131774
59316328505,1613942596.701,1613948517.686,5920.985000133514,98.68308333555858,1.6447180555926428
48415554726,1613323603.565,1613329495.241,5891.675999879837,98.19459999799729,1.6365766666332882
60720905761,1614275429.831,1614281294.074,5864.242999792099,97.73738332986832,1.6289563888311387
588635955,1613057311.328,1613063171.047,5859.718999862671,97.66198333104451,1.6276997221840752
14572815385,1614206559.47,1614212411.843,5852.37299990654,97.53954999844233,1.6256591666407054
50009007055,1613606583.971,1613612418.801,5834.830000162125,97.24716666936874,1.6207861111561457
69233266,1613935364.779,1613941181.449,5816.669999837875,96.94449999729792,1.615741666621632
63348892482,1613251717.617,1613257516.118,5798.500999927521,96.64168333212534,1.610694722202089
3792599087,1613245467.713,1613251252.01,5784.296999931335,96.40494999885559,1.6067491666475933
9435791875,1613317793.685,1613323571.655,5777.97000002861,96.29950000047684,1.604991666674614
45211983281,1613318928.929,1613324687.497,5758.568000078201,95.97613333463669,1.5996022222439448
62036077759,1613373212.732,1613378958.9,5746.167999982834,95.76946666638057,1.5961577777730094
38724092903,1613593228.271,1613598974.145,5745.874000072479,95.76456666787466,1.5960761111312443
32492540160,1613317684.277,1613323427.391,5743.114000082016,95.7185666680336,1.5953094444672267
19181963143,1614737795.265,1614743528.806,5733.540999889374,95.55901666482289,1.5926502777470484
39283965492,1613251252.21,1613256978.731,5726.520999908447,95.44201666514078,1.5907002777523465
55892211861,1614177464.751,1614183151.122,5686.371000051498,94.77285000085831,1.579547500014305
61371321549,1613330145.346,1613335829.373,5684.026999950409,94.73378333250682,1.5788963888751135
30140094246,1613245531.459,1613251201.544,5670.084999799728,94.50141666332881,1.57502361105548
14878907816,1613323603.541,1613329257.137,5653.59600019455,94.2266000032425,1.5704433333873749
40004119704,1613328622.156,1613334266.37,5644.213999986649,94.0702333331108,1.5678372222185135
35080402666,1613473223.08,1613478849.702,5626.621999979019,93.77703333298365,1.5629505555497276
17860694,1614178685.907,1614184297.796,5611.888999938965,93.53148333231609,1.5588580555386014
54578511230,1612975976.322,1612981575.263,5598.940999984741,93.31568333307902,1.5552613888846503
3523623386,1612884513.82,1612890096.379,5582.559000015259,93.04265000025431,1.5507108333375719
59711965846,1613251660.716,1613257232.005,5571.289000034332,92.85481666723886,1.5475802777873144
42183395532,1613055997.552,1613061567.652,5570.099999904633,92.83499999841054,1.547249999973509
34750785402,1613346709.204,1613352253.306,5544.101999998093,92.40169999996822,1.5400283333328035
37128660944,1614348399.552,1614353937.217,5537.664999961853,92.29441666603088,1.5382402777671813
45082023055,1613335829.676,1613341352.355,5522.678999900818,92.04464999834697,1.5340774999724494
19351476050,1613323609.734,1613329117.309,5507.575000047684,91.7929166674614,1.5298819444576899
33343673189,1613323609.748,1613329117.255,5507.507000207901,91.79178333679835,1.529863055613306
27324019132,1613312388.683,1613317885.781,5497.0979998111725,91.61829999685287,1.5269716666142146
51664482656,1613329527.037,1613334984.997,5457.960000038147,90.96600000063579,1.5161000000105964
25423032447,1613324687.699,1613330145.157,5457.4580001831055,90.95763333638509,1.5159605556064182
20028197761,1613936156.438,1613941602.724,5446.286000013351,90.77143333355586,1.5128572222259309
16539592589,1614200669.933,1614206081.004,5411.070999860764,90.18451666434606,1.503075277739101
8047101416,1614031184.519,1614036587.668,5403.148999929428,90.05248333215714,1.5008747222026189
27528619132,1613312398.736,1613317793.408,5394.671999931335,89.9111999988556,1.4985199999809264
30607885277,1613333323.905,1613338715.636,5391.730999946594,89.86218333244324,1.4977030555407207
44477292908,1614032766.672,1614038152.857,5386.185000181198,89.76975000301996,1.496162500050333
740960243,1613341331.456,1613346709.034,5377.577999830246,89.62629999717076,1.4937716666195127
52376691164,1614719062.131,1614724436.27,5374.138999938965,89.56898333231608,1.4928163888719346
40199113048,1614719062.178,1614724436.256,5374.078000068665,89.56796666781108,1.492799444463518
51247181629,1614719062.149,1614724436.194,5374.045000076294,89.56741666793823,1.4927902777989706
2210296610,1614719062.148,1614724436.145,5373.996999979019,89.56661666631699,1.4927769444386165
51987688145,1614719062.173,1614724436.161,5373.987999916077,89.56646666526794,1.4927744444211324
14972303903,1614719062.139,1614724436.104,5373.965000152588,89.56608333587647,1.492768055597941
61569077755,1614719062.193,1614724436.097,5373.90399980545,89.56506666342418,1.4927511110570695
36981148582,1613251201.716,1613256572.591,5370.875,89.51458333333333,1.4919097222222222
48244624918,1614719066.222,1614724436.227,5370.005000114441,89.50008333524069,1.4916680555873447
62229902689,1614719066.258,1614724436.179,5369.921000003815,89.49868333339691,1.4916447222232818
16262954922,1614719066.224,1614724436.086,5369.861999988556,89.49769999980927,1.4916283333301543
24183770045,1614719074.538,1614724436.256,5361.71799993515,89.36196666558584,1.4893661110930974
7762935508,1614719074.546,1614724436.118,5361.572000026703,89.35953333377839,1.489325555562973
60944546664,1614719074.569,1614724436.056,5361.486999988556,89.35811666647594,1.4893019444412656
58729630773,1613240181.905,1613245531.184,5349.279000043869,89.15465000073115,1.485910833345519
1142616489,1613327804.535,1613333139.663,5335.128000020981,88.91880000034968,1.481980000005828
6610958728,1613456886.916,1613462195.858,5308.9420001506805,88.482366669178,1.474706111152967
66150948784,1614183170.799,1614188462.514,5291.714999914169,88.1952499985695,1.4699208333094915
48069463482,1613323827.451,1613329117.279,5289.828000068665,88.16380000114441,1.46939666668574
5111850289,1614060680.96,1614065936.514,5255.553999900818,87.59256666501363,1.4598761110835605
60200437382,1613329373.189,1613334551.243,5178.054000139236,86.3009000023206,1.4383483333720102
35661304523,1613456886.919,1613462054.981,5168.06200003624,86.13436666727065,1.4355727777878444
36683655298,1613378678.005,1613383838.858,5160.852999925613,86.01421666542689,1.4335702777571149
45190075855,1613408731.64,1613413886.048,5154.407999992371,85.90679999987285,1.4317799999978806
29764026167,1613281680.491,1613286824.454,5143.963000059128,85.73271666765213,1.4288786111275356
27810787228,1613322379.178,1613327497.06,5117.881999969482,85.2980333328247,1.4216338888804119
49626076562,1613722411.832,1613727525.45,5113.618000030518,85.22696666717529,1.4204494444529217
26541044725,1613341352.635,1613346463.073,5110.43799996376,85.17396666606267,1.4195661111010445
6783172991,1614270301.463,1614275401.676,5100.213000059128,85.00355000098547,1.4167258333497577
66289603663,1614314993.708,1614320092.589,5098.881000041962,84.98135000069936,1.4163558333449893
23826543573,1614033560.905,1614038659.666,5098.760999917984,84.97934999863307,1.4163224999772177
60178411212,1613478880.392,1613483977.769,5097.37700009346,84.956283334891,1.4159380555815166
6684682909,1613328231.105,1613333323.727,5092.621999979019,84.87703333298366,1.4146172222163942
65886237088,1613286711.482,1613291797.317,5085.834999799728,84.7639166633288,1.4127319443888133
45667736862,1613385134.315,1613390219.049,5084.733999967575,84.74556666612625,1.4124261111021041
7839029647,1613669662.531,1613674742.298,5079.767000198364,84.66278333663941,1.4110463889439901
18462702509,1613336296.466,1613341331.283,5034.816999912262,83.91361666520437,1.398560277753406
44819658014,1613281680.495,1613286711.309,5030.8140001297,83.84690000216166,1.397448333369361
39604036486,1613845200.257,1613850228.052,5027.795000076294,83.7965833346049,1.396609722243415
42596054016,1614076025.282,1614081016.404,4991.121999979019,83.18536666631698,1.3864227777719498
24407437942,1613408731.643,1613413716.924,4985.281000137329,83.08801666895549,1.3848002778159247
58771432131,1613317428.412,1613322376.636,4948.223999977112,82.47039999961854,1.3745066666603087
46636345095,1613674794.665,1613679740.192,4945.526999950409,82.42544999917348,1.3737574999862248
43560555207,1613147349.764,1613152284.835,4935.071000099182,82.25118333498637,1.3708530555831062
56940367385,1613329285.317,1613334197.674,4912.357000112534,81.87261666854222,1.3645436111423703
42328873932,1614116344.336,1614121251.272,4906.936000108719,81.78226666847864,1.3630377778079774
66418866339,1613315776.531,1613320683.171,4906.640000104904,81.77733333508174,1.3629555555846955
31335281245,1613338715.831,1613343610.247,4894.415999889374,81.57359999815623,1.3595599999692705
21759647028,1614725289.915,1614730169.404,4879.489000082016,81.3248166680336,1.3554136111338932
27564535839,1613323603.537,1613328474.282,4870.745000123978,81.17908333539962,1.3529847222566604
15549105442,1613574649.068,1613579513.463,4864.3949999809265,81.0732499996821,1.351220833328035
59926989789,1613434115.493,1613438973.886,4858.392999887466,80.97321666479111,1.3495536110798518
5371942709,1613473392.193,1613478231.767,4839.573999881744,80.65956666469575,1.3443261110782623
48147335273,1613051941.973,1613056764.092,4822.118999958038,80.36864999930064,1.339477499988344
34763377476,1613478238.443,1613483055.698,4817.254999876022,80.28758333126704,1.3381263888544506
12729471273,1613323427.558,1613328230.906,4803.3479998111725,80.05579999685287,1.3342633332808813
45528272746,1613373212.686,1613377973.372,4760.6859998703,79.344766664505,1.32241277774175
10163629406,1613383839.161,1613388584.426,4745.265000104904,79.0877500017484,1.3181291666958068
7005791315,1614253736.825,1614258474.675,4737.849999904633,78.96416666507722,1.3160694444179535
31819871441,1613495898.4,1613500626.877,4728.476999998093,78.80794999996822,1.3134658333328035
62826722126,1613845200.268,1613849907.401,4707.133000135422,78.4522166689237,1.3075369444820617
28285467643,1613359707.431,1613364402.995,4695.563999891281,78.25939999818802,1.3043233333031337
11648119859,1613419922.384,1613424596.687,4674.302999973297,77.90504999955495,1.2984174999925826
58602988337,1612971351.381,1612975976.149,4624.767999887466,77.07946666479111,1.2846577777465185
62546771134,1613385262.618,1613389797.995,4535.3769998550415,75.5896166642507,1.2598269444041783
54121033426,1614719062.183,1614723596.109,4533.925999879837,75.56543333133062,1.2594238888555103
54891904741,1614062504.276,1614067017.798,4513.522000074387,75.22536666790644,1.253756111131774
5905324570,1613016581.613,1613021079.696,4498.0830001831055,74.96805000305176,1.2494675000508626
44018677058,1613277219.156,1613281684.117,4464.961000204086,74.4160166700681,1.2402669445011352
54241236303,1614307113.4,1614311568.738,4455.337999820709,74.25563333034515,1.2375938888390858
39142474448,1614079708.578,1614084144.943,4436.365000009537,73.93941666682561,1.23232361111376
10834538387,1614261523.6,1614265952.365,4428.765000104904,73.8127500017484,1.23021250002914
8019788470,1613277219.151,1613281642.66,4423.5090000629425,73.72515000104904,1.228752500017484
46249256169,1613383702.545,1613388089.947,4387.401999950409,73.12336666584015,1.2187227777640024
57217150502,1612952329.109,1612956699.205,4370.095999956131,72.83493333260218,1.2139155555433696
49002321368,1614376263.258,1614380600.106,4336.848000049591,72.28080000082652,1.2046800000137754
18101168527,1614265952.665,1614270283.201,4330.536000013351,72.17560000022253,1.2029266666703755
5416113298,1613676483.745,1613680798.527,4314.78200006485,71.91303333441417,1.1985505555735694
18649747802,1613383693.271,1613388004.931,4311.660000085831,71.86100000143051,1.1976833333571753
8662301724,1614371633.612,1614375941.427,4307.8150000572205,71.79691666762034,1.1966152777936723
54564603847,1614080545.684,1614084843.819,4298.134999990463,71.63558333317438,1.1939263888862397
41333645421,1613281684.284,1613285971.948,4287.664000034332,71.46106666723887,1.1910177777873145
26283359083,1613672151.672,1613676438.474,4286.802000045776,71.44670000076295,1.190778333346049
35597277934,1614362612.457,1614366892.916,4280.458999872208,71.34098333120346,1.1890163888533911
30060978218,1613285972.128,1613290237.623,4265.494999885559,71.09158333142598,1.1848597221904331
19038790419,1613415697.528,1613419921.201,4223.672999858856,70.3945499976476,1.1732424999607933
13120485570,1614738790.377,1614742946.454,4156.076999902725,69.26794999837875,1.1544658333063125
42666593714,1613377066.873,1613381219.261,4152.388000011444,69.2064666668574,1.15344111111429
64219558446,1613388090.112,1613392226.049,4135.93700003624,68.93228333393732,1.1488713888989555
6109657438,1613388006.213,1613392115.752,4109.539000034332,68.49231666723887,1.1415386111206478
6211581001,1614723302.331,1614727409.554,4107.2229998111725,68.45371666351954,1.1408952777253256
9356633671,1613845200.252,1613849297.43,4097.177999973297,68.28629999955496,1.1381049999925825
21508637270,1614018979.692,1614023071.816,4092.1240000724792,68.20206666787466,1.1367011111312442
34646312695,1613377138.244,1613381219.217,4080.973000049591,68.01621666749318,1.1336036111248864
5699209944,1614196605.552,1614200669.754,4064.201999902725,67.73669999837875,1.1289449999729793
52357128582,1614639164.286,1614643184.69,4020.404000043869,67.00673333406448,1.1167788889010748
52680941707,1614189181.543,1614193198.284,4016.7409999370575,66.94568333228429,1.1157613888714049
63854493412,1614058171.397,1614062125.553,3954.1559998989105,65.90259999831518,1.0983766666385864
2879535954,1613373212.68,1613377137.631,3924.9509999752045,65.41584999958674,1.090264166659779
1492584817,1613978055.287,1613981947.327,3892.039999961853,64.86733333269756,1.081122222211626
23703478217,1613849910.304,1613853801.837,3891.5329999923706,64.85888333320618,1.0809813888867696
46806988505,1613978055.274,1613981946.632,3891.3580000400543,64.85596666733424,1.080932777788904
33438932591,1613717968.24,1613721840.557,3872.316999912262,64.53861666520437,1.0756436110867393
15441848635,1613373212.69,1613377065.684,3852.9939999580383,64.2165666659673,1.0702761110994552
51716401139,1614714427.219,1614718274.357,3847.138000011444,64.1189666668574,1.0686494444476233
6181980570,1614616238.077,1614620066.667,3828.590000152588,63.80983333587646,1.0634972222646077
23306259259,1613849297.607,1613853103.258,3805.6509997844696,63.42751666307449,1.0571252777179083
27751344747,1613565169.332,1613568959.311,3789.9790000915527,63.16631666819254,1.0527719444698758
54143819669,1612825378.73,1612829152.857,3774.12700009346,62.90211666822434,1.0483686111370722
31234932262,1613393816.368,1613397587.474,3771.1059999465942,62.85176666577657,1.0475294444296095
10871698161,1613496384.285,1613500154.438,3770.1529998779297,62.83588333129883,1.0472647221883138
11334444881,1613654740.928,1613658436.712,3695.7839999198914,61.59639999866486,1.0266066666444142
63387247255,1614041272.973,1614044944.077,3671.103999853134,61.1850666642189,1.019751111070315
4774237816,1613332657.39,1613336309.423,3652.0329999923706,60.86721666653951,1.014453611108992
5791101525,1614337124.358,1614340762.073,3637.7149999141693,60.628583331902824,1.010476388865047
33305239289,1612821767.916,1612825372.793,3604.87700009346,60.081283334891005,1.0013547222481833
23043528742,1614081029.872,1614084633.694,3603.822000026703,60.063700000445046,1.0010616666740841
48505548549,1612821771.811,1612825366.831,3595.0199999809265,59.91699999968211,0.9986166666613685
11149245646,1613333139.835,1613336719.632,3579.7969999313354,59.663283332188925,0.994388055536482
3409390841,1613492285.12,1613495855.237,3570.117000102997,59.501950001716615,0.9916991666952769
4887943013,1613936156.435,1613939711.925,3555.4900000095367,59.25816666682561,0.9876361111137602
4029987869,1613184579.279,1613188132.274,3552.994999885559,59.21658333142599,0.9869430555237664
44216461157,1614182879.559,1614186426.474,3546.914999961853,59.11524999936422,0.9852541666560702
29409089616,1613794702.55,1613798246.306,3543.7560000419617,59.06260000069936,0.9843766666783227
48297831424,1613352253.487,1613355781.374,3527.8870000839233,58.79811666806539,0.9799686111344231
51888876585,1614036628.659,1614040135.267,3506.6080000400543,58.44346666733424,0.974057777788904
64724376030,1614742946.75,1614746446.466,3499.7160000801086,58.32860000133515,0.9721433333555858
42098264221,1613981946.819,1613985435.968,3489.148999929428,58.15248333215713,0.9692080555359522
34072422282,1614651262.882,1614654743.526,3480.6440000534058,58.01073333422343,0.9668455555703905
28127331761,1613391129.724,1613394608.229,3478.505000114441,57.97508333524068,0.9662513889206781
1495559714,1612958553.778,1612962010.101,3456.3229999542236,57.60538333257039,0.9600897222095066
162581525,1613491517.254,1613494965.734,3448.4800000190735,57.47466666698456,0.9579111111164093
66403727045,1613981949.519,1613985362.066,3412.5469999313354,56.875783332188924,0.9479297222031488
48401864014,1613355170.766,1613358579.44,3408.6740000247955,56.81123333374659,0.9468538888957765
10814999757,1614193198.459,1614196605.379,3406.9199998378754,56.78199999729792,0.946366666621632
50114425633,1613329257.307,1613332656.89,3399.5830001831055,56.65971666971843,0.9443286111619738
2717438121,1614651262.862,1614654655.694,3392.832000017166,56.547200000286104,0.9424533333381017
42881210924,1613663487.779,1613666875.498,3387.718999862671,56.461983331044515,0.9410330555174086
2839751274,1614076033.326,1614079378.35,3345.023999929428,55.7503999988238,0.92917333331373
39616236927,1613791358.378,1613794702.35,3343.9719998836517,55.73286666472753,0.9288811110787921
11628119649,1614311568.971,1614314911.156,3342.1849999427795,55.703083332379656,0.9283847222063276
60091669056,1614174140.318,1614177464.374,3324.055999994278,55.400933333237965,0.9233488888872994
10735000684,1613355712.995,1613359023.129,3310.1340000629425,55.16890000104904,0.9194816666841507
41660209837,1613354824.816,1613358118.446,3293.630000114441,54.89383333524068,0.9148972222540114
49350620721,1613569074.895,1613572345.002,3270.1070001125336,54.50178333520889,0.9083630555868148
33262491567,1613337802.32,1613341056.019,3253.699000120163,54.228316668669386,0.9038052778111564
48177249850,1613334551.43,1613337802.13,3250.7000000476837,54.17833333412806,0.9029722222354677
32669422700,1614323525.134,1614326753.483,3228.348999977112,53.805816666285196,0.8967636111047533
25850265712,1612974925.55,1612978144.656,3219.1059999465942,53.65176666577657,0.8941961110962762
15749658853,1613336792.213,1613339971.524,3179.3109998703003,52.988516664505006,0.8831419444084168
49745009380,1612828169.292,1612831344.993,3175.7009999752045,52.92834999958674,0.882139166659779
55347495465,1613798712.806,1613801864.016,3151.210000038147,52.52016666730245,0.8753361111217075
53567649796,1612974957.227,1612978075.675,3118.4479999542236,51.974133332570396,0.8662355555428399
61837543467,1613064385.913,1613067497.118,3111.204999923706,51.8534166653951,0.8642236110899183
56504878574,1613157375.801,1613160476.326,3100.524999856949,51.67541666428248,0.861256944404708
17040552927,1613329495.514,1613332594.912,3099.3980000019073,51.65663333336512,0.8609438888894188
64370383329,1614161149.827,1614164223.642,3073.8150000572205,51.230250000953674,0.8538375000158945
51582466025,1613332602.181,1613335671.566,3069.3849999904633,51.156416666507724,0.8526069444417953
66169541541,1614270301.527,1614273369.515,3067.9880001544952,51.133133335908255,0.8522188889318042
23796088112,1614082330.636,1614085382.776,3052.140000104904,50.869000001748404,0.8478166666958067
42119896599,1613355783.563,1613358829.49,3045.9270000457764,50.76545000076294,0.846090833346049
9558546730,1613337731.061,1613340771.304,3040.242999792099,50.67071666320165,0.8445119443866942
8206930725,1613662540.923,1613665564.303,3023.3799998760223,50.38966666460037,0.8398277777433395
29721660924,1613646905.239,1613649917.898,3012.6589999198914,50.210983331998186,0.8368497221999698
17925767766,1613354305.542,1613357317.929,3012.3869998455048,50.20644999742508,0.8367741666237514
61880322013,1613334197.84,1613337203.222,3005.3819999694824,50.08969999949137,0.8348283333248562
61874440916,1613334768.563,1613337730.894,2962.3310000896454,49.372183334827426,0.8228697222471237
58117322031,1613358579.64,1613361541.624,2961.983999967575,49.36639999945958,0.8227733333243265
62719979795,1613331958.348,1613334911.691,2953.34299993515,49.222383332252505,0.8203730555375417
54680376239,1613118809.255,1613121760.967,2951.7119998931885,49.195199998219806,0.8199199999703302
25213965060,1612821771.817,1612824719.203,2947.3860001564026,49.12310000260671,0.8187183333767785
55932449331,1614320551.233,1614323491.747,2940.513999938965,49.00856666564941,0.8168094444274903
16645933129,1613416537.875,1613419476.881,2939.0060000419617,48.983433334032696,0.8163905555672116
3442758129,1614079401.136,1614082329.277,2928.141000032425,48.802350000540414,0.813372500009007
3915353637,1613938913.707,1613941816.343,2902.635999917984,48.377266665299736,0.8062877777549956
27014073291,1613419477.046,1613422364.295,2887.2490000724792,48.12081666787466,0.8020136111312443
37922220556,1613569262.642,1613572125.291,2862.648999929428,47.71081666549047,0.7951802777581745
63695843192,1613299540.286,1613302377.669,2837.382999897003,47.289716664950056,0.7881619444158342
48113840596,1614714954.598,1614717791.042,2836.444000005722,47.27406666676203,0.7879011111127006
33750764662,1613936068.007,1613938876.453,2808.446000099182,46.80743333498637,0.7801238889164395
25544853070,1612825378.727,1612828169.101,2790.3740000724792,46.50623333454132,0.775103888909022
36136288881,1613299540.279,1613302312.64,2772.361000061035,46.20601666768392,0.770100277794732
38820772285,1613299540.268,1613302307.55,2767.28200006485,46.121366667747495,0.7686894444624582
47650847794,1613684539.167,1613687299.74,2760.5729999542236,46.00954999923706,0.7668258333206177
24613871280,1613065616.786,1613068323.487,2706.7009999752045,45.11168333292007,0.7518613888820013
38126471076,1613121762.255,1613124446.255,2684.0,44.733333333333334,0.7455555555555555
47582779419,1614402624.577,1614405296.185,2671.6080000400543,44.52680000066757,0.7421133333444595
19831251563,1614370880.218,1614373513.883,2633.664999961853,43.894416666030885,0.7315736111005148
39780389347,1613159488.283,1613162093.223,2604.9400000572205,43.41566666762034,0.723594444460339
15564408469,1614371420.72,1614373950.732,2530.0120000839233,42.16686666806539,0.7027811111344231
50116672580,1614709676.592,1614712194.795,2518.2030000686646,41.97005000114441,0.6995008333524069
4722135196,1614723650.471,1614726116.945,2466.473999977112,41.10789999961853,0.6851316666603089
19326647311,1614338473.424,1614340932.443,2459.0190000534058,40.983650000890094,0.6830608333481683
46417526818,1614375943.135,1614378391.735,2448.5999999046326,40.80999999841054,0.6801666666401757
55845783042,1614709488.306,1614711918.374,2430.0680000782013,40.50113333463669,0.6750188889106115
40189546571,1613664698.117,1613667125.069,2426.951999902725,40.44919999837875,0.6741533333063126
7233182433,1613493905.008,1613496318.471,2413.463000059128,40.224383334318794,0.6704063889053132
28524863640,1614732066.768,1614734477.46,2410.6920001506805,40.17820000251134,0.6696366667085224
23991063027,1614338473.424,1614340866.887,2393.463000059128,39.891050000985466,0.6648508333497577
43945538981,1614337131.093,1614339383.652,2252.559000015259,37.54265000025431,0.6257108333375719
25576353503,1614721523.414,1614723709.027,2185.6129999160767,36.42688333193461,0.6071147221989102
16696229599,1614161149.823,1614163314.188,2164.3650000095367,36.07275000015895,0.6012125000026491
14497098511,1614720920.084,1614723058.842,2138.757999897003,35.64596666495005,0.5940994444158342
41939162429,1614376973.847,1614379029.901,2056.0540001392365,34.26756666898727,0.571126111149788
50620608789,1614738353.812,1614740352.653,1998.8410000801086,33.31401666800181,0.5552336111333636
33353582284,1614373950.948,1614375927.658,1976.710000038147,32.94516666730245,0.5490861111217075
23429485705,1613464436.368,1613466385.514,1949.1459999084473,32.48576666514079,0.5414294444190131
10900277452,1613388731.058,1613390607.466,1876.4079999923706,31.27346666653951,0.5212244444423252
20441395344,1613040824.172,1613042671.948,1847.7760000228882,30.796266667048137,0.5132711111174689
14938501161,1613953090.641,1613954906.828,1816.1870000362396,30.269783333937326,0.5044963888989554
54604780620,1613317218.3,1613319031.441,1813.141000032425,30.219016667207082,0.5036502777867847
34820916070,1613801864.198,1613803529.454,1665.2560000419617,27.75426666736603,0.4625711111227671
49816588936,1613792875.451,1613794463.263,1587.8120000362396,26.463533333937328,0.44105888889895545
33983766896,1613393419.738,1613394959.123,1539.3849999904633,25.65641666650772,0.42760694444179537
28622832879,1613013988.018,1613015527.291,1539.2730000019073,25.65455000003179,0.4275758333338632
29053164122,1612997292.044,1612998826.135,1534.0910000801086,25.56818333466848,0.4261363889111413
54622062268,1614716636.738,1614718160.053,1523.3150000572205,25.38858333428701,0.42314305557145016
42553503703,1614723102.482,1614724610.595,1508.1129999160767,25.135216665267944,0.4189202777544657
22237414205,1613796214.351,1613797706.825,1492.4739999771118,24.874566666285197,0.4145761111047533
17820483380,1613405780.342,1613407213.162,1432.8199999332428,23.88033333222071,0.3980055555370119
18476985915,1613658436.923,1613659865.271,1428.3479998111725,23.805799996852876,0.39676333328088126
7539408726,1614723756.522,1614725180.856,1424.3339998722076,23.738899997870128,0.39564833329783544
13965423737,1613432691.831,1613434115.301,1423.4700000286102,23.724500000476837,0.3954083333412806
2067157326,1613862458.351,1613863865.942,1407.59099984169,23.459849997361502,0.390997499956025
38249669635,1613292451.269,1613293797.044,1345.7749998569489,22.429583330949146,0.3738263888491525
32793031471,1614723861.828,1614725183.037,1321.2089998722076,22.020149997870128,0.3670024999645021
48022490454,1614639812.577,1614641125.499,1312.922000169754,21.882033336162568,0.3647005556027095
28288066312,1613661156.417,1613662467.873,1311.4559998512268,21.857599997520445,0.36429333329200747
22975536590,1612820464.905,1612821767.67,1302.7650001049042,21.712750001748404,0.3618791666958067
15809461733,1613952225.713,1613953516.067,1290.3539998531342,21.505899997552238,0.3584316666258706
60987871759,1613660236.306,1613661525.046,1288.7400000095367,21.479000000158944,0.3579833333359824
40490486525,1613663421.009,1613664697.936,1276.9270000457764,21.282116667429605,0.3547019444571601
46577524683,1613950962.39,1613952224.543,1262.1529998779297,21.035883331298827,0.35059805552164713
37812629668,1613953516.261,1613954773.873,1257.611999988556,20.960199999809266,0.3493366666634877
5801687419,1613435279.718,1613436536.282,1256.5640001296997,20.942733335494996,0.34904555559158323
43480320283,1613315972.422,1613317216.625,1244.2030000686646,20.736716667811077,0.34561194446351795
261128277,1614638748.181,1614639985.988,1237.8069999217987,20.63011666536331,0.3438352777560552
10566394288,1614550952.434,1614552189.905,1237.470999956131,20.624516665935516,0.3437419444322586
62799710393,1614720920.075,1614722119.641,1199.5659999847412,19.992766666412354,0.33321277777353925
29456644149,1612963763.663,1612964949.553,1185.8899998664856,19.764833331108093,0.32941388885180156
45837082159,1613862636.342,1613863811.488,1175.1459999084473,19.58576666514079,0.3264294444190131
36838679216,1613861460.258,1613862635.209,1174.951000213623,19.58251667022705,0.3263752778371175
44158471386,1613317218.298,1613318359.461,1141.162999868393,19.01938333113988,0.3169897221856647
3755469783,1613862538.275,1613863659.391,1121.1159999370575,18.685266665617625,0.3114211110936271
46907495830,1613290118.845,1613291184.724,1065.8789999485016,17.764649999141692,0.2960774999856949
51918465144,1613863336.96,1613864396.307,1059.3469998836517,17.655783331394197,0.2942630555232366
65520335121,1613860851.699,1613861910.916,1059.2170000076294,17.653616666793823,0.2942269444465637
31142623505,1613860401.405,1613861458.931,1057.5260000228882,17.625433333714803,0.29375722222858003
19844872535,1613156320.268,1613157375.487,1055.2190001010895,17.586983335018157,0.2931163889169693
30265454184,1613861911.129,1613862966.056,1054.9270000457764,17.582116667429606,0.29303527779049343
37861915000,1614714597.603,1614715647.701,1050.098000049591,17.501633334159852,0.2916938889026642
1470125554,1613680818.422,1613681866.145,1047.723000049591,17.46205000082652,0.29103416668044196
44336872469,1613860851.715,1613861899.081,1047.366000175476,17.4561000029246,0.29093500004874334
52037233315,1613047767.582,1613048813.671,1046.0889999866486,17.434816666444142,0.29058027777406903
22191894545,1613127120.374,1613128164.264,1043.8899998664856,17.398166664441426,0.2899694444073571
57932866527,1614638779.911,1614639812.397,1032.4860000610352,17.208100001017254,0.2868016666836209
42289575877,1613860401.395,1613861430.773,1029.3780000209808,17.15630000034968,0.28593833333916135
29540871432,1614735079.562,1614736106.322,1026.7599999904633,17.11266666650772,0.28521111110846203
4912762340,1614735079.605,1614736106.259,1026.654000043869,17.11090000073115,0.28518166667885253
45339112441,1614735079.624,1614736106.235,1026.6109998226166,17.110183330376945,0.28516972217294906
18887122158,1614735079.641,1614736106.241,1026.5999999046326,17.109999998410544,0.2851666666401757
36246588687,1614735079.618,1614736106.18,1026.5620000362396,17.10936666727066,0.28515611112117767
59806897251,1614735079.593,1614736106.135,1026.542000055313,17.10903333425522,0.2851505555709203
66636218154,1614735079.604,1614736106.12,1026.5159997940063,17.108599996566774,0.28514333327611285
52214559557,1614735079.575,1614736106.081,1026.5060000419617,17.108433334032693,0.2851405555672116
15884192811,1614735079.597,1614736106.038,1026.4410002231598,17.10735000371933,0.2851225000619888
60987276066,1614735079.645,1614736106.048,1026.4030001163483,17.106716668605806,0.2851119444767634
60769080055,1614735079.585,1614736105.37,1025.784999847412,17.096416664123534,0.28494027773539227
48310528468,1614735079.616,1614736105.274,1025.6579999923706,17.09429999987284,0.2849049999978807
16211153742,1612978890.275,1612979914.329,1024.0539999008179,17.067566665013633,0.28445944441689386
21079217055,1613863659.668,1613864663.553,1003.8849999904633,16.73141666650772,0.2788569444417954
61292109663,1614725051.032,1614726052.78,1001.7479999065399,16.695799998442332,0.2782633333073722
10424156569,1613861453.883,1613862447.238,993.3550000190735,16.555916666984558,0.2759319444497426
44881840404,1613401214.087,1613402205.732,991.6450002193451,16.527416670322417,0.2754569445053736
25728880554,1613681900.848,1613682886.227,985.3789999485016,16.422983332475027,0.27371638887458377
333437599,1613861563.507,1613862536.915,973.4079999923706,16.22346666653951,0.27039111110899183
46562534558,1614715856.924,1614716828.101,971.1770000457764,16.186283334096274,0.26977138890160457
43765909276,1613666158.227,1613667129.256,971.029000043869,16.183816667397817,0.2697302777899636
13422383895,1613666158.232,1613667128.996,970.7639999389648,16.17939999898275,0.26965666664971244
61794451264,1613861431.056,1613862392.803,961.7469999790192,16.029116666316988,0.26715194443861645
44961219324,1613862967.233,1613863926.676,959.4430000782013,15.990716667970021,0.26651194446616705
42493110971,1613861899.27,1613862853.894,954.6240000724792,15.910400001207988,0.26517333335346643
45948468747,1614716775.206,1614717718.719,943.5130000114441,15.725216666857401,0.26208694444762337
66159271324,1613862405.292,1613863336.78,931.4879999160767,15.524799998601278,0.2587466666433546
54263057649,1614634561.988,1614635466.089,904.1010000705719,15.068350001176197,0.25113916668626995
8501975806,1612820391.515,1612821294.484,902.9689998626709,15.049483331044515,0.25082472218407525
14417170390,1613436439.32,1613437337.963,898.643000125885,14.977383335431417,0.2496230555905236
12830636202,1613367371.176,1613368260.241,889.0649998188019,14.817749996980032,0.24696249994966718
5231649935,1613971579.496,1613972461.286,881.789999961853,14.696499999364217,0.24494166665607028
45979700792,1612874904.055,1612875783.004,878.9489998817444,14.649149998029072,0.24415249996715122
57090923632,1613472515.692,1613473392.022,876.3300001621246,14.605500002702078,0.24342500004503462
30893729795,1612836760.566,1612837630.237,869.6710000038147,14.494516666730245,0.24157527777883742
32076819956,1613422367.391,1613423236.077,868.6859998703003,14.478099997838338,0.24130166663063898
49266544348,1614640843.882,1614641704.65,860.768000125885,14.346133335431416,0.23910222225719027
42922024456,1614639986.169,1614640843.576,857.4070000648499,14.290116667747498,0.23816861112912496
52536025725,1612792199.143,1612793056.071,856.9280002117157,14.282133336861929,0.23803555561436548
40433974471,1614723596.283,1614724436.2,839.9170000553131,13.998616667588552,0.23331027779314253
10236941197,1613934048.286,1613934869.136,820.8499999046326,13.680833331743877,0.22801388886239793
61683958456,1613934048.288,1613934867.441,819.1529998779297,13.652549997965496,0.22754249996609158
60392438741,1613934048.303,1613934867.448,819.1449999809265,13.652416666348776,0.2275402777724796
20505442624,1613934048.288,1613934867.388,819.0999999046326,13.65166666507721,0.22752777775128682
51161304739,1613251664.369,1613252464.232,799.8630001544952,13.331050002574921,0.22218416670958202
21202234480,1613067522.795,1613068311.466,788.6710000038147,13.144516666730246,0.21907527777883742
1683117090,1613257435.509,1613258215.236,779.7269999980927,12.99544999996821,0.21659083333280352
44359234537,1614040370.048,1614041143.442,773.3939998149872,12.889899996916453,0.21483166661527422
30454267658,1614714260.843,1614715013.48,752.6370000839233,12.543950001398722,0.20906583335664536
13242310818,1612965754.615,1612966492.984,738.3689999580383,12.306149999300638,0.20510249998834398
22617329691,1612886091.58,1612886819.796,728.2160000801086,12.136933334668477,0.20228222224447462
66493348181,1613654526.527,1613655250.763,724.2360000610352,12.070600001017253,0.20117666668362089
43780609,1614451970.354,1614452693.56,723.2059998512268,12.05343333085378,0.20089055551422966
2563161140,1613397640.868,1613398356.142,715.2739999294281,11.921233332157135,0.19868722220261892
35665496343,1612964963.674,1612965667.774,704.0999999046326,11.734999998410542,0.19558333330684238
23945893278,1612838327.938,1612839030.06,702.1219999790192,11.702033332983653,0.1950338888830609
55422527619,1613257900.304,1613258600.025,699.7210001945496,11.662016669909159,0.194366944498486
61832040041,1614609031.982,1614609726.584,694.6019999980927,11.576699999968211,0.19294499999947018
55007291509,1613169935.546,1613170616.29,680.7439999580383,11.345733332633973,0.18909555554389954
11215228029,1613178563.274,1613179225.907,662.6330001354218,11.043883335590362,0.1840647222598394
11838527759,1613398066.552,1613398726.43,659.8780000209808,10.997966667016348,0.18329944445027246
37595280253,1614737847.292,1614738502.035,654.7430000305176,10.91238333384196,0.18187305556403266
4183482750,1612824719.369,1612825371.799,652.4300000667572,10.873833334445953,0.18123055557409923
45250612908,1613167698.853,1613168345.547,646.694000005722,10.7782333334287,0.17963722222381168
13507117425,1613596163.806,1613596804.596,640.789999961853,10.67983333269755,0.17799722221162584
51503934125,1613363767.772,1613364405.904,638.1319999694824,10.635533332824707,0.17725888888041177
49282657763,1613049563.557,1613050195.365,631.808000087738,10.530133334795634,0.1755022222465939
13951179598,1614759517.476,1614760137.495,620.0189998149872,10.333649996916453,0.17222749994860756
43537991585,1614759517.466,1614760133.731,616.2649998664856,10.271083331108093,0.1711847221851349
46435606501,1614269025.621,1614269637.268,611.646999835968,10.1941166639328,0.16990194439888
25695070073,1614759517.458,1614760126.899,609.4409999847412,10.157349999745687,0.1692891666624281
29969372480,1612957428.364,1612958034.837,606.4729998111725,10.107883330186208,0.16846472216977013
61283098477,1614759517.446,1614760121.63,604.1840000152588,10.069733333587646,0.16782888889312744
27901114381,1614634515.402,1614635119.384,603.9820001125336,10.066366668542226,0.1677727778090371
36666562826,1614759517.437,1614760117.067,599.6299998760223,9.993833331267039,0.16656388885445064
37864616137,1614759517.426,1614760111.381,593.954999923706,9.899249998728434,0.16498749997880724
57154078506,1614759517.418,1614760107.096,589.6779999732971,9.827966666221618,0.163799444437027
49182652420,1613439289.59,1613439865.936,576.3460001945496,9.60576666990916,0.16009611116515265
16842511695,1613466885.543,1613467454.898,569.3550000190735,9.489250000317892,0.15815416667196486
48084685884,1613505559.702,1613506126.012,566.3100001811981,9.43850000301997,0.15730833338366615
23294812599,1613502621.491,1613503186.333,564.8420000076294,9.41403333346049,0.15690055555767482
52020542720,1613466320.673,1613466883.357,562.6840000152588,9.37806666692098,0.15630111111534967
47327827223,1614721180.796,1614721739.32,558.5239999294281,9.308733332157136,0.15514555553595225
64330434132,1614736398.123,1614736954.188,556.0650000572205,9.267750000953674,0.15446250001589457
1391489598,1614721180.796,1614721728.781,547.9849998950958,9.133083331584931,0.1522180555264155
10797251294,1614720255.072,1614720800.92,545.8480000495911,9.097466667493185,0.15162444445821974
17267929476,1614720255.105,1614720800.803,545.6979999542236,9.094966665903728,0.15158277776506213
60618560453,1614725527.93,1614726066.719,538.7890000343323,8.979816667238872,0.14966361112064785
20670670512,1613522637.868,1613523174.859,536.9909999370575,8.949849998950958,0.14916416664918264
63136570223,1614725527.897,1614726062.633,534.7359998226166,8.912266663710277,0.1485377777285046
42992668271,1614723121.596,1614723655.728,534.1319999694824,8.902199999491375,0.1483699999915229
36729748754,1613503938.051,1613504465.352,527.300999879837,8.788349997997283,0.1464724999666214
28705524071,1613460114.671,1613460641.703,527.0320000648499,8.783866667747498,0.14639777779579163
61144988574,1613794465.018,1613794984.948,519.9300000667572,8.66550000111262,0.14442500001854366
54124186120,1614386016.111,1614386535.365,519.2539999485016,8.654233332475027,0.1442372222079171
29133358081,1613789473.409,1613789992.319,518.9100000858307,8.648500001430511,0.1441416666905085
12390826279,1612958040.944,1612958553.601,512.6570000648499,8.544283334414164,0.14240472224023606
41035804916,1613654754.472,1613655263.336,508.864000082016,8.4810666680336,0.14135111113389334
59264127443,1613789992.492,1613790498.677,506.18499994277954,8.436416665712992,0.14060694442854987
30965434189,1613525356.693,1613525860.445,503.7519998550415,8.395866664250692,0.13993111107084485
45888324541,1613601805.927,1613602309.469,503.5420000553131,8.392366667588552,0.13987277779314253
3579199314,1614723131.245,1614723630.738,499.4930000305176,8.32488333384196,0.13874805556403266
32799364587,1613654261.766,1613654754.252,492.48600006103516,8.208100001017252,0.13680166668362087
10178754402,1613480221.743,1613480712.524,490.7809998989105,8.179683331648508,0.13632805552747515
53004652670,1613490977.207,1613491465.194,487.9869999885559,8.133116666475932,0.13555194444126553
37930090335,1613653630.798,1613654117.154,486.35599994659424,8.105933332443238,0.13509888887405397
20480571297,1613450220.399,1613450704.669,484.2699999809265,8.071166666348775,0.13451944443914626
56457455444,1613574990.212,1613575474.311,484.0990002155304,8.06831667025884,0.134471944504314
53470514092,1613258981.065,1613259461.278,480.2130000591278,8.003550000985463,0.1333925000164244
34198530739,1614722453.31,1614722933.397,480.08700013160706,8.001450002193451,0.13335750003655752
4332385915,1614722453.304,1614722933.329,480.02500009536743,8.000416668256124,0.13334027780426874
50660270320,1613481201.554,1613481680.875,479.32100009918213,7.988683334986368,0.1331447222497728
38101871442,1613586453.141,1613586931.469,478.32800006866455,7.972133334477743,0.13286888890796236
45114595657,1613688526.908,1613689002.839,475.93099999427795,7.932183333237966,0.1322030555539661
21970831346,1613481275.889,1613481747.065,471.1760001182556,7.85293333530426,0.130882222255071
25585431325,1613504478.064,1613504947.6,469.53600001335144,7.825600000222524,0.1304266666703754
10409432669,1613600509.963,1613600978.94,468.97699999809265,7.816283333301544,0.13027138888835907
1136013514,1613480718.42,1613481187.164,468.74399995803833,7.812399999300639,0.13020666665501066
66203008529,1613587431.751,1613587900.04,468.2890000343323,7.804816667238871,0.1300802777873145
12009210842,1613524185.753,1613524651.247,465.49399995803833,7.7582333326339725,0.12930388887723288
4267788194,1613486273.746,1613486737.372,463.62599992752075,7.727099998792013,0.12878499997986687
58208027654,1613649975.842,1613650438.915,463.07299995422363,7.717883332570394,0.12863138887617323
2159983735,1612542915.306,1612543378.079,462.77300000190735,7.712883333365123,0.12854805555608537
46344623289,1613587995.486,1613588458.244,462.7579998970032,7.712633331616719,0.12854388886027865
27672624358,1613481705.173,1613482167.286,462.11299991607666,7.701883331934611,0.12836472219891018
12999750316,1613584937.024,1613585397.458,460.4340000152588,7.673900000254313,0.1278983333375719
63642753973,1613578292.21,1613578748.176,455.96600008010864,7.599433334668477,0.12665722224447462
56217407174,1613055997.561,1613056453.442,455.8809998035431,7.598016663392385,0.12663361105653975
10145569962,1613506578.575,1613507033.967,455.3919999599457,7.589866665999095,0.12649777776665158
17447637746,1613609723.254,1613610178.161,454.90700006484985,7.5817833344141645,0.12636305557356942
60814351243,1613501722.082,1613502176.916,454.83399987220764,7.580566664536794,0.1263427777422799
43419857087,1613481705.189,1613482156.89,451.70100021362305,7.5283500035603845,0.12547250005933974
34288403183,1613437587.388,1613438038.993,451.6050000190735,7.526750000317891,0.12544583333863152
43783812901,1613577561.46,1613578011.592,450.1319999694824,7.502199999491373,0.12503666665818955
14457497083,1613934873.73,1613935323.563,449.8329999446869,7.497216665744782,0.12495361109574636
55200551849,1613934873.752,1613935323.522,449.7699999809265,7.496166666348775,0.12493611110581292
35724972448,1613571896.172,1613572345.482,449.3100001811981,7.488500003019968,0.12480833338366615
33970057179,1613482181.908,1613482630.66,448.7520000934601,7.479200001557668,0.12465333335929447
59592122607,1613438609.318,1613439057.952,448.6339998245239,7.477233330408732,0.1246205555068122
55082395860,1613581600.29,1613582048.399,448.1089999675751,7.468483332792918,0.1244747222132153
8531312561,1613576717.369,1613577163.718,446.3489999771118,7.439149999618531,0.1239858333269755
35928071327,1613602323.168,1613602769.468,446.2999999523163,7.438333332538605,0.12397222220897675
42553603191,1613573818.152,1613574263.998,445.845999956131,7.430766665935517,0.12384611109892528
56555949413,1612962867.118,1612963310.944,443.82599997520447,7.397099999586741,0.12328499999311235
41703523691,1613606796.84,1613607240.478,443.6380000114441,7.393966666857401,0.12323277778095669
5530265350,1613574677.249,1613575119.684,442.43499994277954,7.373916665712993,0.12289861109521653
4020149119,1613441986.25,1613442428.473,442.22300004959106,7.370383334159851,0.12283972223599751
58099422290,1613468571.796,1613469014.007,442.2109999656677,7.370183332761129,0.12283638887935215
56013680081,1613484354.876,1613484795.198,440.3220000267029,7.338700000445048,0.12231166667408414
66300105115,1613462922.766,1613463362.515,439.74900007247925,7.329150001207988,0.12215250002013313
1270169180,1613581593.6,1613582032.951,439.3510000705719,7.322516667842865,0.12204194446404774
64587567781,1613454249.366,1613454687.432,438.0659999847412,7.301099999745687,0.12168499999576145
66230162863,1613582884.951,1613583322.622,437.6710000038147,7.294516666730245,0.12157527777883742
24425875217,1613484954.663,1613485391.732,437.06900000572205,7.2844833334287005,0.12140805555714501
64578521934,1613496678.099,1613497115.148,437.04900002479553,7.284150000413259,0.12140250000688765
60262630821,1613579939.697,1613580376.498,436.80099987983704,7.28001666466395,0.12133361107773251
2440960569,1613582048.611,1613582484.077,435.46599984169006,7.257766664028168,0.12096277773380279
29750846903,1613484475.742,1613484909.76,434.01799988746643,7.233633331457773,0.12056055552429623
58424808139,1613585802.234,1613586235.617,433.38300013542175,7.223050002257029,0.12038416670428383
2019949846,1613577155.24,1613577586.708,431.46799993515015,7.191133332252503,0.11985222220420838
63425426254,1613575119.975,1613575551.359,431.3840000629425,7.1897333343823755,0.11982888890637292
25055763389,1613505078.62,1613505509.64,431.0200002193451,7.183666670322419,0.11972777783870697
18626011778,1613652895.451,1613653326.231,430.77999997138977,7.17966666618983,0.11966111110316383
59554969100,1613465762.273,1613466192.506,430.2330000400543,7.170550000667572,0.11950916667779286
53383260431,1613588726.122,1613589155.52,429.39800000190735,7.156633333365122,0.11927722222275204
10422743425,1613467277.788,1613467706.706,428.91799998283386,7.148633333047231,0.11914388888412052
14179939723,1613584545.027,1613584973.754,428.72699999809265,7.145449999968211,0.11909083333280351
32347313505,1613522209.119,1613522637.669,428.5499999523163,7.142499999205271,0.1190416666534212
19654398853,1613483934.796,1613484362.506,427.710000038147,7.128500000635783,0.11880833334392972
60746641727,1613587004.11,1613587431.558,427.4480001926422,7.124133336544037,0.11873555560906728
26986778104,1613581622.475,1613582049.218,426.7430000305176,7.11238333384196,0.11853972223069932
31082443875,1613584510.6,1613584934.854,424.25400018692017,7.070900003115336,0.1178483333852556
54772232647,1613484775.654,1613485198.789,423.13499999046326,7.052249999841054,0.1175374999973509
41369212309,1613598546.061,1613598968.703,422.6419999599457,7.044033332665761,0.11740055554442935
62300732330,1613483060.249,1613483482.638,422.38899993896484,7.039816665649414,0.11733027776082357
56667914638,1613462470.533,1613462892.139,421.60599994659424,7.026766665776571,0.11711277776294285
66724057006,1614649220.348,1614649641.906,421.55799984931946,7.025966664155324,0.11709944440258874
23202874310,1613528304.377,1613528724.75,420.3729999065399,7.006216665108998,0.11677027775181664
46580698246,1613587889.993,1613588309.799,419.80599999427795,6.9967666665712995,0.11661277777618832
56009600916,1613437950.473,1613438370.212,419.7389998435974,6.99564999739329,0.1165941666232215
30123493190,1613436458.41,1613436877.28,418.8699998855591,6.981166664759318,0.11635277774598864
19639230074,1613595718.722,1613596137.339,418.6170001029968,6.976950001716614,0.11628250002861024
18088427764,1613584973.954,1613585391.261,417.3069999217987,6.955116665363311,0.11591861108938853
6449825823,1614649220.357,1614649637.608,417.25099992752075,6.9541833321253455,0.11590305553542243
34782430857,1613485852.984,1613486269.835,416.8510000705719,6.947516667842865,0.11579194446404775
7564863102,1613582051.076,1613582467.767,416.6909999847412,6.944849999745687,0.11574749999576145
25718761312,1613527972.522,1613528389.141,416.61899995803833,6.943649999300638,0.11572749998834397
3794348780,1613452308.888,1613452725.164,416.2760000228882,6.9379333337148035,0.11563222222858005
8607926066,1613580376.808,1613580793.042,416.2339999675751,6.937233332792918,0.11562055554654863
19995021435,1613482215.718,1613482631.503,415.7850000858307,6.929750001430511,0.11549583335717518
10674034828,1612905412.483,1612905826.837,414.35399985313416,6.905899997552236,0.11509833329253727
44714848455,1613605214.272,1613605628.352,414.07999992370605,6.901333332061768,0.11502222220102946
22005247718,1613578405.651,1613578819.444,413.79299998283386,6.896549999713898,0.11494249999523162
50196721169,1613483514.868,1613483928.573,413.70499992370605,6.895083332061768,0.1149180555343628
879181917,1613587041.908,1613587455.556,413.64800000190735,6.894133333365122,0.11490222222275204
63462311872,1613574264.267,1613574676.965,412.69799995422363,6.87829999923706,0.11463833332061768
48155971653,1613535210.849,1613535623.495,412.64599990844727,6.877433331807454,0.11462388886345758
8614090220,1613479075.941,1613479488.389,412.44799995422363,6.874133332570394,0.11456888887617322
24153151603,1613612493.974,1613612906.177,412.20300006866455,6.870050001144409,0.11450083335240682
31830614139,1613682923.571,1613683335.643,412.0719997882843,6.867866663138072,0.11446444438563452
48880462218,1613597727.915,1613598139.414,411.49900007247925,6.8583166678746545,0.1143052777979109
47658947833,1613588310.009,1613588721.381,411.37199997901917,6.856199999650319,0.11426999999417199
13438824856,1613584131.49,1613584542.814,411.3239998817444,6.855399998029073,0.11425666663381788
31671942407,1613597270.449,1613597681.769,411.3200001716614,6.855333336194357,0.11425555560323927
60973641061,1613610588.909,1613610999.857,410.9480001926422,6.849133336544037,0.11415222227573395
48476399065,1613591323.915,1613591734.696,410.7810001373291,6.846350002288818,0.11410583337148031
39943540090,1613609312.876,1613609723.028,410.1520001888275,6.835866669813792,0.11393111116356319
44719024257,1613468161.601,1613468571.624,410.02300000190735,6.8337166666984555,0.1138952777783076
14069203384,1613585392.109,1613585801.91,409.8010001182556,6.830016668637594,0.11383361114395989
22175253853,1613608481.205,1613608890.787,409.58200001716614,6.826366666952769,0.11377277778254614
36183876729,1613577587.046,1613577996.536,409.49000000953674,6.824833333492279,0.11374722222487131
1796397984,1613571526.805,1613571935.674,408.86899995803833,6.814483332633972,0.1135747222105662
13730063568,1613610178.355,1613610587.172,408.81699991226196,6.813616665204366,0.1135602777534061
8214132759,1613654117.534,1613654526.302,408.768000125885,6.812800002098084,0.11354666670163473
14538291701,1614757767.117,1614758175.401,408.28399991989136,6.8047333319981895,0.11341222219996983
20993928714,1613580022.248,1613580430.511,408.2630000114441,6.804383333524068,0.1134063888920678
42599274612,1613589155.718,1613589563.824,408.10599994659424,6.8017666657765705,0.11336277776294285
6329102851,1613608904.704,1613609312.487,407.7829999923706,6.796383333206177,0.11327305555343628
13466664906,1613449242.69,1613449650.31,407.6199998855591,6.793666664759318,0.11322777774598863
29630941748,1613598968.947,1613599376.304,407.356999874115,6.78928333123525,0.11315472218725417
43275234944,1613574703.575,1613575110.82,407.2449998855591,6.787416664759318,0.11312361107932196
2283761193,1613524343.173,1613524750.375,407.2019999027252,6.7866999983787535,0.11311166663964589
61634460220,1613933624.577,1613934031.7,407.1230001449585,6.785383335749308,0.11308972226248847
487837768,1613933624.592,1613934031.664,407.0720000267029,6.7845333337783815,0.11307555556297302
63732356304,1613599431.196,1613599838.259,407.0629999637604,6.784383332729339,0.11307305554548899
53700974929,1613596814.707,1613597221.737,407.02999997138977,6.783833332856497,0.1130638888809416
32473728861,1613595297.369,1613595704.271,406.90199995040894,6.781699999173482,0.11302833331955804
63207838141,1613480863.307,1613481270.13,406.8230001926422,6.780383336544037,0.11300638894240062
47821543506,1613485433.266,1613485840.086,406.8199999332428,6.780333332220713,0.11300555553701189
28516471297,1613501299.843,1613501706.617,406.7740001678467,6.779566669464112,0.11299277782440185
46146733377,1613580793.423,1613581199.861,406.4379999637604,6.773966666062673,0.11289944443437788
9934802831,1613598139.709,1613598545.857,406.14800000190735,6.769133333365122,0.11281888888941871
46331954767,1613444898.326,1613445304.318,405.9920001029968,6.766533335049947,0.11277555558416578
44892882368,1613589564.044,1613589969.954,405.9100000858307,6.765166668097178,0.11275277780161963
7166496290,1613594883.846,1613595289.67,405.82400012016296,6.76373333533605,0.11272888892226748
40974463196,1613576747.759,1613577153.509,405.75,6.7625,0.11270833333333333
51637561298,1613533239.253,1613533644.763,405.50999999046326,6.758499999841054,0.11264166666401756
64773882351,1613573487.804,1613573893.216,405.41200017929077,6.756866669654846,0.11261444449424744
527918486,1613600711.979,1613601117.345,405.3659999370575,6.756099998950958,0.11260166664918264
60512988271,1613583322.879,1613583727.728,404.8489999771118,6.747483332951863,0.11245805554919773
46648161657,1613536794.585,1613537199.335,404.75,6.745833333333334,0.11243055555555556
6256917154,1613599850.667,1613600255.39,404.72300004959106,6.745383334159851,0.11242305556933085
3119613840,1613586637.374,1613587041.705,404.3309998512268,6.738849997520447,0.11231416662534079
57540608014,1613439871.21,1613440275.466,404.25600004196167,6.737600000699361,0.11229333334498935
22148671855,1613600274.51,1613600678.725,404.2149999141693,6.736916665236155,0.11228194442060259
540249413,1613582691.312,1613583095.504,404.19199991226196,6.7365333318710325,0.11227555553118387
51255315962,1613601141.898,1613601546.001,404.1029999256134,6.735049998760223,0.11225083331267038
24251224664,1613444946.573,1613445350.637,404.0640001296997,6.734400002161662,0.1122400000360277
37919250586,1613578821.089,1613579224.828,403.739000082016,6.728983334700266,0.11214972224500444
39645884032,1613583727.917,1613584131.275,403.3580000400543,6.722633334000905,0.11204388890001508
62803835224,1613608072.481,1613608475.596,403.11500000953674,6.718583333492279,0.11197638889153798
8003264391,1613527899.006,1613528302.053,403.04699993133545,6.7174499988555905,0.11195749998092651
61154835830,1613577960.183,1613578363.096,402.91299986839294,6.715216664473216,0.11192027774122026
5586399448,1613611960.384,1613612362.592,402.2079999446869,6.703466665744782,0.1117244444290797
26003084654,1613574294.93,1613574697.054,402.12399983406067,6.702066663901011,0.11170111106501686
50773212642,1613577998.677,1613578400.641,401.96399998664856,6.699399999777476,0.11165666666295793
2396713562,1613573415.909,1613573817.844,401.9350001811981,6.698916669686636,0.11164861116144392
40113526973,1613528726.33,1613529128.143,401.8129999637604,6.69688333272934,0.11161472221215565
28529998855,1613575512.109,1613575913.813,401.7039999961853,6.695066666603088,0.1115844444433848
52550167797,1613586235.847,1613586637.07,401.22300004959106,6.687050000826518,0.11145083334710863
10854592093,1613482638.339,1613483039.404,401.06500005722046,6.684416667620341,0.11140694446033901
56750927661,1613576314.991,1613576715.968,400.97699999809265,6.682949999968211,0.11138249999947018
21286709160,1613575111.038,1613575511.92,400.8819999694824,6.68136666615804,0.111356111102634
43943229852,1613575914.194,1613576314.751,400.5569999217987,6.6759499986966455,0.11126583331161075
23526390651,1613575948.998,1613576349.534,400.53600001335144,6.675600000222524,0.11126000000370874
32969802024,1613481275.892,1613481676.037,400.1449999809265,6.6690833330154415,0.1111513888835907
3214936740,1613581200.082,1613581600.099,400.0169999599457,6.666949999332428,0.11111583332220713
13699878551,1613594093.587,1613594493.147,399.5600001811981,6.659333336353302,0.1109888889392217
21371212826,1613582485.451,1613582884.615,399.1640000343323,6.652733333905538,0.11087888889842563
49264098614,1613480825.577,1613481224.703,399.12600016593933,6.652100002765655,0.11086833337942759
1172243386,1613577164.049,1613577563.03,398.98099994659424,6.649683332443237,0.11082805554072062
30238622970,1613573895.574,1613574294.535,398.9610002040863,6.649350003401438,0.11082250005669064
58234767667,1613579622.541,1613580020.982,398.4410002231598,6.640683337052663,0.11067805561754439
17694973436,1613601574.443,1613601972.682,398.2389998435974,6.637316664059957,0.11062194440099928
9246094982,1613524752.072,1613525150.282,398.210000038147,6.636833333969117,0.11061388889948527
18888127632,1613526335.986,1613526733.899,397.91299986839294,6.631883331139883,0.11053138885233138
14656002386,1613480433.562,1613480831.401,397.83899998664856,6.630649999777476,0.1105108333296246
39846191835,1613585423.673,1613585821.387,397.71399998664856,6.628566666444143,0.11047611110740238
65163746407,1613576349.775,1613576747.405,397.62999987602234,6.627166664600372,0.11045277774333954
14972455166,1613581224.732,1613581622.26,397.5279998779297,6.625466664632161,0.11042444441053602
43815308502,1613482602.941,1613483000.457,397.5160000324249,6.625266667207082,0.11042111112011803
20429601957,1613573090.121,1613573487.444,397.32299995422363,6.622049999237061,0.11036749998728435
36460305090,1613575551.544,1613575948.681,397.13700008392334,6.618950001398722,0.11031583335664537
1813763172,1613579225.107,1613579622.188,397.0809998512268,6.618016664187113,0.11030027773645189
30647312892,1613537199.645,1613537596.352,396.70700001716614,6.611783333619436,0.11019638889365727
51836109155,1613592130.474,1613592527.091,396.6170001029968,6.610283335049947,0.11017138891749911
25391952696,1613479536.195,1613479932.731,396.53600001335144,6.608933333555857,0.11014888889259762
18106398720,1613580826.133,1613581222.411,396.27800011634827,6.604633335272471,0.11007722225454118
3443456262,1613611000.127,1613611396.136,396.0089998245239,6.600149997075399,0.11000249995125665
23961486799,1613480399.756,1613480795.664,395.9079999923706,6.59846666653951,0.10997444444232517
25353364528,1613440442.149,1613440838.011,395.8619999885559,6.597699999809265,0.10996166666348775
43342024472,1613577564.213,1613577959.884,395.6710000038147,6.594516666730245,0.10990861111217075
31426800055,1613652119.945,1613652515.593,395.64800000190735,6.594133333365122,0.10990222222275205
11582298739,1613479109.307,1613479504.877,395.5700001716614,6.5928333361943565,0.10988055560323927
63145378110,1613529131.53,1613529526.849,395.31900000572205,6.588650000095368,0.1098108333349228
30776451295,1613591735.095,1613592130.267,395.17199993133545,6.586199998855591,0.10976999998092651
64433720229,1613525545.645,1613525940.712,395.06699991226196,6.584449998537699,0.10974083330896166
46685769117,1613580430.712,1613580825.745,395.0329999923706,6.583883333206177,0.10973138888676962
34480937139,1613525940.919,1613526335.776,394.85700011253357,6.58095000187556,0.10968250003125933
64693659176,1613525150.606,1613525545.339,394.7330000400543,6.578883334000905,0.10964805556668175
53441896415,1613592917.864,1613593312.509,394.6449999809265,6.577416666348776,0.10962361110581292
4653567009,1613604412.327,1613604806.483,394.1560001373291,6.569266668955485,0.10948777781592475
45883215620,1613479984.785,1613480378.835,394.0499999523163,6.567499999205271,0.10945833332008785
42593366875,1613468666.508,1613469060.341,393.83300018310547,6.563883336385091,0.10939805560641819
40383807209,1613574596.337,1613574990.039,393.7020001411438,6.561700002352397,0.10936166670587327
24176917292,1613457848.447,1613458242.049,393.60199999809265,6.560033333301544,0.10933388888835907
5873165395,1613483934.762,1613484328.078,393.3159999847412,6.555266666412353,0.10925444444020589
26163096071,1613650088.938,1613650482.148,393.210000038147,6.553500000635783,0.10922500001059639
56640495249,1613527119.356,1613527512.313,392.95700001716614,6.549283333619436,0.10915472222699059
55862616584,1613464628.828,1613465021.673,392.84500002861023,6.547416667143504,0.1091236111190584
502029246,1613484354.884,1613484747.469,392.585000038147,6.543083333969117,0.10905138889948528
5089315542,1613451915.181,1613452307.675,392.49399995803833,6.541566665967306,0.10902611109945509
18351210600,1613534814.457,1613535206.933,392.4760000705719,6.541266667842865,0.10902111113071442
13417365489,1613587460.285,1613587852.725,392.4399998188019,6.540666663646698,0.1090111110607783
60491426712,1613523565.804,1613523958.223,392.4190001487732,6.54031666914622,0.10900527781910367
30064154216,1613439478.79,1613439871.038,392.2480001449585,6.537466669082642,0.10895777781804403
6890100323,1613535623.817,1613536015.924,392.10700011253357,6.535116668542226,0.10891861114237043
41954913877,1613593312.732,1613593704.41,391.6779999732971,6.5279666662216185,0.10879944443702698
16284627315,1613521817.259,1613522208.918,391.65899991989136,6.527649998664856,0.10879416664441427
29767194276,1613584298.416,1613584689.611,391.1950001716614,6.51991666952769,0.1086652778254615
19461253220,1613603605.256,1613603996.117,390.86100006103516,6.514350001017252,0.1085725000169542
10256084280,1613534422.05,1613534812.558,390.50800013542175,6.508466668923696,0.1084744444820616
37651653872,1613523175.04,1613523565.512,390.4720001220703,6.507866668701172,0.10846444447835286
5194298959,1613594493.378,1613594883.62,390.24199986457825,6.504033331076304,0.1084005555179384
38346942116,1613606406.937,1613606796.633,389.69599986076355,6.494933331012726,0.1082488888502121
16381859005,1613536404.72,1613536794.36,389.6399998664856,6.49399999777476,0.108233333296246
16492836911,1613592527.428,1613592916.517,389.08899998664856,6.484816666444143,0.10808027777406905
8795293423,1613602390.876,1613602779.899,389.02300000190735,6.483716666698456,0.10806194444497426
56663362026,1613606017.741,1613606406.753,389.01200008392334,6.483533334732056,0.10805888891220093
2327546471,1613605628.57,1613606017.504,388.9340000152588,6.482233333587646,0.10803722222646077
11662732043,1613573025.912,1613573414.688,388.7760000228882,6.4796000003814695,0.10799333333969116
30043562181,1613604013.158,1613604401.918,388.75999999046326,6.479333333174387,0.1079888888862398
33528558735,1613479536.203,1613479924.761,388.55799984931946,6.475966664155324,0.10793277773592207
15315926539,1613454641.63,1613455029.918,388.28799986839294,6.4714666644732155,0.10785777774122027
30931221779,1613607265.941,1613607654.127,388.1860001087189,6.4697666684786475,0.10782944447464413
16430084958,1613607669.314,1613608056.934,387.62000012397766,6.4603333353996275,0.10767222225666045
35299040914,1613602796.089,1613603183.436,387.3470001220703,6.455783335367839,0.10759638892279731
25335787114,1613465097.741,1613465484.932,387.1909999847412,6.4531833330790205,0.107553055551317
51450167973,1613593706.265,1613594093.354,387.08899998664856,6.45148333311081,0.10752472221851349
28416223584,1613533645.973,1613534033.048,387.0750000476837,6.451250000794729,0.1075208333465788
2884706565,1613650511.527,1613650898.534,387.0069999694824,6.45011666615804,0.10750194443596733
59344379228,1613483060.279,1613483447.237,386.9579999446869,6.449299999078115,0.10748833331796859
57941957744,1613440607.76,1613440994.605,386.84500002861023,6.447416667143504,0.10745694445239173
3277108223,1613651349.513,1613651736.319,386.80599999427795,6.446766666571299,0.10744611110952165
19239140052,1613604813.701,1613605200.478,386.77699995040894,6.446283332506815,0.10743805554178026
23211391888,1613603185.455,1613603572.155,386.7000000476837,6.445000000794729,0.10741666667991215
33240464125,1613483934.763,1613484321.309,386.5460000038147,6.442433333396911,0.10737388888994853
13777816958,1613483514.886,1613483901.126,386.24000000953674,6.437333333492279,0.10728888889153798
37212186386,1613527512.595,1613527898.682,386.0869998931885,6.434783331553141,0.10724638885921903
59783493135,1613442430.578,1613442816.431,385.8529999256134,6.430883332093557,0.10718138886822595
1611722775,1613444536.66,1613444922.362,385.7019999027252,6.42836666504542,0.10713944441742367
55170550413,1613479984.786,1613480370.418,385.6319999694824,6.427199999491374,0.1071199999915229
26810854155,1613534035.233,1613534420.833,385.59999990463257,6.426666665077209,0.10711111108462015
14301040267,1613483514.862,1613483900.44,385.57800006866455,6.426300001144409,0.10710500001907348
14110602678,1613483015.597,1613483401.065,385.4680001735687,6.424466669559479,0.10707444449265797
38003894900,1613582467.991,1613582853.368,385.3770000934601,6.422950001557668,0.1070491666926278
46556374623,1613444536.668,1613444922.041,385.3729999065399,6.422883331775665,0.10704805552959443
64414857128,1613526734.216,1613527119.153,384.9370000362396,6.41561666727066,0.10692694445451101
11553531224,1613523958.394,1613524342.886,384.49199986457825,6.408199997742971,0.10680333329571617
24954527420,1613653327.06,1613653711.457,384.3970000743866,6.406616667906444,0.10677694446510738
23809733670,1613611396.362,1613611780.171,383.8090000152588,6.39681666692098,0.10661361111534966
58568306530,1613444924.703,1613445308.353,383.64999985694885,6.394166664282481,0.10656944440470802
33266067260,1613467707.248,1613468090.69,383.44200015068054,6.390700002511342,0.10651166670852237
855087189,1613436073.83,1613436457.226,383.39600014686584,6.389933335781097,0.10649888892968495
6660432361,1613651736.506,1613652119.747,383.2409999370575,6.387349998950958,0.1064558333158493
32510145550,1613572705.041,1613573088.156,383.11500000953674,6.385250000158946,0.10642083333598243
34726248953,1613439143.735,1613439526.774,383.0390000343323,6.383983333905538,0.10639972223175896
57284744057,1612828998.489,1612829381.147,382.6579999923706,6.377633333206177,0.10629388888676962
40514386439,1613481799.53,1613482181.777,382.24699997901917,6.3707833329836525,0.10617972221639421
16862122248,1613482638.428,1613483020.415,381.9869999885559,6.366449999809265,0.10610749999682109
3500409546,1613463165.175,1613463546.662,381.4869999885559,6.358116666475932,0.1059686111079322
12711230048,1613650933.404,1613651314.636,381.231999874115,6.353866664568583,0.10589777774280972
32426358971,1613440226.704,1613440607.386,380.6819999217987,6.344699998696645,0.10574499997827742
49369210516,1613536018.124,1613536398.428,380.30399990081787,6.338399998346964,0.10563999997244941
3975864097,1613462091.101,1613462470.355,379.2539999485016,6.320899999141693,0.10534833331902822
49570879296,1613601007.637,1613601386.112,378.47499990463257,6.30791666507721,0.1051319444179535
2202004500,1613602006.987,1613602385.267,378.27999997138977,6.30466666618983,0.10507777776983049
29451697496,1613652517.291,1613652895.131,377.8400001525879,6.2973333358764645,0.10495555559794108
22585375457,1613586186.912,1613586564.445,377.5329999923706,6.2922166665395105,0.10487027777565851
12869263330,1613601409.026,1613601786.364,377.3380000591278,6.28896666765213,0.1048161111275355
56717068185,1613581216.308,1613581593.412,377.10399985313416,6.285066664218903,0.10475111107031504
12825144153,1613437337.999,1613437714.941,376.94199991226196,6.282366665204366,0.10470611108673944
3343356803,1613463917.884,1613464294.718,376.83399987220764,6.280566664536794,0.10467611107561324
14518806465,1613439008.993,1613439385.763,376.7699999809265,6.279499999682108,0.10465833332803515
46172260686,1613687016.522,1613687393.275,376.75300002098083,6.279216667016347,0.10465361111693912
50929412580,1613442816.773,1613443193.485,376.7119998931885,6.278533331553141,0.10464222219255236
3829393025,1613431931.01,1613432307.59,376.57999992370605,6.276333332061768,0.10460555553436279
30143420805,1614725917.566,1614726293.729,376.1630001068115,6.269383335113526,0.10448972225189208
57388078756,1613478268.652,1613478644.802,376.15000009536743,6.269166668256124,0.10448611113760206
57926608082,1613441609.932,1613441985.99,376.05800008773804,6.267633334795634,0.10446055557992723
39051343138,1613462224.612,1613462600.559,375.9470000267029,6.265783333778382,0.10442972222963968
63224328415,1613442381.447,1613442756.573,375.12599992752075,6.252099998792013,0.10420166664653355
9805567093,1613582033.256,1613582408.371,375.11500000953674,6.251916666825612,0.1041986111137602
23812844465,1613169437.243,1613169812.29,375.04699993133545,6.250783332188925,0.10417972220314874
46672707334,1613467239.217,1613467613.744,374.52699995040894,6.242116665840149,0.10403527776400248
20923054344,1613442758.519,1613443132.982,374.4630000591278,6.241050000985464,0.10401750001642439
14875709926,1613464296.891,1613464671.231,374.3399999141693,6.238999998569488,0.10398333330949147
2794073484,1613477503.413,1613477877.567,374.15399980545044,6.2358999967575075,0.10393166661262512
40673236976,1613441631.97,1613442006.058,374.0880000591278,6.234800000985463,0.10391333334975772
46843502995,1613603570.34,1613603944.321,373.9810001850128,6.233016669750214,0.10388361116250357
64994765893,1613582313.762,1613582687.733,373.970999956131,6.23284999926885,0.10388083332114749
49298458275,1613442007.306,1613442381.18,373.87400007247925,6.2312333345413204,0.10385388890902202
36378318302,1613447740.017,1613448113.814,373.79699993133545,6.229949998855591,0.10383249998092652
28203836443,1613436964.311,1613437337.711,373.39999985694885,6.223333330949147,0.1037222221824858
20045180051,1613436465.411,1613436838.578,373.1670000553131,6.219450000921885,0.10365750001536475
7502892552,1613467063.44,1613467436.441,373.00099992752075,6.216683332125346,0.10361138886875576
27842358648,1614721150.853,1614721523.195,372.3420000076294,6.205700000127156,0.10342833333545261
23614932097,1613447036.643,1613447408.648,372.0050001144409,6.200083335240682,0.10333472225401137
67104715508,1613431142.337,1613431513.613,371.2760000228882,6.1879333337148035,0.10313222222858005
39447486375,1613599657.437,1613600028.637,371.2000000476837,6.186666667461395,0.10311111112435659
31824270204,1613683401.078,1613683772.189,371.1109998226166,6.185183330376943,0.10308638883961571
34972778348,1613602796.052,1613603167.103,371.05099987983704,6.184183331330617,0.10306972218884362
11056891962,1613508018.401,1613508389.419,371.01799988746643,6.183633331457774,0.10306055552429623
53863719919,1613565704.577,1613566075.571,370.9940001964569,6.183233336607615,0.10305388894346025
29967307549,1613435417.975,1613435788.819,370.8440001010895,6.180733335018158,0.10301222225030263
7617832847,1613603185.417,1613603556.17,370.75300002098083,6.179216667016347,0.10298694445027246
28091049215,1613435901.2,1613436271.787,370.5869998931885,6.176449998219808,0.10294083330366346
1037709649,1613438285.709,1613438656.131,370.42199993133545,6.173699998855591,0.10289499998092651
11732428116,1613476742.243,1613477112.258,370.0149998664856,6.166916664441427,0.1027819444073571
53642634283,1613465576.027,1613465945.911,369.8840000629425,6.164733334382375,0.10274555557303959
15860965020,1613442274.539,1613442644.215,369.67599987983704,6.161266664663951,0.10268777774439918
12636019465,1613452725.336,1613453094.923,369.58700013160706,6.159783335526784,0.10266305559211307
55481384511,1613466693.848,1613467063.272,369.42400002479553,6.157066667079926,0.10261777778466542
19427845206,1613463903.333,1613464272.499,369.16600012779236,6.15276666879654,0.10254611114660898
37308152766,1613583568.849,1613583937.821,368.9720001220703,6.149533335367838,0.10249222225613064
52084033002,1613567127.895,1613567496.821,368.9260001182556,6.1487666686375935,0.10247944447729322
42426169455,1613580515.321,1613580884.21,368.88899993896484,6.148149998982747,0.10246916664971245
45617309709,1613581944.905,1613582313.577,368.67199993133545,6.144533332188924,0.1024088888698154
23734230281,1613585052.925,1613585421.459,368.53400015830994,6.142233335971833,0.10237055559953054
38295532889,1613396781.676,1613397149.898,368.22199988365173,6.137033331394195,0.10228388885656993
21550787961,1613465023.86,1613465391.996,368.1360001564026,6.13560000260671,0.10226000004344517
57628777704,1613463549.678,1613463917.698,368.0199999809265,6.133666666348775,0.10222777777247959
20282385430,1612963314.847,1612963682.851,368.00400018692017,6.133400003115336,0.1022233333852556
38147891822,1613445304.489,1613445672.383,367.8939998149872,6.131566663583119,0.10219277772638533
62551518142,1613478268.667,1613478636.287,367.6199998855591,6.126999998092652,0.10211666663487752
7598600885,1613467794.009,1613468161.429,367.41999983787537,6.123666663964589,0.10206111106607649
61034640097,1613571526.815,1613571894.017,367.2019999027252,6.120033331712087,0.10200055552853478
19076122864,1613445622.452,1613445989.368,366.91600012779236,6.115266668796539,0.10192111114660898
3044351741,1613490560.514,1613490927.352,366.8380000591278,6.1139666676521305,0.10189944446086883
21120538778,1613600108.532,1613600475.184,366.65199995040894,6.110866665840149,0.10184777776400249
35386176190,1613127683.881,1613128050.41,366.529000043869,6.108816667397817,0.10181361112329695
42381357948,1613444922.215,1613445288.365,366.15000009536743,6.1025000015894575,0.1017083333598243
15243173369,1613437917.384,1613438283.527,366.14299988746643,6.102383331457774,0.10170638885762956
59406591318,1613587294.506,1613587660.349,365.84299993515015,6.097383332252503,0.10162305553754171
18819155068,1613463537.269,1613463902.986,365.7170000076294,6.09528333346049,0.10158805555767483
10338231040,1613445672.555,1613446038.168,365.61299991607666,6.0935499986012776,0.10155916664335463
24417693069,1613469014.302,1613469379.891,365.58899998664856,6.093149999777476,0.10155249999629126
25189708439,1613437220.276,1613437585.572,365.2960000038147,6.088266666730245,0.10147111111217075
58520965737,1613586564.66,1613586929.872,365.2119998931885,6.086866664886474,0.10144777774810791
38580272243,1613178198.194,1613178563.067,364.8729999065399,6.0812166651089985,0.10135361108514998
21698498748,1613506158.553,1613506523.092,364.5390000343323,6.075650000572205,0.10126083334287007
57662313835,1613453455.016,1613453819.178,364.1619999408722,6.069366665681203,0.10115611109468672
37343030796,1613466329.918,1613466693.667,363.74900007247925,6.062483334541321,0.10104138890902202
37884849968,1613466914.011,1613467277.62,363.6089999675751,6.060149999459584,0.10100249999099307
18951753276,1613470107.932,1613470471.264,363.33200001716614,6.055533333619436,0.10092555556032393
18793910193,1613454689.612,1613455052.866,363.2539999485016,6.054233332475026,0.10090388887458378
35068734282,1613576491.034,1613576853.982,362.9480001926422,6.0491333365440365,0.10081888894240061
59333947736,1613584689.804,1613585052.694,362.8900001049042,6.048166668415069,0.10080277780691782
37100204920,1613588025.319,1613588387.695,362.37599992752075,6.039599998792013,0.10065999997986688
51080954480,1613588749.464,1613589111.697,362.2330000400543,6.0372166673342385,0.10062027778890398
10252200029,1613587662.925,1613588025.141,362.21600008010864,6.036933334668477,0.10061555557780795
45440071374,1613438781.38,1613439143.566,362.1859998703003,6.036433331171671,0.10060722218619453
7468861049,1613579073.702,1613579435.874,362.172000169754,6.036200002829234,0.10060333338048723
8846382421,1613466192.685,1613466554.678,361.9930000305176,6.033216667175293,0.10055361111958822
12124003268,1613500155.801,1613500517.562,361.760999917984,6.029349998633067,0.10048916664388445
10998208221,1613465967.322,1613466329.053,361.73099994659424,6.028849999109904,0.1004808333184984
44697797441,1613469060.511,1613469422.12,361.6089999675751,6.026816666126251,0.10044694443543752
17910370799,1613168807.45,1613169169.031,361.5809998512268,6.026349997520446,0.10043916662534078
50962167739,1613588387.88,1613588749.257,361.3769998550415,6.022949997584025,0.10038249995973375
56723210608,1613571945.579,1613572306.793,361.21399998664856,6.020233333110809,0.10033722221851349
27644567865,1613586933.126,1613587294.327,361.20099997520447,6.020016666253408,0.10033361110422347
37616511716,1613585824.585,1613586185.348,360.7630000114441,6.0127166668574015,0.10021194444762335
60477251115,1613435357.434,1613435717.927,360.4930000305176,6.008216667175293,0.10013694445292155
57116443881,1613448522.9,1613448883.358,360.4579999446869,6.007633332411448,0.10012722220685746
18154893188,1613666884.293,1613667244.682,360.38899993896484,6.006483332316081,0.10010805553860135
21939504450,1613436838.757,1613437199.137,360.3800001144409,6.006333335240682,0.1001055555873447
64694626392,1613579436.074,1613579796.406,360.33200001716614,6.005533333619436,0.10009222222699059
50027235473,1613583938.004,1613584298.236,360.23200011253357,6.003866668542226,0.10006444447570377
59643007832,1613464671.408,1613465031.504,360.095999956131,6.00159999926885,0.10002666665448083
19699234314,1613529527.202,1613529887.282,360.08000016212463,6.001333336035411,0.10002222226725685
17930747747,1613440996.773,1613441356.705,359.9319999217987,5.998866665363312,0.09998111108938854
48729340767,1613444536.443,1613444896.309,359.8659999370575,5.9977666656176245,0.09996277776029375
63286696673,1613667696.483,1613668056.214,359.73099994659424,5.995516665776571,0.09992527776294284
31086945199,1613446291.959,1613446651.552,359.59299993515015,5.993216665585836,0.09988694442643059
51321519115,1613649975.838,1613650335.423,359.585000038147,5.993083333969116,0.0998847222328186
26403218086,1613446651.722,1613447011.231,359.5090000629425,5.9918166677157085,0.09986361112859514
23261747417,1613470107.932,1613470467.345,359.4130001068115,5.990216668446859,0.09983694447411431
9105750754,1613579453.044,1613579812.445,359.4010000228882,5.9900166670481365,0.09983361111746894
31399147989,1613502201.799,1613502560.969,359.17000007629395,5.986166667938233,0.09976944446563721
13633423646,1613572306.974,1613572665.888,358.9140000343323,5.981900000572205,0.09969833334287008
59935935599,1613581584.858,1613581943.728,358.8699998855591,5.981166664759318,0.09968611107932197
20794086151,1613431572.103,1613431930.836,358.7330000400543,5.978883334000906,0.09964805556668176
37307517349,1613470468.636,1613470827.299,358.6630001068115,5.977716668446859,0.09962861114078098
36338702917,1613466554.846,1613466913.381,358.5350000858307,5.9755833347638445,0.09959305557939742
53495152065,1613462608.495,1613462966.809,358.3140001296997,5.971900002161662,0.09953166670269437
30412526911,1613583210.358,1613583568.666,358.30799984931946,5.971799997488658,0.0995299999581443
14908322975,1613572667.56,1613573025.735,358.1749999523163,5.969583332538605,0.09949305554231008
544575336,1613453819.35,1613454177.484,358.1340000629425,5.968900001049041,0.09948166668415069
3152220526,1613934724.416,1613935082.423,358.007000207901,5.96678333679835,0.09944638894663917
19915758899,1613433717.243,1613434075.208,357.9649999141693,5.966083331902822,0.09943472219838037
55026610153,1613440985.15,1613441342.981,357.8309998512268,5.963849997520446,0.09939749995867411
40419235085,1613445238.067,1613445595.864,357.797000169754,5.963283336162567,0.09938805560270945
34606120951,1613453095.1,1613453452.836,357.73600006103516,5.962266667683919,0.09937111112806532
13343504985,1613503216.558,1613503574.234,357.67599987983704,5.961266664663951,0.09935444441106585
27068602393,1613434293.019,1613434650.689,357.66999983787537,5.9611666639645895,0.09935277773274316
33324495351,1613478658.617,1613479016.094,357.47699999809265,5.957949999968211,0.09929916666613685
14998728370,1613523823.339,1613524180.757,357.41799998283386,5.9569666663805645,0.09928277777300941
44562577425,1613478658.632,1613479015.988,357.35599994659424,5.955933332443237,0.09926555554072063
17200905928,1614725937.684,1614726295.007,357.32299995422363,5.955383332570394,0.09925638887617323
31156789660,1613467436.613,1613467793.827,357.21399998664856,5.953566666444143,0.09922611110740238
66143374045,1613495898.37,1613496255.42,357.05000019073486,5.950833336512248,0.09918055560853746
2714263211,1613572347.773,1613572704.76,356.9869999885559,5.949783333142599,0.09916305555237664
25759557438,1613586933.121,1613587290.004,356.8829998970032,5.948049998283386,0.09913416663805644
4546004941,1613435000.265,1613435357.136,356.87099981307983,5.947849996884664,0.09913083328141106
22759113315,1613468107.892,1613468464.729,356.83700013160706,5.947283335526785,0.0991213889254464
51961097258,1613521347.644,1613521704.443,356.79900002479553,5.946650000413259,0.09911083334022099
56970211253,1613583113.826,1613583470.618,356.7920000553131,5.946533334255219,0.09910888890425364
18612728647,1613575071.79,1613575428.413,356.6230001449585,5.943716669082642,0.09906194448471069
2568688845,1613582853.655,1613583210.184,356.529000043869,5.94215000073115,0.09903583334551917
8663901075,1613573649.998,1613574006.188,356.19000005722046,5.936500000953674,0.09894166668256124
31040229835,1613437210.02,1613437566.069,356.04900002479553,5.934150000413259,0.09890250000688765
14586851898,1613465393.201,1613465749.185,355.9839999675751,5.933066666126251,0.09888444443543752
13823042574,1613574008.334,1613574364.303,355.9689998626709,5.932816664377849,0.0988802777396308
6758464640,1613464272.67,1613464628.627,355.95700001716614,5.932616666952769,0.09887694444921281
19966291862,1613503576.424,1613503932.379,355.95499992370605,5.932583332061768,0.09887638886769613
41054529532,1613449284.784,1613449640.711,355.92700004577637,5.932116667429606,0.09886861112382676
6363155951,1613585939.371,1613586295.217,355.845999956131,5.930766665935517,0.09884611109892527
28697107669,1613435476.399,1613435832.208,355.8090000152588,5.930150000254313,0.09883583333757189
19394492274,1613578011.764,1613578367.521,355.7569999694824,5.929283332824707,0.09882138888041178
5805000493,1613579802.574,1613580158.12,355.5460000038147,5.925766666730245,0.09876277777883742
8644310129,1613528389.329,1613528744.816,355.4869999885559,5.9247833331425985,0.09874638888570997
23400397450,1613477104.576,1613477460.019,355.4430000782013,5.924050001303355,0.09873416668838925
60770662989,1613448517.352,1613448872.736,355.3840000629425,5.923066667715708,0.09871777779526181
30930191664,1613522407.661,1613522762.812,355.1510000228882,5.919183333714803,0.09865305556191338
53249263255,1613567497.004,1613567852.073,355.06900000572205,5.917816666762034,0.09863027777936724
21834542035,1613650391.184,1613650746.032,354.84800004959106,5.914133334159851,0.09856888890266419
14532759428,1613584879.931,1613585234.75,354.81900000572205,5.913650000095368,0.09856083333492278
29495357384,1613667303.808,1613667658.615,354.8069999217987,5.913449998696645,0.09855749997827742
52071457503,1613436749.733,1613437104.501,354.76799988746643,5.912799998124441,0.09854666663540734
12847892878,1613578748.37,1613579103.106,354.73600006103516,5.9122666676839195,0.09853777779473198
1664167053,1613500578.264,1613500932.989,354.72500014305115,5.9120833357175195,0.09853472226195865
45326046833,1613458591.641,1613458946.345,354.7039999961853,5.911733333269755,0.09852888888782925
15298418793,1613435718.966,1613436073.661,354.6949999332428,5.911583332220713,0.09852638887034522
24951622081,1613437241.762,1613437596.42,354.6579999923706,5.91096666653951,0.09851611110899183
1374227304,1613651876.241,1613652230.819,354.57800006866455,5.909633334477743,0.09849388890796237
45384785173,1613527269.301,1613527623.71,354.40899991989136,5.906816665331522,0.09844694442219204
42834659750,1613436178.921,1613436533.236,354.31500005722046,5.905250000953674,0.09842083334922791
51522343752,1613430441.12,1613430795.351,354.2310001850128,5.903850003083547,0.09839750005139244
11655077566,1613586295.415,1613586649.645,354.2300000190735,5.9038333336512245,0.09839722222752041
634354636,1613439411.423,1613439765.451,354.0279998779297,5.9004666646321615,0.0983411110772027
34957468739,1613440049.478,1613440403.482,354.00400018692017,5.900066669782003,0.09833444449636672
55206225054,1613586099.004,1613586452.957,353.95300006866455,5.899216667811076,0.09832027779685126
8182770269,1613438723.332,1613439077.247,353.914999961853,5.898583332697551,0.09830972221162584
54115605554,1613576854.269,1613577208.12,353.8509998321533,5.897516663869222,0.09829194439782037
30783081320,1613576189.045,1613576542.839,353.7939999103546,5.8965666651725765,0.09827611108620961
19082480540,1613576136.071,1613576489.861,353.789999961853,5.8964999993642175,0.09827499998940362
44531018569,1613650451.69,1613650805.463,353.77300000190735,5.8962166666984555,0.0982702777783076
488923354,1613431645.425,1613431999.196,353.77100014686584,5.896183335781098,0.09826972226301829
13786852744,1613437904.332,1613438258.085,353.75300002098083,5.895883333683014,0.09826472222805023
59869108874,1613524651.519,1613525005.213,353.69400000572205,5.894900000095367,0.09824833333492279
62204565968,1613055997.567,1613056351.242,353.67500019073486,5.894583336512247,0.09824305560853747
41217034900,1613447740.02,1613448093.612,353.5920000076294,5.893200000127156,0.09822000000211928
50799135517,1613452433.986,1613452787.521,353.5349998474121,5.892249997456869,0.09820416662428114
3789578506,1613583451.667,1613583805.201,353.53399991989136,5.892233331998189,0.09820388886663649
20361379304,1613526915.538,1613527269.027,353.4889998435974,5.891483330726624,0.09819138884544372
60312641577,1613583805.476,1613584158.897,353.4210000038147,5.890350000063578,0.09817250000105963
5004147219,1613437199.31,1613437552.714,353.404000043869,5.890066667397817,0.09816777778996362
20921450051,1613584526.36,1613584879.756,353.39600014686584,5.889933335781097,0.09816555559635162
26302202239,1613439526.947,1613439880.25,353.3029999732971,5.888383332888285,0.09813972221480476
25692198677,1613529940.347,1613530293.622,353.27500009536743,5.887916668256124,0.0981319444709354
55216905698,1613526212.086,1613526565.303,353.2170000076294,5.886950000127157,0.09811583333545261
21774089201,1613433587.46,1613433940.662,353.2019999027252,5.886699998378754,0.09811166663964589
64502897236,1613584172.028,1613584525.168,353.1399998664856,5.885666664441427,0.09809444440735711
7107377039,1613568204.808,1613568557.948,353.1399998664856,5.885666664441427,0.09809444440735711
8530984210,1613588810.473,1613589163.562,353.08899998664856,5.884816666444142,0.09808027777406904
33609753840,1613437736.093,1613438089.16,353.06700015068054,5.884450002511342,0.09807416670852237
63094529300,1613578369.694,1613578722.714,353.0199999809265,5.883666666348775,0.09806111110581292
53349452968,1613439058.232,1613439411.245,353.0129997730255,5.883549996217092,0.0980591666036182
62459805335,1613574364.577,1613574717.491,352.9140000343323,5.881900000572204,0.09803166667620342
16479844939,1613441107.422,1613441460.321,352.8990001678467,5.8816500027974445,0.09802750004662408
23340757772,1613439079.437,1613439432.273,352.8359999656677,5.880599999427796,0.09800999999046325
3961143424,1613432659.632,1613433012.417,352.7850000858307,5.879750001430511,0.0979958333571752
29482804328,1613575429.692,1613575782.467,352.77500009536743,5.87958333492279,0.0979930555820465
24171563076,1613587900.224,1613588252.849,352.625,5.877083333333333,0.0979513888888889
12591718262,1613438370.393,1613438723.015,352.62200021743774,5.877033336957296,0.09795055561595493
47167704198,1613477471.821,1613477824.435,352.6139998435974,5.8768999973932905,0.09794833328988817
36357341448,1613574719.01,1613575071.619,352.6089999675751,5.876816666126251,0.09794694443543751
21781901346,1613439696.633,1613440049.221,352.5880000591278,5.87646666765213,0.09794111112753551
60854969507,1613430865.677,1613431218.242,352.56500005722046,5.876083334287007,0.09793472223811679
44762671213,1613652582.77,1613652935.331,352.5610001087189,5.8760166684786475,0.0979336111413108
53473705884,1613477134.802,1613477487.229,352.42700004577637,5.873783334096273,0.09789638890160454
29267713431,1613438656.314,1613439008.712,352.39800000190735,5.873300000031789,0.09788833333386315
43690677760,1613433012.621,1613433365.007,352.385999917984,5.873099998633067,0.09788499997721778
29378786542,1613453139.444,1613453491.8,352.35599994659424,5.872599999109904,0.09787666665183173
59861894357,1613586649.815,1613587002.16,352.34500002861023,5.872416667143503,0.0978736111190584
2777581995,1613450704.848,1613451057.146,352.2979998588562,5.871633330980937,0.09786055551634895
66358256638,1613577241.603,1613577593.864,352.2610001564026,5.871016669273376,0.09785027782122294
30263731162,1613580510.008,1613580862.148,352.1400001049042,5.869000001748403,0.09781666669580671
10666807260,1613582761.52,1613583113.654,352.1340000629425,5.868900001049042,0.09781500001748403
30262628918,1613439344.409,1613439696.463,352.05400013923645,5.8675666689872745,0.09779277781645457
22729539516,1613653559.445,1613653911.489,352.0440001487732,5.867400002479553,0.09779000004132589
37097048659,1613434774.628,1613435126.612,351.9839999675751,5.866399999459585,0.0977733333243264
20100144338,1613439432.978,1613439784.946,351.9680001735687,5.866133336226145,0.09776888893710242
11402284709,1613441552.57,1613441904.52,351.9500000476837,5.8658333341280615,0.09776388890213436
55088666532,1613528744.988,1613529096.923,351.9350001811981,5.865583336353302,0.09775972227255503
60194514781,1613438990.18,1613439342.088,351.9079999923706,5.865133333206177,0.09775222222010295
5524269537,1613579812.65,1613580164.547,351.896999835968,5.864949997266134,0.09774916662110222
59072553188,1613433365.183,1613433717.063,351.87999987602234,5.864666664600373,0.09774444441000621
37693885819,1613436887.735,1613437239.578,351.8430001735687,5.864050002892812,0.09773416671488021
30349716926,1613588458.418,1613588810.198,351.77999997138977,5.862999999523163,0.09771666665871938
13572502771,1613440403.671,1613440755.445,351.7739999294281,5.862899998823802,0.09771499998039669
43244798064,1613448890.735,1613449242.507,351.7720000743866,5.862866667906443,0.0977144444651074
1654306808,1613532887.328,1613533239.072,351.74399995803833,5.862399999300639,0.09770666665501064
47172833886,1613444886.155,1613445237.851,351.69600009918213,5.861600001653035,0.09769333336088393
47097796469,1613432307.763,1613432659.453,351.69000005722046,5.861500000953674,0.09769166668256124
5368658252,1613436533.872,1613436885.559,351.6870000362396,5.861450000603994,0.0976908333433999
13279273680,1613436885.518,1613437237.165,351.6470000743866,5.86078333457311,0.09767972224288517
20876002234,1613446039.426,1613446391.028,351.60199999809265,5.860033333301544,0.0976672222216924
56165890473,1613437596.604,1613437948.196,351.5920000076294,5.859866666793823,0.09766444444656372
40716084010,1613585747.144,1613586098.731,351.5869998931885,5.859783331553142,0.0976630555258857
18666615061,1613531476.466,1613531827.999,351.5329999923706,5.858883333206177,0.09764805555343628
13359503988,1613580158.317,1613580509.836,351.51900005340576,5.858650000890096,0.0976441666815016
23579323029,1613440755.625,1613441107.144,351.51900005340576,5.858650000890096,0.0976441666815016
12009867050,1613587291.757,1613587643.196,351.4390001296997,5.857316668828329,0.09762194448047214
35225864762,1613442644.493,1613442995.899,351.4059998989105,5.856766664981842,0.09761277774969737
40264498376,1613522053.817,1613522405.19,351.3730001449585,5.856216669082642,0.09760361115137736
3389423627,1613448117.038,1613448468.411,351.3729999065399,5.856216665108999,0.09760361108514998
66734143158,1613580863.831,1613581215.101,351.2699999809265,5.854499999682108,0.0975749999947018
23578924890,1613582409.968,1613582761.235,351.2669999599457,5.854449999332428,0.09757416665554047
28325182340,1613437552.894,1613437904.155,351.260999917984,5.854349998633067,0.09757249997721779
57479513493,1613584159.065,1613584510.325,351.25999999046326,5.854333333174387,0.09757222221957312
20122451405,1613585587.949,1613585939.2,351.25100016593933,5.8541833360989886,0.09756972226831648
35853700554,1613477887.286,1613478238.519,351.2330000400543,5.853883334000906,0.09756472223334842
749924962,1613525860.724,1613526211.914,351.19000005722046,5.853166667620341,0.09755277779367234
42389854608,1613523113.047,1613523464.233,351.1860001087189,5.853100001811981,0.09755166669686635
53913359789,1613435809.535,1613436160.703,351.16799998283386,5.8527999997138975,0.09754666666189829
53620694094,1613575782.659,1613576133.77,351.11100006103516,5.851850001017253,0.09753083335028755
10806428309,1613500939.256,1613501290.326,351.0699999332428,5.851166665554047,0.09751944442590078
2502652461,1613433941.844,1613434292.837,350.992999792099,5.849883329868317,0.09749805549780528
33418660258,1613523472.169,1613523823.152,350.9830000400543,5.8497166673342385,0.09749527778890398
25779095020,1613477887.296,1613478238.215,350.9189999103546,5.84864999850591,0.0974774999750985
52863093511,1613437566.273,1613437917.182,350.90899991989136,5.84848333199819,0.09747472219996982
48883240108,1613583820.953,1613584171.858,350.90499997138977,5.84841666618983,0.09747361110316383
11212463388,1613438287.77,1613438638.649,350.8789999485016,5.847983332475026,0.09746638887458377
51750957558,1613431218.424,1613431569.279,350.8550000190735,5.847583333651225,0.09745972222752042
54814199052,1613531828.274,1613532179.128,350.85400009155273,5.847566668192545,0.09745944446987576
26590239582,1613438258.268,1613438609.102,350.8340001106262,5.847233335177104,0.0974538889196184
59860836210,1613435926.969,1613436277.726,350.7569999694824,5.845949999491373,0.0974324999915229
57769060421,1613445288.537,1613445639.193,350.6560001373291,5.844266668955485,0.09740444448259142
1393104981,1613436534.707,1613436885.344,350.63700008392334,5.8439500013987224,0.09739916668997871
26998594772,1613578722.922,1613579073.532,350.6100001335144,5.84350000222524,0.097391666703754
24202033952,1613651525.448,1613651876.04,350.5920000076294,5.8432000001271565,0.09738666666878594
15471828784,1613452787.71,1613453138.27,350.55999994277954,5.842666665712993,0.09737777776188321
46159727645,1613585236.351,1613585586.853,350.5019998550415,5.841699997584025,0.09736166662640042
29541963703,1613436398.84,1613436749.335,350.49500012397766,5.841583335399628,0.09735972225666047
4744021226,1613435834.375,1613436184.799,350.42400002479553,5.840400000413259,0.09734000000688765
26252711653,1613440275.647,1613440626.053,350.4059998989105,5.840099998315176,0.09733499997191959
61936665832,1613651173.895,1613651524.276,350.38100004196167,5.839683334032695,0.09732805556721158
16887931678,1613589163.741,1613589514.068,350.3270001411438,5.83878333568573,0.09731305559476217
66025599285,1613568560.119,1613568910.438,350.31900000572205,5.838650000095368,0.0973108333349228
8188196463,1613440102.43,1613440452.618,350.1879999637604,5.836466666062673,0.09727444443437788
11801866722,1613507539.567,1613507889.687,350.12000012397766,5.8353333353996275,0.0972555555899938
50674746715,1613446741.311,1613447091.429,350.117999792099,5.835299996534983,0.09725499994224972
16123462897,1613430378.842,1613430728.956,350.114000082016,5.835233334700266,0.09725388891167111
40006110705,1613437587.378,1613437937.482,350.10400009155273,5.835066668192545,0.09725111113654243
40604996346,1613441687.329,1613442037.417,350.0880000591278,5.834800000985464,0.09724666668309105
2072956784,1613576543.122,1613576893.195,350.07299995422363,5.83454999923706,0.09724249998728435
67028347857,1613531124.732,1613531474.783,350.05099987983704,5.8341833313306175,0.0972363888555103
22618796460,1613652162.453,1613652512.435,349.981999874115,5.83303333123525,0.09721722218725416
51616852903,1613446391.196,1613446741.131,349.93499994277954,5.832249999046326,0.0972041666507721
56708340761,1613583470.797,1613583820.665,349.8680000305176,5.83113333384196,0.09718555556403266
11588325402,1613437237.337,1613437587.203,349.8660001754761,5.831100002924601,0.09718500004874335
29106320443,1613436048.808,1613436398.665,349.856999874115,5.830949997901916,0.09718249996503193
27581132691,1613566076.798,1613566426.631,349.8329999446869,5.830549999078115,0.09717583331796859
39962044133,1613568912.648,1613569262.474,349.82599997520447,5.830433332920075,0.09717388888200124
63540181843,1613588255.343,1613588605.157,349.8140001296997,5.830233335494995,0.09717055559158325
57396119616,1613575833.111,1613576182.88,349.76900005340576,5.829483334223429,0.09715805557039049
51241470230,1613522763.015,1613523112.76,349.7449998855591,5.829083331425985,0.09715138885709974
50381878867,1613434883.855,1613435233.596,349.7409999370575,5.829016665617625,0.09715027776029375
14959803412,1613453899.482,1613454249.194,349.7119998931885,5.828533331553142,0.09714222219255235
1342447198,1613583095.674,1613583445.35,349.67599987983704,5.827933331330617,0.09713222218884363
41560066413,1613444536.563,1613444886.207,349.64400005340576,5.827400000890096,0.09712333334816826
346594617,1613444890.882,1613445240.436,349.55400013923645,5.825900002320608,0.09709833337201013
7202966210,1613444536.443,1613444885.987,349.5439999103546,5.825733331839244,0.09709555553065406
35858094130,1613433735.03,1613434084.566,349.53600001335144,5.825600000222524,0.09709333333704206
66236266674,1613434777.153,1613435126.626,349.4729998111725,5.824549996852875,0.09707583328088125
46045972008,1613438640.531,1613438989.997,349.46600008010864,5.824433334668478,0.09707388891114128
9518030121,1613575474.584,1613575824.033,349.4489998817444,5.824149998029073,0.09706916663381789
16917882059,1613435126.797,1613435476.227,349.4300000667572,5.823833334445953,0.09706388890743256
54766243451,1613567855.208,1613568204.637,349.42900013923645,5.823816668987274,0.0970636111497879
47359711481,1613436262.386,1613436611.814,349.4279999732971,5.823799999554952,0.09706333332591587
39583372353,1613445596.142,1613445945.542,349.40000009536743,5.823333334922791,0.09705555558204651
2266658930,1613450374.549,1613450723.945,349.39599990844727,5.823266665140788,0.09705444441901313
15658911897,1613451078.103,1613451427.496,349.393000125885,5.82321666876475,0.09705361114607917
33182342925,1613653209.891,1613653559.274,349.3829998970032,5.823049998283386,0.0970508333047231
29322877778,1613433236.047,1613433585.381,349.3340001106262,5.822233335177104,0.09703722225295172
36617275503,1613491517.24,1613491866.573,349.3329999446869,5.822216665744781,0.09703694442907969
53564633580,1613580164.823,1613580514.135,349.3120000362396,5.82186666727066,0.09703111112117767
54325869749,1613447091.597,1613447440.889,349.2920000553131,5.821533334255219,0.09702555557092031
451841228,1613532185.136,1613532534.415,349.279000043869,5.821316667397817,0.09702194445663029
22561134499,1613530400.664,1613530749.935,349.27099990844727,5.821183331807455,0.0970197221967909
3318577498,1613585397.733,1613585746.97,349.2369999885559,5.820616666475932,0.09701027777459886
48444854843,1613434650.864,1613435000.087,349.2229998111725,5.820383330186208,0.09700638883643681
8680685699,1613577594.035,1613577943.234,349.1989998817444,5.8199833313624065,0.09699972218937344
27500108861,1613525006.044,1613525355.22,349.1760001182556,5.819600001970927,0.09699333336618211
27939678396,1613566778.565,1613567127.623,349.05799984931946,5.817633330821991,0.09696055551369985
8681122340,1613436185.075,1613436534.133,349.05799984931946,5.817633330821991,0.09696055551369985
42780319034,1613521704.616,1613522053.643,349.02699995040894,5.817116665840149,0.09695194443066915
34010734734,1613435552.083,1613435901.009,348.9260001182556,5.81543333530426,0.09692388892173767
15383334251,1613587646.379,1613587995.303,348.92400002479553,5.815400000413259,0.09692333334022098
30719367919,1613653912.66,1613654261.571,348.91100001335144,5.815183333555857,0.09691972222593095
13737209642,1613453073.765,1613453422.657,348.8919999599457,5.814866665999094,0.09691444443331824
39425912357,1613437937.651,1613438286.494,348.84299993515015,5.814049998919169,0.09690083331531948
49410606851,1613438039.158,1613438387.904,348.7460000514984,5.81243333419164,0.096873888903194
61901206206,1613532538.447,1613532887.16,348.7130000591278,5.811883334318797,0.09686472223864662
59891568716,1613579104.12,1613579452.833,348.7130000591278,5.811883334318797,0.09686472223864662
5010297257,1613450023.773,1613450372.37,348.59699988365173,5.809949998060862,0.09683249996768103
53406857608,1613577943.405,1613578291.936,348.5310001373291,5.8088500022888185,0.09681416670481365
1595355944,1613507179.428,1613507527.907,348.47900009155273,5.8079833348592125,0.09679972224765354
5767305669,1613581236.195,1613581584.673,348.478000164032,5.807966669400533,0.09679944449000888
10750476782,1613527623.883,1613527972.345,348.46200013160706,5.807700002193451,0.09679500003655751
54917280580,1613446725.899,1613447074.329,348.4300000667572,5.807166667779287,0.09678611112965478
43611976710,1613453423.829,1613453772.219,348.3900001049042,5.806500001748403,0.09677500002914005
43827236371,1613652935.502,1613653283.854,348.35199999809265,5.805866666634878,0.09676444444391463
15536174705,1613432887.583,1613433235.863,348.27999997138977,5.80466666618983,0.09674444443649716
7459099283,1613446377.351,1613446725.622,348.27099990844727,5.804516665140787,0.09674194441901313
45752886502,1613448093.88,1613448442.146,348.26599979400635,5.804433329900106,0.0967405554983351
59633668281,1613452524.242,1613452872.478,348.2359998226166,5.803933330376943,0.09673222217294905
47587330074,1613458242.263,1613458590.472,348.20899987220764,5.803483331203461,0.09672472218672434
21730621891,1613580887.868,1613581236.01,348.1419999599457,5.802366665999094,0.0967061110999849
15841438908,1613459471.649,1613459819.747,348.09800004959106,5.801633334159851,0.09669388890266419
46219698969,1613441706.112,1613442054.189,348.0769999027252,5.801283331712087,0.09668805552853478
9885518494,1613576893.376,1613577241.43,348.05400013923645,5.800900002320607,0.09668166670534346
59737574458,1613577212.261,1613577560.291,348.02999997138977,5.800499999523163,0.09667499999205272
17276164510,1613652861.706,1613653209.72,348.01399993896484,5.800233332316081,0.09667055553860135
58900688086,1613455053.071,1613455401.021,347.94999980926514,5.799166663487752,0.09665277772479587
39749881507,1613459059.004,1613459406.872,347.8680000305176,5.7978000005086265,0.0966300000084771
47719613300,1613441926.497,1613442274.359,347.8619999885559,5.797699999809265,0.09662833333015441
63531653660,1613650751.718,1613651099.562,347.8440001010895,5.797400001684824,0.09662333336141374
11517655417,1613651115.676,1613651463.476,347.7999999523163,5.796666665871938,0.09661111109786563
45686733380,1613526566.525,1613526914.317,347.79199981689453,5.796533330281576,0.09660888883802626
24173530933,1613652232.843,1613652580.59,347.74699997901917,5.795783332983652,0.09659638888306088
15509866713,1613433387.167,1613433734.858,347.6909999847412,5.794849999745687,0.09658083332909478
1180598145,1613491937.327,1613492284.946,347.6190001964569,5.793650003274282,0.0965608333879047
45074371902,1613566426.909,1613566774.473,347.5640001296997,5.7927333354949955,0.09654555559158325
22581422633,1613434076.781,1613434424.342,347.5610001087189,5.792683335145314,0.0965447222524219
20504499862,1613650809.857,1613651157.414,347.5569999217987,5.792616665363312,0.09654361108938853
43730520336,1613652514.083,1613652861.535,347.4520001411438,5.7908666690190636,0.09651444448365105
2520438258,1613651814.927,1613652162.284,347.356999874115,5.78928333123525,0.09648805552058749
25678268009,1613442037.589,1613442384.924,347.335000038147,5.788916667302449,0.09648194445504082
33750185699,1613442770.066,1613443117.343,347.27699995040894,5.787949999173482,0.09646583331955803
1249860628,1613438388.074,1613438735.19,347.1160001754761,5.785266669591268,0.09642111115985447
45551327118,1613651465.674,1613651812.754,347.07999992370605,5.784666665395101,0.09641111108991834
40809800382,1613441356.875,1613441703.928,347.0529999732971,5.784216666221619,0.09640361110369365
17126751428,1613442422.948,1613442769.897,346.94900012016296,5.78248333533605,0.09637472225560083
63186572670,1613434427.605,1613434774.458,346.8529999256134,5.780883332093556,0.09634805553489262
44602854581,1613442998.07,1613443344.796,346.7260000705719,5.778766667842865,0.09631277779738108
12171829542,1613435205.149,1613435551.803,346.654000043869,5.777566667397817,0.09629277778996362
21580578436,1613530750.109,1613531096.733,346.62400007247925,5.777066667874654,0.09628444446457757
16940427283,1613430795.522,1613431142.13,346.6080000400543,5.776800000667572,0.0962800000111262
16769813087,1613653284.024,1613653630.618,346.5940001010895,5.776566668351491,0.09627611113919152
26460241309,1613447259.552,1613447606.142,346.5899999141693,5.776499998569489,0.09627499997615814
65779944849,1613442054.353,1613442400.683,346.33000016212463,5.772166669368744,0.0962027778228124
51726647087,1613439880.42,1613440226.535,346.11500000953674,5.768583333492279,0.09614305555820465
10577630989,1613433040.901,1613433386.986,346.085000038147,5.768083333969116,0.0961347222328186
65445115259,1613432694.801,1613433040.734,345.93299984931946,5.765549997488658,0.0960924999581443
4220860779,1613438435.287,1613438781.2,345.9130001068115,5.765216668446858,0.09608694447411431
6496962082,1613496318.651,1613496664.338,345.6870000362396,5.761450000603994,0.09602416667673323
35839276130,1613434084.735,1613434430.384,345.6490001678467,5.760816669464111,0.09601361115773518
4435464308,1613436271.956,1613436617.554,345.5979998111725,5.759966663519541,0.09599944439199236
23611751578,1613438089.556,1613438435.118,345.5620000362396,5.75936666727066,0.095989444454511
47395183891,1613432347.882,1613432693.315,345.43300008773804,5.757216668128967,0.09595361113548279
39339051459,1613434430.551,1613434775.983,345.4319999217987,5.757199998696645,0.09595333331161075
1780163880,1613436617.735,1613436963.142,345.40700006484985,5.756783334414164,0.09594638890690274
1830596030,1613443118.52,1613443463.893,345.3729999065399,5.756216665108998,0.09593694441848331
2909784697,1613436955.606,1613437300.584,344.978000164032,5.7496333360672,0.09582722226778666
42111730534,1613440627.341,1613440972.191,344.84999990463257,5.747499998410543,0.09579166664017572
55659908414,1613432003.089,1613432347.714,344.625,5.74375,0.09572916666666667
45121324708,1613436610.911,1613436955.442,344.5309998989105,5.7421833316485085,0.09570305552747514
55716188968,1613432542.965,1613432887.41,344.4450001716614,5.740750002861023,0.09567916671435038
35889486641,1613431856.8,1613432200.593,343.79299998283386,5.729883333047231,0.09549805555078718
64237406198,1613435578.594,1613435922.359,343.7649998664856,5.729416664441427,0.09549027774069044
61289305514,1613435922.632,1613436266.279,343.6470000743866,5.727450001239776,0.09545750002066294
21186229378,1613435233.803,1613435577.427,343.62400007247925,5.727066667874654,0.09545111113124423
18906578047,1613436267.12,1613436610.741,343.6210000514984,5.727016667524974,0.0954502777920829
83483961,1613443086.865,1613443430.434,343.56900000572205,5.726150000095368,0.0954358333349228
57214754581,1613436612.992,1613436956.278,343.28600001335144,5.721433333555857,0.09535722222593096
56293480392,1613440555.856,1613440898.95,343.0940001010895,5.718233335018158,0.0953038889169693
33827787014,1613442400.85,1613442743.912,343.0620000362396,5.717700000603994,0.09529500001006656
63666397100,1613441344.2,1613441687.154,342.9539999961853,5.715899999936422,0.09526499999894036
20926432324,1613431513.797,1613431856.627,342.83000016212463,5.71383333603541,0.09523055560059017
17782187080,1613439418.036,1613439760.629,342.59299993515015,5.709883332252502,0.09516472220420838
16772751059,1613436877.463,1613437220.0,342.5369999408722,5.7089499990145365,0.09514916665024227
6343563000,1613442744.107,1613443086.59,342.48299980163574,5.708049996693929,0.09513416661156548
55220125119,1613432200.767,1613432542.677,341.9100000858307,5.698500001430512,0.09497500002384186
60618934970,1613439760.798,1613440102.26,341.4619998931885,5.691033331553141,0.09485055552588569
53638283148,1613439076.518,1613439417.855,341.33700013160706,5.688950002193451,0.09481583336989084
56982177843,1613438735.366,1613439076.34,340.9739999771118,5.68289999961853,0.09471499999364218
19171818537,1613440972.507,1613441313.034,340.52699995040894,5.675449999173482,0.09459083331955803
61317737802,1613126290.406,1613126625.661,335.2550001144409,5.587583335240682,0.09312638892067804
35915655356,1614610593.167,1614610927.36,334.1929998397827,5.569883330663045,0.09283138884438409
48130599015,1614610066.821,1614610396.746,329.9249999523163,5.4987499992052715,0.09164583332008785
49961073558,1613443135.636,1613443463.914,328.27800011634827,5.471300001939138,0.0911883333656523
31731921217,1613469454.597,1613469780.749,326.1520001888275,5.435866669813792,0.09059777783022986
29400734412,1613469454.598,1613469779.549,324.95099997520447,5.415849999586741,0.09026416665977902
34237671302,1613371916.617,1613372240.895,324.2779998779297,5.404633331298828,0.09007722218831381
42274023965,1614722473.048,1614722794.762,321.71399998664856,5.361899999777476,0.08936499999629127
50607942241,1613922868.106,1613923189.179,321.07299995422363,5.351216665903727,0.08918694443172878
36523211514,1613922868.066,1613923189.001,320.93499994277954,5.348916665712992,0.08914861109521655
55037122479,1613683952.451,1613684270.575,318.12400007247925,5.302066667874654,0.0883677777979109
56956557043,1613371916.587,1613372231.34,314.75300002098083,5.245883333683014,0.0874313888947169
15800877200,1614615842.573,1614616154.38,311.8070001602173,5.196783336003621,0.08661305560006036
42701526225,1613179623.947,1613179935.012,311.06500005722046,5.184416667620341,0.08640694446033902
27665904777,1613372210.336,1613372519.547,309.2109999656677,5.153516666094462,0.0858919444349077
15753662504,1613853104.807,1613853413.365,308.55800008773804,5.142633334795634,0.08571055557992724
8392228217,1613126843.802,1613127149.953,306.1510000228882,5.102516667048136,0.08504194445080228
32341703185,1614609754.402,1614610059.282,304.8800001144409,5.081333335240682,0.08468888892067804
66570373422,1613371906.537,1613372210.032,303.49500012397766,5.058250002066294,0.08430416670110491
28426735776,1613371916.561,1613372208.44,291.8789999485016,4.864649999141693,0.08107749998569488
51373058883,1612829684.619,1612829976.481,291.8619999885559,4.864366666475932,0.08107277777459887
34650403077,1613371916.561,1613372208.346,291.7849998474121,4.863083330790202,0.08105138884650337
7411786693,1614121251.458,1614121539.579,288.1210000514984,4.802016667524973,0.08003361112541622
15539238348,1612829381.4,1612829665.827,284.4269998073578,4.740449996789296,0.07900749994648827
12190933994,1613372691.745,1613372974.868,283.1230001449585,4.718716669082641,0.07864527781804402
21637936672,1613372691.745,1613372973.5,281.7550001144409,4.695916668574015,0.07826527780956692
57688122181,1613853415.507,1613853697.208,281.70099997520447,4.695016666253408,0.07825027777089014
30504671256,1613392468.432,1613392748.0,279.5680000782013,4.659466667970022,0.07765777779950037
1305047232,1614718435.031,1614718712.73,277.69900012016296,4.628316668669383,0.07713861114448971
30118039787,1614718435.063,1614718712.742,277.67900013923645,4.627983335653941,0.07713305559423235
33387462619,1614718435.035,1614718712.66,277.625,4.627083333333333,0.07711805555555555
17624741072,1614718435.022,1614718712.634,277.6119999885559,4.626866666475932,0.07711444444126553
59810146971,1614718435.062,1614718712.67,277.6080000400543,4.626800000667572,0.07711333334445954
55449649015,1614718435.031,1614718712.616,277.585000038147,4.62641666730245,0.07710694445504082
16250023616,1614718435.073,1614718712.624,277.5510001182556,4.625850001970927,0.07709750003284878
2580759627,1614718435.031,1614718712.544,277.5130000114441,4.625216666857401,0.07708694444762336
61336032384,1614718435.066,1614718712.565,277.49900007247925,4.624983334541321,0.07708305557568867
21026210280,1613472897.893,1613473175.039,277.14600014686584,4.619100002447764,0.07698500004079607
40583240849,1613300873.266,1613301150.324,277.05799984931946,4.617633330821991,0.07696055551369985
43634975773,1613063409.858,1613063683.866,274.0079998970032,4.566799998283386,0.0761133333047231
20086621812,1613443193.765,1613443464.014,270.24899983406067,4.504149997234345,0.0750691666205724
42098555725,1614718442.805,1614718712.725,269.91999983787537,4.498666663964589,0.07497777773274315
64456834861,1614718442.83,1614718712.701,269.8710000514984,4.497850000858307,0.07496416668097178
62917157245,1614718442.852,1614718712.662,269.80999994277954,4.496833332379659,0.07494722220632766
9782546756,1614718442.8,1614718712.592,269.7920000553131,4.4965333342552185,0.07494222223758698
45078139248,1614718442.808,1614718712.555,269.74699997901917,4.4957833329836525,0.07492972221639421
27297785811,1614048218.444,1614048481.35,262.9059998989105,4.381766664981842,0.07302944441636404
51918166157,1614339440.827,1614339703.44,262.61300015449524,4.376883335908254,0.0729480555984709
63338592209,1614366895.101,1614367149.606,254.50499987602234,4.241749997933706,0.07069583329889509
66039169444,1613395284.574,1613395536.506,251.93200016021729,4.1988666693369545,0.06998111115561591
24089752183,1613395284.578,1613395536.419,251.84099984169006,4.197349997361501,0.06995583328935835
43468450649,1613395284.571,1613395535.865,251.29399991035461,4.1882333318392435,0.06980388886398739
39293261507,1613287646.94,1613287888.645,241.70499992370605,4.028416665395101,0.06714027775658502
22046211323,1614332633.361,1614332873.176,239.81500005722046,3.996916667620341,0.06661527779367235
20102047094,1613933348.641,1613933588.386,239.74499988555908,3.995749998092651,0.06659583330154419
60411283102,1613933348.644,1613933588.285,239.64100003242493,3.9940166672070823,0.06656694445345136
57386941605,1614401779.507,1614402016.262,236.75500011444092,3.9459166685740152,0.06576527780956692
59259996423,1613468114.96,1613468345.718,230.75799989700317,3.845966664950053,0.06409944441583422
26338952628,1613066187.416,1613066412.038,224.62200021743774,3.7437000036239625,0.06239500006039937
16012870343,1614720926.151,1614721150.643,224.49199986457825,3.741533331076304,0.062358888851271735
2137432275,1614423640.545,1614423864.626,224.0809998512268,3.73468333085378,0.062244722180896335
10330541552,1613685139.327,1613685361.679,222.35199999809265,3.7058666666348774,0.06176444444391462
61446547862,1613689487.351,1613689707.555,220.2039999961853,3.6700666666030886,0.06116777777671814
3081441555,1614754882.887,1614755102.688,219.80099987983704,3.663349997997284,0.06105583329995473
7602490771,1612969042.083,1612969253.559,211.4760000705719,3.524600001176198,0.05874333335293664
623371232,1613372681.686,1613372888.293,206.606999874115,3.4434499979019164,0.05739083329836527
61883675384,1613684915.952,1613685120.347,204.3949999809265,3.406583333015442,0.0567763888835907
66782578179,1613942355.113,1613942557.445,202.33200001716614,3.372200000286102,0.05620333333810171
41817142545,1613950618.487,1613950811.424,192.93700003623962,3.2156166672706603,0.05359361112117767
48128508635,1614367149.782,1614367340.712,190.92999982833862,3.182166663805644,0.05303611106342739
46622867390,1613794985.128,1613795172.192,187.06399989128113,3.117733331521352,0.05196222219202253
47072457063,1614453204.607,1614453391.504,186.89699983596802,3.1149499972661334,0.051915833287768894
27582354412,1614714926.08,1614715111.749,185.6690001487732,3.0944833358128867,0.05157472226354811
41541386966,1614104821.655,1614105006.518,184.86299991607666,3.081049998601278,0.05135083331002129
11046373326,1613795525.536,1613795710.312,184.77600002288818,3.0796000003814696,0.0513266666730245
24430576150,1614251757.265,1614251941.924,184.65899991989136,3.077649998664856,0.05129416664441427
26521362510,1613170391.934,1613170575.6,183.66599988937378,3.0610999981562297,0.05101833330260383
29454224193,1613288453.087,1613288636.343,183.25600004196167,3.054266667366028,0.05090444445610046
53553199293,1614726858.726,1614727041.979,183.25300002098083,3.0542166670163473,0.05090361111693912
5564081895,1614737637.602,1614737816.871,179.26900005340576,2.987816667556763,0.04979694445927938
30805359001,1613795348.867,1613795525.358,176.4909999370575,2.941516665617625,0.04902527776029375
38377254800,1613795172.371,1613795348.668,176.29699993133545,2.938283332188924,0.048971388869815405
18643943801,1613787443.579,1613787618.843,175.26399993896484,2.921066665649414,0.04868444442749023
59773130664,1612829482.65,1612829653.891,171.2409999370575,2.854016665617625,0.04756694442696042
5307833186,1612829313.064,1612829482.47,169.4060001373291,2.8234333356221515,0.047057222260369194
21453141322,1614720672.437,1614720839.441,167.0039999485016,2.783399999141693,0.04638999998569489
6961405327,1614720672.441,1614720839.428,166.9869999885559,2.783116666475932,0.04638527777459887
25525170311,1613366999.594,1613367165.967,166.37299990653992,2.7728833317756654,0.04621472219626109
60747732563,1614726692.22,1614726858.449,166.22899985313416,2.770483330885569,0.04617472218142615
53044701889,1614714766.172,1614714932.231,166.0590000152588,2.767650000254313,0.046127500004238556
57344760839,1613289247.246,1613289409.194,161.94799995422363,2.6991333325703937,0.044985555542839895
24377361441,1614504614.275,1614504775.945,161.66999983787537,2.694499997297923,0.04490833328829871
9943229958,1613168531.249,1613168692.72,161.47099995613098,2.6911833326021832,0.04485305554336972
25765071301,1613218651.467,1613218812.394,160.92700004577637,2.682116667429606,0.0447019444571601
58414061172,1613651214.266,1613651374.765,160.49900007247925,2.674983334541321,0.04458305557568868
19814409695,1614003225.595,1614003384.195,158.59999990463257,2.643333331743876,0.0440555555290646
59630835411,1612829154.725,1612829312.891,158.16600012779236,2.6361000021298726,0.04393500003549788
30526518609,1614179218.2,1614179376.342,158.14199995994568,2.635699999332428,0.043928333322207136
29146904327,1614179218.2,1614179376.253,158.05299997329712,2.6342166662216187,0.043903611103693646
39855113865,1613365452.454,1613365609.113,156.65899991989136,2.6109833319981894,0.04351638886663649
63828831486,1614716436.255,1614716591.153,154.89800000190735,2.5816333333651227,0.04302722222275204
49833940786,1614716436.298,1614716590.11,153.81199979782104,2.563533329963684,0.04272555549939473
8489090885,1613396836.22,1613396990.016,153.7960000038147,2.563266666730245,0.04272111111217075
36358335891,1614726706.52,1614726858.467,151.94700002670288,2.532450000445048,0.042207500007417464
26385977070,1613477197.417,1613477348.9,151.48300004005432,2.5247166673342387,0.04207861112223731
9062796784,1612829659.298,1612829809.666,150.367999792099,2.506133329868317,0.04176888883113861
17814642047,1614184362.177,1614184510.354,148.17700004577637,2.469616667429606,0.04116027779049344
40036024547,1613792727.806,1613792875.252,147.44600009918213,2.457433334986369,0.040957222249772815
27941652111,1613606303.116,1613606449.823,146.70700001716614,2.445116666952769,0.04075194444921282
8828095786,1614085867.132,1614086012.08,144.94799995422363,2.4157999992370605,0.04026333332061768
31168093032,1613613612.553,1613613757.172,144.61899995803833,2.4103166659673056,0.040171944432788424
44055840927,1614726858.718,1614727001.669,142.95099997520447,2.382516666253408,0.03970861110422346
11142155590,1614720696.585,1614720839.447,142.8619999885559,2.3810333331425984,0.03968388888570997
2284228052,1614716436.26,1614716578.326,142.0659999847412,2.3677666664123533,0.03946277777353922
28710850208,1614726716.589,1614726858.453,141.864000082016,2.364400001366933,0.03940666668944889
31470039884,1614085867.113,1614086008.314,141.20099997520447,2.353349999586741,0.03922249999311235
9890999195,1613365807.892,1613365948.217,140.32500004768372,2.3387500007947284,0.03897916667991214
19700123464,1613099177.788,1613099315.658,137.86999988555908,2.2978333314259847,0.03829722219043308
49907667803,1614719351.201,1614719488.926,137.72500014305115,2.2954166690508524,0.03825694448418088
12562498309,1614719351.167,1614719488.712,137.54499983787537,2.2924166639645893,0.038206944399409824
56468754775,1614737177.277,1614737313.978,136.70099997520447,2.2783499995867413,0.03797249999311235
64028243734,1612542588.837,1612542725.437,136.60000014305115,2.2766666690508526,0.03794444448418088
13583564547,1613430729.124,1613430865.4,136.27600002288818,2.2712666670481365,0.03785444445080227
61108149413,1614736398.218,1614736534.308,136.0900001525879,2.268166669209798,0.0378027778201633
14622807964,1614736398.229,1614736534.267,136.03799986839294,2.267299997806549,0.03778833329677582
44483159343,1614736398.207,1614736534.093,135.885999917984,2.2647666652997334,0.03774611108832889
10771625308,1614736398.166,1614736534.051,135.88500022888184,2.2647500038146973,0.03774583339691162
40916848619,1614736398.153,1614736534.037,135.88399982452393,2.264733330408732,0.0377455555068122
53898503793,1614736398.188,1614736534.037,135.84899997711182,2.2641499996185304,0.037735833326975506
7672104505,1614736398.184,1614736533.324,135.1399998664856,2.252333331108093,0.03753888885180155
25993587885,1614736398.198,1614736533.317,135.11899995803833,2.251983332633972,0.03753305554389954
39819609082,1614736398.187,1614736533.179,134.99199986457825,2.2498666644096375,0.03749777774016062
15721980679,1614736398.207,1614736533.185,134.9779999256134,2.249633332093557,0.037493888868225946
7306611376,1614736398.178,1614736533.155,134.97699999809265,2.2496166666348776,0.03749361111058129
49778845951,1614736398.231,1614736533.202,134.97099995613098,2.2495166659355164,0.0374919444322586
16739299928,1613259472.865,1613259607.832,134.9670000076294,2.2494500001271565,0.03749083333545261
41588799311,1614711935.699,1614712070.181,134.48200011253357,2.241366668542226,0.03735611114237044
42640478484,1614163622.069,1614163754.722,132.6529998779297,2.2108833312988283,0.03684805552164713
25856461857,1614182691.759,1614182823.966,132.20700001716614,2.2034500002861024,0.036724166671435035
5667158307,1613351621.8,1613351753.915,132.11500000953674,2.2019166668256123,0.03669861111376021
59469346095,1614716446.319,1614716578.373,132.05399990081787,2.2008999983469644,0.036681666639116074
55076032357,1614716446.321,1614716578.355,132.03399991989136,2.2005666653315226,0.03667611108885871
39405969594,1614716446.349,1614716578.262,131.91300010681152,2.198550001780192,0.036642500029669865
24627951701,1613683810.908,1613683942.398,131.49000000953674,2.1915000001589457,0.0365250000026491
12539656636,1613099177.772,1613099306.952,129.17999982833862,2.152999997138977,0.03588333328564962
9118660063,1613257074.934,1613257201.193,126.2590000629425,2.1043166677157084,0.035071944461928475
14085046830,1613099360.619,1613099486.863,126.24399995803833,2.1040666659673053,0.03506777776612176
18720072876,1613401478.471,1613401603.602,125.13100004196167,2.085516667366028,0.03475861112276713
63365474791,1614395750.477,1614395873.835,123.35800004005432,2.0559666673342387,0.03426611112223731
40662087819,1614720119.543,1614720242.595,123.05200004577637,2.0508666674296063,0.03418111112382677
15957381908,1614738816.526,1614738939.004,122.4779999256134,2.0412999987602234,0.03402166664600372
43083487485,1614113754.597,1614113874.324,119.72699999809265,1.995449999968211,0.03325749999947018
11027974286,1613012302.708,1613012422.382,119.67400002479553,1.9945666670799256,0.033242777784665424
34110016951,1613443344.97,1613443464.021,119.05099987983704,1.9841833313306172,0.033069722188843624
59181494040,1614716459.413,1614716578.276,118.86299991607666,1.9810499986012777,0.03301749997668796
12299370945,1613099371.496,1613099490.312,118.81599998474121,1.9802666664123536,0.03300444444020589
54223718897,1613081836.389,1613081954.87,118.48099994659424,1.9746833324432373,0.032911388874053954
64408339578,1613055644.932,1613055759.654,114.72200012207031,1.9120333353678385,0.031867222256130645
41240418127,1614754989.035,1614755103.406,114.37099981307983,1.9061833302179971,0.031769722170299955
45332771212,1613256883.606,1613256997.671,114.06500005722046,1.9010833342870077,0.031684722238116796
1848338097,1613314921.257,1613315033.337,112.07999992370605,1.8679999987284341,0.03113333331214057
40221766530,1614341141.225,1614341253.199,111.97399997711182,1.8662333329518637,0.031103888882531062
64755108381,1613069021.892,1613069133.822,111.9300000667572,1.86550000111262,0.031091666685210333
39055202392,1613064274.753,1613064385.716,110.96300005912781,1.8493833343187969,0.030823055571979948
54819650979,1613470596.696,1613470706.295,109.59899997711182,1.8266499996185304,0.030444166660308837
44640621666,1613010764.541,1613010873.896,109.35500001907349,1.8225833336512247,0.03037638889418708
15782974012,1614716469.449,1614716578.386,108.93700003623962,1.8156166672706604,0.03026027778784434
15126691726,1614716469.456,1614716578.293,108.83699989318848,1.813949998219808,0.03023249997033013
22812963814,1613257457.598,1613257565.705,108.10699987411499,1.8017833312352498,0.030029722187254165
20924678421,1614552531.491,1614552639.261,107.76999998092651,1.7961666663487752,0.02993611110581292
8959452085,1614496424.572,1614496532.14,107.5680000782013,1.792800001303355,0.029880000021722582
62319208416,1614496424.565,1614496532.051,107.48600006103516,1.791433334350586,0.02985722223917643
31108880177,1614114421.515,1614114528.991,107.47599983215332,1.791266663869222,0.029854444397820368
29468815065,1613288767.542,1613288873.05,105.50799989700317,1.7584666649500529,0.029307777749167548
37303699678,1614737177.319,1614737281.412,104.09299993515015,1.7348833322525024,0.028914722204208373
14887690901,1613357324.762,1613357427.922,103.15999984741211,1.719333330790202,0.02865555551317003
15447621010,1613011256.463,1613011358.566,102.1029999256134,1.70171666542689,0.0283619444237815
14406186231,1614496429.581,1614496531.563,101.98199987411499,1.6996999979019165,0.028328333298365274
24801045674,1613290000.326,1613290102.08,101.75399994850159,1.6958999991416932,0.028264999985694886
57846258976,1614620822.182,1614620923.847,101.66499996185303,1.6944166660308837,0.028240277767181396
8073510172,1614738577.545,1614738679.073,101.52799987792969,1.692133331298828,0.0282022221883138
13870546883,1613399593.847,1613399690.998,97.15100002288818,1.6191833337148032,0.026986388895246717
37807379580,1614755008.104,1614755105.18,97.07599997520447,1.6179333329200745,0.02696555554866791
7170057274,1613051738.689,1613051833.782,95.09300017356873,1.5848833362261454,0.02641472227043576
19407450719,1613051738.697,1613051833.772,95.07500004768372,1.584583334128062,0.026409722235467697
23413677134,1614375804.738,1614375898.732,93.99400019645691,1.5665666699409484,0.026109444499015807
55452570988,1614738685.92,1614738779.097,93.17699980735779,1.5529499967892966,0.025882499946488273
62581353302,1613289131.088,1613289223.751,92.66299986839294,1.5443833311398825,0.025739722185664705
23715493176,1613391240.725,1613391332.607,91.882000207901,1.5313666701316833,0.025522777835528056
46621413274,1614113711.981,1614113803.473,91.49200010299683,1.5248666683832803,0.025414444473054673
11627880106,1613258737.662,1613258828.939,91.27699995040894,1.5212833325068156,0.025354722208446926
45526469217,1613468356.176,1613468446.601,90.42499995231628,1.5070833325386048,0.02511805554231008
57187520167,1612997276.148,1612997365.427,89.27900004386902,1.4879833340644837,0.024799722234408062
33193773413,1614486430.054,1614486519.16,89.10600018501282,1.485100003083547,0.024751666718059118
38679532327,1614114146.013,1614114234.985,88.97199988365173,1.4828666647275288,0.02471444441212548
27461929527,1613643920.911,1613644009.667,88.75600004196167,1.4792666673660277,0.024654444456100464
14303198507,1614375708.647,1614375796.583,87.9359998703003,1.4655999978383383,0.02442666663063897
1198345028,1613390607.648,1613390693.952,86.30399990081787,1.4383999983469644,0.023973333305782742
23841459356,1613643824.331,1613643910.029,85.69799995422363,1.4282999992370606,0.02380499998728434
22368527038,1613022075.188,1613022160.595,85.40700006484985,1.4234500010808309,0.023724166684680515
54381084124,1614734826.669,1614734910.481,83.81200003623962,1.3968666672706604,0.023281111121177672
63552092226,1614734826.692,1614734910.499,83.80700016021729,1.3967833360036215,0.023279722266727025
25916582711,1614734826.743,1614734910.513,83.76999998092651,1.3961666663487753,0.023269444439146254
62580105957,1614734826.704,1614734910.403,83.69900012016296,1.3949833353360495,0.023249722255600822
18653415683,1614734826.743,1614734910.407,83.66400003433228,1.3944000005722046,0.023240000009536743
63002258316,1614734826.746,1614734910.404,83.6579999923706,1.3942999998728434,0.023238333331214056
34441956751,1614734826.67,1614734910.304,83.63399982452393,1.3938999970753987,0.02323166661792331
60118929987,1614734826.704,1614734910.304,83.59999990463257,1.393333331743876,0.02322222219573127
33456052548,1614734826.701,1614734910.297,83.59599995613098,1.3932666659355164,0.023221111098925273
62317627697,1614734826.701,1614734910.286,83.58500003814697,1.3930833339691162,0.023218055566151936
61554334955,1614734826.713,1614734910.296,83.58299994468689,1.3930499990781149,0.023217499984635247
45124869194,1614734826.722,1614734910.297,83.57500004768372,1.3929166674613953,0.023215277791023253
21132350786,1613357737.382,1613357816.562,79.1800000667572,1.3196666677792868,0.02199444446298811
24891011704,1614047654.005,1614047729.372,75.36699986457825,1.2561166644096375,0.020935277740160626
41984366659,1613429409.321,1613429483.385,74.06399989128113,1.2343999981880187,0.020573333303133646
53154459887,1613429409.322,1613429483.294,73.97199988365173,1.2328666647275288,0.020547777745458816
62445755580,1614718322.454,1614718395.263,72.80900001525879,1.2134833335876465,0.020224722226460774
57121199546,1614718322.506,1614718395.273,72.76699995994568,1.2127833326657613,0.020213055544429356
61928372834,1614722316.933,1614722389.685,72.7519998550415,1.2125333309173585,0.02020888884862264
29178402527,1614718322.5,1614718395.247,72.74699997901917,1.2124499996503195,0.02020749999417199
62257252918,1614722316.916,1614722389.635,72.71900010108948,1.211983335018158,0.020199722250302633
23836482265,1614718322.477,1614718395.194,72.7170000076294,1.2119500001271566,0.020199166668785944
21530974315,1614718322.463,1614718395.167,72.7039999961853,1.211733333269755,0.02019555555449592
26815424732,1614718322.489,1614718395.179,72.68999981880188,1.2114999969800313,0.020191666616333856
36581132812,1614718322.456,1614718395.132,72.67599987983704,1.2112666646639505,0.020187777744399178
8720853166,1614718322.472,1614718395.14,72.66800022125244,1.2111333370208741,0.02018555561701457
37137078946,1614718322.497,1614718395.163,72.66600012779236,1.2111000021298726,0.020185000035497877
60494980846,1614718743.892,1614718815.351,71.45900011062622,1.1909833351771038,0.01984972225295173
43927872170,1613613439.652,1613613511.058,71.4060001373291,1.1901000022888184,0.019835000038146974
24224414241,1614718743.974,1614718815.324,71.34999990463257,1.1891666650772095,0.01981944441795349
42339523964,1614718743.914,1614718815.246,71.33200001716614,1.188866666952769,0.019814444449212817
43877167150,1614718743.952,1614718815.282,71.33000016212463,1.1888333360354106,0.01981388893392351
62815764501,1614718743.923,1614718815.142,71.2189998626709,1.186983331044515,0.019783055517408582
37492894656,1614718743.945,1614718815.137,71.19200015068054,1.1865333358446757,0.019775555597411263
49575096221,1614718743.985,1614718815.105,71.12000012397766,1.1853333353996276,0.019755555589993794
51844191179,1614718744.003,1614718815.115,71.11199998855591,1.185199999809265,0.01975333333015442
64487820326,1613183624.936,1613183695.589,70.65299987792969,1.1775499979654949,0.019625833299424914
12793446324,1613439154.806,1613439224.689,69.88299989700317,1.1647166649500529,0.019411944415834215
56582247580,1614734634.944,1614734704.596,69.65199995040894,1.160866665840149,0.019347777764002483
46569113046,1614114105.051,1614114174.027,68.97599983215332,1.1495999972025552,0.019159999953375924
11145356724,1614734634.946,1614734703.795,68.84899997711182,1.1474833329518637,0.019124722215864393
57304990340,1614734634.965,1614734703.744,68.77900004386902,1.146316667397817,0.019105277789963616
46284970947,1614734634.966,1614734703.734,68.76799988746643,1.1461333314577737,0.019102222190962897
45145482532,1614040201.032,1614040267.733,66.70099997520447,1.1116833329200744,0.018528055548667908
56807814632,1613477350.975,1613477417.661,66.68600010871887,1.1114333351453145,0.018523888919088575
49500758941,1613057085.793,1613057150.262,64.46900010108948,1.074483335018158,0.017908055583635965
6954428232,1613057085.784,1613057150.21,64.42600011825562,1.0737666686375935,0.017896111143959892
23044743590,1613057085.789,1613057150.213,64.42400002479553,1.0737333337465922,0.017895555562443204
39043373194,1614620739.537,1614620803.945,64.4079999923706,1.07346666653951,0.017891111108991834
10374380294,1614620739.551,1614620803.938,64.38699984550476,1.073116664091746,0.017885277734862433
12876590570,1614715535.863,1614715600.026,64.16300010681152,1.0693833351135253,0.017823055585225425
29491024449,1613144046.232,1613144109.771,63.538999795913696,1.058983329931895,0.01764972216553158
29600072374,1614758538.295,1614758601.323,63.02799987792969,1.0504666646321614,0.017507777743869357
35333574671,1614758538.275,1614758601.204,62.92899990081787,1.0488166650136312,0.017480277750227185
32052585731,1614758538.257,1614758601.113,62.85599994659424,1.0475999991099039,0.017459999985165064
62771809017,1614758538.318,1614758601.128,62.80999994277954,1.046833332379659,0.01744722220632765
28164434419,1614758538.276,1614758601.04,62.763999938964844,1.046066665649414,0.017434444427490235
55873414914,1614718332.639,1614718395.341,62.7020001411438,1.04503333568573,0.017417222261428833
53336710587,1614718332.607,1614718395.302,62.6949999332428,1.0449166655540467,0.01741527775923411
53211124375,1614758538.317,1614758600.991,62.67400002479553,1.0445666670799256,0.017409444451332093
14181610272,1614718332.656,1614718395.329,62.67300009727478,1.0445500016212463,0.017409166693687438
18571750615,1614718332.613,1614718395.217,62.604000091552734,1.0434000015258789,0.017390000025431316
14788719891,1614718332.608,1614718395.138,62.52999997138977,1.0421666661898294,0.01736944443649716
61156879417,1613468520.738,1613468583.21,62.47200012207031,1.0412000020345051,0.017353333367241753
22949384866,1614758538.286,1614758600.7,62.414000034332275,1.0402333339055378,0.017337222231758966
41526755575,1614712078.874,1614712141.175,62.300999879837036,1.038349997997284,0.01730583329995473
45665674578,1614184687.244,1614184749.442,62.19799995422363,1.0366333325703938,0.017277222209506563
342247359,1614718754.429,1614718815.717,61.28800010681152,1.0214666684468587,0.017024444474114313
44577670201,1614718754.395,1614718815.298,60.90300011634827,1.0150500019391377,0.016917500032318962
55505093174,1614718754.461,1614718815.312,60.8510000705719,1.0141833345095317,0.01690305557515886
46337416700,1614718754.426,1614718815.146,60.71999979019165,1.0119999965031943,0.01686666660838657
64071931342,1614718754.397,1614718815.106,60.70899987220764,1.011816664536794,0.016863611075613235
24497741444,1614718754.419,1614718815.114,60.69500017166138,1.0115833361943563,0.01685972226990594
60869490370,1614709860.873,1614709921.073,60.200000047683716,1.003333334128062,0.0167222222354677
60943579544,1614162515.848,1614162575.886,60.037999868392944,1.0006333311398825,0.016677222185664708
10337607085,1614024575.703,1614024635.724,60.020999908447266,1.000349998474121,0.016672499974568687
16622750806,1613012916.668,1613012976.652,59.98399996757507,0.9997333327929179,0.016662222213215297
47606068596,1613050210.125,1613050269.64,59.515000104904175,0.9919166684150695,0.016531944473584494
62624255081,1614114797.649,1614114856.046,58.3970000743866,0.9732833345731099,0.016221388909551833
21496091933,1613010949.003,1613011006.227,57.223999977111816,0.9537333329518636,0.015895555549197728
44485093328,1613099592.587,1613099649.29,56.70300006866455,0.9450500011444092,0.01575083335240682
55141983145,1614114797.628,1614114854.27,56.64199995994568,0.9440333326657613,0.015733888877762687
14257419657,1612830055.523,1612830111.743,56.22000002861023,0.9370000004768372,0.015616666674613953
31199178581,1614738967.925,1614739024.138,56.21300005912781,0.9368833343187968,0.015614722238646614
10265951174,1613614076.194,1613614130.602,54.407999992370605,0.9067999998728434,0.015113333331214058
26567438714,1613478329.292,1613478382.82,53.52799987792969,0.8921333312988281,0.014868888854980469
54296846239,1613012670.599,1613012724.062,53.46300005912781,0.8910500009854635,0.014850833349757724
9683410591,1613012422.547,1613012475.718,53.1710000038147,0.8861833333969116,0.01476972222328186
30174376074,1613099539.555,1613099592.387,52.83200001716614,0.8805333336194356,0.014675555560323928
6154646895,1613012486.173,1613012538.952,52.77899980545044,0.8796499967575073,0.01466083327929179
59866109429,1613252694.934,1613252747.598,52.664000034332275,0.8777333339055379,0.014628888898425632
5316285025,1613081594.357,1613081647.016,52.65899991989136,0.8776499986648559,0.014627499977747599
62384260054,1613011810.369,1613011862.779,52.41000008583069,0.8735000014305114,0.014558333357175192
59217233317,1614726869.538,1614726921.841,52.30299997329712,0.8717166662216187,0.014528611103693644
65487618795,1613011502.697,1613011554.952,52.25499987602234,0.8709166646003723,0.01451527774333954
51938616464,1613099315.972,1613099368.128,52.1560001373291,0.869266668955485,0.01448777781592475
18439272182,1613099487.091,1613099539.24,52.1489999294281,0.8691499988238017,0.014485833313730028
56518735710,1614108929.547,1614108981.648,52.1010000705719,0.8683500011761983,0.014472500019603306
29870200355,1613011687.366,1613011739.196,51.830000162124634,0.8638333360354106,0.014397222267256843
23062391063,1613012978.043,1613013029.735,51.69199991226196,0.8615333318710328,0.014358888864517211
32003820588,1613012609.18,1613012660.83,51.64999985694885,0.8608333309491475,0.014347222182485792
30689530449,1613011748.905,1613011800.417,51.51200008392334,0.8585333347320556,0.014308888912200928
55274089293,1613011379.536,1613011430.988,51.45199990272522,0.857533331712087,0.01429222219520145
30201327384,1613372888.457,1613372939.771,51.31399989128113,0.8552333315213522,0.014253888858689202
20532700175,1614715548.939,1614715600.229,51.290000200271606,0.8548333366711934,0.014247222277853223
15038973500,1613099544.425,1613099595.7,51.27500009536743,0.8545833349227905,0.01424305558204651
20196279847,1613099307.186,1613099358.408,51.22199988365173,0.8536999980608623,0.01422833330101437
57689884631,1613011441.067,1613011492.211,51.14400005340576,0.852400000890096,0.0142066666815016
19555245473,1613011625.783,1613011676.922,51.138999938964844,0.8523166656494141,0.014205277760823568
56683242441,1613012793.697,1613012844.778,51.081000089645386,0.8513500014940898,0.014189166691568163
64625464584,1613012732.189,1613012783.168,50.979000091552734,0.8496500015258789,0.014160833358764648
55195164184,1614112279.557,1614112330.51,50.95300006866455,0.8492166678110759,0.014153611130184597
16145765785,1613010887.513,1613010938.358,50.84500002861023,0.8474166671435038,0.014123611119058396
7205584860,1613099493.457,1613099544.232,50.77500009536743,0.8462500015894572,0.01410416669315762
33915027308,1613012855.177,1613012905.927,50.75,0.8458333333333333,0.014097222222222223
499152276,1613013041.051,1613013091.594,50.54299998283386,0.842383333047231,0.014039722217453851
35951176414,1613012547.683,1613012598.191,50.507999897003174,0.8417999982833863,0.01402999997138977
18749296119,1613011010.496,1613011060.904,50.407999992370605,0.8401333332061768,0.014002222220102946
15549656278,1614114421.503,1614114471.853,50.34999990463257,0.8391666650772095,0.013986111084620157
57530298975,1613011564.244,1613011614.429,50.18499994277954,0.8364166657129923,0.013940277761883205
16357285829,1612829976.804,1612830025.89,49.086000204086304,0.8181000034014384,0.01363500005669064
55823347786,1614726922.139,1614726970.972,48.83299994468689,0.8138833324114482,0.01356472220685747
11464926378,1613257594.795,1613257642.753,47.95799994468689,0.7992999990781148,0.013321666651301915
34906052487,1613922739.825,1613922787.392,47.56699991226196,0.7927833318710327,0.013213055531183878
3099583129,1613922739.861,1613922787.282,47.4210000038147,0.7903500000635783,0.013172500001059639
46230974628,1613644030.336,1613644076.425,46.08899998664856,0.768149999777476,0.012802499996291267
23730570058,1613011872.022,1613011917.5,45.4779999256134,0.7579666654268901,0.012632777757114834
28857981900,1614712318.226,1614712363.565,45.33899998664856,0.755649999777476,0.012594166662957934
52551406703,1613099598.838,1613099643.772,44.93400001525879,0.7489000002543131,0.01248166667090522
16553178033,1613011133.359,1613011178.105,44.74600005149841,0.7457666675249736,0.012429444458749559
41640202882,1613011195.005,1613011238.971,43.96599984169006,0.7327666640281677,0.012212777733802796
46593005199,1613011071.986,1613011115.834,43.848000049591064,0.7308000008265177,0.012180000013775295
35539125886,1613218537.114,1613218580.497,43.382999897003174,0.7230499982833862,0.012050833304723103
63774828086,1614113712.009,1614113754.383,42.37399983406067,0.7062333305676778,0.011770555509461296
14883074578,1613372902.915,1613372945.04,42.125,0.7020833333333333,0.01170138888888889
35300712786,1612829965.657,1612830006.555,40.89800000190735,0.6816333333651224,0.011360555556085375
43177536039,1614114105.028,1614114145.744,40.71599984169006,0.678599997361501,0.011309999956025017
21098985056,1614734527.457,1614734567.332,39.875,0.6645833333333333,0.011076388888888889
22136128559,1614734527.447,1614734567.31,39.86299991607666,0.664383331934611,0.011073055532243517
6691194418,1614734527.452,1614734567.24,39.78800010681152,0.6631333351135253,0.01105222225189209
22301987242,1613688183.162,1613688222.893,39.73099994659424,0.6621833324432373,0.011036388874053955
28424533778,1614268975.719,1614269014.937,39.21799993515015,0.6536333322525024,0.010893888870875041
59077350377,1613954907.487,1613954945.273,37.78600001335144,0.6297666668891907,0.010496111114819845
66361629090,1613478389.982,1613478427.393,37.41099977493286,0.6235166629155476,0.010391944381925795
9530319113,1614725051.038,1614725085.559,34.520999908447266,0.575349998474121,0.009589166641235351
30080561799,1613954774.044,1613954808.412,34.36800003051758,0.5728000005086263,0.009546666675143771
25741796929,1614169892.014,1614169925.469,33.455000162124634,0.5575833360354105,0.009293055600590176
50386957047,1613443430.604,1613443464.03,33.425999879837036,0.5570999979972839,0.0092849999666214
32861185937,1613184519.157,1613184551.928,32.770999908447266,0.5461833318074544,0.00910305553012424
51569682292,1614608289.415,1614608322.16,32.74500012397766,0.5457500020662943,0.009095833367771573
16124738953,1614608195.247,1614608227.883,32.63599991798401,0.5439333319664001,0.009065555532773335
23108736470,1612974925.551,1612974957.064,31.512999773025513,0.5252166628837586,0.008753611048062642
41476745476,1614725055.428,1614725085.595,30.16700005531311,0.5027833342552185,0.008379722237586975
19534378987,1613942355.115,1613942385.241,30.125999927520752,0.5020999987920125,0.00836833331320021
44224473967,1614003411.578,1614003440.806,29.227999925613403,0.48713333209355675,0.008118888868225945
46638526361,1612830026.299,1612830054.638,28.33899998664856,0.47231666644414266,0.00787194444073571
809781065,1614716725.049,1614716751.941,26.89199995994568,0.448199999332428,0.007469999988873799
37462990162,1614374507.849,1614374534.123,26.2739999294281,0.43789999882380165,0.007298333313730028
41492795888,1612829936.193,1612829962.205,26.01199984550476,0.43353333075841266,0.007225555512640211
18807094479,1612830060.283,1612830085.752,25.469000101089478,0.42448333501815794,0.007074722250302632
12559188102,1613942425.905,1613942451.044,25.138999938964844,0.4189833323160807,0.006983055538601345
6708529726,1612830007.834,1612830032.823,24.988999843597412,0.4164833307266235,0.006941388845443725
41025730727,1614725061.115,1614725085.647,24.532000064849854,0.4088666677474976,0.006814444462458292
2359089029,1613942501.771,1613942526.293,24.522000074386597,0.4087000012397766,0.00681166668732961
20019083031,1613942385.517,1613942409.771,24.253999948501587,0.40423333247502646,0.006737222207917107
23375628749,1612788541.814,1612788565.967,24.153000116348267,0.40255000193913776,0.00670916669898563
24625976766,1613287604.865,1613287629.009,24.14400005340576,0.40240000089009603,0.006706666681501601
53461120137,1613942477.381,1613942501.499,24.118000030517578,0.40196666717529295,0.00669944445292155
56905505904,1613942550.706,1613942574.713,24.006999969482422,0.40011666615804037,0.006668611102634006
34686349014,1613942453.24,1613942477.21,23.97000002861023,0.39950000047683715,0.006658333341280619
44476465676,1613438830.194,1613438854.137,23.943000078201294,0.3990500013033549,0.006650833355055915
11789619435,1613942557.731,1613942581.599,23.868000030517578,0.3978000005086263,0.006630000008477105
29171681026,1613942526.571,1613942550.434,23.86299991607666,0.39771666526794436,0.006628611087799072
48569767813,1613565146.587,1613565168.987,22.40000009536743,0.3733333349227905,0.006222222248713175
28001516114,1614734934.141,1614734956.175,22.033999919891357,0.3672333319981893,0.006120555533303155
30763608010,1614734934.16,1614734956.189,22.02899980545044,0.3671499967575073,0.006119166612625122
34824683968,1612854670.932,1612854692.936,22.004000186920166,0.36673333644866946,0.006112222274144491
33716929252,1614734934.155,1614734956.14,21.985000133514404,0.3664166688919067,0.006106944481531779
40175416861,1613184431.534,1613184453.511,21.97699999809265,0.36628333330154417,0.006104722221692403
60288527547,1614734934.241,1614734956.212,21.97099995613098,0.366183332602183,0.006103055543369717
66422868102,1614734934.112,1614734956.06,21.947999954223633,0.3657999992370605,0.006096666653951009
1049380997,1614734934.195,1614734956.129,21.93400001525879,0.36556666692097983,0.00609277778201633
5882838115,1614734934.216,1614734956.147,21.930999994277954,0.3655166665712992,0.006091944442854987
61846264860,1614734934.176,1614734956.048,21.871999979019165,0.36453333298365276,0.0060755555497275454
18370466357,1614734934.13,1614734955.991,21.860999822616577,0.3643499970436096,0.0060724999507268266
24382036461,1614734934.187,1614734956.04,21.852999925613403,0.3642166654268901,0.006070277757114834
27016385143,1614734934.201,1614734955.993,21.79200005531311,0.36320000092188515,0.006053333348698086
13815071560,1614734934.238,1614734956.016,21.778000116348267,0.36296666860580445,0.006049444476763408
36803316539,1612829892.809,1612829914.395,21.585999965667725,0.35976666609446206,0.005996111101574368
66137607703,1613184461.85,1613184483.257,21.407000064849854,0.3567833344141642,0.005946388906902737
11917448100,1612830036.775,1612830058.109,21.33399987220764,0.35556666453679403,0.005926111075613234
26156427598,1613468635.89,1613468656.652,20.76199984550476,0.3460333307584127,0.005767222179306878
52126320030,1613473177.174,1613473197.688,20.513999938964844,0.3418999989827474,0.005698333316379123
20889780738,1613184344.699,1613184365.115,20.41600012779236,0.34026666879653933,0.005671111146608988
12722451996,1614620584.524,1614620604.921,20.397000074386597,0.3399500012397766,0.005665833353996277
51077501850,1612829914.662,1612829934.985,20.322999954223633,0.33871666590372723,0.00564527776506212
59202725861,1614729480.197,1614729500.435,20.23799991607666,0.3372999986012777,0.005621666643354628
7723237089,1614067144.459,1614067164.604,20.144999980926514,0.33574999968210856,0.005595833328035143
15632906244,1614735030.196,1614735050.331,20.134999990463257,0.3355833331743876,0.005593055552906461
23987772661,1612542416.286,1612542436.391,20.105000019073486,0.3350833336512248,0.0055847222275204125
50411071191,1614735030.186,1614735050.269,20.08299994468689,0.3347166657447815,0.005578611095746359
34674954770,1614735030.264,1614735050.32,20.055999994277954,0.3342666665712992,0.005571111109521654
40501950865,1613372905.378,1613372925.013,19.634999990463257,0.3272499998410543,0.005454166664017572
2702470905,1613356778.684,1613356798.272,19.588000059127808,0.3264666676521301,0.005441111127535502
42715354933,1614725066.189,1614725085.59,19.401000022888184,0.3233500003814697,0.005389166673024495
8989922077,1613184112.66,1613184131.881,19.22099995613098,0.3203499992688497,0.005339166654480828
5788768981,1613472827.207,1613472846.152,18.944999933242798,0.31574999888738,0.005262499981456332
62156551741,1613429257.471,1613429276.015,18.544000148773193,0.3090666691462199,0.005151111152436998
36264269693,1614719736.264,1614719754.674,18.41000008583069,0.30683333476384483,0.0051138889127307465
32044864205,1613388614.734,1613388633.072,18.338000059127808,0.3056333343187968,0.00509388890531328
5532128467,1614719736.296,1614719754.426,18.130000114440918,0.3021666685740153,0.005036111142900255
33650960449,1613184483.464,1613184501.519,18.055000066757202,0.3009166677792867,0.005015277796321445
37934280554,1614250579.595,1614250597.338,17.743000030517578,0.295716667175293,0.004928611119588216
18700730240,1613184160.014,1613184177.575,17.561000108718872,0.2926833351453145,0.004878055585755242
27717524262,1614722798.033,1614722815.338,17.305000066757202,0.2884166677792867,0.004806944462988112
44049753566,1613056496.01,1613056513.26,17.25,0.2875,0.004791666666666666
20436094429,1613056496.013,1613056513.234,17.22099995613098,0.28701666593551634,0.004783611098925273
6004233796,1614720036.182,1614720053.339,17.157000064849854,0.2859500010808309,0.004765833351347182
63521714442,1613184280.131,1613184297.152,17.020999908447266,0.2836833318074544,0.004728055530124241
164578513,1613184217.548,1613184234.463,16.914999961853027,0.2819166660308838,0.0046986111005147295
59372255496,1613942574.982,1613942591.828,16.84599995613098,0.28076666593551636,0.004679444432258606
35437641393,1614720036.214,1614720053.017,16.80299997329712,0.28004999955495197,0.004667499992582533
62493970937,1613438814.129,1613438829.921,15.79200005531311,0.26320000092188517,0.004386666682031419
43468578408,1613429257.478,1613429273.144,15.666000127792358,0.26110000212987267,0.004351666702164544
57000771793,1613082110.543,1613082125.877,15.33400011062622,0.255566668510437,0.00425944447517395
5433951839,1612830300.678,1612830315.789,15.111000061035156,0.2518500010172526,0.0041975000169542104
44545905324,1612830317.986,1612830332.992,15.00600004196167,0.25010000069936117,0.004168333344989353
55487472412,1613218608.293,1613218622.503,14.210000038146973,0.2368333339691162,0.003947222232818603
52296935371,1613184298.372,1613184312.114,13.742000102996826,0.2290333350499471,0.003817222250832452
26024804309,1614710754.223,1614710767.574,13.35099983215332,0.222516663869222,0.0037086110644870334
57634794647,1614735030.163,1614735043.381,13.217999935150146,0.2202999989191691,0.0036716666486528186
47008823674,1614735030.164,1614735043.306,13.141999959945679,0.2190333326657613,0.003650555544429355
47549973978,1613683344.812,1613683357.94,13.128000020980835,0.21880000034968058,0.0036466666724946765
40103117697,1614735030.229,1614735043.32,13.090999841690063,0.2181833306948344,0.0036363888449139066
14940720778,1614735030.142,1614735043.216,13.074000120162964,0.21790000200271606,0.003631666700045268
62208092813,1614735030.121,1614735043.17,13.049000024795532,0.2174833337465922,0.00362472222910987
25779594908,1614735030.222,1614735043.25,13.028000116348267,0.2171333352724711,0.003618888921207852
56596602062,1614735030.195,1614735043.206,13.011000156402588,0.2168500026067098,0.00361416671011183
27888723897,1614735030.229,1614735043.206,12.976999998092651,0.2162833333015442,0.003604722221692403
37418700235,1614735030.259,1614735043.227,12.967999935150146,0.21613333225250245,0.003602222204208374
62121848056,1613926488.66,1613926501.294,12.633999824523926,0.21056666374206542,0.0035094443957010904
38889382229,1613926488.66,1613926501.227,12.566999912261963,0.20944999853769938,0.003490833308961656
51505444434,1614066252.007,1614066264.486,12.479000091552734,0.20798333485921225,0.003466388914320204
15499148803,1614754882.924,1614754895.359,12.434999942779541,0.20724999904632568,0.003454166650772095
65574685541,1614754882.919,1614754895.305,12.386000156402588,0.20643333594004312,0.003440555599000719
13033695440,1613317216.01,1613317227.83,11.819999933242798,0.19699999888737996,0.003283333314789666
26153825528,1613613774.098,1613613785.765,11.66700005531311,0.19445000092188516,0.0032408333486980863
40504934496,1613429513.68,1613429525.115,11.434999942779541,0.19058333237965902,0.003176388872994317
30235084953,1613614035.944,1613614047.196,11.252000093460083,0.18753333489100138,0.0031255555815166897
2316134126,1613484414.756,1613484425.945,11.188999891281128,0.18648333152135213,0.003108055525355869
25193187077,1614740572.395,1614740583.265,10.870000123977661,0.18116666873296103,0.0030194444788826835
3656588335,1613429372.884,1613429383.733,10.848999977111816,0.18081666628519694,0.0030136111047532822
59347859695,1614179378.512,1614179389.198,10.685999870300293,0.17809999783833821,0.002968333297305637
32220746849,1614726858.651,1614726869.233,10.582000017166138,0.17636666695276895,0.002939444449212816
47297606498,1614179378.516,1614179388.962,10.44599986076355,0.1740999976793925,0.0029016666279898747
33783375500,1613614141.845,1613614152.236,10.391000032424927,0.1731833338737488,0.002886388897895813
55365792719,1613614153.324,1613614163.622,10.29800009727478,0.17163333495457966,0.0028605555825763278
66976381889,1614076014.998,1614076025.035,10.037000179290771,0.16728333632151285,0.002788055605358548
62122463578,1613942581.792,1613942591.824,10.031999826431274,0.16719999710718791,0.0027866666184531317
43837327702,1614373589.3,1614373599.231,9.930999994277954,0.16551666657129924,0.002758611109521654
12802890069,1613614131.758,1613614141.674,9.916000127792358,0.1652666687965393,0.002754444479942322
22227056498,1612825366.993,1612825376.631,9.638000011444092,0.1606333335240682,0.0026772222254011365
44096058558,1614292358.293,1614292367.886,9.592999935150146,0.15988333225250245,0.002664722204208374
10045588334,1613430165.498,1613430174.91,9.412000179290771,0.1568666696548462,0.0026144444942474364
29221387451,1613429342.848,1613429352.248,9.399999856948853,0.15666666428248088,0.002611111071374681
51227622473,1614725076.264,1614725085.595,9.331000089645386,0.15551666816075643,0.0025919444693459407
14355591524,1613786322.656,1613786331.931,9.275000095367432,0.15458333492279053,0.002576388915379842
36832903102,1614488144.171,1614488153.305,9.134000062942505,0.15223333438237507,0.0025372222397062514
48381415536,1613430177.305,1613430186.351,9.046000003814697,0.15076666673024494,0.002512777778837416
19417749767,1613145505.735,1613145514.776,9.041000127792358,0.15068333546320598,0.002511388924386766
33271040267,1612997609.585,1612997618.551,8.966000080108643,0.14943333466847739,0.002490555577807956
31173488735,1614725703.539,1614725712.494,8.954999923706055,0.14924999872843425,0.0024874999788072373
24905655898,1614711780.478,1614711789.385,8.907000064849854,0.1484500010808309,0.002474166684680515
19598167609,1614716533.617,1614716542.479,8.861999988555908,0.14769999980926513,0.002461666663487752
36800978959,1614066826.844,1614066835.667,8.822999954223633,0.14704999923706055,0.002450833320617676
61482598041,1614292418.229,1614292426.889,8.65999984741211,0.14433333079020183,0.0024055555131700305
41688454627,1613429530.021,1613429538.38,8.359000205993652,0.1393166700998942,0.0023219445016649035
51412688000,1614608361.473,1614608369.745,8.271999835968018,0.13786666393280028,0.002297777732213338
20886560788,1613429787.077,1613429795.161,8.08400011062622,0.13473333517710367,0.0022455555862850615
49299881674,1614109298.992,1614109306.998,8.00599980354309,0.1334333300590515,0.002223888834317525
4856307055,1613935082.593,1613935090.166,7.572999954223633,0.1262166659037272,0.0021036110983954537
54967219790,1613613786.934,1613613794.502,7.568000078201294,0.12613333463668824,0.002102222243944804
41875011555,1613430155.967,1613430163.447,7.480000019073486,0.12466666698455811,0.0020777777830759685
13747531195,1614488155.141,1614488162.56,7.418999910354614,0.12364999850591024,0.002060833308431837
60117447440,1614488135.581,1614488142.939,7.357999801635742,0.12263333002726237,0.002043888833787706
13383583486,1613786336.041,1613786343.373,7.332000017166138,0.1222000002861023,0.002036666671435038
42234838229,1613430186.592,1613430193.914,7.322000026702881,0.12203333377838135,0.0020338888963063557
66278117244,1613922605.626,1613922612.775,7.14900016784668,0.11915000279744466,0.0019858333799574112
25095911747,1614722950.01,1614722957.055,7.045000076293945,0.11741666793823242,0.001956944465637207
5604055465,1613430000.058,1613430007.098,7.039999961853027,0.11733333269755046,0.0019555555449591745
27178675534,1614486521.344,1614486528.369,7.0249998569488525,0.11708333094914754,0.001951388849152459
1993937195,1614708448.153,1614708455.073,6.919999837875366,0.1153333306312561,0.0019222221771876017
58864514471,1612829845.83,1612829852.677,6.8470001220703125,0.11411666870117188,0.0019019444783528645
52399270154,1613357701.325,1613357708.123,6.797999858856201,0.11329999764760336,0.0018883332941267226
13721089124,1614734669.069,1614734675.857,6.788000106811523,0.11313333511352539,0.0018855555852254232
38543562947,1613183841.327,1613183848.061,6.734000205993652,0.11223333676656087,0.0018705556127760145
43166214882,1614727996.001,1614728002.641,6.640000104904175,0.11066666841506959,0.001844444473584493
3100229904,1613165433.182,1613165439.701,6.519000053405762,0.10865000089009604,0.0018108333481682672
2648125933,1614067336.635,1614067343.052,6.41700005531311,0.10695000092188517,0.0017825000153647529
5040839751,1614755008.145,1614755014.483,6.338000059127808,0.10563333431879679,0.0017605555719799465
47519467521,1614608821.663,1614608827.958,6.294999837875366,0.10491666396458944,0.0017486110660764906
40108309088,1614726048.114,1614726054.141,6.0269999504089355,0.10044999917348225,0.001674166652891371
13506398254,1613429559.868,1613429565.852,5.983999967575073,0.09973333279291789,0.0016622222132152982
29582558715,1613429320.862,1613429326.842,5.980000019073486,0.0996666669845581,0.0016611111164093017
17433240845,1613429559.869,1613429565.803,5.934000015258789,0.09890000025431316,0.001648333337571886
41078833539,1614740647.753,1614740653.663,5.9100000858306885,0.09850000143051148,0.0016416666905085247
4187240798,1613016520.849,1613016526.648,5.799000024795532,0.09665000041325887,0.0016108333402209813
42572417030,1614360987.162,1614360992.73,5.568000078201294,0.0928000013033549,0.0015466666883892483
2608433278,1613082176.112,1613082181.627,5.515000104904175,0.09191666841506958,0.001531944473584493
22054466120,1614067268.9,1614067274.368,5.4679999351501465,0.09113333225250245,0.0015188888708750406
59684632991,1613429532.245,1613429537.527,5.2820000648498535,0.08803333441416422,0.0014672222402360704
2122471258,1613429553.171,1613429558.313,5.141999959945679,0.08569999933242797,0.0014283333222071329
13190269177,1614292478.419,1614292483.56,5.141000032424927,0.08568333387374878,0.0014280555645624796
14797735302,1613429539.464,1613429544.577,5.11299991607666,0.08521666526794433,0.001420277754465739
25433901556,1613144186.659,1613144191.686,5.027000188827515,0.08378333648045858,0.0013963889413409762
65961819979,1613429075.799,1613429080.806,5.006999969482422,0.0834499994913737,0.0013908333248562282
25277745499,1613145656.106,1613145661.095,4.989000082015991,0.0831500013669332,0.0013858333561155532
65862503108,1614112279.551,1614112284.525,4.973999977111816,0.08289999961853027,0.001381666660308838
60113370618,1614740586.45,1614740591.403,4.953000068664551,0.08255000114440918,0.0013758333524068196
61986314506,1613429814.638,1613429819.495,4.85699987411499,0.08094999790191651,0.0013491666316986083
1006145741,1613429546.275,1613429551.093,4.817999839782715,0.08029999732971191,0.001338333288828532
43378187466,1613429513.67,1613429518.479,4.809000015258789,0.08015000025431315,0.0013358333375718858
16368752428,1614634543.475,1614634548.265,4.7900002002716064,0.07983333667119344,0.0013305556111865573
42579506367,1613429546.255,1613429550.967,4.711999893188477,0.07853333155314128,0.0013088888592190213
38296649478,1613429525.15,1613429529.854,4.703999996185303,0.07839999993642172,0.0013066666656070286
27743781265,1613429527.389,1613429532.08,4.690999984741211,0.07818333307902019,0.0013030555513170031
29726716448,1613145031.674,1613145036.355,4.680999994277954,0.07801666657129923,0.0013002777761883205
60191442848,1613429539.461,1613429544.085,4.624000072479248,0.07706666787465413,0.001284444464577569
45001168777,1613430022.425,1613430026.973,4.54800009727478,0.07580000162124634,0.0012633333603541057
62772649360,1613429553.164,1613429557.698,4.533999919891357,0.07556666533152262,0.0012594444221920437
42830513418,1613429518.643,1613429523.094,4.451000213623047,0.07418333689371745,0.001236388948228624
23192451953,1612829818.024,1612829822.432,4.4079999923706055,0.07346666653951009,0.0012244444423251681
49290180041,1614368392.701,1614368397.101,4.400000095367432,0.07333333492279052,0.0012222222487131755
59366171946,1613429800.907,1613429805.224,4.316999912261963,0.07194999853769939,0.0011991666422949898
38173422244,1613481237.48,1613481241.731,4.250999927520752,0.07084999879201254,0.0011808333132002089
20050837873,1613507058.855,1613507062.947,4.0920000076293945,0.06820000012715657,0.001136666668785943
54565586432,1614725517.818,1614725521.761,3.942999839782715,0.06571666399637859,0.0010952777332729764
48055541888,1614734669.012,1614734672.912,3.8999998569488525,0.06499999761581421,0.0010833332935969034
22662581744,1613786345.888,1613786349.7,3.812000036239624,0.06353333393732706,0.0010588888989554511
57511224041,1613144915.587,1613144919.373,3.7860000133514404,0.063100000222524,0.0010516666703754
541213864,1613504959.73,1613504963.491,3.760999917984009,0.06268333196640015,0.0010447221994400024
46953101181,1613430013.716,1613430017.43,3.7139999866485596,0.06189999977747599,0.0010316666629579332
33093945002,1613430018.012,1613430021.708,3.69599986076355,0.0615999976793925,0.001026666627989875
28087277522,1613429795.973,1613429799.588,3.615000009536743,0.06025000015894572,0.001004166669315762
3430773196,1613786350.417,1613786353.926,3.509000062942505,0.05848333438237508,0.0009747222397062514
37676136769,1613479075.948,1613479079.324,3.375999927520752,0.0562666654586792,0.0009377777576446533
58315831059,1613430009.489,1613430012.851,3.361999988555908,0.05603333314259847,0.0009338888857099745
29579533175,1612829839.319,1612829842.68,3.3610000610351562,0.05601666768391927,0.0009336111280653211
60629146533,1613430196.136,1613430199.495,3.3589999675750732,0.05598333279291789,0.0009330555465486315
40650989425,1612829860.874,1612829864.232,3.3580000400543213,0.05596666733423869,0.0009327777889039781
40293142462,1612829866.41,1612829869.663,3.253000020980835,0.054216667016347246,0.0009036111169391208
64929954057,1613145181.998,1613145185.185,3.187000036239624,0.0531166672706604,0.00088527778784434
61364155859,1613507899.164,1613507902.314,3.1499998569488525,0.05249999761581421,0.0008749999602635702
67093604368,1613954827.226,1613954830.262,3.0360000133514404,0.050600000222524005,0.0008433333370420668
14768473984,1613144279.858,1613144282.879,3.0209999084472656,0.050349998474121097,0.0008391666412353515
60799285466,1614374677.073,1614374679.845,2.7720000743865967,0.04620000123977661,0.0007700000206629435
19629450801,1614374671.501,1614374674.269,2.7680001258850098,0.04613333543141683,0.0007688889238569471
31205473024,1612829870.609,1612829873.37,2.760999917984009,0.04601666529973348,0.0007669444216622246
38785099470,1613529065.303,1613529068.056,2.753000020980835,0.045883333683013915,0.0007647222280502319
56501001183,1613429368.7,1613429371.449,2.748999834060669,0.04581666390101115,0.0007636110650168524
709677586,1612829827.214,1612829829.953,2.739000082015991,0.04565000136693319,0.0007608333561155531
38460331269,1613145554.889,1613145557.575,2.686000108718872,0.04476666847864787,0.0007461111413107978
51540616413,1613954834.595,1613954837.266,2.6710000038146973,0.04451666673024495,0.0007419444455040825
7950780746,1612829834.918,1612829837.54,2.621999979019165,0.04369999965031942,0.0007283333275053236
5448968019,1612829832.126,1612829834.744,2.618000030517578,0.04363333384195964,0.0007272222306993273
28615728386,1612829810.338,1612829812.945,2.6069998741149902,0.043449997901916504,0.0007241666316986084
19803674354,1612825374.033,1612825376.639,2.6059999465942383,0.043433332443237306,0.0007238888740539551
10944923261,1613331526.891,1613331529.416,2.5249998569488525,0.04208333094914754,0.000701388849152459
1184953827,1612825373.979,1612825376.503,2.5239999294281006,0.04206666549046834,0.0007011110915078057
29871897966,1614369542.559,1614369545.079,2.5199999809265137,0.04199999968210856,0.0006999999947018094
23386102000,1613144737.024,1613144739.496,2.4720001220703125,0.04120000203450521,0.0006866667005750868
32609513259,1614709596.489,1614709598.929,2.43999981880188,0.040666663646698,0.0006777777274449666
2149744380,1613954813.519,1613954815.957,2.437999963760376,0.0406333327293396,0.00067722221215566
1226443139,1613145956.489,1613145958.899,2.4099998474121094,0.04016666412353516,0.0006694444020589193
41254008658,1613145922.499,1613145924.896,2.3969998359680176,0.03994999726613362,0.0006658332877688938
9080223847,1613385116.323,1613385118.685,2.361999988555908,0.0393666664759318,0.0006561111079321967
25252149395,1613145836.545,1613145838.906,2.360999822616577,0.03934999704360962,0.0006558332840601604
52827696491,1613429338.251,1613429340.566,2.315000057220459,0.03858333428700765,0.0006430555714501275
61456898313,1613429338.252,1613429340.559,2.306999921798706,0.0384499986966451,0.0006408333116107517
29646209823,1613429086.98,1613429089.285,2.305000066757202,0.0384166677792867,0.0006402777963214451
33121836348,1613491877.307,1613491879.594,2.2870001792907715,0.03811666965484619,0.0006352778275807698
728321298,1613144868.448,1613144870.72,2.2720000743865967,0.03786666790644328,0.0006311111317740546
25431355758,1613954809.086,1613954811.318,2.2320001125335693,0.03720000187555949,0.0006200000312593248
15978106786,1613942293.008,1613942295.227,2.2190001010894775,0.03698333501815796,0.0006163889169692994
28101217125,1613954822.853,1613954825.055,2.202000141143799,0.03670000235239665,0.0006116667058732774
35259450116,1613942293.007,1613942295.205,2.197999954223633,0.03663333257039388,0.000610555542839898
14086549871,1613477854.359,1613477856.554,2.194999933242798,0.0365833322207133,0.000609722203678555
29605406853,1613429342.83,1613429345.021,2.190999984741211,0.036516666412353516,0.0006086111068725586
15398977310,1613954816.126,1613954818.312,2.186000108718872,0.036433335145314535,0.0006072222524219089
21337915351,1613954820.493,1613954822.623,2.129999876022339,0.035499997933705646,0.0005916666322284275
36957026226,1613613528.723,1613613530.845,2.121999979019165,0.03536666631698608,0.0005894444386164347
45661257458,1613613532.891,1613613535.002,2.1110000610351562,0.03518333435058594,0.000586388905843099
22256973253,1613954840.409,1613954842.518,2.1089999675750732,0.03514999945958455,0.0005858333243264093
33706709850,1613440999.332,1613441001.352,2.0199999809265137,0.03366666634877523,0.0005611111058129205
51625124858,1614369046.646,1614369048.659,2.013000011444092,0.03355000019073486,0.0005591666698455811
10128645794,1613942302.241,1613942304.25,2.009000062942505,0.03348333438237508,0.0005580555730395847
63993222363,1613942302.221,1613942304.23,2.009000062942505,0.03348333438237508,0.0005580555730395847
8903845002,1613505019.859,1613505021.859,2.0,0.03333333333333333,0.0005555555555555556
39270476703,1613507959.594,1613507961.586,1.991999864578247,0.033199997742970784,0.0005533332957161798
27593302394,1613954832.445,1613954834.424,1.9790000915527344,0.03298333485921224,0.0005497222476535373
60489546643,1613429107.083,1613429108.978,1.8949999809265137,0.031583333015441896,0.0005263888835906983
53958542801,1613507119.326,1613507121.2,1.874000072479248,0.031233334541320802,0.00052055557568868
11971239882,1613429323.818,1613429325.663,1.8450000286102295,0.03075000047683716,0.000512500007947286
35230507642,1613429328.912,1613429330.734,1.8220000267028809,0.030366667111714683,0.000506111118528578
7270115381,1613429358.741,1613429360.562,1.821000099182129,0.03035000165303548,0.0005058333608839247
16419239562,1613429356.533,1613429358.352,1.819000005722046,0.030316666762034098,0.000505277779367235
7573416698,1613429363.788,1613429365.597,1.80899977684021,0.030149996280670166,0.0005024999380111694
44940882795,1614113619.04,1614113620.848,1.808000087738037,0.030133334795633952,0.0005022222465938992
47908400306,1613429370.753,1613429372.557,1.803999900817871,0.030066665013631186,0.0005011110835605198
40359227544,1613429372.891,1613429374.694,1.8029999732971191,0.030049999554951985,0.0005008333259158665
37038772451,1613429353.764,1613429355.566,1.8020000457763672,0.030033334096272787,0.0005005555682712131
48844693778,1613429320.858,1613429322.659,1.8009998798370361,0.0300166646639506,0.0005002777443991767
18262920573,1613429365.834,1613429367.631,1.7969999313354492,0.02994999885559082,0.0004991666475931804
30856763377,1613429361.558,1613429363.353,1.7949998378753662,0.029916663964589436,0.0004986110660764906
55449110609,1613429353.767,1613429355.56,1.7929999828338623,0.02988333304723104,0.0004980555507871839
60620381790,1613429328.908,1613429330.698,1.7899999618530273,0.029833332697550455,0.000497222211625841
1681955750,1613429331.872,1613429333.661,1.7890000343322754,0.029816667238871258,0.0004969444539811876
9510202800,1613429368.711,1613429370.497,1.7860000133514404,0.029766666889190673,0.0004961111148198445
44964638074,1614738566.481,1614738568.266,1.7850000858306885,0.029750001430511475,0.0004958333571751912
33366926506,1613429082.71,1613429084.495,1.7849998474121094,0.02974999745686849,0.0004958332909478082
58355521198,1613429361.568,1613429363.348,1.7799999713897705,0.029666666189829508,0.0004944444364971584
9522793344,1613429100.782,1613429102.558,1.7760000228881836,0.029600000381469725,0.0004933333396911621
55464434451,1613429089.552,1613429091.326,1.7739999294281006,0.029566665490468342,0.0004927777581744724
20450456390,1613429356.52,1613429358.294,1.7739999294281006,0.029566665490468342,0.0004927777581744724
52788326940,1613429103.993,1613429105.767,1.7739999294281006,0.029566665490468342,0.0004927777581744724
36976964450,1613429084.767,1613429086.54,1.7730000019073486,0.029550000031789144,0.000492500000529819
46484989093,1613429351.722,1613429353.494,1.7720000743865967,0.029533334573109946,0.0004922222428851657
64913013875,1613429098.512,1613429100.284,1.7719998359680176,0.02953333059946696,0.0004922221766577826
10086618948,1613429094.09,1613429095.861,1.7710001468658447,0.029516669114430745,0.0004919444852405124
26757080507,1613429365.83,1613429367.6,1.7699999809265137,0.02949999968210856,0.000491666661368476
22191082302,1613429326.831,1613429328.601,1.7699999809265137,0.02949999968210856,0.000491666661368476
46152144147,1613429096.457,1613429098.225,1.7679998874664307,0.029466664791107176,0.0004911110798517863
67048347122,1613429363.79,1613429365.555,1.7650001049041748,0.02941666841506958,0.0004902778069178263
20980269899,1613429091.578,1613429093.342,1.7639999389648438,0.029399998982747397,0.0004899999830457899
18255595362,1613429358.729,1613429360.491,1.7619998455047607,0.02936666409174601,0.0004894444015291002
28649012486,1613438960.459,1613438962.148,1.688999891281128,0.028149998188018797,0.00046916663646698
28234161284,1613438856.088,1613438857.69,1.6019999980926514,0.026699999968210857,0.00044499999947018095
22141363037,1613439108.402,1613439110.001,1.5989999771118164,0.026649999618530273,0.0004441666603088379
27124900309,1613438962.734,1613438964.297,1.562999963760376,0.026049999396006267,0.00043416665660010446
60300348661,1614369048.921,1614369050.455,1.5339999198913574,0.025566665331522624,0.0004261110888587104
11398270447,1613439095.762,1613439097.28,1.5179998874664307,0.02529999812444051,0.0004216666354073418
34132486521,1613388673.873,1613388675.283,1.4100000858306885,0.023500001430511473,0.0003916666905085246
3544789315,1613613180.667,1613613181.702,1.0349998474121094,0.01724999745686849,0.00028749995761447484
45000685986,1613613192.555,1613613193.492,0.937000036239624,0.015616667270660401,0.00026027778784434
63588701189,1614724738.938,1614724739.603,0.6649999618530273,0.011083332697550456,0.00018472221162584094
4566641654,1614081808.69,1614081809.316,0.625999927520752,0.010433332125345866,0.00017388886875576443
17406687754,1614121305.087,1614121305.71,0.6230001449584961,0.010383335749308269,0.00017305559582180447
4421064049,1613749604.241,1613749604.854,0.6130001544952393,0.01021666924158732,0.000170277820693122
39451349880,1613860398.636,1613860399.22,0.5840001106262207,0.009733335177103678,0.00016222225295172798
48695751822,1613500827.67,1613500828.193,0.5230000019073486,0.00871666669845581,0.00014527777830759684
22779463109,1613500766.928,1613500767.45,0.5220000743865967,0.00870000123977661,0.00014500002066294353
41827488072,1613749607.025,1613749607.512,0.4869999885559082,0.008116666475931804,0.0001352777745988634
54838391149,1614371616.021,1614371616.45,0.4290001392364502,0.007150002320607503,0.00011916670534345838
9447043637,1614369044.601,1614369045.02,0.41899991035461426,0.006983331839243571,0.00011638886398739284
57219511217,1614113518.946,1614113519.365,0.41899991035461426,0.006983331839243571,0.00011638886398739284
28425870419,1613613303.021,1613613303.439,0.4179999828338623,0.0069666663805643715,0.00011611110634273953
18619610969,1613529911.477,1613529911.895,0.4179999828338623,0.0069666663805643715,0.00011611110634273953
14809359722,1614113657.571,1614113657.989,0.4179999828338623,0.0069666663805643715,0.00011611110634273953
64065082681,1614734566.622,1614734567.039,0.41700005531311035,0.006950000921885173,0.00011583334869808621
16134055238,1614724777.055,1614724777.47,0.41499996185302734,0.006916666030883789,0.00011527776718139648
65753935607,1614113457.061,1614113457.474,0.41299986839294434,0.0068833311398824055,0.00011472218566470676
20166557085,1614368401.698,1614368402.02,0.32200002670288086,0.005366667111714681,8.944445186191135e-05
51371729758,1614369540.187,1614369540.505,0.31800007820129395,0.005300001303354899,8.833335505591499e-05
49751767267,1614368399.297,1614368399.613,0.31599998474121094,0.005266666412353516,8.777777353922526e-05
28726749356,1614734566.654,1614734566.969,0.315000057220459,0.005250000953674316,8.750001589457194e-05
43272045058,1614734669.01,1614734669.325,0.315000057220459,0.005250000953674316,8.750001589457194e-05
30909748221,1614734566.682,1614734566.997,0.315000057220459,0.005250000953674316,8.750001589457194e-05
45836964674,1614734566.641,1614734566.956,0.315000057220459,0.005250000953674316,8.750001589457194e-05
52895195342,1614113657.608,1614113657.923,0.315000057220459,0.005250000953674316,8.750001589457194e-05
31054162297,1613613185.276,1613613185.59,0.31399989128112793,0.005233331521352132,8.722219202253554e-05
60694595161,1613613182.821,1613613183.135,0.31399989128112793,0.005233331521352132,8.722219202253554e-05
40912842498,1614734566.671,1614734566.985,0.31399989128112793,0.005233331521352132,8.722219202253554e-05
12602788715,1614734566.638,1614734566.951,0.312999963760376,0.005216666062672933,8.694443437788221e-05
40428213,1614734669.029,1614734669.34,0.31099987030029297,0.00518333117167155,8.638885286119249e-05
63334603936,1613613334.668,1613613334.978,0.309999942779541,0.00516666571299235,8.611109521653916e-05
7306789463,1614734566.641,1614734566.95,0.30900001525878906,0.005150000254313151,8.583333757188585e-05
42103174254,1613613187.668,1613613187.977,0.30900001525878906,0.005150000254313151,8.583333757188585e-05
43416590769,1614734566.683,1614734566.992,0.30900001525878906,0.005150000254313151,8.583333757188585e-05
49633186563,1614113518.924,1614113519.165,0.24099993705749512,0.004016665617624918,6.694442696041531e-05
46137785735,1614724818.147,1614724818.379,0.23199987411499023,0.0038666645685831707,6.444440947638617e-05
27537505780,1613942299.867,1613942300.098,0.23099994659423828,0.0038499991099039716,6.416665183173286e-05
49499879642,1614724845.298,1614724845.517,0.21899986267089844,0.003649997711181641,6.083329518636068e-05
6971154432,1613500647.412,1613500647.629,0.21700000762939453,0.003616666793823242,6.0277779897054034e-05
47635304015,1613432691.831,1613432692.046,0.21499991416931152,0.003583331902821859,5.972219838036431e-05
54470105490,1614113619.074,1614113619.288,0.21400022506713867,0.0035666704177856447,5.944450696309408e-05
40742357261,1614734566.626,1614734566.84,0.21399998664855957,0.0035666664441426593,5.944444073571099e-05
57442936922,1614734566.642,1614734566.856,0.21399998664855957,0.0035666664441426593,5.944444073571099e-05
19787273217,1613613328.074,1613613328.286,0.21200013160705566,0.003533335526784261,5.8888925446404354e-05
12545459612,1613613332.312,1613613332.524,0.21199989318847656,0.003533331553141276,5.8888859219021266e-05
29533769850,1613934606.196,1613934606.407,0.2109999656677246,0.003516666094462077,5.861110157436795e-05
46299336559,1613258696.611,1613258696.822,0.2109999656677246,0.003516666094462077,5.861110157436795e-05
66897823595,1613613413.252,1613613413.463,0.2109999656677246,0.003516666094462077,5.861110157436795e-05
33035505566,1614734668.987,1614734669.197,0.21000003814697266,0.003500000635782878,5.833334392971463e-05
57842194187,1614734668.964,1614734669.174,0.21000003814697266,0.003500000635782878,5.833334392971463e-05
31344642376,1614734668.931,1614734669.141,0.21000003814697266,0.003500000635782878,5.833334392971463e-05
42289591862,1614734669.061,1614734669.271,0.20999979972839355,0.0034999966621398924,5.833327770233154e-05
59966371623,1614734669.018,1614734669.227,0.2090001106262207,0.0034833351771036782,5.8055586285061304e-05
3596043845,1613942297.458,1613942297.666,0.20799994468688965,0.003466665744781494,5.7777762413024904e-05
20856692552,1613613330.257,1613613330.464,0.2070000171661377,0.003450000286102295,5.7500004768371585e-05
33984338755,1613613420.1,1613613420.307,0.2070000171661377,0.003450000286102295,5.7500004768371585e-05
10965380282,1613942299.837,1613942300.044,0.2070000171661377,0.003450000286102295,5.7500004768371585e-05
32140975575,1614369537.651,1614369537.858,0.2070000171661377,0.003450000286102295,5.7500004768371585e-05
27936839880,1614734566.653,1614734566.86,0.2069997787475586,0.00344999631245931,5.74999385409885e-05
37451201739,1613942297.455,1613942297.661,0.20600008964538574,0.003433334827423096,5.722224712371826e-05
12061302814,1613613415.675,1613613415.881,0.20600008964538574,0.003433334827423096,5.722224712371826e-05
19793128134,1614734566.685,1614734566.891,0.20600008964538574,0.003433334827423096,5.722224712371826e-05
42091310261,1614734668.968,1614734669.174,0.20600008964538574,0.003433334827423096,5.722224712371826e-05
54914416157,1613934608.576,1613934608.782,0.20600008964538574,0.003433334827423096,5.722224712371826e-05
46842336890,1613613190.155,1613613190.361,0.20600008964538574,0.003433334827423096,5.722224712371826e-05
28116402143,1614113457.067,1614113457.273,0.20600008964538574,0.003433334827423096,5.722224712371826e-05
50418741,1614711723.401,1614711723.52,0.11899995803833008,0.001983332633972168,3.3055543899536135e-05
16863803581,1614716687.955,1614716688.067,0.1119999885559082,0.0018666664759318034,3.111110793219672e-05
58793914423,1614716594.736,1614716594.847,0.11099982261657715,0.001849997043609619,3.0833284060160316e-05
32164658274,1614734669.029,1614734669.138,0.10899996757507324,0.0018166661262512206,3.027776877085368e-05
46439319932,1614734669.041,1614734669.146,0.10500001907348633,0.001750000317891439,2.9166671964857314e-05
49512419329,1612874854.858,1612874854.961,0.10299992561340332,0.0017166654268900552,2.861109044816759e-05
28213408674,1614371533.819,1614371533.922,0.10299992561340332,0.0017166654268900552,2.861109044816759e-05
37592406226,1613429821.495,1613429821.495,0.0,0.0,0.0
