id_job,node_id,gpu_index,early_power_draw_W,early_utilization_gpu_pct,early_utilization_memory_pct,early_memory_used_MiB,early_memory_free_MiB,early_pcie_link_width_current,early_temperature_gpu,early_temperature_memory,full_power_draw_W_avg,full_utilization_gpu_pct_avg,full_utilization_memory_pct_avg,full_memory_used_MiB_avg,full_memory_free_MiB_avg,full_pcie_link_width_current_avg,full_temperature_gpu_avg,full_temperature_memory_avg,full_power_draw_W_peak,full_utilization_gpu_pct_peak,full_utilization_memory_pct_peak,full_memory_used_MiB_peak,full_memory_free_MiB_peak,full_pcie_link_width_current_peak,full_temperature_gpu_peak,full_temperature_memory_peak,job_start_ts,job_start_date
17860694,r8024255-n303766,0,26.831,0.0,0.0,0.0,32510.0,16.0,33.537,31.293,29.403,4.858,0.383,120.832,32389.168,16.0,34.677,32.611,103.74,100.0,16.0,1645.0,32510.0,16.0,45.0,43.0,1614178685.907,2021-02-24 14:58:05.907000065
17860694,r8024255-n303766,1,26.676,0.0,0.0,0.0,32510.0,16.0,31.419,29.699,29.31,2.632,0.376,120.901,32389.099,16.0,32.831,31.485,108.07,100.0,16.0,1645.0,32510.0,16.0,45.0,43.0,1614178685.909,2021-02-24 14:58:05.908999920
40428213,r9988778-n410412,0,25.282,0.0,0.0,0.0,32510.0,16.0,30.0,29.0,25.282,0.0,0.0,0.0,32510.0,16.0,30.0,29.0,25.31,0.0,0.0,0.0,32510.0,16.0,30.0,29.0,1614734669.029,2021-03-03 01:24:29.029000044
43780609,r8275852-n410412,0,27.74,0.0,0.0,0.0,32510.0,16.0,31.0,32.008,27.801,0.0,0.0,0.0,32510.0,16.0,31.179,32.37,28.33,0.0,0.0,0.0,32510.0,16.0,32.0,34.0,1614451970.354,2021-02-27 18:52:50.354000092
50418741,r368967-n172107,0,24.94,0.0,0.0,0.0,32510.0,16.0,30.0,28.0,24.94,0.0,0.0,0.0,32510.0,16.0,30.0,28.0,24.99,0.0,0.0,0.0,32510.0,16.0,30.0,28.0,1614711723.401,2021-03-02 19:02:03.401000023
50418741,r368967-n172107,1,25.69,0.0,0.0,0.0,32510.0,16.0,29.0,30.0,25.69,0.0,0.0,0.0,32510.0,16.0,29.0,30.0,25.69,0.0,0.0,0.0,32510.0,16.0,29.0,30.0,1614711723.409,2021-03-02 19:02:03.408999920
69233266,r2215649-n303766,1,173.739,74.846,49.772,2676.883,29833.117,16.0,56.53,57.733,196.412,87.124,58.353,2849.553,29660.447,16.0,59.353,61.296,245.32,98.0,67.0,4279.0,32510.0,16.0,63.0,66.0,1613935364.779,2021-02-21 19:22:44.779000044
83483961,r492024-n303766,0,211.716,90.234,60.669,6645.052,25864.948,16.0,68.304,73.407,211.887,90.369,60.77,6661.363,25848.637,16.0,68.327,73.427,249.83,98.0,65.0,6807.0,32510.0,16.0,71.0,76.0,1613443086.865,2021-02-16 02:38:06.865000010
162581525,r2215649-n410412,0,29.222,0.271,0.007,79.255,32430.745,16.0,39.957,37.079,67.548,34.643,8.196,765.805,31744.195,16.0,49.836,47.184,113.61,49.0,12.0,837.0,32510.0,16.0,53.0,51.0,1613491517.254,2021-02-16 16:05:17.253999949
164578513,r8972851-n948219,0,36.566,1.276,0.0,1413.65,31096.35,16.0,32.84,31.595,36.566,1.276,0.0,1413.65,31096.35,16.0,32.84,31.595,40.23,9.0,0.0,2245.0,32510.0,16.0,34.0,32.0,1613184217.548,2021-02-13 02:43:37.548000097
197545461,r2215649-n410412,0,36.304,3.276,0.014,1173.248,31336.752,16.0,39.47,36.538,72.812,37.13,15.177,2567.646,29942.354,16.0,48.4,46.721,127.7,56.0,24.0,2695.0,32510.0,16.0,51.0,50.0,1613427522.896,2021-02-15 22:18:42.895999908
222085474,r974863-n410412,1,27.316,0.328,0.0,75.359,32434.641,16.0,31.283,27.566,58.341,30.985,8.371,1499.717,31010.283,16.0,40.386,36.978,126.06,56.0,17.0,1539.0,32510.0,16.0,43.0,40.0,1613457271.001,2021-02-16 06:34:31.000999928
235847952,r4099734-n172107,0,51.304,25.075,6.528,30547.019,1962.981,16.0,41.309,39.647,49.275,22.621,5.85,31057.373,1452.627,16.0,40.138,38.402,115.37,100.0,11.0,31071.0,32510.0,16.0,42.0,41.0,1614746551.094,2021-03-03 04:42:31.094000101
261128277,r8141575-n410412,0,41.736,0.095,0.003,1279.408,31230.592,16.0,45.543,44.274,74.531,22.737,6.133,5704.794,26805.206,16.0,47.108,45.583,257.12,100.0,45.0,26395.0,32510.0,16.0,67.0,71.0,1614638748.181,2021-03-01 22:45:48.180999994
333437599,r4683026-n948219,1,67.001,28.448,3.926,1280.214,31229.786,16.0,44.573,41.762,68.292,29.633,4.062,1304.116,31205.884,16.0,45.843,43.138,120.07,90.0,13.0,1315.0,32510.0,16.0,48.0,45.0,1613861563.507,2021-02-20 22:52:43.506999969
342247359,r6707841-n200569,1,35.227,0.223,0.003,873.731,31636.269,16.0,30.757,30.223,35.227,0.223,0.003,873.731,31636.269,16.0,30.757,30.223,36.71,20.0,1.0,1039.0,32510.0,16.0,31.0,31.0,1614718754.429,2021-03-02 20:59:14.428999901
343004389,r7753495-n303509,0,26.359,0.009,0.0,65.696,32444.304,16.0,30.874,29.112,56.31,20.785,5.132,1474.877,31035.123,16.0,39.453,37.496,145.59,65.0,18.0,1605.0,32510.0,16.0,56.0,54.0,1613491517.311,2021-02-16 16:05:17.311000109
346594617,r6727430-n303509,0,209.766,90.201,60.548,6633.224,25876.776,16.0,68.202,73.268,208.208,89.42,60.086,6651.843,25858.157,16.0,68.142,73.164,246.98,95.0,65.0,6793.0,32510.0,16.0,71.0,77.0,1613444890.882,2021-02-16 03:08:10.881999969
379212017,r414303-n172107,1,37.131,20.535,1.689,29207.099,3302.901,16.0,33.388,31.555,37.795,22.292,1.614,31007.298,1502.702,16.0,34.266,32.515,47.13,32.0,2.0,31071.0,32510.0,16.0,35.0,34.0,1614715744.698,2021-03-02 20:09:04.697999954
383286615,r4605940-n948219,0,42.479,10.379,1.541,1089.957,31420.043,16.0,34.513,32.192,59.977,39.158,6.102,1157.2,31352.8,16.0,42.374,40.42,92.33,48.0,8.0,1159.0,32510.0,16.0,44.0,42.0,1614499663.544,2021-02-28 08:07:43.543999910
451841228,r8024255-n410412,0,213.762,90.785,60.974,6647.305,25862.695,16.0,68.238,72.238,211.985,89.903,60.431,6665.023,25844.977,16.0,68.154,72.118,255.19,95.0,65.0,6801.0,32510.0,16.0,72.0,76.0,1613532185.136,2021-02-17 03:23:05.135999918
487837768,r2215649-n303766,1,39.826,7.205,4.672,255.547,32254.453,16.0,31.12,29.8,85.67,30.445,20.148,939.845,31570.155,16.0,40.132,39.568,242.88,98.0,66.0,4287.0,32510.0,16.0,73.0,76.0,1613933624.592,2021-02-21 18:53:44.592000008
488923354,r6727430-n303509,0,202.381,87.613,58.575,6491.893,26018.107,16.0,64.957,69.363,203.54,88.02,58.899,6535.842,25974.158,16.0,65.45,69.975,249.02,100.0,65.0,6807.0,32510.0,16.0,73.0,78.0,1613431645.425,2021-02-15 23:27:25.424999952
499152276,r6727430-n303509,0,27.042,0.0,0.0,2.996,32507.004,16.0,36.0,33.039,27.042,0.0,0.0,2.996,32507.004,16.0,36.0,33.039,27.25,0.0,0.0,4.0,32510.0,16.0,36.0,34.0,1613013041.051,2021-02-11 03:10:41.051000118
502029246,r7317916-n948219,0,188.235,81.035,54.405,6560.062,25949.938,16.0,67.397,74.663,185.772,79.803,53.62,6612.761,25897.239,16.0,67.368,74.589,241.59,94.0,63.0,6799.0,32510.0,16.0,72.0,80.0,1613484354.884,2021-02-16 14:05:54.884000063
527918486,r8972851-n303509,0,190.716,77.859,52.239,6517.732,25992.268,16.0,67.05,71.488,189.822,77.289,51.905,6585.779,25924.221,16.0,67.304,71.737,251.47,97.0,63.0,6793.0,32510.0,16.0,72.0,78.0,1613600711.979,2021-02-17 22:25:11.979000092
540249413,r7269000-n303509,0,193.129,77.154,51.695,6608.889,25901.111,16.0,67.284,71.261,194.16,77.794,52.153,6654.392,25855.608,16.0,67.693,71.754,256.17,96.0,69.0,6799.0,32510.0,16.0,72.0,78.0,1613582691.312,2021-02-17 17:24:51.312000036
541213864,r4506251-n303766,0,55.416,0.0,0.0,0.324,32509.676,16.0,58.081,60.243,55.416,0.0,0.0,0.324,32509.676,16.0,58.081,60.243,55.73,0.0,0.0,4.0,32510.0,16.0,59.0,61.0,1613504959.73,2021-02-16 19:49:19.730000019
544575336,r44132-n303766,0,210.477,88.412,59.343,6606.078,25903.922,16.0,68.252,75.675,208.653,87.59,58.844,6632.417,25877.583,16.0,68.158,75.531,250.74,95.0,66.0,6793.0,32510.0,16.0,71.0,80.0,1613453819.35,2021-02-16 05:36:59.349999905
566295061,r4605940-n948219,1,43.024,9.009,1.509,960.881,31549.119,16.0,34.041,30.658,59.775,34.001,6.096,1026.495,31483.505,16.0,40.68,37.8,96.8,42.0,8.0,1027.0,32510.0,16.0,42.0,40.0,1614499663.548,2021-02-28 08:07:43.548000097
583841283,r6727430-n303509,0,26.214,0.0,0.0,0.003,32509.997,16.0,32.0,29.0,37.299,0.004,0.0,1017.938,31492.062,16.0,35.621,31.947,42.51,23.0,1.0,1025.0,32510.0,16.0,36.0,33.0,1613118511.465,2021-02-12 08:28:31.464999914
588635955,r1039410-n303509,0,45.577,9.612,2.58,969.84,31540.16,16.0,41.431,39.01,68.862,35.4,9.681,1086.08,31423.92,16.0,46.58,45.076,109.22,47.0,13.0,1093.0,32510.0,16.0,48.0,47.0,1613057311.328,2021-02-11 15:28:31.328000069
623371232,r7753495-n303509,0,38.749,0.47,0.018,1001.242,31508.758,16.0,40.315,38.12,38.749,0.47,0.018,1001.242,31508.758,16.0,40.315,38.12,57.32,27.0,2.0,1093.0,32510.0,16.0,41.0,39.0,1613372681.686,2021-02-15 07:04:41.686000109
634354636,r9170217-n303509,1,208.118,88.1,59.158,6613.102,25896.898,16.0,60.909,64.724,208.047,88.2,59.241,6636.353,25873.647,16.0,60.84,64.631,255.37,95.0,64.0,6793.0,32510.0,16.0,65.0,70.0,1613439411.423,2021-02-16 01:36:51.423000097
709677586,r216287-n303509,1,27.737,0.0,0.0,2.37,32507.63,16.0,38.0,36.0,27.737,0.0,0.0,2.37,32507.63,16.0,38.0,36.0,27.99,0.0,0.0,4.0,32510.0,16.0,38.0,36.0,1612829827.214,2021-02-09 00:17:07.213999987
728321298,r7141590-n303509,0,26.901,0.0,0.0,0.0,32510.0,16.0,39.0,38.0,26.901,0.0,0.0,0.0,32510.0,16.0,39.0,38.0,27.0,0.0,0.0,0.0,32510.0,16.0,39.0,38.0,1613144868.448,2021-02-12 15:47:48.447999954
740960243,r7141590-n303509,0,38.321,0.447,0.018,1199.179,31310.821,16.0,40.336,38.972,65.384,34.597,8.486,1582.049,30927.951,16.0,46.611,44.68,132.94,57.0,17.0,1605.0,32510.0,16.0,49.0,47.0,1613341331.456,2021-02-14 22:22:11.456000090
749924962,r8972851-n948219,0,216.438,90.744,60.747,6645.892,25864.108,16.0,68.303,72.642,214.49,89.774,60.163,6664.076,25845.924,16.0,68.204,72.487,258.57,96.0,66.0,6799.0,32510.0,16.0,71.0,76.0,1613525860.724,2021-02-17 01:37:40.723999977
788697483,r8473362-n410412,0,26.7,0.0,0.0,0.003,32509.997,16.0,32.79,31.0,27.562,0.0,0.0,23.728,32486.272,16.0,32.975,31.056,38.99,6.0,0.0,313.0,32510.0,16.0,41.0,38.0,1613040952.457,2021-02-11 10:55:52.457000017
788697483,r8473362-n410412,1,25.631,0.0,0.0,0.003,32509.997,16.0,32.0,31.0,30.741,3.744,1.804,2392.293,30117.707,16.0,33.681,32.786,181.76,100.0,54.0,31445.0,32510.0,16.0,70.0,76.0,1613040952.46,2021-02-11 10:55:52.460000038
809781065,r7419443-n172107,0,27.003,0.0,0.0,3.008,32506.992,16.0,30.0,30.0,27.003,0.0,0.0,3.008,32506.992,16.0,30.0,30.0,27.14,0.0,0.0,4.0,32510.0,16.0,30.0,30.0,1614716725.049,2021-03-02 20:25:25.049000025
809781065,r7419443-n172107,1,33.368,0.66,0.008,722.012,31787.988,16.0,29.032,29.652,33.368,0.66,0.008,722.012,31787.988,16.0,29.032,29.652,36.17,23.0,1.0,1177.0,32510.0,16.0,30.0,30.0,1614716725.052,2021-03-02 20:25:25.052000046
855087189,r492024-n303766,0,195.65,81.422,54.717,6628.571,25881.429,16.0,68.28,72.72,194.959,81.005,54.455,6663.599,25846.401,16.0,68.346,72.777,249.88,94.0,64.0,6807.0,32510.0,16.0,71.0,76.0,1613436073.83,2021-02-16 00:41:13.829999924
879181917,r9170217-n948219,0,185.08,76.544,51.422,6511.398,25998.602,16.0,66.046,70.652,183.754,75.391,50.693,6589.428,25920.572,16.0,66.262,70.828,246.63,94.0,64.0,6807.0,32510.0,16.0,70.0,76.0,1613587041.908,2021-02-17 18:37:21.907999992
897068570,r8024255-n303766,0,26.888,0.0,0.0,1.913,32508.087,16.0,33.662,31.477,26.767,0.0,0.0,3.958,32506.042,16.0,33.152,31.012,27.16,0.0,0.0,4.0,32510.0,16.0,34.0,32.0,1614373454.364,2021-02-26 21:04:14.364000082
913003833,r5051220-n772143,0,41.974,25.353,1.757,30439.939,2070.061,16.0,35.945,32.894,41.801,21.58,1.527,31052.551,1457.449,16.0,37.156,34.141,71.93,100.0,6.0,31071.0,32510.0,16.0,39.0,36.0,1614743636.721,2021-03-03 03:53:56.720999956
1002943407,r8141575-n410412,0,116.024,92.835,62.482,18775.38,13734.62,16.0,52.523,59.512,119.24,94.81,63.476,19043.854,13466.146,16.0,56.367,63.723,154.13,100.0,79.0,19047.0,32510.0,16.0,58.0,67.0,1614552692.067,2021-02-28 22:51:32.066999911
1006145741,r414303-n303509,0,35.759,2.447,0.0,475.128,32034.872,16.0,35.0,34.021,35.759,2.447,0.0,475.128,32034.872,16.0,35.0,34.021,38.95,9.0,0.0,1197.0,32510.0,16.0,35.0,35.0,1613429546.275,2021-02-15 22:52:26.275000095
1037709649,r492024-n303766,0,198.095,82.065,55.14,6621.794,25888.206,16.0,68.355,72.706,200.643,83.521,56.14,6654.915,25855.085,16.0,68.435,72.884,250.2,94.0,68.0,6807.0,32510.0,16.0,71.0,76.0,1613438285.709,2021-02-16 01:18:05.709000111
1049380997,r492024-n410412,0,28.115,0.0,0.0,0.0,32510.0,16.0,32.0,30.0,28.115,0.0,0.0,0.0,32510.0,16.0,32.0,30.0,28.17,0.0,0.0,0.0,32510.0,16.0,32.0,30.0,1614734934.195,2021-03-03 01:28:54.194999933
1136013514,r7141590-n303509,0,174.686,67.288,44.815,6409.689,26100.311,16.0,67.225,68.298,175.585,67.43,44.966,6545.22,25964.78,16.0,67.374,68.478,266.68,100.0,64.0,6799.0,32510.0,16.0,73.0,75.0,1613480718.42,2021-02-16 13:05:18.420000076
1142616489,r7141590-n303509,0,37.744,0.444,0.001,778.493,31731.507,16.0,41.344,39.668,61.087,31.762,5.604,1074.953,31435.047,16.0,45.949,43.748,109.79,46.0,10.0,1093.0,32510.0,16.0,48.0,45.0,1613327804.535,2021-02-14 18:36:44.535000086
1172243386,r7462820-n410412,1,194.978,79.026,53.041,6486.271,26023.729,16.0,65.429,68.202,195.076,78.97,53.036,6556.85,25953.15,16.0,65.832,68.65,259.46,100.0,64.0,6793.0,32510.0,16.0,70.0,74.0,1613577164.049,2021-02-17 15:52:44.049000025
1180598145,r8275852-n410412,0,210.212,90.857,60.969,6650.295,25859.705,16.0,66.8,72.753,208.693,90.001,60.436,6666.988,25843.012,16.0,66.904,72.857,249.45,95.0,66.0,6801.0,32510.0,16.0,73.0,80.0,1613491937.327,2021-02-16 16:12:17.326999903
1183688588,r2215649-n410412,1,35.227,0.34,0.004,1133.595,31376.405,16.0,33.961,30.564,59.988,32.961,7.478,1536.609,30973.391,16.0,41.525,37.962,127.29,51.0,15.0,1539.0,32510.0,16.0,44.0,41.0,1613185328.023,2021-02-13 03:02:08.023000002
1184953827,r216287-n303509,1,32.191,0.0,0.0,0.12,32509.88,16.0,46.96,45.16,32.191,0.0,0.0,0.12,32509.88,16.0,46.96,45.16,33.62,0.0,0.0,3.0,32510.0,16.0,47.0,46.0,1612825373.979,2021-02-08 23:02:53.979000092
1198345028,r4506251-n410412,0,32.796,0.0,0.0,0.0,32510.0,16.0,44.245,43.755,32.796,0.0,0.0,0.0,32510.0,16.0,44.245,43.755,49.61,0.0,0.0,0.0,32510.0,16.0,50.0,49.0,1613390607.648,2021-02-15 12:03:27.648000002
1198345028,r4506251-n410412,1,29.753,0.0,0.0,0.0,32510.0,16.0,42.384,40.664,29.753,0.0,0.0,0.0,32510.0,16.0,42.384,40.664,47.37,0.0,0.0,0.0,32510.0,16.0,48.0,46.0,1613390607.651,2021-02-15 12:03:27.651000023
1226443139,r7141590-n303509,0,26.853,0.0,0.0,0.522,32509.478,16.0,39.0,38.0,26.853,0.0,0.0,0.522,32509.478,16.0,39.0,38.0,27.06,0.0,0.0,4.0,32510.0,16.0,39.0,38.0,1613145956.489,2021-02-12 16:05:56.489000082
1249860628,r5179276-n948219,0,209.48,90.942,60.969,6646.482,25863.518,16.0,68.506,74.626,207.141,89.675,60.115,6663.127,25846.873,16.0,68.399,74.436,245.97,100.0,65.0,6799.0,32510.0,16.0,72.0,79.0,1613438388.074,2021-02-16 01:19:48.073999882
1262769788,r7753495-n948219,0,25.475,0.0,0.0,0.0,32510.0,16.0,29.0,27.334,25.454,0.0,0.0,0.0,32510.0,16.0,29.028,27.179,25.83,0.0,0.0,0.0,32510.0,16.0,30.0,28.0,1613655065.707,2021-02-18 13:31:05.707000017
1270169180,r5179276-n948219,0,174.497,70.781,47.591,6640.222,25869.778,16.0,65.849,71.405,174.552,71.041,47.813,6653.343,25856.657,16.0,65.975,71.596,245.97,100.0,66.0,6799.0,32510.0,16.0,72.0,80.0,1613581593.6,2021-02-17 17:06:33.599999905
1271334514,r1039410-n303509,0,35.617,0.456,0.008,1062.92,31447.08,16.0,40.07,37.611,64.828,39.302,10.102,1588.89,30921.11,16.0,45.386,44.181,126.84,55.0,16.0,1605.0,32510.0,16.0,48.0,47.0,1613099458.619,2021-02-12 03:10:58.618999958
1293929395,r1039410-n948219,0,26.047,0.0,0.0,3.346,32506.654,16.0,31.478,31.616,27.167,0.0,0.0,3.991,32506.009,16.0,37.894,37.606,27.68,0.0,0.0,4.0,32510.0,16.0,38.0,38.0,1613907110.534,2021-02-21 11:31:50.533999919
1293929395,r1039410-n948219,1,118.142,49.795,22.717,4988.797,27521.203,16.0,47.824,46.022,200.728,95.174,43.939,6225.067,26284.933,16.0,68.188,69.08,249.72,100.0,52.0,6243.0,32510.0,16.0,72.0,73.0,1613907110.54,2021-02-21 11:31:50.539999962
1305047232,r9515777-n303766,0,32.607,0.042,0.0,622.128,31887.872,16.0,33.11,30.949,32.607,0.042,0.0,622.128,31887.872,16.0,33.11,30.949,38.68,21.0,1.0,1039.0,32510.0,16.0,34.0,32.0,1614718435.031,2021-03-02 20:53:55.030999899
1342447198,r7269000-n303509,0,216.815,90.923,60.899,6639.39,25870.61,16.0,68.496,73.574,215.158,90.113,60.428,6657.245,25852.755,16.0,68.393,73.395,256.32,95.0,69.0,6793.0,32510.0,16.0,71.0,77.0,1613583095.674,2021-02-17 17:31:35.674000025
1374227304,r7462820-n303766,1,200.901,88.831,59.612,6646.199,25863.801,16.0,59.868,64.459,200.437,88.417,59.424,6665.924,25844.076,16.0,60.753,65.325,244.1,95.0,66.0,6799.0,32510.0,16.0,68.0,73.0,1613651876.241,2021-02-18 12:37:56.240999937
1391489598,r368967-n750018,0,151.839,71.738,41.65,21868.978,10641.022,16.0,55.783,57.571,172.481,82.145,47.845,25481.878,7028.122,16.0,61.575,64.428,252.11,100.0,64.0,32489.0,32510.0,16.0,72.0,77.0,1614721180.796,2021-03-02 21:39:40.796000004
1393104981,r7141590-n948219,0,214.763,89.15,59.597,6633.2,25876.8,16.0,68.475,73.579,215.11,89.435,59.8,6653.428,25856.572,16.0,68.473,73.591,262.8,96.0,65.0,6801.0,32510.0,16.0,71.0,77.0,1613436534.707,2021-02-16 00:48:54.707000017
1455662346,r7141590-n172107,0,63.276,28.327,11.792,30129.974,2380.026,16.0,40.112,39.935,61.384,26.526,11.01,31045.182,1464.818,16.0,41.215,40.967,144.44,100.0,20.0,31071.0,32510.0,16.0,44.0,44.0,1614736440.713,2021-03-03 01:54:00.713000059
1470125554,r7753495-n303509,0,36.938,0.044,0.0,1029.628,31480.372,16.0,39.158,37.162,44.7,6.141,0.885,1819.121,30690.879,16.0,40.795,38.668,120.79,84.0,12.0,5877.0,32510.0,16.0,47.0,45.0,1613680818.422,2021-02-18 20:40:18.421999931
1492584817,r4683026-n948219,1,31.758,0.207,0.004,718.392,31791.608,16.0,32.319,30.011,65.858,31.235,10.089,2462.771,30047.229,16.0,45.099,43.212,133.89,54.0,18.0,2627.0,32510.0,16.0,48.0,46.0,1613978055.287,2021-02-22 07:14:15.286999941
1495559714,r810901-n303509,0,30.89,0.075,0.004,0.0,32510.0,16.0,37.388,37.122,88.718,38.587,24.193,15118.89,17391.11,16.0,47.199,49.876,195.78,100.0,61.0,31079.0,32510.0,16.0,68.0,76.0,1612958553.778,2021-02-10 12:02:33.778000116
1595355944,r4506251-n303766,0,215.732,91.164,61.178,6641.345,25868.655,16.0,67.123,73.669,214.045,90.294,60.637,6658.412,25851.588,16.0,67.177,73.744,261.55,96.0,66.0,6793.0,32510.0,16.0,73.0,81.0,1613507179.428,2021-02-16 20:26:19.427999973
1611722775,r7269000-n948219,1,198.229,82.61,55.245,6524.424,25985.576,16.0,62.449,66.672,196.648,81.89,54.819,6583.692,25926.308,16.0,62.974,67.257,256.85,94.0,64.0,6807.0,32510.0,16.0,73.0,78.0,1613444536.66,2021-02-16 03:02:16.660000086
1617608594,r8275852-n303766,0,39.891,12.398,7.136,8840.386,23669.614,16.0,36.911,35.717,67.27,38.811,23.066,26527.713,5982.287,16.0,45.103,44.702,243.26,100.0,100.0,32371.0,32510.0,16.0,50.0,55.0,1613531845.521,2021-02-17 03:17:25.520999907
1617608594,r8275852-n303766,1,42.966,12.461,7.094,8976.886,23533.114,16.0,36.216,33.354,75.416,45.369,25.172,25982.367,6527.633,16.0,45.534,45.139,253.28,100.0,100.0,31907.0,32510.0,16.0,49.0,55.0,1613531845.524,2021-02-17 03:17:25.523999929
1643579300,r974863-n303766,0,26.777,0.0,0.0,0.0,32510.0,16.0,35.0,32.93,38.904,4.647,0.192,3143.847,29366.153,16.0,38.175,35.293,172.55,96.0,21.0,3230.0,32510.0,16.0,49.0,46.0,1614130914.211,2021-02-24 01:41:54.210999966
1654306808,r8024255-n410412,0,213.363,90.616,60.761,6642.728,25867.272,16.0,68.46,72.485,210.243,89.069,59.785,6661.722,25848.278,16.0,68.213,72.176,254.48,95.0,66.0,6799.0,32510.0,16.0,72.0,76.0,1613532887.328,2021-02-17 03:34:47.328000069
1664167053,r4506251-n303766,0,213.491,89.216,59.911,6642.642,25867.358,16.0,67.535,74.145,212.213,88.516,59.498,6663.824,25846.176,16.0,67.514,74.161,258.3,95.0,68.0,6793.0,32510.0,16.0,73.0,81.0,1613500578.264,2021-02-16 18:36:18.263999939
1681955750,r414303-n303509,0,27.133,0.0,0.0,0.0,32510.0,16.0,34.944,34.944,27.133,0.0,0.0,0.0,32510.0,16.0,34.944,34.944,27.21,0.0,0.0,0.0,32510.0,16.0,35.0,35.0,1613429331.872,2021-02-15 22:48:51.871999979
1683117090,r4506251-n410412,0,36.882,2.645,2.549,11034.847,21475.153,16.0,39.53,38.394,48.028,5.567,5.388,22410.876,10099.124,16.0,43.013,41.949,145.92,62.0,69.0,29515.0,32510.0,16.0,47.0,50.0,1613257435.509,2021-02-13 23:03:55.509000063
1780163880,r6727430-n303509,0,208.836,89.705,60.15,6642.544,25867.456,16.0,68.287,73.288,208.935,89.774,60.207,6659.064,25850.936,16.0,68.281,73.298,246.86,95.0,65.0,6799.0,32510.0,16.0,71.0,76.0,1613436617.735,2021-02-16 00:50:17.734999895
1796397984,r7462820-n410412,0,186.012,76.088,51.04,6383.611,26126.389,16.0,63.205,68.73,187.787,76.56,51.432,6493.148,26016.852,16.0,64.861,70.562,256.08,95.0,65.0,6799.0,32510.0,16.0,74.0,82.0,1613571526.805,2021-02-17 14:18:46.805000067
1813763172,r7462820-n410412,0,196.106,79.728,53.517,6513.051,25996.949,16.0,67.663,73.376,194.95,79.108,53.152,6577.895,25932.105,16.0,67.631,73.306,253.61,94.0,63.0,6793.0,32510.0,16.0,72.0,78.0,1613579225.107,2021-02-17 16:27:05.107000113
1830102668,r7141590-n948219,0,43.438,25.187,3.347,29974.895,2535.105,16.0,37.706,35.948,42.538,21.63,2.878,31043.235,1466.765,16.0,39.877,38.354,67.69,50.0,5.0,31071.0,32510.0,16.0,45.0,44.0,1613418478.459,2021-02-15 19:47:58.459000111
1830596030,r6727430-n303509,0,207.623,89.297,60.001,6644.394,25865.606,16.0,68.422,73.481,207.324,89.238,59.936,6636.475,25873.525,16.0,68.423,73.462,246.94,100.0,64.0,6801.0,32510.0,16.0,71.0,77.0,1613443118.52,2021-02-16 02:38:38.519999981
1848338097,r2215649-n410412,0,26.189,0.0,0.0,0.0,32510.0,16.0,32.0,29.783,26.189,0.0,0.0,0.0,32510.0,16.0,32.0,29.783,26.41,0.0,0.0,0.0,32510.0,16.0,32.0,30.0,1613314921.257,2021-02-14 15:02:01.256999969
1848338097,r2215649-n410412,1,26.002,0.0,0.0,0.0,32510.0,16.0,31.82,28.998,26.002,0.0,0.0,0.0,32510.0,16.0,31.82,28.998,26.18,0.0,0.0,0.0,32510.0,16.0,32.0,29.0,1613314921.26,2021-02-14 15:02:01.259999990
1993937195,r1039410-n303509,0,25.885,0.0,0.0,0.0,32510.0,16.0,32.0,30.531,25.885,0.0,0.0,0.0,32510.0,16.0,32.0,30.531,25.9,0.0,0.0,0.0,32510.0,16.0,32.0,31.0,1614708448.153,2021-03-02 18:07:28.153000116
1993937195,r1039410-n303509,1,27.55,0.0,0.0,0.0,32510.0,16.0,32.0,31.109,27.55,0.0,0.0,0.0,32510.0,16.0,32.0,31.109,27.65,0.0,0.0,0.0,32510.0,16.0,32.0,32.0,1614708448.157,2021-03-02 18:07:28.157000065
2019949846,r7462820-n410412,0,181.933,72.196,48.442,6516.329,25993.671,16.0,67.892,72.979,182.764,72.675,48.819,6601.528,25908.472,16.0,68.19,73.376,254.85,94.0,67.0,6807.0,32510.0,16.0,72.0,79.0,1613577155.24,2021-02-17 15:52:35.240000010
2067157326,r4683026-n948219,0,40.733,10.055,1.362,458.573,32051.427,16.0,41.361,41.426,60.95,25.532,3.42,1132.488,31377.512,16.0,46.511,46.499,114.79,89.0,12.0,1315.0,32510.0,16.0,50.0,50.0,1613862458.351,2021-02-20 23:07:38.351000071
2072956784,r7269000-n303509,0,216.375,90.644,60.677,6645.892,25864.108,16.0,68.263,73.387,214.803,89.837,60.198,6664.861,25845.139,16.0,68.15,73.239,254.56,96.0,69.0,6807.0,32510.0,16.0,71.0,77.0,1613576543.122,2021-02-17 15:42:23.121999979
2122471258,r414303-n303509,0,35.771,2.3,0.0,473.66,32036.34,16.0,35.0,34.58,35.771,2.3,0.0,473.66,32036.34,16.0,35.0,34.58,40.15,10.0,0.0,1197.0,32510.0,16.0,35.0,35.0,1613429553.171,2021-02-15 22:52:33.171000004
2137432275,r414303-n948219,0,26.933,0.014,0.0,28.169,32481.831,16.0,31.353,29.736,26.933,0.014,0.0,28.169,32481.831,16.0,31.353,29.736,37.81,3.0,0.0,531.0,32510.0,16.0,33.0,30.0,1614423640.545,2021-02-27 11:00:40.545000076
2149744380,r2215649-n303766,0,26.373,0.0,0.0,2.333,32507.667,16.0,40.0,38.0,26.373,0.0,0.0,2.333,32507.667,16.0,40.0,38.0,26.67,0.0,0.0,4.0,32510.0,16.0,40.0,38.0,1613954813.519,2021-02-22 00:46:53.519000052
2159983735,r2684277-n303509,0,27.085,0.0,0.0,0.0,32510.0,16.0,31.994,31.999,27.084,0.0,0.0,0.0,32510.0,16.0,31.991,32.0,27.23,0.0,0.0,0.0,32510.0,16.0,32.0,32.0,1612542915.306,2021-02-05 16:35:15.305999994
2202004500,r8972851-n303509,0,199.82,83.298,55.891,6564.667,25945.333,16.0,67.178,71.937,198.759,82.536,55.439,6609.256,25900.744,16.0,67.275,72.025,250.12,95.0,63.0,6799.0,32510.0,16.0,71.0,76.0,1613602006.987,2021-02-17 22:46:46.986999989
2210296610,r810901-n172107,0,37.235,0.033,0.0,1017.416,31492.584,16.0,31.703,30.701,37.529,0.003,0.0,1037.477,31472.523,16.0,32.024,31.084,38.82,21.0,1.0,1039.0,32510.0,16.0,33.0,32.0,1614719062.148,2021-03-02 21:04:22.148000002
2266658930,r974863-n410412,0,217.012,91.127,60.968,6642.773,25867.227,16.0,68.441,73.646,215.125,90.201,60.42,6660.865,25849.135,16.0,68.278,73.472,261.08,96.0,65.0,6799.0,32510.0,16.0,71.0,77.0,1613450374.549,2021-02-16 04:39:34.549000025
2283761193,r8024255-n410412,0,191.474,77.959,52.318,6549.002,25960.998,16.0,67.615,71.182,189.612,76.977,51.692,6595.749,25914.251,16.0,67.501,71.056,254.35,94.0,63.0,6807.0,32510.0,16.0,71.0,76.0,1613524343.173,2021-02-17 01:12:23.173000097
2284228052,r9852763-n200569,0,27.456,0.0,0.0,0.0,32510.0,16.0,33.0,30.996,27.456,0.0,0.0,0.0,32510.0,16.0,33.0,30.996,27.58,0.0,0.0,0.0,32510.0,16.0,33.0,31.0,1614716436.26,2021-03-02 20:20:36.259999990
2284228052,r9852763-n200569,1,29.066,0.0,0.0,0.0,32510.0,16.0,30.0,29.997,29.066,0.0,0.0,0.0,32510.0,16.0,30.0,29.997,29.18,0.0,0.0,0.0,32510.0,16.0,30.0,30.0,1614716436.266,2021-03-02 20:20:36.266000032
2316134126,r7141590-n303509,0,28.796,0.0,0.0,0.245,32509.755,16.0,48.802,47.849,28.796,0.0,0.0,0.245,32509.755,16.0,48.802,47.849,29.25,0.0,0.0,4.0,32510.0,16.0,50.0,49.0,1613484414.756,2021-02-16 14:06:54.756000042
2327546471,r8972851-n303509,0,198.093,81.357,54.573,6537.085,25972.915,16.0,68.001,72.687,196.576,80.708,54.206,6591.801,25918.199,16.0,67.968,72.638,249.3,94.0,63.0,6793.0,32510.0,16.0,71.0,76.0,1613605628.57,2021-02-17 23:47:08.569999933
2359089029,r8141575-n303766,0,47.041,1.932,0.35,465.679,32044.321,16.0,42.778,42.021,47.041,1.932,0.35,465.679,32044.321,16.0,42.778,42.021,190.41,99.0,33.0,2359.0,32510.0,16.0,45.0,44.0,1613942501.771,2021-02-21 21:21:41.770999908
2396713562,r7462820-n410412,0,194.371,78.605,52.758,6517.055,25992.945,16.0,68.022,73.924,192.388,78.039,52.416,6581.308,25928.692,16.0,67.944,73.808,253.57,92.0,63.0,6799.0,32510.0,16.0,71.0,78.0,1613573415.909,2021-02-17 14:50:15.908999920
2440960569,r9170217-n948219,0,171.796,71.065,47.721,6384.085,26125.915,16.0,62.611,66.525,174.482,71.708,48.197,6509.843,26000.157,16.0,63.713,67.788,245.26,93.0,63.0,6799.0,32510.0,16.0,68.0,74.0,1613582048.611,2021-02-17 17:14:08.611000061
2469020948,r2215649-n303766,0,50.053,7.275,3.256,18526.194,13983.806,16.0,37.627,34.842,146.765,58.224,25.418,30420.352,2089.648,16.0,62.82,62.507,287.85,100.0,69.0,30437.0,32510.0,16.0,74.0,77.0,1614382903.27,2021-02-26 23:41:43.269999981
2502652461,r492024-n303766,0,208.928,88.136,59.18,6602.601,25907.399,16.0,68.492,73.307,209.33,88.393,59.371,6626.066,25883.934,16.0,68.478,73.315,250.49,94.0,64.0,6793.0,32510.0,16.0,72.0,77.0,1613433941.844,2021-02-16 00:05:41.844000101
2520438258,r7462820-n303766,0,211.064,90.665,60.852,6641.301,25868.699,16.0,68.673,74.08,209.724,89.971,60.425,6658.67,25851.33,16.0,68.53,73.896,246.02,95.0,69.0,6799.0,32510.0,16.0,72.0,78.0,1613651814.927,2021-02-18 12:36:54.927000046
2563161140,r4506251-n410412,0,31.71,0.042,0.0,479.786,32030.214,16.0,32.918,30.969,35.828,0.031,0.0,854.001,31655.999,16.0,34.13,32.151,42.45,15.0,1.0,1123.0,32510.0,16.0,35.0,34.0,1613397640.868,2021-02-15 14:00:40.868000031
2568688845,r7462820-n410412,0,211.789,88.721,59.52,6627.209,25882.791,16.0,68.023,74.305,210.155,87.98,59.071,6649.241,25860.759,16.0,67.977,74.214,253.19,95.0,65.0,6793.0,32510.0,16.0,71.0,77.0,1613582853.655,2021-02-17 17:27:33.654999971
2580759627,r6707841-n200569,0,33.441,0.051,0.001,623.368,31886.632,16.0,33.1,30.025,33.441,0.051,0.001,623.368,31886.632,16.0,33.1,30.025,38.83,21.0,1.0,1039.0,32510.0,16.0,34.0,31.0,1614718435.031,2021-03-02 20:53:55.030999899
2608433278,r1039410-n303509,0,37.974,6.148,0.0,296.389,32213.611,16.0,38.87,36.481,37.974,6.148,0.0,296.389,32213.611,16.0,38.87,36.481,54.75,75.0,0.0,732.0,32510.0,16.0,40.0,37.0,1613082176.112,2021-02-11 22:22:56.111999989
2624390842,r6959555-n172107,1,46.196,25.476,3.779,30460.895,2049.105,16.0,35.814,33.323,45.537,23.462,3.481,31054.036,1455.964,16.0,35.587,32.746,106.08,100.0,6.0,31071.0,32510.0,16.0,37.0,34.0,1614746701.128,2021-03-03 04:45:01.128000020
2648125933,r2684277-n948219,0,31.293,1.373,0.0,235.305,32274.695,16.0,36.305,35.0,31.293,1.373,0.0,235.305,32274.695,16.0,36.305,35.0,39.32,12.0,0.0,991.0,32510.0,16.0,37.0,35.0,1614067336.635,2021-02-23 08:02:16.634999990
2702470905,r8275852-n410412,0,28.798,0.0,0.0,0.0,32510.0,16.0,35.0,37.0,28.798,0.0,0.0,0.0,32510.0,16.0,35.0,37.0,28.99,0.0,0.0,0.0,32510.0,16.0,35.0,37.0,1613356778.684,2021-02-15 02:39:38.684000015
2714263211,r7462820-n410412,1,211.233,88.799,59.737,6641.787,25868.213,16.0,62.986,65.942,210.041,88.081,59.294,6665.266,25844.734,16.0,63.526,66.457,256.46,95.0,65.0,6801.0,32510.0,16.0,71.0,74.0,1613572347.773,2021-02-17 14:32:27.773000002
2717438121,r4683026-n948219,0,78.637,30.013,13.378,1503.758,31006.242,16.0,43.862,44.512,90.56,35.47,16.738,1530.29,30979.71,16.0,53.946,55.732,150.24,71.0,30.0,1533.0,32510.0,16.0,57.0,59.0,1614651262.862,2021-03-02 02:14:22.861999989
2777581995,r974863-n410412,1,205.091,89.526,60.118,6564.929,25945.071,16.0,66.372,70.207,204.086,89.032,59.835,6596.803,25913.197,16.0,66.582,70.431,245.89,100.0,69.0,6807.0,32510.0,16.0,73.0,78.0,1613450704.848,2021-02-16 04:45:04.848000050
2794073484,r7317916-n948219,0,189.75,83.363,56.237,6637.386,25872.614,16.0,67.707,75.51,190.348,83.711,56.516,6667.826,25842.174,16.0,67.983,75.811,238.24,95.0,67.0,6801.0,32510.0,16.0,72.0,81.0,1613477503.413,2021-02-16 12:11:43.413000107
2839751274,r2684277-n948219,0,44.374,7.848,1.594,886.961,31623.039,16.0,43.964,42.518,66.435,34.859,7.305,1074.48,31435.52,16.0,47.837,46.238,103.9,46.0,10.0,1093.0,32510.0,16.0,60.0,59.0,1614076033.326,2021-02-23 10:27:13.325999975
2879535954,r9988778-n303766,0,31.373,0.422,0.013,694.574,31815.426,16.0,32.256,31.342,59.121,38.185,7.204,1123.479,31386.521,16.0,41.473,41.012,98.33,52.0,11.0,1159.0,32510.0,16.0,44.0,44.0,1613373212.68,2021-02-15 07:13:32.680000067
2884706565,r6727430-n948219,0,194.985,82.05,55.099,6497.077,26012.923,16.0,64.957,69.455,193.728,81.086,54.486,6541.708,25968.292,16.0,65.735,70.322,248.31,94.0,64.0,6793.0,32510.0,16.0,70.0,76.0,1613650511.527,2021-02-18 12:15:11.526999950
2909784697,r2215649-n410412,0,213.488,90.137,60.383,6648.578,25861.422,16.0,68.328,70.937,213.486,90.193,60.445,6665.178,25844.822,16.0,68.332,70.936,252.58,95.0,65.0,6807.0,32510.0,16.0,71.0,74.0,1613436955.606,2021-02-16 00:55:55.605999947
2912790922,r9648383-n410412,0,26.27,0.0,0.0,0.0,32510.0,16.0,33.0,32.998,60.037,20.24,7.669,16471.053,16038.947,16.0,40.523,39.85,151.35,52.0,22.0,23559.0,32510.0,16.0,49.0,49.0,1614349897.677,2021-02-26 14:31:37.677000046
2919104239,r9480604-n410412,0,27.449,0.0,0.0,1.913,32508.087,16.0,38.0,36.923,61.503,19.91,7.943,14873.017,17636.983,16.0,45.394,43.266,153.29,100.0,24.0,32493.0,32510.0,16.0,53.0,51.0,1614254524.528,2021-02-25 12:02:04.528000115
3044351741,r8275852-n410412,0,198.718,85.376,57.343,6264.14,26245.86,16.0,64.528,70.111,199.098,85.47,57.42,6337.772,26172.228,16.0,65.106,70.771,246.89,98.0,64.0,6793.0,32510.0,16.0,72.0,78.0,1613490560.514,2021-02-16 15:49:20.513999938
3067544405,r4099734-n772143,1,39.538,22.644,0.901,30375.989,2134.011,16.0,32.442,31.677,39.581,20.288,0.8,31046.858,1463.142,16.0,32.684,31.952,53.13,34.0,2.0,31071.0,32510.0,16.0,33.0,33.0,1614731994.242,2021-03-03 00:39:54.242000103
3081441555,r8024255-n303766,0,54.276,32.791,17.484,1849.063,30660.937,16.0,37.908,36.56,54.276,32.791,17.484,1849.063,30660.937,16.0,37.908,36.56,71.38,56.0,32.0,2131.0,32510.0,16.0,41.0,41.0,1614754882.887,2021-03-03 07:01:22.887000084
3099583129,r8275852-n410412,0,27.536,0.0,0.0,0.0,32510.0,16.0,30.0,31.517,27.536,0.0,0.0,0.0,32510.0,16.0,30.0,31.517,27.71,0.0,0.0,0.0,32510.0,16.0,30.0,32.0,1613922739.861,2021-02-21 15:52:19.861000061
3100229904,r8275852-n303766,0,25.811,0.0,0.0,0.0,32510.0,16.0,31.0,30.0,25.811,0.0,0.0,0.0,32510.0,16.0,31.0,30.0,25.91,0.0,0.0,0.0,32510.0,16.0,31.0,30.0,1613165433.182,2021-02-12 21:30:33.181999922
3100229904,r8275852-n303766,1,27.475,0.0,0.0,0.0,32510.0,16.0,31.0,28.0,27.475,0.0,0.0,0.0,32510.0,16.0,31.0,28.0,27.59,0.0,0.0,0.0,32510.0,16.0,31.0,28.0,1613165433.185,2021-02-12 21:30:33.184999943
3119613840,r9170217-n948219,0,189.432,78.556,52.758,6530.472,25979.528,16.0,67.06,71.842,188.009,77.429,52.02,6585.434,25924.566,16.0,67.34,72.129,247.01,94.0,63.0,6799.0,32510.0,16.0,70.0,76.0,1613586637.374,2021-02-17 18:30:37.374000072
3152220526,r7419443-n948219,0,27.036,0.0,0.0,0.0,32510.0,16.0,30.266,28.989,27.021,0.0,0.0,0.0,32510.0,16.0,30.223,28.957,27.22,0.0,0.0,0.0,32510.0,16.0,31.0,30.0,1613934724.416,2021-02-21 19:12:04.415999889
3162548193,r492024-n303766,0,50.118,16.256,3.516,798.475,31711.525,16.0,44.424,42.946,71.073,41.24,9.614,1130.823,31379.177,16.0,51.986,51.726,116.35,55.0,14.0,1159.0,32444.0,16.0,54.0,55.0,1613409851.328,2021-02-15 17:24:11.328000069
3206904286,r974863-n410412,0,35.44,0.264,0.013,742.214,31767.786,16.0,36.409,35.449,64.457,32.802,8.042,1115.794,31394.206,16.0,43.232,42.859,109.74,48.0,13.0,1159.0,32510.0,16.0,46.0,46.0,1613426850.993,2021-02-15 22:07:30.993000031
3214936740,r9170217-n948219,0,190.449,78.806,52.903,6506.405,26003.595,16.0,65.914,70.556,189.517,78.2,52.532,6577.921,25932.079,16.0,66.655,71.38,247.47,94.0,63.0,6807.0,32510.0,16.0,71.0,76.0,1613581200.082,2021-02-17 17:00:00.082000017
3277108223,r6727430-n948219,0,195.396,82.205,55.22,6542.586,25967.414,16.0,64.434,68.88,193.611,80.901,54.373,6589.003,25920.997,16.0,65.283,69.814,248.09,94.0,63.0,6799.0,32510.0,16.0,70.0,76.0,1613651349.513,2021-02-18 12:29:09.513000011
3318577498,r7269000-n303509,0,216.662,90.827,60.861,6652.984,25857.016,16.0,68.139,73.117,215.206,90.019,60.38,6672.616,25837.384,16.0,68.06,73.004,253.47,95.0,66.0,6807.0,32510.0,16.0,71.0,76.0,1613585397.733,2021-02-17 18:09:57.733000040
3328773521,r9170217-n948219,0,27.319,0.0,0.0,0.0,32510.0,16.0,31.761,30.0,86.515,54.233,17.639,2576.359,29933.641,16.0,47.11,46.851,136.68,69.0,24.0,2693.0,32510.0,16.0,50.0,50.0,1613401917.531,2021-02-15 15:11:57.530999899
3343356803,r44132-n303766,0,200.03,82.971,55.735,6256.606,26253.394,16.0,67.529,74.222,200.272,83.238,55.963,6363.371,26146.629,16.0,67.656,74.388,251.23,95.0,65.0,6799.0,32510.0,16.0,72.0,80.0,1613463917.884,2021-02-16 08:25:17.884000063
3389423627,r974863-n410412,0,215.72,90.543,60.663,6648.488,25861.512,16.0,68.279,73.533,214.237,89.737,60.174,6666.576,25843.424,16.0,68.153,73.383,260.28,96.0,67.0,6801.0,32510.0,16.0,71.0,77.0,1613448117.038,2021-02-16 04:01:57.038000107
3409390841,r8275852-n410412,0,33.22,0.031,0.002,0.0,32510.0,16.0,41.884,42.995,29.371,0.011,0.0,2.708,32507.292,16.0,36.513,37.567,56.76,89.0,6.0,1353.0,32510.0,16.0,61.0,63.0,1613492285.12,2021-02-16 16:18:05.119999886
3430773196,r9480604-n410412,0,27.292,0.0,0.0,0.235,32509.765,16.0,38.0,36.0,27.292,0.0,0.0,0.235,32509.765,16.0,38.0,36.0,27.55,0.0,0.0,4.0,32510.0,16.0,38.0,36.0,1613786350.417,2021-02-20 01:59:10.417000055
3432049699,r7753495-n303509,0,36.258,3.44,0.983,620.014,31889.986,16.0,35.625,34.157,50.134,14.663,4.592,1590.316,30919.684,16.0,37.832,36.039,126.17,46.0,16.0,1603.0,32510.0,16.0,52.0,51.0,1613514207.82,2021-02-16 22:23:27.819999933
3442758129,r2684277-n948219,0,45.522,14.895,2.41,29731.537,2778.463,16.0,41.536,39.665,46.75,14.915,2.452,30931.016,1578.984,16.0,42.1,40.214,60.45,100.0,11.0,31071.0,32510.0,16.0,43.0,42.0,1614079401.136,2021-02-23 11:23:21.135999918
3443456262,r8972851-n303509,0,194.516,78.801,52.829,6505.225,26004.775,16.0,67.91,72.306,194.424,78.945,52.96,6571.221,25938.779,16.0,67.875,72.312,249.31,95.0,64.0,6799.0,32510.0,16.0,71.0,76.0,1613611000.127,2021-02-18 01:16:40.127000093
3463616645,r414303-n172107,0,55.34,24.567,10.731,29196.598,3313.402,16.0,36.757,35.331,56.541,26.674,11.592,31020.712,1489.288,16.0,39.251,37.627,114.61,58.0,21.0,31071.0,32510.0,16.0,41.0,41.0,1614715744.666,2021-03-02 20:09:04.665999889
3470677188,r8972851-n948219,0,66.928,16.7,13.747,20834.452,11675.548,16.0,45.597,45.22,87.314,29.523,24.533,26714.214,5795.786,16.0,50.273,50.682,217.38,100.0,91.0,26757.0,32510.0,16.0,57.0,63.0,1613478490.762,2021-02-16 12:28:10.762000084
3500409546,r44132-n303766,0,198.939,84.65,56.606,6292.834,26217.166,16.0,63.182,69.384,195.371,82.339,55.119,6397.371,26112.629,16.0,64.2,70.472,251.12,95.0,65.0,6799.0,32510.0,16.0,71.0,79.0,1613463165.175,2021-02-16 08:12:45.174999952
3516563303,r7141590-n303509,0,54.622,15.75,4.924,1429.931,31080.069,16.0,43.356,41.668,98.577,57.627,18.241,2625.438,29884.562,16.0,53.49,51.875,156.11,71.0,23.0,2693.0,32510.0,16.0,56.0,55.0,1613418535.404,2021-02-15 19:48:55.404000044
3523623386,r4605940-n303509,0,49.98,16.709,5.286,1179.491,31330.509,16.0,35.136,33.183,71.219,33.546,10.907,1659.519,30850.481,16.0,40.368,38.614,141.97,73.0,26.0,1687.0,32510.0,16.0,51.0,51.0,1612884513.82,2021-02-09 15:28:33.819999933
3544789315,r6727430-n948219,0,26.474,0.0,0.0,0.0,32510.0,16.0,32.0,31.0,26.474,0.0,0.0,0.0,32510.0,16.0,32.0,31.0,26.52,0.0,0.0,0.0,32510.0,16.0,32.0,31.0,1613613180.667,2021-02-18 01:53:00.667000055
3579125299,r4683026-n948219,0,27.654,0.0,0.0,0.0,32510.0,16.0,39.241,39.562,38.159,0.002,0.0,30238.143,2271.857,16.0,40.951,40.822,45.99,100.0,6.0,30707.0,32510.0,16.0,44.0,44.0,1614273381.636,2021-02-25 17:16:21.635999918
3579199314,r7141590-n772143,0,26.678,0.0,0.0,0.0,32510.0,16.0,29.272,28.014,26.671,0.0,0.0,0.0,32510.0,16.0,29.18,27.988,26.85,0.0,0.0,0.0,32510.0,16.0,30.0,29.0,1614723131.245,2021-03-02 22:12:11.244999886
3579199314,r7141590-n772143,1,26.934,0.0,0.0,0.0,32510.0,16.0,29.126,28.297,26.928,0.0,0.0,0.0,32510.0,16.0,29.09,28.232,27.23,0.0,0.0,0.0,32510.0,16.0,30.0,29.0,1614723131.256,2021-03-02 22:12:11.256000041
3596043845,r8141575-n303766,0,27.573,0.0,0.0,0.0,32510.0,16.0,39.0,39.0,27.573,0.0,0.0,0.0,32510.0,16.0,39.0,39.0,27.65,0.0,0.0,0.0,32510.0,16.0,39.0,39.0,1613942297.458,2021-02-21 21:18:17.457999945
3601240052,r2215649-n410412,0,28.122,0.102,0.001,59.524,32450.476,16.0,38.168,35.309,40.008,4.595,0.225,3107.957,29402.043,16.0,40.837,37.723,148.09,74.0,18.0,3183.0,32510.0,16.0,45.0,42.0,1613832667.63,2021-02-20 14:51:07.630000114
3656588335,r9170217-n948219,0,27.616,0.0,0.0,0.0,32510.0,16.0,34.0,32.0,27.616,0.0,0.0,0.0,32510.0,16.0,34.0,32.0,27.86,0.0,0.0,0.0,32510.0,16.0,34.0,32.0,1613429372.884,2021-02-15 22:49:32.884000063
3755469783,r4683026-n948219,1,52.183,18.967,2.532,809.461,31700.539,16.0,41.243,38.938,63.444,26.628,3.558,1179.332,31330.668,16.0,44.675,42.029,120.58,89.0,12.0,1315.0,32510.0,16.0,47.0,44.0,1613862538.275,2021-02-20 23:08:58.275000095
3789578506,r7269000-n303509,0,214.096,89.444,59.904,6644.753,25865.247,16.0,67.815,72.657,213.172,88.907,59.602,6665.994,25844.006,16.0,67.789,72.615,253.66,95.0,66.0,6799.0,32510.0,16.0,71.0,76.0,1613583451.667,2021-02-17 17:37:31.667000055
3792599087,r7753495-n948219,0,52.316,24.829,6.356,1015.602,31494.398,16.0,33.154,30.984,67.35,39.647,10.037,1511.799,30998.201,16.0,39.684,37.888,118.39,55.0,15.0,1539.0,32510.0,16.0,42.0,40.0,1613245467.713,2021-02-13 19:44:27.713000059
3794348780,r44132-n303766,0,199.61,82.368,55.247,6621.77,25888.23,16.0,68.494,75.63,186.234,75.328,50.577,6668.424,25841.576,16.0,67.334,73.886,251.95,95.0,67.0,6801.0,32510.0,16.0,72.0,80.0,1613452308.888,2021-02-16 05:11:48.888000011
3829393025,r7141590-n948219,0,206.156,84.216,56.327,6588.142,25921.858,16.0,68.604,73.285,204.168,83.339,55.745,6621.596,25888.404,16.0,68.434,73.045,261.04,96.0,65.0,6799.0,32510.0,16.0,72.0,78.0,1613431931.01,2021-02-15 23:32:11.009999990
3904282188,r2215649-n303766,0,35.911,0.739,0.007,1076.149,31433.851,16.0,34.55,31.55,156.542,93.998,20.535,19492.589,13017.411,16.0,66.903,65.005,277.24,100.0,55.0,19959.0,32510.0,16.0,74.0,74.0,1613990825.024,2021-02-22 10:47:05.023999929
3904282188,r2215649-n303766,1,36.486,0.106,0.001,1076.271,31433.729,16.0,32.685,30.511,156.35,94.208,20.542,20697.623,11812.377,16.0,62.393,60.106,275.56,100.0,55.0,21192.0,32510.0,16.0,71.0,70.0,1613990825.027,2021-02-22 10:47:05.026999950
3904282188,r414303-n948219,0,35.218,0.044,0.0,1075.684,31434.316,16.0,33.111,30.47,152.428,93.898,20.599,19496.241,13013.759,16.0,66.589,65.158,265.65,100.0,55.0,19959.0,32510.0,16.0,74.0,74.0,1613990825.023,2021-02-22 10:47:05.023000002
3904282188,r414303-n948219,1,34.882,0.048,0.0,1075.863,31434.137,16.0,31.956,31.368,152.835,79.961,20.37,20701.003,11808.997,16.0,61.198,58.868,274.14,100.0,55.0,21192.0,32510.0,16.0,71.0,70.0,1613990825.026,2021-02-22 10:47:05.026000023
3915353637,r7419443-n948219,0,166.622,77.449,47.173,2951.77,29558.23,16.0,61.049,65.112,190.49,87.579,53.853,3320.916,29189.084,16.0,67.767,73.197,206.94,91.0,56.0,4293.0,32510.0,16.0,70.0,76.0,1613938913.707,2021-02-21 20:21:53.707000017
3920101496,r974863-n410412,1,41.87,8.632,2.578,1103.835,31406.165,16.0,35.672,31.74,58.886,30.941,9.652,1519.702,30990.298,16.0,41.085,38.095,104.89,41.0,14.0,1539.0,32510.0,16.0,44.0,41.0,1613429755.858,2021-02-15 22:55:55.858000040
3943041189,r8141575-n410412,0,35.098,3.501,1.794,1195.425,31314.575,16.0,34.14,32.8,41.906,5.524,1.963,3108.213,29401.787,16.0,37.108,35.358,162.47,89.0,35.0,7736.0,32510.0,16.0,45.0,48.0,1614181447.962,2021-02-24 15:44:07.961999893
3943041189,r8141575-n410412,1,30.864,0.037,0.0,392.429,32117.571,16.0,32.709,30.875,39.046,0.0,0.0,1203.542,31306.458,16.0,35.42,33.35,39.69,24.0,1.0,1205.0,32510.0,16.0,37.0,35.0,1614181447.97,2021-02-24 15:44:07.970000029
3959072825,r6707841-n172107,0,54.096,24.282,9.829,29121.842,3388.158,16.0,37.178,35.257,56.885,26.584,10.775,31017.009,1492.991,16.0,40.084,38.201,116.09,45.0,19.0,31071.0,32510.0,16.0,42.0,41.0,1614715744.612,2021-03-02 20:09:04.611999989
3961143424,r7141590-n948219,0,214.305,88.897,59.444,6624.802,25885.198,16.0,68.317,73.412,214.271,88.955,59.501,6649.272,25860.728,16.0,68.306,73.426,262.35,96.0,65.0,6801.0,32510.0,16.0,71.0,77.0,1613432659.632,2021-02-15 23:44:19.631999969
3975864097,r9988778-n303766,0,194.05,82.082,54.84,6038.794,26471.206,16.0,62.443,68.658,195.936,82.755,55.367,6195.116,26314.884,16.0,63.566,69.822,256.17,95.0,65.0,6865.0,32510.0,16.0,73.0,80.0,1613462091.101,2021-02-16 07:54:51.101000071
4020149119,r7269000-n948219,0,180.923,70.301,46.81,6519.253,25990.747,16.0,66.585,69.077,182.742,71.136,47.401,6605.837,25904.163,16.0,66.788,69.281,263.87,95.0,64.0,6799.0,32510.0,16.0,73.0,76.0,1613441986.25,2021-02-16 02:19:46.250000000
4029987869,r8972851-n948219,0,49.49,5.501,1.605,5958.824,26551.176,16.0,37.479,35.589,50.815,6.131,1.833,16818.493,15691.507,16.0,38.535,36.636,181.28,85.0,46.0,32509.0,32510.0,16.0,41.0,41.0,1613184579.279,2021-02-13 02:49:39.279000044
4183482750,r216287-n303509,1,101.006,64.617,21.004,1674.565,30835.435,16.0,50.437,49.531,99.825,63.505,20.623,1683.362,30826.638,16.0,50.379,49.485,134.82,75.0,26.0,1699.0,32510.0,16.0,51.0,51.0,1612824719.369,2021-02-08 22:51:59.368999958
4187240798,r4506251-n410412,0,29.653,0.518,0.018,109.536,32400.464,16.0,34.232,32.982,29.653,0.518,0.018,109.536,32400.464,16.0,34.232,32.982,38.93,9.0,1.0,457.0,32510.0,16.0,35.0,33.0,1613016520.849,2021-02-11 04:08:40.848999977
4220860779,r6727430-n303509,0,208.837,89.483,60.061,6654.077,25855.923,16.0,68.427,73.415,208.807,89.686,60.224,6670.296,25839.704,16.0,68.433,73.431,246.73,95.0,65.0,6807.0,32510.0,16.0,71.0,77.0,1613438435.287,2021-02-16 01:20:35.286999941
4267788194,r7141590-n303509,0,177.949,67.777,45.187,6461.855,26048.145,16.0,67.939,69.031,179.03,68.29,45.58,6578.639,25931.361,16.0,67.884,69.011,269.03,94.0,64.0,6801.0,32510.0,16.0,73.0,75.0,1613486273.746,2021-02-16 14:37:53.746000051
4332385915,r4683026-n200569,0,206.501,93.673,54.264,28343.93,4166.07,16.0,64.334,66.326,208.654,94.323,54.714,28830.746,3679.254,16.0,65.96,68.248,278.67,100.0,63.0,32489.0,32510.0,16.0,73.0,76.0,1614722453.304,2021-03-02 22:00:53.303999901
4337085376,r7141590-n172107,0,46.377,26.353,7.43,29131.647,3378.353,16.0,34.793,34.404,46.352,26.236,7.291,31015.448,1494.552,16.0,36.221,35.526,88.4,40.0,11.0,31071.0,32510.0,16.0,38.0,38.0,1614715744.723,2021-03-02 20:09:04.723000050
4421064049,r810901-n948219,0,26.205,0.0,0.0,0.0,32510.0,16.0,30.75,31.0,26.205,0.0,0.0,0.0,32510.0,16.0,30.75,31.0,26.27,0.0,0.0,0.0,32510.0,16.0,31.0,31.0,1613749604.241,2021-02-19 15:46:44.240999937
4421064049,r810901-n948219,1,25.862,0.0,0.0,0.0,32510.0,16.0,29.0,29.0,25.862,0.0,0.0,0.0,32510.0,16.0,29.0,29.0,25.91,0.0,0.0,0.0,32510.0,16.0,29.0,29.0,1613749604.245,2021-02-19 15:46:44.244999886
4435464308,r6727430-n303509,0,208.826,89.749,60.306,6645.441,25864.559,16.0,68.544,73.535,208.79,89.786,60.378,6663.943,25846.057,16.0,68.531,73.511,248.27,98.0,65.0,6801.0,32510.0,16.0,71.0,77.0,1613436271.956,2021-02-16 00:44:31.956000090
4495460559,r414303-n303509,0,26.819,0.0,0.0,0.004,32509.996,16.0,33.0,32.997,38.923,0.558,0.248,26048.942,6461.058,16.0,37.293,36.872,197.63,100.0,47.0,26864.0,32510.0,16.0,57.0,62.0,1613040267.138,2021-02-11 10:44:27.138000011
4546004941,r492024-n303766,0,205.494,86.978,58.393,6621.319,25888.681,16.0,68.495,73.294,206.22,87.301,58.627,6647.887,25862.113,16.0,68.476,73.288,249.51,95.0,64.0,6801.0,32510.0,16.0,72.0,77.0,1613435000.265,2021-02-16 00:23:20.265000105
4566641654,r8141575-n303766,1,25.727,0.0,0.0,0.0,32510.0,16.0,33.0,31.0,25.727,0.0,0.0,0.0,32510.0,16.0,33.0,31.0,25.75,0.0,0.0,0.0,32510.0,16.0,33.0,31.0,1614081808.69,2021-02-23 12:03:28.690000057
4653567009,r8972851-n303509,0,199.079,82.292,55.145,6558.184,25951.816,16.0,67.685,72.447,193.966,79.538,53.345,6613.895,25896.105,16.0,67.555,72.175,250.35,94.0,63.0,6807.0,32510.0,16.0,71.0,76.0,1613604412.327,2021-02-17 23:26:52.326999903
4682289870,r2215649-n303766,0,25.285,0.0,0.0,0.0,32510.0,16.0,32.0,29.969,25.382,0.0,0.0,0.0,32510.0,16.0,32.84,30.39,25.69,0.0,0.0,0.0,32510.0,16.0,33.0,31.0,1614348642.319,2021-02-26 14:10:42.319000006
4722135196,r7141590-n772143,0,26.898,0.0,0.0,0.0,32510.0,16.0,30.46,29.067,32.297,3.293,0.571,389.804,32120.196,16.0,32.304,31.102,217.35,100.0,22.0,7629.0,32510.0,16.0,57.0,52.0,1614723650.471,2021-03-02 22:20:50.470999956
4722135196,r7141590-n772143,1,27.216,0.0,0.0,0.0,32510.0,16.0,30.465,29.627,27.314,0.0,0.0,0.0,32510.0,16.0,30.935,30.045,27.53,0.0,0.0,0.0,32510.0,16.0,31.0,31.0,1614723650.481,2021-03-02 22:20:50.480999947
4744021226,r7141590-n948219,0,214.714,88.843,59.454,6607.413,25902.587,16.0,68.543,73.596,215.062,89.129,59.67,6632.965,25877.035,16.0,68.515,73.592,262.45,96.0,65.0,6799.0,32510.0,16.0,73.0,78.0,1613435834.375,2021-02-16 00:37:14.375000000
4774237816,r44132-n303766,0,45.47,9.502,3.12,1513.751,30996.249,16.0,36.376,35.743,65.389,31.142,10.496,1597.27,30912.73,16.0,42.011,42.205,113.13,43.0,16.0,1605.0,32510.0,16.0,44.0,45.0,1613332657.39,2021-02-14 19:57:37.390000105
4856307055,r7419443-n948219,0,26.924,0.0,0.0,0.0,32510.0,16.0,30.0,28.781,26.924,0.0,0.0,0.0,32510.0,16.0,30.0,28.781,27.02,0.0,0.0,0.0,32510.0,16.0,30.0,29.0,1613935082.593,2021-02-21 19:18:02.592999935
4887943013,r8141575-n303766,1,41.732,8.154,1.972,686.449,31823.551,16.0,32.535,30.444,65.232,23.101,4.948,2182.184,30327.816,16.0,40.199,37.448,220.76,58.0,16.0,2769.0,32510.0,16.0,45.0,42.0,1613936156.435,2021-02-21 19:35:56.434999943
4912762340,r9988778-n410412,0,25.25,0.0,0.0,0.0,32510.0,16.0,30.0,29.0,25.255,0.0,0.0,0.295,32509.705,16.0,30.0,29.0,25.39,0.0,0.0,4.0,32510.0,16.0,30.0,29.0,1614735079.605,2021-03-03 01:31:19.605000019
4918105912,r8532701-n772143,1,46.773,21.863,5.146,30269.294,2240.706,16.0,37.103,32.943,46.516,21.741,5.015,31053.656,1456.344,16.0,37.427,33.439,117.52,42.0,9.0,31071.0,32510.0,16.0,40.0,36.0,1614744290.077,2021-03-03 04:04:50.076999903
4963257496,r8275852-n410412,0,44.126,22.107,3.306,30255.063,2254.937,16.0,38.953,39.917,42.189,11.713,1.731,31057.88,1452.12,16.0,39.428,40.289,64.76,100.0,6.0,31071.0,32510.0,16.0,40.0,41.0,1613418194.735,2021-02-15 19:43:14.734999895
5004147219,r9170217-n303509,1,207.472,87.679,58.783,6618.936,25891.064,16.0,58.507,62.111,207.855,87.909,58.953,6642.183,25867.817,16.0,58.816,62.472,255.29,95.0,64.0,6799.0,32510.0,16.0,65.0,69.0,1613437199.31,2021-02-16 00:59:59.309999943
5010297257,r974863-n410412,0,215.182,91.099,60.991,6641.241,25868.759,16.0,64.592,69.286,213.676,90.251,60.462,6659.258,25850.742,16.0,65.089,69.814,260.93,96.0,66.0,6799.0,32510.0,16.0,73.0,78.0,1613450023.773,2021-02-16 04:33:43.773000002
5040839751,r9988778-n303766,1,26.386,0.0,0.0,0.0,32510.0,16.0,30.0,28.0,26.386,0.0,0.0,0.0,32510.0,16.0,30.0,28.0,26.51,0.0,0.0,0.0,32510.0,16.0,30.0,28.0,1614755008.145,2021-03-03 07:03:28.144999981
5089315542,r44132-n303766,0,190.833,79.192,53.128,6344.742,26165.258,16.0,64.252,70.482,192.903,79.944,53.688,6449.179,26060.821,16.0,65.21,71.701,253.11,94.0,64.0,6801.0,32510.0,16.0,73.0,82.0,1613451915.181,2021-02-16 05:05:15.180999994
5111850289,r8275852-n410412,0,35.66,0.28,0.003,533.113,31976.887,16.0,32.358,33.24,59.94,26.867,6.533,1054.374,31455.626,16.0,38.052,38.62,112.99,52.0,13.0,1093.0,32510.0,16.0,40.0,41.0,1614060680.96,2021-02-23 06:11:20.960000038
5194298959,r8972851-n303509,0,197.234,80.707,54.083,6559.027,25950.973,16.0,67.876,72.493,196.032,80.048,53.694,6612.659,25897.341,16.0,67.939,72.53,251.04,95.0,67.0,6807.0,32510.0,16.0,72.0,78.0,1613594493.378,2021-02-17 20:41:33.378000021
5231649935,r4683026-n948219,0,34.505,0.043,0.0,999.931,31510.069,16.0,34.936,34.279,36.25,0.03,0.002,1241.258,31268.742,16.0,35.8,35.072,56.02,35.0,6.0,3515.0,32510.0,16.0,39.0,37.0,1613971579.496,2021-02-22 05:26:19.496000051
5307833186,r216287-n303509,1,67.185,40.262,15.578,1302.799,31207.201,16.0,41.913,41.211,67.185,40.262,15.578,1302.799,31207.201,16.0,41.913,41.211,78.74,56.0,20.0,1331.0,32510.0,16.0,43.0,42.0,1612829313.064,2021-02-09 00:08:33.063999891
5316285025,r1039410-n303509,0,26.705,0.0,0.0,2.315,32507.685,16.0,38.749,36.898,26.705,0.0,0.0,2.315,32507.685,16.0,38.749,36.898,27.09,0.0,0.0,4.0,32510.0,16.0,39.0,37.0,1613081594.357,2021-02-11 22:13:14.357000113
5327290306,r8275852-n303766,0,32.664,0.316,0.022,1460.951,31049.049,16.0,33.169,31.839,92.808,50.865,22.271,8539.19,23970.81,16.0,48.034,47.556,167.99,100.0,38.0,8903.0,32510.0,16.0,56.0,58.0,1613738198.655,2021-02-19 12:36:38.654999971
5368658252,r9170217-n303509,0,210.254,88.01,59.139,6626.742,25883.258,16.0,68.396,70.141,210.464,88.211,59.281,6647.952,25862.048,16.0,68.378,70.103,255.76,95.0,64.0,6799.0,32510.0,16.0,72.0,74.0,1613436533.872,2021-02-16 00:48:53.871999979
5371942709,r4506251-n303766,0,48.771,19.689,5.131,645.619,31864.381,16.0,40.21,41.312,70.152,42.717,11.058,1484.832,31025.168,16.0,45.712,47.188,125.21,61.0,18.0,1539.0,32510.0,16.0,47.0,50.0,1613473392.193,2021-02-16 11:03:12.193000078
5416113298,r7753495-n303509,0,37.065,1.685,0.345,650.389,31859.611,16.0,38.621,36.77,76.318,40.3,11.91,1568.666,30941.334,16.0,47.638,46.203,140.69,54.0,17.0,1637.0,32510.0,16.0,50.0,49.0,1613676483.745,2021-02-18 19:28:03.744999886
5420242366,r6707841-n172107,0,43.88,26.692,3.401,30450.788,2059.212,16.0,36.669,34.446,43.537,24.201,3.065,31053.135,1456.865,16.0,37.239,35.011,71.63,39.0,5.0,31071.0,32510.0,16.0,39.0,37.0,1614736392.659,2021-03-03 01:53:12.658999920
5433951839,r216287-n303509,1,44.518,20.697,6.662,799.952,31710.048,16.0,31.221,29.841,44.518,20.697,6.662,799.952,31710.048,16.0,31.221,29.841,68.26,41.0,14.0,1327.0,32510.0,16.0,33.0,32.0,1612830300.678,2021-02-09 00:25:00.677999973
5448968019,r216287-n303509,1,27.637,0.0,0.0,2.308,32507.692,16.0,37.0,35.615,27.637,0.0,0.0,2.308,32507.692,16.0,37.0,35.615,27.95,0.0,0.0,4.0,32510.0,16.0,37.0,36.0,1612829832.126,2021-02-09 00:17:12.125999928
5486075855,r4605940-n303509,0,74.805,34.19,3.785,24936.172,7573.828,16.0,43.115,40.61,86.883,44.676,4.97,31008.153,1501.847,16.0,46.01,43.302,154.07,100.0,11.0,31025.0,32510.0,16.0,49.0,46.0,1613303614.337,2021-02-14 11:53:34.336999893
5524269537,r7269000-n303509,0,215.683,90.534,60.685,6612.25,25897.75,16.0,68.23,73.232,213.803,89.582,60.087,6634.187,25875.813,16.0,68.09,73.063,253.94,100.0,69.0,6801.0,32510.0,16.0,71.0,76.0,1613579812.65,2021-02-17 16:36:52.650000095
5530265350,r7462820-n410412,0,179.809,70.535,47.356,6486.666,26023.334,16.0,67.743,72.866,180.702,70.843,47.605,6582.998,25927.002,16.0,67.743,72.92,253.86,93.0,63.0,6801.0,32510.0,16.0,73.0,79.0,1613574677.249,2021-02-17 15:11:17.249000072
5532128467,r4099734-n200569,1,121.925,58.766,32.777,16112.263,16397.737,16.0,34.811,36.274,121.925,58.766,32.777,16112.263,16397.737,16.0,34.811,36.274,226.62,100.0,61.0,32163.0,32510.0,16.0,41.0,44.0,1614719736.296,2021-03-02 21:15:36.296000004
5564081895,r6959555-n750018,0,22.883,0.0,0.0,0.0,32510.0,16.0,28.0,25.647,22.883,0.0,0.0,0.0,32510.0,16.0,28.0,25.647,22.97,0.0,0.0,0.0,32510.0,16.0,28.0,26.0,1614737637.602,2021-03-03 02:13:57.601999998
5586399448,r8972851-n303509,0,188.899,78.695,52.746,6487.839,26022.161,16.0,64.26,68.465,188.176,78.079,52.375,6560.117,25949.883,16.0,65.204,69.478,252.48,95.0,64.0,6793.0,32510.0,16.0,73.0,79.0,1613611960.384,2021-02-18 01:32:40.384000063
5604055465,r7269000-n948219,0,27.804,0.0,0.0,0.294,32509.706,16.0,38.206,37.132,27.804,0.0,0.0,0.294,32509.706,16.0,38.206,37.132,28.12,0.0,0.0,4.0,32510.0,16.0,39.0,38.0,1613430000.058,2021-02-15 23:00:00.058000088
5667158307,r492024-n303766,0,31.814,0.122,0.002,696.453,31813.547,16.0,34.018,32.176,31.814,0.122,0.002,696.453,31813.547,16.0,34.018,32.176,37.03,16.0,1.0,1271.0,32510.0,16.0,35.0,33.0,1613351621.8,2021-02-15 01:13:41.799999952
5699209944,r8141575-n303766,0,52.269,20.241,7.261,30611.583,1898.417,16.0,39.928,39.552,49.989,15.548,5.375,31028.392,1481.608,16.0,43.144,42.824,81.62,100.0,26.0,31071.0,32510.0,16.0,48.0,49.0,1614196605.552,2021-02-24 19:56:45.552000046
5767305669,r7269000-n303509,0,217.212,90.981,60.904,6654.903,25855.097,16.0,68.282,73.306,215.636,90.139,60.389,6671.845,25838.155,16.0,68.164,73.15,253.57,95.0,66.0,6807.0,32510.0,16.0,70.0,76.0,1613581236.195,2021-02-17 17:00:36.194999933
5788768981,r44132-n303766,0,26.403,0.0,0.0,0.0,32510.0,16.0,37.0,37.0,26.403,0.0,0.0,0.0,32510.0,16.0,37.0,37.0,26.59,0.0,0.0,0.0,32510.0,16.0,37.0,37.0,1613472827.207,2021-02-16 10:53:47.207000017
5791101525,r8024255-n303766,0,31.061,3.471,0.0,10103.832,22406.168,16.0,34.857,32.444,38.434,9.774,0.062,29019.397,3490.603,16.0,36.888,34.244,41.17,19.0,1.0,30709.0,32510.0,16.0,38.0,36.0,1614337124.358,2021-02-26 10:58:44.358000040
5801687419,r7462820-n303766,0,35.146,0.287,0.038,770.086,31739.914,16.0,34.22,32.144,38.796,0.264,0.037,1251.1,31258.9,16.0,38.34,36.198,57.4,40.0,6.0,1407.0,32510.0,16.0,43.0,41.0,1613435279.718,2021-02-16 00:27:59.717999935
5805000493,r5179276-n948219,0,208.237,89.671,60.278,6641.148,25868.852,16.0,68.58,76.201,204.649,87.883,59.119,6663.102,25846.898,16.0,68.262,75.726,245.05,95.0,66.0,6807.0,32510.0,16.0,71.0,79.0,1613579802.574,2021-02-17 16:36:42.573999882
5858243261,r6707841-n172107,0,40.878,22.497,1.676,30108.66,2401.34,16.0,37.353,34.921,40.26,23.554,1.642,31041.062,1468.938,16.0,36.065,33.904,50.19,100.0,6.0,31071.0,32510.0,16.0,40.0,38.0,1614726630.704,2021-03-02 23:10:30.703999996
5873165395,r7317916-n948219,1,196.192,80.351,53.956,6558.736,25951.264,16.0,64.268,69.195,195.05,79.775,53.635,6614.162,25895.838,16.0,64.208,69.097,255.08,94.0,64.0,6807.0,32510.0,16.0,70.0,76.0,1613483934.762,2021-02-16 13:58:54.762000084
5882838115,r8473362-n410412,1,26.051,0.0,0.0,0.0,32510.0,16.0,32.0,31.0,26.051,0.0,0.0,0.0,32510.0,16.0,32.0,31.0,26.15,0.0,0.0,0.0,32510.0,16.0,32.0,31.0,1614734934.216,2021-03-03 01:28:54.216000080
5905324570,r4506251-n410412,0,26.213,0.0,0.0,3.558,32506.442,16.0,34.0,32.935,26.192,0.0,0.0,3.97,32506.03,16.0,33.113,32.042,26.59,0.0,0.0,4.0,32510.0,16.0,34.0,33.0,1613016581.613,2021-02-11 04:09:41.612999916
5930469845,r7753495-n303509,0,29.843,0.319,0.002,247.562,32262.438,16.0,31.859,29.83,47.54,14.214,3.254,1065.367,31444.633,16.0,37.505,35.615,117.37,50.0,13.0,1093.0,32510.0,16.0,50.0,49.0,1613554842.035,2021-02-17 09:40:42.035000086
6004233796,r4099734-n200569,0,133.481,60.765,34.319,16194.59,16315.41,16.0,36.994,37.47,133.481,60.765,34.319,16194.59,16315.41,16.0,36.994,37.47,250.12,100.0,63.0,29667.0,32510.0,16.0,44.0,45.0,1614720036.182,2021-03-02 21:20:36.181999922
6023478204,r3974592-n948219,0,33.783,1.964,1.017,7660.395,24849.605,16.0,31.17,32.015,53.265,10.471,5.546,30605.441,1904.559,16.0,39.482,39.575,221.12,100.0,88.0,32501.0,32510.0,16.0,48.0,51.0,1613699102.468,2021-02-19 01:45:02.467999935
6023478204,r3974592-n948219,1,32.675,1.909,1.014,5226.119,27283.881,16.0,30.105,28.015,53.84,10.454,5.533,30642.181,1867.819,16.0,37.91,36.014,234.49,100.0,88.0,32449.0,32510.0,16.0,47.0,50.0,1613699102.472,2021-02-19 01:45:02.471999884
6023478204,r8024255-n303766,0,33.748,1.936,1.034,6772.79,25737.21,16.0,33.988,31.822,53.898,10.254,5.36,30682.495,1827.505,16.0,41.786,39.755,224.39,100.0,89.0,32463.0,32510.0,16.0,50.0,53.0,1613699102.454,2021-02-19 01:45:02.453999996
6023478204,r8024255-n303766,1,34.059,1.77,0.893,5363.898,27146.102,16.0,32.233,30.912,55.798,10.53,5.581,29667.17,2842.83,16.0,40.535,38.846,237.3,100.0,85.0,32489.0,32510.0,16.0,52.0,54.0,1613699102.458,2021-02-19 01:45:02.457999945
6023478204,r8141575-n410412,0,34.02,1.773,0.884,6079.452,26430.548,16.0,32.223,30.801,55.525,10.509,5.579,30538.905,1971.095,16.0,40.921,39.752,231.93,100.0,89.0,32489.0,32510.0,16.0,51.0,54.0,1613699102.455,2021-02-19 01:45:02.454999924
6023478204,r8141575-n410412,1,33.464,1.624,0.778,4917.522,27592.478,16.0,31.341,29.812,55.295,10.516,5.582,30325.093,2184.907,16.0,39.623,38.309,236.21,100.0,91.0,32471.0,32510.0,16.0,50.0,53.0,1613699102.46,2021-02-19 01:45:02.460000038
6023478204,r9515777-n410412,0,32.425,1.995,1.065,5751.948,26758.052,16.0,34.182,31.929,55.623,10.779,5.785,30943.958,1566.042,16.0,44.46,42.115,249.27,100.0,90.0,32483.0,32510.0,16.0,55.0,56.0,1613699102.49,2021-02-19 01:45:02.490000010
6023478204,r9515777-n410412,1,34.312,1.832,0.945,5044.254,27465.746,16.0,34.954,33.056,56.071,10.532,5.6,29934.714,2575.286,16.0,45.083,43.862,228.61,100.0,88.0,32495.0,32510.0,16.0,56.0,60.0,1613699102.495,2021-02-19 01:45:02.494999886
6023478204,r9648383-n410412,0,34.175,1.935,1.041,5007.489,27502.511,16.0,34.029,32.99,57.12,10.399,5.494,29864.212,2645.788,16.0,43.898,42.701,247.5,100.0,86.0,32505.0,32510.0,16.0,54.0,57.0,1613699102.476,2021-02-19 01:45:02.476000071
6023478204,r9648383-n410412,1,34.296,1.825,0.94,5056.456,27453.544,16.0,33.214,30.546,57.964,10.504,5.575,30221.518,2288.482,16.0,44.139,41.591,242.87,100.0,88.0,32505.0,32510.0,16.0,56.0,57.0,1613699102.479,2021-02-19 01:45:02.479000092
6077102607,r1039410-n303509,0,35.872,0.455,0.018,1094.056,31415.944,16.0,39.632,37.418,59.093,30.434,7.43,1592.545,30917.455,16.0,44.463,42.963,127.33,56.0,17.0,1605.0,32510.0,16.0,47.0,46.0,1613109637.586,2021-02-12 06:00:37.585999966
6109657438,r5179276-n948219,0,38.991,3.708,0.683,813.718,31696.282,16.0,39.711,38.2,60.603,33.945,6.783,1071.62,31438.38,16.0,43.913,42.736,97.33,47.0,10.0,1093.0,32510.0,16.0,46.0,45.0,1613388006.213,2021-02-15 11:20:06.213000059
6122765730,r4099734-n772143,1,50.063,25.715,5.839,30450.988,2059.012,16.0,34.515,34.434,48.609,22.839,5.181,31056.63,1453.37,16.0,35.825,35.765,117.31,100.0,9.0,31071.0,32510.0,16.0,38.0,38.0,1614740766.248,2021-03-03 03:06:06.247999907
6154646895,r6727430-n303509,0,27.301,0.0,0.0,2.967,32507.033,16.0,37.146,34.571,27.301,0.0,0.0,2.967,32507.033,16.0,37.146,34.571,27.49,0.0,0.0,4.0,32510.0,16.0,38.0,35.0,1613012486.173,2021-02-11 03:01:26.173000097
6167723078,r4605940-n948219,0,84.437,78.333,12.356,23943.8,8566.2,16.0,43.623,41.404,101.242,99.11,14.782,31601.587,908.413,16.0,56.372,54.682,259.72,100.0,49.0,31641.0,32510.0,16.0,64.0,64.0,1614558342.11,2021-03-01 00:25:42.109999895
6167723078,r4605940-n948219,1,88.289,78.321,11.391,16514.767,15995.233,16.0,43.498,40.166,104.679,99.086,13.761,21328.597,11181.403,16.0,54.502,51.571,268.63,100.0,50.0,21363.0,32510.0,16.0,62.0,60.0,1614558342.113,2021-03-01 00:25:42.112999916
6181980570,r8141575-n410412,0,27.369,0.0,0.0,0.0,32510.0,16.0,32.963,31.026,37.498,0.003,0.0,1082.307,31427.693,16.0,35.588,33.645,40.13,24.0,1.0,1211.0,32510.0,16.0,37.0,35.0,1614616238.077,2021-03-01 16:30:38.076999903
6181980570,r8141575-n410412,1,26.704,0.0,0.0,0.0,32510.0,16.0,31.849,29.988,31.996,0.004,0.0,525.441,31984.559,16.0,33.16,31.164,40.68,24.0,1.0,1211.0,32510.0,16.0,36.0,34.0,1614616238.08,2021-03-01 16:30:38.079999924
6211581001,r9170217-n772143,0,34.121,3.4,0.519,3439.252,29070.748,16.0,28.388,27.12,51.873,16.767,3.004,4200.126,28309.874,16.0,35.49,34.368,268.32,100.0,33.0,31537.0,32510.0,16.0,64.0,63.0,1614723302.331,2021-03-02 22:15:02.331000090
6216255734,r2215649-n303766,0,127.186,60.175,44.549,17936.954,14573.046,16.0,54.631,56.546,165.052,81.028,60.055,23647.769,8862.231,16.0,66.292,71.17,227.88,100.0,86.0,23709.0,32510.0,16.0,72.0,79.0,1613954845.163,2021-02-22 00:47:25.163000107
6256917154,r8972851-n303509,0,192.233,78.093,52.307,6530.633,25979.367,16.0,67.674,72.209,190.26,77.564,51.994,6595.464,25914.536,16.0,67.688,72.221,250.57,94.0,63.0,6801.0,32510.0,16.0,72.0,77.0,1613599850.667,2021-02-17 22:10:50.667000055
6329102851,r8972851-n303509,0,191.703,77.017,51.66,6524.292,25985.708,16.0,67.613,71.951,190.045,76.601,51.442,6595.437,25914.563,16.0,67.676,72.014,250.7,94.0,64.0,6807.0,32510.0,16.0,72.0,77.0,1613608904.704,2021-02-18 00:41:44.703999996
6330262721,r4099734-n772143,1,40.13,22.754,1.613,28855.137,3654.863,16.0,32.593,31.996,41.089,22.491,1.528,31004.299,1505.701,16.0,33.738,33.366,69.09,34.0,3.0,31071.0,32510.0,16.0,35.0,35.0,1614721838.85,2021-03-02 21:50:38.849999905
6343563000,r492024-n303766,0,212.604,90.307,60.761,6639.169,25870.831,16.0,68.362,73.48,212.716,90.434,60.864,6656.968,25853.032,16.0,68.35,73.474,250.12,95.0,65.0,6799.0,32510.0,16.0,71.0,77.0,1613442744.107,2021-02-16 02:32:24.107000113
6360907349,r7419443-n948219,0,27.032,0.0,0.0,0.076,32509.924,16.0,30.0,28.982,196.77,90.203,53.94,3910.138,28599.862,16.0,66.27,71.716,248.79,100.0,60.0,5797.0,32510.0,16.0,73.0,79.0,1613926509.003,2021-02-21 16:55:09.003000021
6363155951,r5179276-n948219,0,208.784,90.346,60.569,6612.809,25897.191,16.0,68.55,75.648,204.66,88.141,59.142,6641.209,25868.791,16.0,68.245,75.176,246.52,95.0,66.0,6807.0,32510.0,16.0,72.0,80.0,1613585939.371,2021-02-17 18:18:59.371000051
6449825823,r4683026-n948219,1,65.255,24.049,9.17,1100.39,31409.61,16.0,38.836,36.113,69.725,26.433,10.186,1157.183,31352.817,16.0,41.254,38.595,117.53,45.0,19.0,1303.0,32510.0,16.0,49.0,47.0,1614649220.357,2021-03-02 01:40:20.357000113
6496962082,r8275852-n410412,0,211.094,91.14,61.145,6656.717,25853.283,16.0,67.423,73.422,209.517,90.237,60.598,6674.397,25835.603,16.0,67.416,73.425,246.73,95.0,65.0,6807.0,32510.0,16.0,71.0,78.0,1613496318.651,2021-02-16 17:25:18.651000023
6512007437,r1039410-n948219,0,28.323,0.314,0.012,92.818,32417.182,16.0,33.274,33.093,67.147,30.877,11.004,2625.286,29884.714,16.0,43.778,43.113,131.31,53.0,20.0,2700.0,32510.0,16.0,49.0,50.0,1614035493.142,2021-02-22 23:11:33.141999960
6607218738,r6959555-n172107,0,39.064,23.844,0.892,30204.748,2305.252,16.0,36.97,33.038,38.847,21.308,0.825,31039.296,1470.704,16.0,36.948,32.99,50.91,31.0,2.0,31071.0,32510.0,16.0,37.0,34.0,1614725520.179,2021-03-02 22:52:00.178999901
6610958728,r9988778-n303766,1,26.951,0.01,0.0,19.099,32490.901,16.0,30.074,27.988,59.016,30.55,5.921,967.96,31542.04,16.0,39.722,37.493,107.24,46.0,10.0,1027.0,32510.0,16.0,42.0,40.0,1613456886.916,2021-02-16 06:28:06.915999889
6624525513,r1039410-n948219,0,25.922,0.0,0.0,0.003,32509.997,16.0,30.509,30.303,26.071,0.0,0.0,0.0,32510.0,16.0,31.872,31.739,27.17,0.0,0.0,4.0,32510.0,16.0,36.0,36.0,1613948956.406,2021-02-21 23:09:16.405999899
6660432361,r6727430-n948219,0,198.481,82.575,55.462,6558.514,25951.486,16.0,66.981,71.818,196.364,81.457,54.732,6577.055,25932.945,16.0,67.263,72.114,248.54,97.0,64.0,6807.0,32510.0,16.0,70.0,76.0,1613651736.506,2021-02-18 12:35:36.506000042
6684682909,r9170217-n303509,0,33.57,0.458,0.017,884.502,31625.498,16.0,35.709,32.034,62.591,37.387,8.852,1562.266,30947.734,16.0,43.636,40.054,126.73,56.0,16.0,1605.0,32510.0,16.0,46.0,42.0,1613328231.105,2021-02-14 18:43:51.105000019
6691194418,r974863-n410412,0,25.139,0.0,0.0,0.0,32510.0,16.0,30.0,29.962,25.139,0.0,0.0,0.0,32510.0,16.0,30.0,29.962,25.24,0.0,0.0,0.0,32510.0,16.0,30.0,30.0,1614734527.452,2021-03-03 01:22:07.451999903
6691194418,r974863-n410412,1,25.669,0.0,0.0,0.0,32510.0,16.0,31.0,28.0,25.669,0.0,0.0,0.0,32510.0,16.0,31.0,28.0,25.82,0.0,0.0,0.0,32510.0,16.0,31.0,28.0,1614734527.459,2021-03-03 01:22:07.459000111
6700157728,r492024-n410412,0,27.805,0.0,0.0,0.004,32509.996,16.0,31.709,30.568,27.919,0.0,0.0,0.0,32510.0,16.0,32.266,30.975,28.27,0.0,0.0,4.0,32510.0,16.0,33.0,32.0,1613783362.968,2021-02-20 01:09:22.967999935
6700157728,r492024-n410412,1,25.381,0.0,0.0,0.003,32509.997,16.0,29.57,29.351,25.461,0.0,0.0,0.0,32510.0,16.0,29.985,29.883,25.83,0.0,0.0,4.0,32510.0,16.0,31.0,30.0,1613783362.971,2021-02-20 01:09:22.970999956
6708529726,r216287-n303509,1,52.069,24.29,7.983,974.22,31535.78,16.0,36.71,35.257,52.069,24.29,7.983,974.22,31535.78,16.0,36.71,35.257,67.48,43.0,14.0,1327.0,32510.0,16.0,37.0,36.0,1612830007.834,2021-02-09 00:20:07.834000111
6758464640,r4506251-n303766,0,213.075,88.986,59.758,6639.419,25870.581,16.0,68.258,75.31,211.428,88.159,59.258,6660.786,25849.214,16.0,68.239,75.221,255.34,95.0,65.0,6801.0,32510.0,16.0,71.0,78.0,1613464272.67,2021-02-16 08:31:12.670000076
6783172991,r9515777-n303766,0,33.512,12.568,0.199,17786.25,14723.75,16.0,35.826,33.479,39.136,21.11,0.46,29948.447,2561.553,16.0,39.223,36.711,41.15,33.0,2.0,30709.0,32510.0,16.0,42.0,40.0,1614270301.463,2021-02-25 16:25:01.463000059
6854439245,r1900814-n172107,0,49.305,22.002,5.672,29894.064,2615.936,16.0,37.346,37.332,48.189,22.368,5.732,31041.585,1468.415,16.0,38.246,38.274,107.28,45.0,10.0,31071.0,32510.0,16.0,40.0,41.0,1614728190.259,2021-03-02 23:36:30.259000063
6890100323,r8024255-n410412,0,193.605,79.573,53.456,6545.111,25964.889,16.0,67.664,71.173,194.27,79.818,53.672,6603.071,25906.929,16.0,67.731,71.279,254.73,94.0,64.0,6807.0,32510.0,16.0,71.0,75.0,1613535623.817,2021-02-17 04:20:23.816999912
6891662484,r6727430-n303509,0,40.021,4.629,1.362,30342.617,2167.383,16.0,36.547,33.304,40.346,4.841,1.341,31039.542,1470.458,16.0,37.12,33.884,118.63,100.0,22.0,31071.0,32510.0,16.0,41.0,40.0,1613424596.886,2021-02-15 21:29:56.885999918
6954428232,r1039410-n303509,0,26.855,0.0,0.0,0.0,32510.0,16.0,38.998,36.694,26.855,0.0,0.0,0.0,32510.0,16.0,38.998,36.694,27.07,0.0,0.0,0.0,32510.0,16.0,39.0,37.0,1613057085.784,2021-02-11 15:24:45.783999920
6961405327,r5354770-n750018,0,33.805,0.098,0.004,714.376,31795.624,16.0,32.11,31.152,33.805,0.098,0.004,714.376,31795.624,16.0,32.11,31.152,46.3,25.0,1.0,1283.0,32510.0,16.0,34.0,33.0,1614720672.441,2021-03-02 21:31:12.440999985
6971154432,r2215649-n410412,0,27.867,0.0,0.0,0.0,32510.0,16.0,41.0,38.0,27.867,0.0,0.0,0.0,32510.0,16.0,41.0,38.0,27.96,0.0,0.0,0.0,32510.0,16.0,41.0,38.0,1613500647.412,2021-02-16 18:37:27.411999941
7005791315,r9648383-n410412,0,151.41,59.024,40.397,2026.615,30483.385,16.0,53.254,55.555,228.68,94.125,64.968,3242.279,29267.721,16.0,67.453,72.038,268.09,99.0,70.0,7147.0,32510.0,16.0,74.0,79.0,1614253736.825,2021-02-25 11:48:56.825000048
7106754466,r4683026-n948219,0,26.639,0.0,0.0,3.679,32506.321,16.0,36.052,36.045,53.752,18.14,6.057,16885.672,15624.328,16.0,44.479,45.146,133.8,100.0,20.0,32285.0,32510.0,16.0,53.0,55.0,1614163787.374,2021-02-24 10:49:47.374000072
7107377039,r7753495-n948219,0,211.91,89.373,60.024,6649.157,25860.843,16.0,67.814,70.983,210.601,88.716,59.643,6668.825,25841.175,16.0,67.744,70.913,253.48,95.0,66.0,6807.0,32510.0,16.0,71.0,74.0,1613568204.808,2021-02-17 13:23:24.808000088
7166496290,r8972851-n303509,0,192.034,77.334,51.872,6507.435,26002.565,16.0,67.934,72.346,190.66,76.987,51.678,6578.339,25931.661,16.0,67.924,72.338,250.19,94.0,64.0,6801.0,32510.0,16.0,71.0,76.0,1613594883.846,2021-02-17 20:48:03.845999956
7170057274,r1039410-n303509,0,26.73,0.0,0.0,0.0,32510.0,16.0,38.0,36.1,26.73,0.0,0.0,0.0,32510.0,16.0,38.0,36.1,27.02,0.0,0.0,0.0,32510.0,16.0,38.0,37.0,1613051738.689,2021-02-11 13:55:38.688999891
7202966210,r492024-n303766,0,209.765,90.078,60.618,6640.758,25869.242,16.0,64.924,69.75,208.235,89.252,60.106,6660.315,25849.685,16.0,65.263,70.147,250.89,95.0,65.0,6807.0,32510.0,16.0,73.0,79.0,1613444536.443,2021-02-16 03:02:16.443000078
7205584860,r216287-n303509,0,27.951,0.0,0.0,2.972,32507.028,16.0,30.974,30.0,27.951,0.0,0.0,2.972,32507.028,16.0,30.974,30.0,28.16,0.0,0.0,4.0,32510.0,16.0,31.0,30.0,1613099493.457,2021-02-12 03:11:33.457000017
7233182433,r4506251-n303766,0,32.641,0.0,0.0,0.006,32509.994,16.0,42.354,43.566,30.243,0.0,0.0,0.001,32509.999,16.0,39.283,40.236,52.74,0.0,0.0,4.0,32510.0,16.0,55.0,57.0,1613493905.008,2021-02-16 16:45:05.007999897
7264797489,r974863-n410412,0,40.346,4.813,1.631,2205.669,30304.331,16.0,39.307,38.371,111.688,69.014,24.826,8954.864,23555.136,16.0,55.405,56.683,186.15,100.0,32.0,8966.0,32510.0,16.0,63.0,65.0,1613244902.485,2021-02-13 19:35:02.484999895
7270115381,r9170217-n948219,0,27.706,0.0,0.0,0.0,32510.0,16.0,34.0,32.833,27.706,0.0,0.0,0.0,32510.0,16.0,34.0,32.833,27.82,0.0,0.0,0.0,32510.0,16.0,34.0,33.0,1613429358.741,2021-02-15 22:49:18.740999937
7300440737,r492024-n410412,0,57.535,14.021,3.089,1817.859,30692.141,16.0,37.522,35.793,85.911,25.077,5.525,3387.031,29122.969,16.0,51.276,49.656,205.66,71.0,14.0,3419.0,32510.0,16.0,55.0,53.0,1613791451.435,2021-02-20 03:24:11.434999943
7306611376,r8024255-n410412,0,25.745,0.084,0.0,67.288,32442.712,16.0,32.107,30.738,25.745,0.084,0.0,67.288,32442.712,16.0,32.107,30.738,37.98,10.0,0.0,1205.0,32510.0,16.0,34.0,31.0,1614736398.178,2021-03-03 01:53:18.177999973
7306789463,r9480604-n410412,0,26.155,0.0,0.0,0.0,32510.0,16.0,31.0,29.75,26.155,0.0,0.0,0.0,32510.0,16.0,31.0,29.75,26.19,0.0,0.0,0.0,32510.0,16.0,31.0,30.0,1614734566.641,2021-03-03 01:22:46.641000032
7333700279,r44132-n303766,0,31.816,0.523,0.019,555.302,31954.698,16.0,31.321,30.201,51.578,26.601,3.969,1120.55,31389.45,16.0,38.363,37.682,103.0,46.0,8.0,1159.0,32510.0,16.0,40.0,40.0,1613312388.672,2021-02-14 14:19:48.671999931
7351007570,r204106-n772143,1,38.864,23.022,0.829,28853.663,3656.337,16.0,32.977,31.157,39.94,21.925,0.805,31000.577,1509.423,16.0,33.911,32.138,54.44,32.0,2.0,31071.0,32510.0,16.0,35.0,34.0,1614721838.863,2021-03-02 21:50:38.862999916
7411786693,r492024-n410412,0,31.396,0.109,0.008,946.744,31563.256,16.0,36.155,34.879,31.396,0.109,0.008,946.744,31563.256,16.0,36.155,34.879,50.84,98.0,6.0,6545.0,32510.0,16.0,44.0,44.0,1614121251.458,2021-02-23 23:00:51.457999945
7422739601,r492024-n303766,0,42.154,3.071,1.539,3688.366,28821.634,16.0,39.689,38.086,102.208,34.008,17.399,5256.715,27253.285,16.0,58.204,58.682,259.63,100.0,62.0,5327.0,32510.0,16.0,65.0,68.0,1613423236.273,2021-02-15 21:07:16.273000002
7446995639,r7317916-n948219,0,34.548,0.334,0.024,5873.38,26636.62,16.0,36.641,36.104,96.433,62.717,22.493,8961.284,23548.716,16.0,50.95,53.171,168.77,100.0,33.0,8966.0,32510.0,16.0,61.0,64.0,1613241445.211,2021-02-13 18:37:25.210999966
7459099283,r974863-n410412,1,202.415,90.52,60.822,6653.745,25856.255,16.0,59.285,62.349,200.99,89.643,60.304,6673.0,25837.0,16.0,59.702,62.832,239.96,95.0,65.0,6807.0,32510.0,16.0,64.0,68.0,1613446377.351,2021-02-16 03:32:57.351000071
7468861049,r5179276-n948219,0,208.558,89.756,60.399,6640.03,25869.97,16.0,68.494,76.267,201.736,86.115,58.001,6663.357,25846.643,16.0,67.939,75.394,245.63,95.0,66.0,6799.0,32510.0,16.0,72.0,80.0,1613579073.702,2021-02-17 16:24:33.701999903
7502892552,r44132-n303766,0,204.412,85.483,57.371,6640.842,25869.158,16.0,68.389,75.285,201.643,84.034,56.457,6669.421,25840.579,16.0,68.426,75.238,251.28,95.0,67.0,6807.0,32510.0,16.0,72.0,80.0,1613467063.44,2021-02-16 09:17:43.440000057
7523917627,r8024255-n303766,0,130.028,52.791,36.028,1856.367,30653.633,16.0,50.093,51.776,215.87,94.542,65.186,3304.816,29205.184,16.0,68.215,74.24,238.42,99.0,71.0,7147.0,32510.0,16.0,73.0,80.0,1614341892.209,2021-02-26 12:18:12.209000111
7539408726,r4605940-n717709,0,36.012,1.833,0.248,23538.59,8971.41,16.0,35.179,33.398,28.959,0.387,0.052,4966.308,27543.692,16.0,31.313,29.418,54.14,100.0,6.0,30707.0,32510.0,16.0,39.0,38.0,1614723756.522,2021-03-02 22:22:36.522000074
7564863102,r7462820-n410412,0,187.705,75.367,50.549,6471.998,26038.002,16.0,66.814,72.15,187.607,75.343,50.57,6541.684,25968.316,16.0,66.981,72.327,253.12,94.0,64.0,6799.0,32510.0,16.0,71.0,78.0,1613582051.076,2021-02-17 17:14:11.075999975
7573416698,r414303-n303509,0,27.071,0.0,0.0,0.0,32510.0,16.0,34.0,34.0,27.071,0.0,0.0,0.0,32510.0,16.0,34.0,34.0,27.12,0.0,0.0,0.0,32510.0,16.0,34.0,34.0,1613429363.788,2021-02-15 22:49:23.788000107
7598600885,r44132-n303766,0,209.416,87.892,59.101,6614.97,25895.03,16.0,68.331,75.444,204.137,85.193,57.331,6644.677,25865.323,16.0,67.966,74.911,251.68,94.0,64.0,6799.0,32510.0,16.0,72.0,79.0,1613467794.009,2021-02-16 09:29:54.009000063
7602490771,r810901-n303509,0,126.228,62.863,28.663,3609.883,28900.117,16.0,48.018,48.715,126.228,62.863,28.663,3609.883,28900.117,16.0,48.018,48.715,233.63,100.0,56.0,5581.0,32510.0,16.0,66.0,71.0,1612969042.083,2021-02-10 14:57:22.082999945
7617832847,r6727430-n948219,0,202.648,85.13,57.14,6609.786,25900.214,16.0,67.711,72.621,201.425,84.574,56.836,6643.835,25866.165,16.0,67.706,72.652,248.48,94.0,65.0,6799.0,32510.0,16.0,71.0,77.0,1613603185.417,2021-02-17 23:06:25.417000055
7672104505,r4506251-n410412,1,26.711,0.106,0.001,70.341,32439.659,16.0,31.678,28.786,26.711,0.106,0.001,70.341,32439.659,16.0,31.678,28.786,37.77,24.0,1.0,1205.0,32510.0,16.0,33.0,29.0,1614736398.184,2021-03-03 01:53:18.184000015
7698982393,r8473362-n410412,0,27.106,0.012,0.0,472.483,32037.517,16.0,33.03,30.988,37.196,0.001,0.0,12412.956,20097.044,16.0,35.331,32.892,45.21,100.0,6.0,12427.0,32510.0,16.0,40.0,38.0,1613400133.842,2021-02-15 14:42:13.842000008
7723237089,r2684277-n948219,0,28.826,0.645,0.005,77.183,32432.817,16.0,37.022,35.957,28.826,0.645,0.005,77.183,32432.817,16.0,37.022,35.957,39.88,20.0,1.0,991.0,32510.0,16.0,38.0,36.0,1614067144.459,2021-02-23 07:59:04.459000111
7762935508,r1051355-n200569,1,35.667,0.032,0.0,1013.571,31496.429,16.0,28.804,26.794,35.967,0.003,0.0,1037.257,31472.743,16.0,29.365,27.328,36.35,21.0,1.0,1039.0,32510.0,16.0,30.0,28.0,1614719074.546,2021-03-02 21:04:34.546000004
7796440403,r1900814-n172107,0,41.649,23.989,0.916,30472.22,2037.78,16.0,37.0,37.0,41.251,20.509,0.807,31049.75,1460.25,16.0,37.367,37.076,55.44,100.0,6.0,31071.0,32510.0,16.0,38.0,38.0,1614740307.349,2021-03-03 02:58:27.348999977
7839029647,r4683026-n948219,0,33.741,0.303,0.017,899.244,31610.756,16.0,38.55,38.365,54.841,28.111,7.829,1562.846,30947.154,16.0,43.392,44.179,104.43,44.0,13.0,1605.0,32510.0,16.0,46.0,48.0,1613669662.531,2021-02-18 17:34:22.530999899
7886294256,r9648383-n303766,1,51.104,29.74,18.157,12595.565,19914.435,16.0,35.408,34.121,68.268,52.394,32.106,25901.313,6608.687,16.0,42.496,42.05,202.44,100.0,79.0,32427.0,32510.0,16.0,45.0,46.0,1614121454.289,2021-02-23 23:04:14.289000034
7950780746,r216287-n303509,1,27.565,0.0,0.0,2.385,32507.615,16.0,37.0,35.077,27.565,0.0,0.0,2.385,32507.615,16.0,37.0,35.077,27.68,0.0,0.0,4.0,32510.0,16.0,37.0,36.0,1612829834.918,2021-02-09 00:17:14.917999983
7978181999,r368967-n772143,0,25.616,0.0,0.0,0.0,32510.0,16.0,32.0,30.001,25.656,0.0,0.0,0.0,32510.0,16.0,32.12,30.557,25.96,0.0,0.0,0.0,32510.0,16.0,33.0,32.0,1614717433.654,2021-03-02 20:37:13.654000044
7978181999,r368967-n772143,1,26.365,0.0,0.0,0.0,32510.0,16.0,31.0,27.999,26.38,0.0,0.0,0.0,32510.0,16.0,30.796,27.983,26.69,0.0,0.0,0.0,32510.0,16.0,32.0,29.0,1614717433.657,2021-03-02 20:37:13.657000065
8003264391,r8024255-n410412,0,194.032,79.404,53.29,6491.027,26018.973,16.0,67.872,71.489,190.95,77.835,52.264,6552.2,25957.8,16.0,67.655,71.225,253.13,94.0,63.0,6807.0,32510.0,16.0,71.0,76.0,1613527899.006,2021-02-17 02:11:39.006000042
8019788470,r9170217-n948219,0,30.365,0.371,0.014,272.233,32237.767,16.0,31.562,30.16,57.163,32.865,5.95,1037.12,31472.88,16.0,39.039,37.504,99.1,44.0,9.0,1093.0,32510.0,16.0,41.0,40.0,1613277219.151,2021-02-14 04:33:39.151000023
8046636288,r9480604-n410412,0,26.356,0.0,0.0,0.0,32510.0,16.0,32.43,30.837,26.149,0.0,0.0,0.0,32510.0,16.0,31.102,29.637,26.81,0.0,0.0,0.0,32510.0,16.0,35.0,33.0,1614475068.436,2021-02-28 01:17:48.436000109
8046636288,r9480604-n410412,1,24.34,0.0,0.0,0.0,32510.0,16.0,30.402,28.277,24.119,0.0,0.0,0.0,32510.0,16.0,29.108,27.13,24.69,0.0,0.0,0.0,32510.0,16.0,33.0,32.0,1614475068.444,2021-02-28 01:17:48.444000006
8047101416,r2684277-n948219,0,43.141,6.079,1.126,974.222,31535.778,16.0,42.519,41.181,58.412,31.192,5.401,1132.909,31377.091,16.0,42.647,41.019,108.31,51.0,10.0,1159.0,32510.0,16.0,59.0,59.0,1614031184.519,2021-02-22 21:59:44.519000052
8073510172,r2215649-n303766,0,45.583,3.391,1.381,14379.793,18130.207,16.0,36.176,33.404,45.583,3.391,1.381,14379.793,18130.207,16.0,36.176,33.404,249.01,100.0,58.0,27529.0,32510.0,16.0,46.0,44.0,1614738577.545,2021-03-03 02:29:37.545000076
8148414670,r3974592-n172107,1,64.667,28.792,12.752,30204.528,2305.472,16.0,32.372,31.203,60.333,25.442,11.102,31048.644,1461.356,16.0,32.384,31.046,144.21,100.0,21.0,31071.0,32510.0,16.0,35.0,34.0,1614735760.96,2021-03-03 01:42:40.960000038
8182770269,r9170217-n303509,0,211.383,88.627,59.535,6642.537,25867.463,16.0,68.598,70.239,209.742,87.837,59.005,6663.511,25846.489,16.0,68.46,70.051,254.0,94.0,64.0,6807.0,32510.0,16.0,72.0,74.0,1613438723.332,2021-02-16 01:25:23.332000017
8188196463,r5179276-n948219,0,208.904,90.366,60.767,6644.939,25865.061,16.0,68.515,74.481,205.799,88.624,59.61,6665.027,25844.973,16.0,68.335,74.192,245.33,95.0,64.0,6799.0,32510.0,16.0,71.0,78.0,1613440102.43,2021-02-16 01:48:22.430000067
8206930725,r810901-n948219,0,34.765,0.053,0.0,897.482,31612.518,16.0,33.685,33.311,37.349,0.005,0.0,1182.101,31327.899,16.0,34.532,34.065,37.87,24.0,1.0,1205.0,32510.0,16.0,35.0,35.0,1613662540.923,2021-02-18 15:35:40.923000097
8206930725,r810901-n948219,1,36.376,0.052,0.0,907.04,31602.96,16.0,33.0,31.999,36.372,0.005,0.0,1182.794,31327.206,16.0,33.0,31.998,36.67,23.0,1.0,1205.0,32510.0,16.0,33.0,32.0,1613662540.932,2021-02-18 15:35:40.931999922
8214132759,r7462820-n303766,1,198.295,87.148,58.562,6646.472,25863.528,16.0,59.794,64.299,179.663,76.664,51.552,6679.99,25830.01,16.0,58.724,62.531,243.03,100.0,64.0,6799.0,32510.0,16.0,67.0,73.0,1613654117.534,2021-02-18 13:15:17.533999919
8332914031,r2215649-n410412,0,34.219,0.423,0.002,660.078,31849.922,16.0,34.888,31.963,58.159,35.804,5.397,1146.693,31363.307,16.0,42.562,39.771,99.11,48.0,8.0,1159.0,32510.0,16.0,45.0,43.0,1613178307.6,2021-02-13 01:05:07.599999905
8392228217,r8473362-n410412,0,63.22,82.028,6.236,24035.037,8474.963,16.0,41.741,39.646,62.735,80.817,6.128,23603.735,8906.265,16.0,41.72,39.627,235.62,100.0,49.0,32271.0,32510.0,16.0,54.0,53.0,1613126843.802,2021-02-12 10:47:23.802000046
8392228217,r8473362-n410412,1,63.3,82.054,5.749,25078.19,7431.81,16.0,41.899,40.403,62.818,80.858,5.652,24615.842,7894.158,16.0,41.894,40.397,249.77,100.0,49.0,32455.0,32510.0,16.0,54.0,53.0,1613126843.805,2021-02-12 10:47:23.805000067
8400198810,r9480604-n303766,0,103.636,50.504,21.165,25858.172,6651.828,16.0,44.518,43.548,109.644,54.046,22.649,28550.178,3959.822,16.0,50.008,49.734,265.23,100.0,73.0,28581.0,32510.0,16.0,57.0,60.0,1613264905.202,2021-02-14 01:08:25.201999903
8478790205,r4605940-n303509,1,25.475,0.0,0.0,0.0,32510.0,16.0,29.0,29.0,25.486,0.0,0.0,0.0,32510.0,16.0,29.001,29.011,25.72,0.0,0.0,0.0,32510.0,16.0,30.0,30.0,1613416804.509,2021-02-15 19:20:04.509000063
8489090885,r492024-n303766,0,25.166,0.0,0.0,3.836,32506.164,16.0,34.675,33.153,25.166,0.0,0.0,3.836,32506.164,16.0,34.675,33.153,25.45,0.0,0.0,4.0,32510.0,16.0,36.0,35.0,1613396836.221,2021-02-15 13:47:16.220999956
8489090885,r492024-n303766,1,25.563,0.0,0.0,3.837,32506.163,16.0,31.517,30.788,25.563,0.0,0.0,3.837,32506.163,16.0,31.517,30.788,25.83,0.0,0.0,4.0,32510.0,16.0,32.0,31.0,1613396836.231,2021-02-15 13:47:16.230999947
8489090885,r8473362-n410412,0,26.739,0.0,0.0,3.843,32506.157,16.0,32.693,30.707,26.739,0.0,0.0,3.843,32506.157,16.0,32.693,30.707,27.0,0.0,0.0,4.0,32510.0,16.0,33.0,31.0,1613396836.22,2021-02-15 13:47:16.220000029
8489090885,r8473362-n410412,1,25.683,0.0,0.0,3.843,32506.157,16.0,32.0,30.742,25.683,0.0,0.0,3.843,32506.157,16.0,32.0,30.742,25.95,0.0,0.0,4.0,32510.0,16.0,32.0,31.0,1613396836.223,2021-02-15 13:47:16.223000050
8501975806,r216287-n303509,0,58.163,13.584,8.259,28489.378,4020.622,16.0,36.677,35.918,48.415,6.6,3.578,30168.266,2341.734,16.0,36.087,34.907,218.79,100.0,76.0,31021.0,32510.0,16.0,43.0,48.0,1612820391.515,2021-02-08 21:39:51.515000105
8530984210,r7269000-n303509,0,214.969,90.027,60.283,6642.044,25867.956,16.0,68.315,73.173,213.645,89.36,59.89,6661.618,25848.382,16.0,68.199,73.025,254.75,96.0,68.0,6799.0,32510.0,16.0,71.0,77.0,1613588810.473,2021-02-17 19:06:50.473000050
8531312561,r7462820-n410412,1,175.019,68.468,45.993,6326.58,26183.42,16.0,60.026,61.953,178.079,70.317,47.293,6478.64,26031.36,16.0,60.544,62.588,256.1,98.0,64.0,6801.0,32510.0,16.0,65.0,68.0,1613576717.369,2021-02-17 15:45:17.368999958
8532312908,r9659953-n772143,0,26.7,0.0,0.0,0.0,32510.0,16.0,31.999,29.345,26.785,0.0,0.0,0.0,32510.0,16.0,32.045,29.809,27.11,0.0,0.0,0.0,32510.0,16.0,33.0,31.0,1614717433.682,2021-03-02 20:37:13.681999922
8532312908,r9659953-n772143,1,25.386,0.0,0.0,0.0,32510.0,16.0,29.04,28.0,25.439,0.0,0.0,0.0,32510.0,16.0,29.637,28.492,25.72,0.0,0.0,0.0,32510.0,16.0,31.0,30.0,1614717433.69,2021-03-02 20:37:13.690000057
8541180711,r5354770-n772143,0,25.853,0.0,0.0,0.0,32510.0,16.0,31.0,30.945,25.878,0.0,0.0,0.0,32510.0,16.0,31.041,31.058,26.23,0.0,0.0,0.0,32510.0,16.0,33.0,33.0,1614717433.659,2021-03-02 20:37:13.658999920
8541180711,r5354770-n772143,1,27.898,0.0,0.0,0.0,32510.0,16.0,31.0,30.956,27.917,0.0,0.0,0.0,32510.0,16.0,31.175,30.688,28.36,0.0,0.0,0.0,32510.0,16.0,33.0,32.0,1614717433.662,2021-03-02 20:37:13.661999941
8590312590,r4683026-n948219,1,59.521,71.037,5.697,6853.227,25656.773,16.0,39.716,36.916,70.592,98.782,6.902,11493.802,21016.198,16.0,44.734,41.941,179.3,100.0,51.0,11496.0,32510.0,16.0,52.0,53.0,1613991439.609,2021-02-22 10:57:19.608999968
8607926066,r9170217-n948219,0,180.474,75.348,50.589,6515.658,25994.342,16.0,63.863,68.126,181.449,75.245,50.537,6581.548,25928.452,16.0,64.805,69.201,245.9,96.0,63.0,6807.0,32510.0,16.0,69.0,74.0,1613580376.808,2021-02-17 16:46:16.808000088
8614090220,r7317916-n948219,0,178.845,76.854,51.751,6541.612,25968.388,16.0,66.965,74.059,177.068,75.781,51.07,6601.288,25908.712,16.0,67.351,74.412,240.8,100.0,64.0,6799.0,32510.0,16.0,73.0,81.0,1613479075.941,2021-02-16 12:37:55.940999985
8644310129,r8972851-n948219,0,212.85,89.04,59.614,6643.624,25866.376,16.0,68.012,72.239,211.976,88.591,59.363,6663.872,25846.128,16.0,67.954,72.165,257.86,96.0,65.0,6799.0,32510.0,16.0,70.0,75.0,1613528389.329,2021-02-17 02:19:49.328999996
8662301724,r9480604-n410412,0,35.279,7.324,0.55,17682.887,14827.113,16.0,38.78,36.614,40.74,12.876,0.961,29807.672,2702.328,16.0,41.043,38.754,46.45,30.0,2.0,30709.0,32510.0,16.0,42.0,40.0,1614371633.612,2021-02-26 20:33:53.611999989
8663901075,r5179276-n948219,0,205.459,88.665,59.572,6552.138,25957.862,16.0,67.496,76.347,204.498,88.056,59.184,6568.094,25941.906,16.0,67.446,76.227,248.58,95.0,66.0,6793.0,32510.0,16.0,75.0,85.0,1613573649.998,2021-02-17 14:54:09.997999907
8680685699,r7269000-n303509,0,216.143,90.74,60.833,6628.815,25881.185,16.0,68.196,73.341,214.596,89.946,60.361,6648.502,25861.498,16.0,68.113,73.196,253.66,95.0,66.0,6799.0,32510.0,16.0,70.0,76.0,1613577594.035,2021-02-17 15:59:54.035000086
8681122340,r7141590-n948219,0,214.915,89.38,59.763,6633.942,25876.058,16.0,68.468,73.571,214.979,89.59,59.918,6654.283,25855.717,16.0,68.456,73.581,262.26,100.0,65.0,6807.0,32510.0,16.0,71.0,77.0,1613436185.075,2021-02-16 00:43:05.075000048
8720853166,r6707841-n200569,0,26.041,0.0,0.0,0.0,32510.0,16.0,32.0,29.0,26.041,0.0,0.0,0.0,32510.0,16.0,32.0,29.0,26.14,0.0,0.0,0.0,32510.0,16.0,32.0,29.0,1614718322.472,2021-03-02 20:52:02.471999884
8752028267,r8275852-n410412,0,31.02,0.0,0.0,0.856,32509.144,16.0,39.198,40.417,64.861,17.91,10.096,16217.289,16292.711,16.0,43.613,44.493,182.23,100.0,61.0,17081.0,32510.0,16.0,53.0,54.0,1613497126.54,2021-02-16 17:38:46.539999962
8795293423,r8972851-n303509,0,197.607,81.296,54.438,6569.623,25940.377,16.0,67.968,72.623,196.284,80.508,53.969,6618.421,25891.579,16.0,67.952,72.586,249.55,94.0,63.0,6799.0,32510.0,16.0,72.0,77.0,1613602390.876,2021-02-17 22:53:10.875999928
8828095786,r414303-n948219,0,26.411,0.0,0.0,0.0,32510.0,16.0,32.0,30.0,26.411,0.0,0.0,0.0,32510.0,16.0,32.0,30.0,26.56,0.0,0.0,0.0,32510.0,16.0,32.0,30.0,1614085867.132,2021-02-23 13:11:07.131999969
8846382421,r4506251-n303766,0,211.84,88.201,59.233,6639.747,25870.253,16.0,68.508,75.423,210.522,87.661,58.934,6664.231,25845.769,16.0,68.434,75.305,254.29,95.0,65.0,6801.0,32510.0,16.0,72.0,79.0,1613466192.685,2021-02-16 09:03:12.684999943
8903845002,r4506251-n303766,0,32.354,0.0,0.0,0.55,32509.45,16.0,47.0,48.85,32.354,0.0,0.0,0.55,32509.45,16.0,47.0,48.85,32.43,0.0,0.0,4.0,32510.0,16.0,47.0,49.0,1613505019.859,2021-02-16 19:50:19.858999968
8907983500,r44132-n410412,0,37.518,1.973,1.109,3164.379,29345.621,16.0,34.03,32.254,88.651,44.815,28.986,4736.992,27773.008,16.0,49.685,51.941,161.35,61.0,43.0,4742.0,32510.0,16.0,54.0,58.0,1613177402.258,2021-02-13 00:50:02.257999896
8916268168,r810901-n303509,1,44.157,8.477,2.691,1122.609,31387.391,16.0,35.775,35.597,87.659,46.4,15.034,2617.206,29892.794,16.0,51.595,53.025,151.08,62.0,22.0,2627.0,32510.0,16.0,54.0,56.0,1613136214.653,2021-02-12 13:23:34.653000116
8959452085,r4605940-n948219,0,27.251,0.023,0.0,35.876,32474.124,16.0,30.615,28.987,27.251,0.023,0.0,35.876,32474.124,16.0,30.615,28.987,37.05,4.0,0.0,457.0,32510.0,16.0,32.0,29.0,1614496424.572,2021-02-28 07:13:44.572000027
8968783541,r974863-n303766,0,40.02,27.389,0.892,30471.629,2038.371,16.0,36.516,33.703,39.378,19.42,0.827,31035.358,1474.642,16.0,36.653,33.828,54.77,100.0,6.0,31071.0,32510.0,16.0,38.0,36.0,1614269637.101,2021-02-25 16:13:57.101000071
8989922077,r8972851-n948219,0,36.52,0.995,0.0,1263.304,31246.696,16.0,32.783,31.054,36.52,0.995,0.0,1263.304,31246.696,16.0,32.783,31.054,38.95,11.0,0.0,1737.0,32510.0,16.0,33.0,32.0,1613184112.66,2021-02-13 02:41:52.660000086
9062796784,r216287-n303509,1,69.573,45.354,17.52,1295.248,31214.752,16.0,41.473,40.985,69.573,45.354,17.52,1295.248,31214.752,16.0,41.473,40.985,77.29,51.0,20.0,1331.0,32510.0,16.0,42.0,42.0,1612829659.298,2021-02-09 00:14:19.298000097
9072970286,r8024255-n303766,0,26.887,0.0,0.0,0.0,32510.0,16.0,33.956,31.594,46.965,18.392,3.536,1029.98,31480.02,16.0,38.257,35.87,101.14,49.0,11.0,1093.0,32510.0,16.0,43.0,42.0,1614362612.448,2021-02-26 18:03:32.447999954
9080223847,r44132-n410412,0,27.166,0.0,0.0,0.0,32510.0,16.0,31.0,29.045,27.166,0.0,0.0,0.0,32510.0,16.0,31.0,29.045,27.25,0.0,0.0,0.0,32510.0,16.0,31.0,30.0,1613385116.323,2021-02-15 10:31:56.322999954
9080223847,r44132-n410412,1,25.796,0.0,0.0,0.0,32510.0,16.0,29.0,29.455,25.796,0.0,0.0,0.0,32510.0,16.0,29.0,29.455,25.9,0.0,0.0,0.0,32510.0,16.0,29.0,30.0,1613385116.327,2021-02-15 10:31:56.326999903
9105750754,r7269000-n303509,0,210.887,87.669,58.715,6444.873,26065.127,16.0,67.692,72.477,210.318,87.432,58.617,6499.272,26010.728,16.0,67.692,72.468,255.74,100.0,65.0,6799.0,32510.0,16.0,71.0,76.0,1613579453.044,2021-02-17 16:30:53.043999910
9118660063,r4506251-n410412,0,35.344,2.281,1.457,2025.565,30484.435,16.0,38.842,37.633,35.344,2.281,1.457,2025.565,30484.435,16.0,38.842,37.633,216.37,100.0,78.0,24091.0,32510.0,16.0,46.0,48.0,1613257074.934,2021-02-13 22:57:54.934000015
9246094982,r8024255-n410412,0,194.663,79.532,53.417,6530.292,25979.708,16.0,67.781,71.405,192.984,78.739,52.935,6591.552,25918.448,16.0,67.808,71.397,255.5,94.0,63.0,6793.0,32510.0,16.0,71.0,76.0,1613524752.072,2021-02-17 01:19:12.072000027
9247037017,r9170217-n303509,1,36.072,3.237,0.818,714.031,31795.969,16.0,32.682,31.021,67.121,31.88,9.122,1023.653,31486.347,16.0,41.234,40.136,110.82,43.0,13.0,1027.0,32510.0,16.0,43.0,42.0,1613096811.847,2021-02-12 02:26:51.846999884
9325253079,r6707841-n172107,1,39.609,27.415,1.798,30440.186,2069.814,16.0,35.0,33.047,39.119,23.58,1.553,31051.209,1458.791,16.0,35.156,33.218,52.3,100.0,6.0,31071.0,32510.0,16.0,36.0,34.0,1614734874.155,2021-03-03 01:27:54.154999971
9339507837,r9659953-n172107,1,39.706,19.865,1.636,28960.716,3549.284,16.0,32.89,29.956,41.032,22.769,1.59,31006.152,1503.848,16.0,34.401,31.555,68.43,37.0,3.0,31071.0,32510.0,16.0,36.0,33.0,1614715475.665,2021-03-02 20:04:35.664999962
9356633671,r974863-n303766,0,28.797,0.385,0.015,265.277,32244.723,16.0,31.505,29.499,62.629,34.906,9.583,1569.285,30940.715,16.0,41.343,39.332,110.22,50.0,15.0,1671.0,32510.0,16.0,44.0,42.0,1613845200.252,2021-02-20 18:20:00.252000092
9373450357,r9170217-n303509,0,25.893,0.0,0.0,0.0,32510.0,16.0,32.0,28.998,25.98,0.0,0.0,3.876,32506.124,16.0,32.555,29.449,26.33,0.0,0.0,4.0,32510.0,16.0,33.0,30.0,1613339447.153,2021-02-14 21:50:47.153000116
9373450357,r9170217-n303509,1,24.705,0.0,0.0,0.0,32510.0,16.0,29.0,28.0,37.398,10.448,0.0,1041.094,31468.906,16.0,32.887,31.004,40.14,22.0,1.0,1075.0,32510.0,16.0,34.0,32.0,1613339447.156,2021-02-14 21:50:47.155999899
9435791875,r9480604-n303766,0,36.513,0.434,0.004,1163.22,31346.78,16.0,34.765,31.946,60.834,33.595,8.064,1581.878,30928.122,16.0,40.318,38.276,125.56,55.0,16.0,1605.0,32510.0,16.0,43.0,42.0,1613317793.685,2021-02-14 15:49:53.684999943
9447043637,r2215649-n303766,0,25.244,0.0,0.0,0.0,32510.0,16.0,32.0,30.0,25.244,0.0,0.0,0.0,32510.0,16.0,32.0,30.0,25.32,0.0,0.0,0.0,32510.0,16.0,32.0,30.0,1614369044.601,2021-02-26 19:50:44.601000071
9494291120,r3974592-n948219,0,36.991,0.032,0.0,742.92,31767.08,16.0,38.605,38.355,37.11,0.014,0.008,23414.1,9095.9,16.0,33.735,33.877,197.46,100.0,75.0,23517.0,32510.0,16.0,54.0,53.0,1614230852.8,2021-02-25 05:27:32.799999952
9495132542,r8275852-n410412,0,36.128,1.767,1.23,7140.624,25369.376,16.0,36.24,37.693,76.715,27.283,21.599,28587.341,3922.659,16.0,45.417,47.661,195.6,100.0,89.0,32447.0,32510.0,16.0,50.0,57.0,1613356806.111,2021-02-15 02:40:06.111000061
9510202800,r414303-n303509,0,27.101,0.0,0.0,0.0,32510.0,16.0,34.0,34.0,27.101,0.0,0.0,0.0,32510.0,16.0,34.0,34.0,27.2,0.0,0.0,0.0,32510.0,16.0,34.0,34.0,1613429368.711,2021-02-15 22:49:28.710999966
9518030121,r7269000-n303509,0,216.412,90.971,61.007,6639.494,25870.506,16.0,68.197,73.369,214.869,90.08,60.457,6658.401,25851.599,16.0,68.094,73.214,254.75,96.0,66.0,6801.0,32510.0,16.0,71.0,76.0,1613575474.584,2021-02-17 15:24:34.584000111
9522793344,r414303-n303509,0,28.679,0.0,0.0,0.0,32510.0,16.0,42.0,43.0,28.679,0.0,0.0,0.0,32510.0,16.0,42.0,43.0,28.76,0.0,0.0,0.0,32510.0,16.0,42.0,43.0,1613429100.782,2021-02-15 22:45:00.782000065
9530319113,r368967-n200569,0,25.247,0.0,0.0,0.0,32510.0,16.0,30.0,29.0,25.247,0.0,0.0,0.0,32510.0,16.0,30.0,29.0,25.29,0.0,0.0,0.0,32510.0,16.0,30.0,29.0,1614725051.038,2021-03-02 22:44:11.038000107
9530319113,r368967-n200569,1,25.759,0.0,0.0,0.0,32510.0,16.0,29.0,28.0,25.759,0.0,0.0,0.0,32510.0,16.0,29.0,28.0,25.8,0.0,0.0,0.0,32510.0,16.0,29.0,28.0,1614725051.042,2021-03-02 22:44:11.042000055
9558546730,r9988778-n303766,0,48.304,15.839,4.232,1047.018,31462.982,16.0,35.813,35.171,65.477,34.629,9.381,1088.239,31421.761,16.0,43.674,43.344,107.81,47.0,13.0,1093.0,32510.0,16.0,48.0,48.0,1613337731.061,2021-02-14 21:22:11.061000109
9679735414,r7462820-n303766,0,38.162,0.254,0.001,977.889,31532.111,16.0,35.475,33.086,47.469,17.967,4.167,1090.078,31419.922,16.0,37.63,35.858,83.72,39.0,10.0,1093.0,32510.0,16.0,39.0,38.0,1613422377.095,2021-02-15 20:52:57.095000029
9683410591,r6727430-n303509,0,27.479,0.0,0.0,2.945,32507.055,16.0,38.0,35.293,27.479,0.0,0.0,2.945,32507.055,16.0,38.0,35.293,27.69,0.0,0.0,4.0,32510.0,16.0,38.0,36.0,1613012422.547,2021-02-11 03:00:22.546999931
9740928447,r8972851-n303509,0,65.063,30.664,10.589,2552.143,29957.857,16.0,39.795,40.141,78.76,36.742,14.122,4530.41,27979.59,16.0,46.05,46.807,156.6,72.0,30.0,4611.0,32510.0,16.0,53.0,56.0,1613569553.193,2021-02-17 13:45:53.193000078
9782546756,r204106-n200569,0,33.988,0.05,0.001,639.288,31870.712,16.0,33.193,31.203,33.988,0.05,0.001,639.288,31870.712,16.0,33.193,31.203,38.07,13.0,1.0,1039.0,32510.0,16.0,34.0,32.0,1614718442.8,2021-03-02 20:54:02.799999952
9805567093,r5179276-n948219,0,200.14,85.045,57.015,6654.131,25855.869,16.0,68.351,75.241,197.153,83.647,56.101,6644.767,25865.233,16.0,68.134,74.912,246.03,95.0,65.0,6807.0,32510.0,16.0,72.0,80.0,1613582033.256,2021-02-17 17:13:53.256000041
9841422966,r7141590-n172107,1,49.12,26.876,7.512,29948.645,2561.355,16.0,37.329,37.211,47.57,25.143,6.922,31039.808,1470.192,16.0,36.731,36.436,100.32,40.0,12.0,31071.0,32510.0,16.0,39.0,39.0,1614735511.578,2021-03-03 01:38:31.578000069
9885518494,r7269000-n303509,0,217.301,91.048,60.998,6646.352,25863.648,16.0,68.339,73.487,215.712,90.17,60.46,6664.591,25845.409,16.0,68.265,73.346,253.94,95.0,66.0,6807.0,32510.0,16.0,70.0,76.0,1613576893.376,2021-02-17 15:48:13.375999928
9890999195,r8024255-n303766,0,40.667,2.924,1.897,10407.873,22102.127,16.0,35.514,32.822,40.667,2.924,1.897,10407.873,22102.127,16.0,35.514,32.822,197.09,100.0,92.0,31537.0,32510.0,16.0,38.0,43.0,1613365807.892,2021-02-15 05:10:07.891999960
9934802831,r8972851-n303509,0,191.215,77.743,52.116,6510.509,25999.491,16.0,67.947,72.401,190.521,77.204,51.79,6578.852,25931.148,16.0,67.945,72.392,250.83,94.0,63.0,6793.0,32510.0,16.0,71.0,76.0,1613598139.709,2021-02-17 21:42:19.709000111
9943229958,r8275852-n303766,0,25.779,0.0,0.0,0.0,32510.0,16.0,31.0,30.0,25.779,0.0,0.0,0.0,32510.0,16.0,31.0,30.0,25.93,0.0,0.0,0.0,32510.0,16.0,31.0,30.0,1613168531.249,2021-02-12 22:22:11.249000072
9943229958,r8275852-n303766,1,27.388,0.0,0.0,0.0,32510.0,16.0,31.0,27.965,27.388,0.0,0.0,0.0,32510.0,16.0,31.0,27.965,27.6,0.0,0.0,0.0,32510.0,16.0,31.0,28.0,1613168531.252,2021-02-12 22:22:11.252000092
9996807389,r8024255-n410412,0,53.296,27.929,16.425,14443.282,18066.718,16.0,38.275,36.784,64.455,34.446,20.526,28267.75,4242.25,16.0,45.795,44.978,223.33,100.0,100.0,32379.0,32510.0,16.0,52.0,55.0,1613063173.518,2021-02-11 17:06:13.517999887
9996807389,r8024255-n410412,1,53.716,28.286,16.462,14953.089,17556.911,16.0,35.466,35.942,67.836,39.938,22.232,27361.785,5148.215,16.0,43.211,43.606,220.77,100.0,100.0,32083.0,32510.0,16.0,47.0,54.0,1613063173.521,2021-02-11 17:06:13.520999907
10045588334,r7269000-n948219,0,37.283,1.652,0.022,380.438,32129.562,16.0,39.483,38.0,37.283,1.652,0.022,380.438,32129.562,16.0,39.483,38.0,42.72,23.0,1.0,1197.0,32510.0,16.0,40.0,38.0,1613430165.498,2021-02-15 23:02:45.497999907
10063782380,r8532701-n172107,1,43.723,24.278,1.726,30333.119,2176.881,16.0,35.436,32.763,43.194,21.763,1.609,31045.714,1464.286,16.0,35.642,32.906,73.62,100.0,6.0,31071.0,32510.0,16.0,36.0,34.0,1614725212.351,2021-03-02 22:46:52.351000071
10086618948,r414303-n303509,0,28.858,0.0,0.0,0.0,32510.0,16.0,42.444,44.0,28.858,0.0,0.0,0.0,32510.0,16.0,42.444,44.0,28.95,0.0,0.0,0.0,32510.0,16.0,43.0,44.0,1613429094.09,2021-02-15 22:44:54.089999914
10115911544,r4683026-n948219,0,126.397,50.67,34.521,1869.474,30640.526,16.0,53.475,58.072,207.989,91.695,63.089,3290.381,29219.619,16.0,68.141,76.901,239.92,98.0,69.0,7145.0,32510.0,16.0,74.0,84.0,1614603061.855,2021-03-01 12:51:01.855000019
10119419143,r6727430-n303509,0,41.96,8.378,1.998,621.481,31888.519,16.0,37.917,34.86,69.158,38.881,9.577,1071.239,31438.761,16.0,45.034,42.866,112.96,52.0,13.0,1093.0,32510.0,16.0,47.0,45.0,1613409092.738,2021-02-15 17:11:32.737999916
10128645794,r8141575-n303766,0,27.429,0.0,0.0,0.0,32510.0,16.0,39.0,39.0,27.429,0.0,0.0,0.0,32510.0,16.0,39.0,39.0,27.56,0.0,0.0,0.0,32510.0,16.0,39.0,39.0,1613942302.241,2021-02-21 21:18:22.240999937
10145569962,r4506251-n303766,0,176.797,68.841,46.159,6643.012,25866.988,16.0,66.382,71.805,177.992,69.12,46.361,6692.946,25817.054,16.0,67.202,72.791,257.49,95.0,67.0,6799.0,32510.0,16.0,73.0,80.0,1613506578.575,2021-02-16 20:16:18.575000048
10163629406,r7462820-n303766,0,36.677,1.514,0.287,603.444,31906.556,16.0,34.704,32.708,72.27,40.949,11.606,2127.63,30382.37,16.0,46.217,45.37,130.7,57.0,17.0,2629.0,32510.0,16.0,49.0,49.0,1613383839.161,2021-02-15 10:10:39.161000013
10178754402,r7141590-n303509,0,164.381,63.116,42.132,6110.501,26399.499,16.0,62.842,63.645,168.585,64.392,42.982,6368.309,26141.691,16.0,65.053,66.064,268.1,93.0,63.0,6807.0,32510.0,16.0,73.0,75.0,1613480221.743,2021-02-16 12:57:01.743000031
10181979328,r7141590-n303509,0,29.461,0.291,0.015,208.616,32301.384,16.0,39.599,38.491,91.913,49.592,16.05,2665.722,29844.278,16.0,51.992,50.292,159.61,68.0,23.0,2757.0,32510.0,16.0,56.0,54.0,1613408518.106,2021-02-15 17:01:58.105999947
10236941197,r2215649-n303766,0,201.932,88.672,58.972,2667.372,29842.628,16.0,67.439,70.222,210.752,93.165,62.163,2784.005,29725.995,16.0,68.138,71.183,239.7,99.0,67.0,3751.0,32510.0,16.0,72.0,75.0,1613934048.286,2021-02-21 19:00:48.286000013
10252200029,r7462820-n410412,0,208.756,87.317,58.655,6633.277,25876.723,16.0,68.022,74.195,207.149,86.482,58.153,6659.199,25850.801,16.0,67.961,74.11,253.19,94.0,64.0,6807.0,32510.0,16.0,70.0,76.0,1613587662.925,2021-02-17 18:47:42.924999952
10256084280,r8024255-n410412,0,196.125,81.089,54.385,6544.599,25965.401,16.0,67.994,71.626,194.269,80.263,53.887,6601.705,25908.295,16.0,67.891,71.491,251.0,92.0,62.0,6807.0,32510.0,16.0,71.0,75.0,1613534422.05,2021-02-17 04:00:22.049999952
10265951174,r6727430-n948219,0,27.287,0.27,0.002,70.039,32439.961,16.0,32.075,31.0,27.287,0.27,0.002,70.039,32439.961,16.0,32.075,31.0,37.27,25.0,1.0,1253.0,32510.0,16.0,33.0,31.0,1613614076.194,2021-02-18 02:07:56.194000006
10330541552,r7419443-n948219,0,26.999,0.0,0.0,3.904,32506.096,16.0,30.0,28.8,26.999,0.0,0.0,3.904,32506.096,16.0,30.0,28.8,27.19,0.0,0.0,4.0,32510.0,16.0,30.0,29.0,1613685139.327,2021-02-18 21:52:19.326999903
10337607085,r810901-n948219,0,26.125,0.0,0.0,0.0,32510.0,16.0,31.0,31.0,26.125,0.0,0.0,0.0,32510.0,16.0,31.0,31.0,26.27,0.0,0.0,0.0,32510.0,16.0,31.0,31.0,1614024575.703,2021-02-22 20:09:35.703000069
10338231040,r7141590-n948219,0,212.751,88.167,58.933,6609.826,25900.174,16.0,68.522,73.689,209.191,86.453,57.842,6639.784,25870.216,16.0,68.272,73.317,262.61,95.0,65.0,6799.0,32510.0,16.0,72.0,77.0,1613445672.555,2021-02-16 03:21:12.555000067
10374380294,r8141575-n410412,1,85.025,29.096,7.605,4580.713,27929.287,16.0,36.936,34.122,85.025,29.096,7.605,4580.713,27929.287,16.0,36.936,34.122,257.8,100.0,31.0,8429.0,32510.0,16.0,48.0,45.0,1614620739.551,2021-03-01 17:45:39.551000118
10409432669,r6727430-n948219,0,163.777,64.263,43.211,6507.907,26002.093,16.0,64.81,68.306,168.51,66.764,44.939,6612.605,25897.395,16.0,65.606,69.327,249.43,95.0,64.0,6807.0,32510.0,16.0,72.0,77.0,1613600509.963,2021-02-17 22:21:49.963000059
10422743425,r4506251-n303766,0,175.301,68.045,45.687,5695.314,26814.686,16.0,65.24,70.868,184.514,73.06,49.117,6021.871,26488.129,16.0,66.128,72.063,255.96,95.0,65.0,6793.0,32510.0,16.0,71.0,79.0,1613467277.788,2021-02-16 09:21:17.788000107
10424156569,r4683026-n948219,0,68.338,28.601,3.96,1281.341,31228.659,16.0,50.476,50.732,67.218,29.111,4.005,1304.687,31205.313,16.0,49.055,49.108,121.57,91.0,13.0,1315.0,32510.0,16.0,56.0,57.0,1613861453.883,2021-02-20 22:50:53.882999897
10564472974,r9170217-n303509,0,25.913,0.0,0.0,3.274,32506.726,16.0,32.131,28.953,26.059,0.0,0.0,3.999,32506.001,16.0,33.243,30.03,26.54,0.0,0.0,4.0,32510.0,16.0,34.0,32.0,1613128889.77,2021-02-12 11:21:29.769999981
10564472974,r9170217-n303509,1,37.17,15.428,0.136,848.082,31661.918,16.0,32.201,30.279,42.4,12.783,3.101,1375.732,31134.268,16.0,34.576,32.903,85.57,41.0,10.0,1377.0,32510.0,16.0,37.0,36.0,1613128889.773,2021-02-12 11:21:29.773000002
10566394288,r8141575-n410412,0,110.378,88.94,61.24,25244.215,7265.785,16.0,49.065,55.788,119.495,96.423,66.418,27328.764,5181.236,16.0,55.619,63.12,162.56,100.0,83.0,28049.0,32510.0,16.0,59.0,68.0,1614550952.434,2021-02-28 22:22:32.434000015
10577630989,r6727430-n303509,0,208.426,89.623,60.165,6642.304,25867.696,16.0,68.338,73.414,208.104,89.56,60.102,6640.83,25869.17,16.0,68.345,73.403,246.63,95.0,65.0,6799.0,32510.0,16.0,71.0,76.0,1613433040.901,2021-02-15 23:50:40.901000023
10666807260,r5179276-n948219,0,209.204,89.988,60.325,6641.287,25868.713,16.0,68.595,75.817,207.313,89.02,59.711,6659.563,25850.437,16.0,68.394,75.551,246.59,100.0,66.0,6793.0,32510.0,16.0,72.0,79.0,1613582761.52,2021-02-17 17:26:01.519999981
10674034828,r810901-n303509,0,34.431,4.569,0.0,954.436,31555.564,16.0,33.245,32.105,35.522,5.482,0.0,1101.745,31408.255,16.0,33.728,32.626,41.08,23.0,0.0,1497.0,32510.0,16.0,35.0,34.0,1612905412.483,2021-02-09 21:16:52.483000040
10682722497,r7753495-n303509,0,35.602,3.754,0.031,1886.519,30623.481,16.0,35.196,33.158,75.089,42.066,16.026,4671.803,27838.197,16.0,49.492,48.696,159.24,83.0,31.0,4744.0,32510.0,16.0,55.0,55.0,1613218897.733,2021-02-13 12:21:37.733000040
10718180860,r4144777-n303509,0,55.294,29.417,17.057,17006.845,15503.155,16.0,38.209,37.084,71.16,40.81,23.633,31452.095,1057.905,16.0,47.0,46.361,223.02,100.0,100.0,31725.0,32510.0,16.0,51.0,57.0,1614336585.083,2021-02-26 10:49:45.082999945
10718180860,r4144777-n303509,1,56.149,30.064,17.27,15916.675,16593.325,16.0,37.422,35.509,74.124,46.944,25.13,27926.844,4583.156,16.0,45.602,44.376,216.19,100.0,100.0,31761.0,32510.0,16.0,49.0,52.0,1614336585.087,2021-02-26 10:49:45.086999893
10735000684,r7462820-n303766,0,27.93,0.0,0.0,0.04,32509.96,16.0,31.95,29.979,27.939,0.0,0.0,0.004,32509.996,16.0,31.811,29.982,28.34,0.0,0.0,4.0,32510.0,16.0,32.0,30.0,1613355712.995,2021-02-15 02:21:52.994999886
10735000684,r7462820-n303766,1,25.275,0.0,0.0,0.04,32509.96,16.0,28.996,27.494,25.278,0.0,0.0,0.004,32509.996,16.0,28.998,27.651,25.69,0.0,0.0,4.0,32510.0,16.0,29.0,28.0,1613355713.001,2021-02-15 02:21:53.000999928
10750476782,r8972851-n948219,0,218.179,91.327,61.127,6645.696,25864.304,16.0,68.237,72.545,216.369,90.422,60.576,6662.098,25847.902,16.0,68.163,72.447,257.77,96.0,67.0,6793.0,32510.0,16.0,70.0,75.0,1613527623.883,2021-02-17 02:07:03.882999897
10771625308,r9480604-n410412,0,27.001,0.104,0.001,67.295,32442.705,16.0,31.068,29.185,27.001,0.104,0.001,67.295,32442.705,16.0,31.068,29.185,38.61,24.0,1.0,1205.0,32510.0,16.0,32.0,30.0,1614736398.166,2021-03-03 01:53:18.165999889
10797251294,r2215649-n303766,0,162.157,71.974,41.945,21909.309,10600.691,16.0,57.331,57.861,182.026,82.386,48.175,25481.253,7028.747,16.0,62.313,63.64,267.46,100.0,64.0,32465.0,32510.0,16.0,74.0,77.0,1614720255.072,2021-03-02 21:24:15.072000027
10806428309,r4506251-n303766,0,215.823,90.281,60.619,6636.318,25873.682,16.0,68.545,75.531,214.199,89.467,60.123,6655.038,25854.962,16.0,68.39,75.348,258.29,95.0,66.0,6793.0,32510.0,16.0,72.0,80.0,1613500939.256,2021-02-16 18:42:19.256000041
10814999757,r8141575-n303766,0,46.203,17.056,2.77,30613.017,1896.983,16.0,39.024,38.461,45.697,15.079,2.427,31028.651,1481.349,16.0,38.775,38.179,60.83,100.0,11.0,31071.0,32510.0,16.0,40.0,40.0,1614193198.459,2021-02-24 18:59:58.459000111
10834538387,r4683026-n948219,0,34.65,15.355,0.058,18546.657,13963.343,16.0,39.308,38.973,39.632,24.748,0.116,29885.957,2624.043,16.0,41.748,41.217,40.78,33.0,1.0,30709.0,32510.0,16.0,42.0,42.0,1614261523.6,2021-02-25 13:58:43.599999905
10854592093,r7141590-n303509,0,196.859,79.056,52.656,6471.735,26038.265,16.0,68.08,69.589,196.748,79.043,52.703,6552.531,25957.469,16.0,68.0,69.516,267.26,93.0,64.0,6807.0,32510.0,16.0,73.0,75.0,1613482638.339,2021-02-16 13:37:18.338999987
10869996635,r1039410-n303509,0,35.459,0.44,0.002,716.128,31793.872,16.0,40.396,38.109,53.987,28.962,5.172,1074.233,31435.767,16.0,43.929,42.094,115.68,46.0,10.0,1093.0,32510.0,16.0,46.0,44.0,1613341573.193,2021-02-14 22:26:13.193000078
10871698161,r4506251-n303766,0,33.992,0.275,0.013,277.933,32232.067,16.0,39.685,40.361,72.887,37.596,9.038,980.641,31529.359,16.0,49.36,50.543,121.08,52.0,13.0,1093.0,32510.0,16.0,52.0,54.0,1613496384.285,2021-02-16 17:26:24.285000086
10875221935,r9480604-n303766,0,37.744,0.074,0.0,1181.969,31328.031,16.0,33.133,30.446,38.42,0.028,0.0,1248.703,31261.297,16.0,33.999,31.174,39.31,14.0,1.0,1249.0,32510.0,16.0,35.0,33.0,1613439268.587,2021-02-16 01:34:28.586999893
10900277452,r4506251-n410412,0,46.243,9.876,5.562,1866.967,30643.033,16.0,33.749,32.6,87.12,26.174,14.97,7116.272,25393.728,16.0,50.164,49.541,250.92,99.0,62.0,8559.0,32510.0,16.0,64.0,66.0,1613388731.058,2021-02-15 11:32:11.058000088
10900277452,r4506251-n410412,1,46.983,12.186,5.685,2216.629,30293.371,16.0,34.776,31.982,83.203,32.453,15.32,7539.193,24970.807,16.0,48.34,47.115,236.68,100.0,66.0,9381.0,32510.0,16.0,60.0,63.0,1613388731.068,2021-02-15 11:32:11.068000078
10944923261,r2684277-n948219,0,26.372,0.0,0.0,0.0,32510.0,16.0,30.0,29.0,26.372,0.0,0.0,0.0,32510.0,16.0,30.0,29.0,26.43,0.0,0.0,0.0,32510.0,16.0,30.0,29.0,1613331526.891,2021-02-14 19:38:46.891000032
10944923261,r2684277-n948219,1,26.724,0.0,0.0,0.0,32510.0,16.0,29.409,28.0,26.724,0.0,0.0,0.0,32510.0,16.0,29.409,28.0,26.81,0.0,0.0,0.0,32510.0,16.0,30.0,28.0,1613331526.894,2021-02-14 19:38:46.894000053
10946239729,r7269000-n948219,0,138.512,52.483,35.828,1792.467,30717.533,16.0,50.847,52.087,235.193,97.114,66.987,3283.302,29226.698,16.0,68.067,71.574,259.76,99.0,70.0,7145.0,32510.0,16.0,73.0,77.0,1613407214.232,2021-02-15 16:40:14.232000113
10965380282,r7419443-n948219,0,26.95,0.0,0.0,0.0,32510.0,16.0,30.0,28.0,26.95,0.0,0.0,0.0,32510.0,16.0,30.0,28.0,27.01,0.0,0.0,0.0,32510.0,16.0,30.0,28.0,1613942299.837,2021-02-21 21:18:19.836999893
10969022550,r1039410-n948219,0,129.052,78.106,67.617,20914.541,11595.459,16.0,53.84,58.223,130.958,73.229,63.389,21641.478,10868.522,16.0,65.116,69.378,185.12,100.0,89.0,21643.0,32510.0,16.0,71.0,78.0,1613477429.597,2021-02-16 12:10:29.596999884
10969022550,r1039410-n948219,1,122.631,78.144,67.714,20898.847,11611.153,16.0,50.955,54.611,122.459,73.226,63.447,21641.464,10868.536,16.0,58.638,62.155,176.35,100.0,86.0,21643.0,32510.0,16.0,64.0,71.0,1613477429.6,2021-02-16 12:10:29.599999905
10969022550,r2684277-n948219,0,125.639,78.136,67.693,20921.426,11588.574,16.0,53.281,56.554,128.233,73.25,63.446,21641.157,10868.843,16.0,65.081,68.89,181.15,100.0,88.0,21643.0,32510.0,16.0,71.0,77.0,1613477429.644,2021-02-16 12:10:29.644000053
10969022550,r2684277-n948219,1,127.629,78.459,67.908,20921.26,11588.74,16.0,51.339,57.636,126.879,73.283,63.441,21641.17,10868.83,16.0,57.912,63.831,179.2,100.0,88.0,21643.0,32510.0,16.0,63.0,72.0,1613477429.653,2021-02-16 12:10:29.653000116
10998208221,r44132-n303766,0,207.564,87.587,58.673,6615.492,25894.508,16.0,67.768,74.824,206.666,87.136,58.42,6641.739,25868.261,16.0,67.858,74.87,250.79,95.0,65.0,6793.0,32510.0,16.0,71.0,79.0,1613465967.322,2021-02-16 08:59:27.322000027
11027974286,r6727430-n303509,0,28.101,0.0,0.0,1.762,32508.238,16.0,40.669,38.305,28.101,0.0,0.0,1.762,32508.238,16.0,40.669,38.305,30.8,0.0,0.0,4.0,32510.0,16.0,45.0,43.0,1613012302.708,2021-02-11 02:58:22.707999945
11046373326,r9480604-n303766,0,69.627,31.678,4.368,1256.99,31253.01,16.0,43.717,41.264,69.627,31.678,4.368,1256.99,31253.01,16.0,43.717,41.264,119.92,90.0,13.0,1315.0,32510.0,16.0,45.0,43.0,1613795525.536,2021-02-20 04:32:05.536000013
11056891962,r4506251-n303766,0,201.914,84.118,56.42,6519.46,25990.54,16.0,64.525,70.524,203.142,84.577,56.807,6570.49,25939.51,16.0,65.15,71.305,258.59,95.0,65.0,6807.0,32510.0,16.0,73.0,80.0,1613508018.401,2021-02-16 20:40:18.401000023
11122448293,r9648383-n303766,0,26.371,0.0,0.0,3.936,32506.064,16.0,32.0,30.272,161.165,64.034,10.925,25564.626,6945.374,16.0,65.258,63.459,273.16,100.0,54.0,29181.0,32510.0,16.0,75.0,74.0,1614298116.421,2021-02-26 00:08:36.421000004
11142155590,r368967-n750018,0,34.327,0.092,0.007,832.362,31677.638,16.0,33.465,31.883,34.327,0.092,0.007,832.362,31677.638,16.0,33.465,31.883,40.05,25.0,1.0,1285.0,32510.0,16.0,35.0,33.0,1614720696.585,2021-03-02 21:31:36.585000038
11145356724,r2215649-n410412,0,26.405,0.0,0.0,0.0,32510.0,16.0,32.0,29.913,26.405,0.0,0.0,0.0,32510.0,16.0,32.0,29.913,26.49,0.0,0.0,0.0,32510.0,16.0,32.0,30.0,1614734634.946,2021-03-03 01:23:54.946000099
11145356724,r2215649-n410412,1,26.118,0.0,0.0,0.0,32510.0,16.0,31.0,28.998,26.118,0.0,0.0,0.0,32510.0,16.0,31.0,28.998,26.22,0.0,0.0,0.0,32510.0,16.0,31.0,29.0,1614734634.956,2021-03-03 01:23:54.956000090
11149245646,r7141590-n303509,0,43.342,5.113,1.638,1252.747,31257.253,16.0,41.9,40.129,71.652,31.539,10.733,1575.509,30934.491,16.0,47.89,46.057,125.1,46.0,16.0,1605.0,32510.0,16.0,51.0,49.0,1613333139.835,2021-02-14 20:05:39.835000038
11177719926,r7269000-n948219,1,135.147,52.594,35.972,1793.705,30716.295,16.0,52.007,54.691,226.776,96.656,66.716,3295.275,29214.725,16.0,66.113,72.172,250.49,99.0,70.0,7145.0,32510.0,16.0,75.0,82.0,1613407214.247,2021-02-15 16:40:14.246999979
11212463388,r7141590-n948219,0,214.71,89.076,59.56,6626.534,25883.466,16.0,68.512,73.584,214.782,89.242,59.697,6646.68,25863.32,16.0,68.503,73.585,262.51,95.0,65.0,6793.0,32510.0,16.0,71.0,77.0,1613438287.77,2021-02-16 01:18:07.769999981
11215228029,r3974592-n303509,0,24.642,0.006,0.0,3.359,32506.641,16.0,31.073,29.345,24.585,0.003,0.0,3.704,32506.296,16.0,31.033,29.624,37.97,16.0,1.0,4.0,32510.0,16.0,33.0,31.0,1613178563.274,2021-02-13 01:09:23.273999929
11215228029,r3974592-n303509,1,30.576,0.411,0.009,3029.957,29480.043,16.0,29.836,28.216,27.772,0.397,0.008,3093.759,29416.241,16.0,29.456,27.883,49.51,71.0,4.0,4181.0,32510.0,16.0,32.0,30.0,1613178563.279,2021-02-13 01:09:23.279000044
11280749183,r9852763-n772143,0,27.197,0.0,0.0,0.0,32510.0,16.0,33.847,30.982,27.207,0.0,0.0,0.0,32510.0,16.0,33.757,30.926,27.48,0.0,0.0,0.0,32510.0,16.0,34.0,32.0,1614722471.865,2021-03-02 22:01:11.865000010
11334444881,r8275852-n303766,0,53.659,14.497,4.354,2953.605,29556.395,16.0,37.068,35.159,73.3,22.458,6.765,5965.931,26544.069,16.0,43.628,41.146,192.01,68.0,21.0,6233.0,32510.0,16.0,50.0,48.0,1613654740.928,2021-02-18 13:25:40.927999973
11398270447,r9480604-n303766,0,27.4,0.0,0.0,0.0,32510.0,16.0,31.0,29.0,27.4,0.0,0.0,0.0,32510.0,16.0,31.0,29.0,27.47,0.0,0.0,0.0,32510.0,16.0,31.0,29.0,1613439095.762,2021-02-16 01:31:35.762000084
11402284709,r7141590-n948219,0,213.362,88.681,59.318,6625.673,25884.327,16.0,67.292,72.242,213.874,88.996,59.54,6647.229,25862.771,16.0,67.442,72.449,262.18,95.0,65.0,6799.0,32510.0,16.0,73.0,79.0,1613441552.57,2021-02-16 02:12:32.569999933
11464926378,r2684277-n948219,0,45.507,7.391,4.905,5204.557,27305.443,16.0,33.348,31.955,45.507,7.391,4.905,5204.557,27305.443,16.0,33.348,31.955,198.95,100.0,78.0,24091.0,32510.0,16.0,37.0,41.0,1613257594.795,2021-02-13 23:06:34.795000076
11517655417,r7462820-n303766,0,212.219,90.322,60.672,6632.38,25877.62,16.0,68.389,73.853,210.795,89.618,60.236,6652.282,25857.718,16.0,68.305,73.711,250.34,95.0,67.0,6807.0,32510.0,16.0,73.0,78.0,1613651115.676,2021-02-18 12:25:15.676000118
11553531224,r8024255-n410412,0,198.992,82.01,55.046,6566.384,25943.616,16.0,67.902,71.645,197.546,81.373,54.681,6615.589,25894.411,16.0,67.826,71.549,252.96,94.0,63.0,6807.0,32510.0,16.0,71.0,76.0,1613523958.394,2021-02-17 01:05:58.394000053
11558517414,r7141590-n172107,0,62.774,26.903,11.092,30471.937,2038.063,16.0,40.686,40.479,61.303,27.028,11.2,31054.192,1455.808,16.0,40.987,40.588,142.04,100.0,20.0,31071.0,32510.0,16.0,43.0,44.0,1614747499.853,2021-03-03 04:58:19.852999926
11560972682,r4099734-n172107,0,46.858,22.635,5.854,29047.46,3462.54,16.0,37.0,35.135,47.443,22.775,5.829,31019.89,1490.11,16.0,38.871,37.124,106.09,48.0,10.0,31071.0,32510.0,16.0,41.0,39.0,1614715475.783,2021-03-02 20:04:35.782999992
11580353383,r2684277-n948219,0,38.975,3.018,0.13,1288.265,31221.735,16.0,36.703,34.835,38.611,2.353,0.093,3066.793,29443.207,16.0,34.28,32.565,67.82,54.0,4.0,3071.0,32510.0,16.0,39.0,37.0,1614086167.821,2021-02-23 13:16:07.821000099
11582298739,r7317916-n948219,1,195.605,80.107,53.816,6548.845,25961.155,16.0,64.497,69.333,194.815,79.43,53.39,6605.907,25904.093,16.0,65.167,70.144,258.83,100.0,63.0,6807.0,32510.0,16.0,71.0,78.0,1613479109.307,2021-02-16 12:38:29.306999922
11588325402,r7141590-n948219,0,214.913,89.151,59.644,6636.893,25873.107,16.0,68.419,73.505,215.302,89.351,59.777,6653.056,25856.944,16.0,68.399,73.489,262.4,96.0,65.0,6807.0,32510.0,16.0,72.0,77.0,1613437237.337,2021-02-16 01:00:37.336999893
11627880106,r2684277-n948219,0,41.902,3.759,2.35,8747.516,23762.484,16.0,32.962,31.289,41.902,3.759,2.35,8747.516,23762.484,16.0,32.962,31.289,191.92,100.0,80.0,27771.0,32510.0,16.0,37.0,40.0,1613258737.662,2021-02-13 23:25:37.661999941
11628119649,r4144777-n303509,0,38.145,11.272,1.443,18109.137,14400.863,16.0,38.306,36.012,44.862,19.444,2.519,29572.773,2937.227,16.0,39.879,37.468,52.62,100.0,6.0,30709.0,32510.0,16.0,41.0,38.0,1614311568.971,2021-02-26 03:52:48.970999956
11648119859,r6727430-n303509,0,43.204,9.077,1.408,30642.944,1867.056,16.0,38.759,35.71,39.738,5.85,0.859,31042.107,1467.893,16.0,36.993,33.839,79.1,51.0,10.0,31071.0,32510.0,16.0,40.0,37.0,1613419922.384,2021-02-15 20:12:02.384000063
11655077566,r5179276-n948219,0,206.08,89.138,59.813,6598.461,25911.539,16.0,68.297,75.315,204.76,88.407,59.365,6625.051,25884.949,16.0,68.222,75.168,245.18,95.0,65.0,6799.0,32510.0,16.0,72.0,79.0,1613586295.415,2021-02-17 18:24:55.414999962
11662732043,r7462820-n410412,0,201.881,82.49,55.325,6627.177,25882.823,16.0,68.283,74.51,198.41,80.83,54.265,6661.15,25848.85,16.0,68.1,74.217,255.07,95.0,64.0,6793.0,32510.0,16.0,72.0,79.0,1613573025.912,2021-02-17 14:43:45.911999941
11732428116,r7317916-n948219,0,192.208,86.731,58.389,6387.981,26122.019,16.0,62.846,70.715,189.429,84.656,57.033,6461.446,26048.554,16.0,63.481,71.343,241.92,95.0,66.0,6799.0,32510.0,16.0,73.0,83.0,1613476742.243,2021-02-16 11:59:02.243000031
11782132545,r8141575-n410412,0,27.18,0.0,0.0,0.0,32510.0,16.0,32.0,30.515,73.163,43.336,15.544,3396.12,29113.88,16.0,46.945,46.518,137.54,59.0,24.0,4746.0,32510.0,16.0,50.0,50.0,1614443288.57,2021-02-27 16:28:08.569999933
11789619435,r7419443-n948219,0,34.449,1.895,0.399,474.939,32035.061,16.0,31.215,29.136,34.449,1.895,0.399,474.939,32035.061,16.0,31.215,29.136,160.56,90.0,37.0,3311.0,32510.0,16.0,33.0,32.0,1613942557.731,2021-02-21 21:22:37.730999947
11801866722,r4506251-n303766,0,216.431,90.925,60.87,6647.048,25862.952,16.0,68.305,75.111,214.645,90.02,60.325,6666.98,25843.02,16.0,68.227,74.996,256.09,95.0,65.0,6801.0,32510.0,16.0,72.0,79.0,1613507539.567,2021-02-16 20:32:19.566999912
11838527759,r8473362-n410412,0,199.204,88.296,60.296,3017.707,29492.293,16.0,62.599,67.783,212.01,93.702,64.192,3182.925,29327.075,16.0,65.84,71.831,240.53,99.0,69.0,7145.0,32510.0,16.0,74.0,80.0,1613398066.552,2021-02-15 14:07:46.552000046
11879244524,r1039410-n948219,1,25.072,0.0,0.0,0.0,32510.0,16.0,30.175,27.061,207.316,92.074,64.689,4670.007,27839.993,16.0,59.245,63.101,258.62,97.0,70.0,7145.0,32510.0,16.0,70.0,75.0,1613928464.363,2021-02-21 17:27:44.362999916
11917448100,r216287-n303509,1,54.44,28.707,9.483,1085.117,31424.883,16.0,36.756,35.537,54.44,28.707,9.483,1085.117,31424.883,16.0,36.756,35.537,68.61,39.0,14.0,1327.0,32510.0,16.0,37.0,37.0,1612830036.775,2021-02-09 00:20:36.775000095
11971239882,r414303-n303509,0,27.182,0.0,0.0,0.0,32510.0,16.0,35.0,35.0,27.182,0.0,0.0,0.0,32510.0,16.0,35.0,35.0,27.29,0.0,0.0,0.0,32510.0,16.0,35.0,35.0,1613429323.818,2021-02-15 22:48:43.818000078
11983359824,r5179276-n948219,0,42.401,22.5,1.682,30049.111,2460.889,16.0,40.086,38.832,42.469,20.834,1.479,31042.127,1467.873,16.0,40.454,39.0,71.35,34.0,3.0,31071.0,32510.0,16.0,41.0,40.0,1613414117.776,2021-02-15 18:35:17.776000023
12009210842,r8972851-n948219,0,173.877,67.279,45.073,6563.246,25946.754,16.0,65.611,68.363,174.674,67.637,45.364,6648.01,25861.99,16.0,66.342,69.196,258.87,96.0,67.0,6807.0,32510.0,16.0,72.0,77.0,1613524185.753,2021-02-17 01:09:45.753000021
12009867050,r7269000-n303509,0,216.435,90.653,60.846,6630.108,25879.892,16.0,68.069,73.044,214.39,89.615,60.164,6633.538,25876.462,16.0,67.964,72.875,253.97,95.0,68.0,6793.0,32510.0,16.0,70.0,76.0,1613587291.757,2021-02-17 18:41:31.756999969
12061302814,r6727430-n948219,0,26.52,0.0,0.0,0.0,32510.0,16.0,32.0,31.0,26.52,0.0,0.0,0.0,32510.0,16.0,32.0,31.0,26.59,0.0,0.0,0.0,32510.0,16.0,32.0,31.0,1613613415.675,2021-02-18 01:56:55.674999952
12124003268,r4506251-n303766,0,208.343,86.829,58.304,6439.811,26070.189,16.0,66.144,72.347,208.215,86.689,58.248,6493.937,26016.063,16.0,66.375,72.688,257.28,95.0,67.0,6801.0,32510.0,16.0,73.0,81.0,1613500155.801,2021-02-16 18:29:15.801000118
12145345242,r8024255-n410412,0,41.515,7.204,3.527,1997.649,30512.351,16.0,34.753,32.325,77.369,38.02,19.277,3032.583,29477.417,16.0,49.494,48.817,140.07,89.0,28.0,4742.0,32510.0,16.0,53.0,53.0,1613110999.369,2021-02-12 06:23:19.368999958
12171829542,r6727430-n303509,0,206.343,89.245,60.0,6644.614,25865.386,16.0,66.639,71.263,206.617,89.455,60.156,6664.459,25845.541,16.0,66.86,71.558,248.68,95.0,65.0,6807.0,32510.0,16.0,73.0,79.0,1613435205.149,2021-02-16 00:26:45.148999929
12190933994,r7462820-n303766,1,40.471,8.251,1.699,961.652,31548.348,16.0,32.13,30.489,40.471,8.251,1.699,961.652,31548.348,16.0,32.13,30.489,88.26,43.0,11.0,1027.0,32510.0,16.0,36.0,35.0,1613372691.745,2021-02-15 07:04:51.744999886
12299370945,r216287-n303509,0,27.936,0.0,0.0,1.553,32508.447,16.0,30.513,29.972,27.936,0.0,0.0,1.553,32508.447,16.0,30.513,29.972,28.14,0.0,0.0,4.0,32510.0,16.0,31.0,30.0,1613099371.496,2021-02-12 03:09:31.496000051
12390826279,r810901-n303509,0,40.02,3.116,0.556,25937.078,6572.922,16.0,36.246,35.285,58.423,15.948,9.302,28007.563,4502.437,16.0,38.406,38.341,249.88,100.0,84.0,31079.0,32510.0,16.0,58.0,65.0,1612958040.944,2021-02-10 11:54:00.944000006
12431525495,r492024-n410412,0,32.143,4.234,2.36,2120.335,30389.665,16.0,32.899,31.527,72.333,39.655,22.916,29598.302,2911.698,16.0,46.902,47.362,226.13,100.0,100.0,31507.0,32510.0,16.0,52.0,58.0,1614327627.234,2021-02-26 08:20:27.233999968
12431525495,r492024-n410412,1,31.312,4.315,2.331,2265.411,30244.589,16.0,30.771,30.679,75.217,45.919,24.49,31082.672,1427.328,16.0,45.726,45.268,239.94,100.0,100.0,31623.0,32510.0,16.0,50.0,54.0,1614327627.243,2021-02-26 08:20:27.243000031
12448065857,r6707841-n772143,1,38.585,18.354,0.839,28927.729,3582.271,16.0,34.776,30.353,39.714,20.381,0.81,30996.528,1513.472,16.0,35.899,31.614,53.71,32.0,2.0,31071.0,32510.0,16.0,37.0,33.0,1614721838.914,2021-03-02 21:50:38.914000034
12490711639,r414303-n303509,0,35.347,0.291,0.015,573.241,31936.759,16.0,36.6,36.206,75.616,41.861,11.658,1070.647,31439.353,16.0,48.002,49.35,121.49,58.0,17.0,1093.0,32510.0,16.0,50.0,52.0,1613084101.749,2021-02-11 22:55:01.749000072
12539656636,r216287-n303509,1,26.004,0.0,0.0,1.337,32508.663,16.0,28.266,27.001,26.004,0.0,0.0,1.337,32508.663,16.0,28.266,27.001,26.34,0.0,0.0,4.0,32510.0,16.0,29.0,28.0,1613099177.772,2021-02-12 03:06:17.772000074
12545459612,r6727430-n948219,0,26.533,0.0,0.0,0.0,32510.0,16.0,32.0,31.0,26.533,0.0,0.0,0.0,32510.0,16.0,32.0,31.0,26.63,0.0,0.0,0.0,32510.0,16.0,32.0,31.0,1613613332.312,2021-02-18 01:55:32.312000036
12559188102,r8141575-n303766,0,43.07,1.883,0.3,465.883,32044.117,16.0,41.846,41.029,43.07,1.883,0.3,465.883,32044.117,16.0,41.846,41.029,124.71,70.0,32.0,2413.0,32510.0,16.0,43.0,43.0,1613942425.905,2021-02-21 21:20:25.904999971
12562498309,r4099734-n200569,0,26.694,0.072,0.0,74.897,32435.103,16.0,30.08,29.488,26.694,0.072,0.0,74.897,32435.103,16.0,30.08,29.488,38.74,9.0,0.0,1077.0,32510.0,16.0,31.0,30.0,1614719351.167,2021-03-02 21:09:11.167000055
12591718262,r9170217-n303509,0,210.043,88.148,59.164,6605.343,25904.657,16.0,68.321,70.051,210.382,88.379,59.319,6630.63,25879.37,16.0,68.26,70.002,253.83,97.0,64.0,6801.0,32510.0,16.0,71.0,73.0,1613438370.393,2021-02-16 01:19:30.392999887
12602788715,r8024255-n410412,0,24.962,0.0,0.0,0.0,32510.0,16.0,32.0,31.0,24.962,0.0,0.0,0.0,32510.0,16.0,32.0,31.0,25.03,0.0,0.0,0.0,32510.0,16.0,32.0,31.0,1614734566.638,2021-03-03 01:22:46.638000011
12634738497,r4144777-n303509,0,36.387,7.563,0.464,22114.32,10395.68,16.0,33.953,31.646,41.003,12.976,0.883,30590.924,1919.076,16.0,37.458,34.878,46.06,26.0,2.0,30709.0,32510.0,16.0,39.0,36.0,1614380725.041,2021-02-26 23:05:25.040999889
12636019465,r44132-n303766,0,205.534,85.731,57.485,6487.151,26022.849,16.0,67.675,74.81,203.128,84.669,56.84,6545.258,25964.742,16.0,67.605,74.674,251.63,95.0,65.0,6807.0,32510.0,16.0,72.0,80.0,1613452725.336,2021-02-16 05:18:45.335999966
12711230048,r6727430-n948219,0,196.376,82.997,55.771,6547.372,25962.628,16.0,64.607,69.113,195.218,81.942,55.074,6582.004,25927.996,16.0,65.473,70.057,248.19,100.0,64.0,6799.0,32510.0,16.0,70.0,76.0,1613650933.404,2021-02-18 12:22:13.404000044
12722451996,r8141575-n410412,0,27.18,0.0,0.0,0.0,32510.0,16.0,32.0,30.184,27.18,0.0,0.0,0.0,32510.0,16.0,32.0,30.184,27.31,0.0,0.0,0.0,32510.0,16.0,32.0,31.0,1614620584.524,2021-03-01 17:43:04.523999929
12722451996,r8141575-n410412,1,26.601,0.0,0.0,0.0,32510.0,16.0,31.0,29.011,26.601,0.0,0.0,0.0,32510.0,16.0,31.0,29.011,26.75,0.0,0.0,0.0,32510.0,16.0,31.0,30.0,1614620584.527,2021-03-01 17:43:04.526999950
12729471273,r9170217-n303509,0,33.658,0.443,0.018,689.348,31820.652,16.0,32.924,29.463,59.568,35.773,6.509,1067.695,31442.305,16.0,42.62,38.695,106.28,49.0,10.0,1093.0,32510.0,16.0,45.0,41.0,1613323427.558,2021-02-14 17:23:47.558000088
12749192034,r8024255-n410412,0,46.001,18.92,3.501,569.75,31940.25,16.0,45.214,44.054,45.058,19.968,3.362,1300.418,31209.582,16.0,38.636,36.741,106.74,53.0,11.0,1539.0,32510.0,16.0,57.0,58.0,1613478238.437,2021-02-16 12:23:58.437000036
12793446324,r9480604-n303766,0,35.218,0.232,0.006,850.527,31659.473,16.0,32.182,29.572,35.218,0.232,0.006,850.527,31659.473,16.0,32.182,29.572,39.74,13.0,1.0,1239.0,32510.0,16.0,33.0,30.0,1613439154.806,2021-02-16 01:32:34.805999994
12802890069,r6727430-n948219,0,31.505,1.284,0.0,254.642,32255.358,16.0,32.947,31.0,31.505,1.284,0.0,254.642,32255.358,16.0,32.947,31.0,39.55,10.0,0.0,1253.0,32510.0,16.0,33.0,31.0,1613614131.758,2021-02-18 02:08:51.757999897
12806739009,r8275852-n410412,0,37.027,0.452,0.018,759.684,31750.316,16.0,37.467,38.449,54.522,25.106,4.465,1078.728,31431.272,16.0,41.052,41.869,99.98,49.0,10.0,1093.0,32510.0,16.0,43.0,44.0,1613317615.321,2021-02-14 15:46:55.321000099
12825144153,r6727430-n303509,0,196.611,82.56,55.468,6606.385,25903.615,16.0,68.354,72.82,195.89,82.26,55.267,6643.624,25866.376,16.0,68.324,72.789,248.62,95.0,66.0,6807.0,32510.0,16.0,71.0,77.0,1613437337.999,2021-02-16 01:02:17.999000072
12830398734,r4605940-n303509,0,34.777,0.25,0.009,936.259,31573.741,16.0,35.974,34.037,54.113,20.697,6.722,1588.953,30921.047,16.0,40.231,38.649,114.88,46.0,17.0,1605.0,32510.0,16.0,48.0,48.0,1612964793.099,2021-02-10 13:46:33.098999977
12830636202,r7753495-n303509,0,25.496,0.0,0.0,3.131,32506.869,16.0,36.364,35.03,25.541,0.0,0.0,3.705,32506.295,16.0,36.784,35.571,25.84,0.0,0.0,4.0,32510.0,16.0,37.0,36.0,1613367371.176,2021-02-15 05:36:11.176000118
12847892878,r7269000-n303509,0,215.102,89.852,60.304,6634.306,25875.694,16.0,68.293,73.37,212.897,88.693,59.547,6642.803,25867.197,16.0,68.143,73.135,253.91,95.0,67.0,6807.0,32510.0,16.0,71.0,76.0,1613578748.37,2021-02-17 16:19:08.369999886
12869263330,r6727430-n948219,0,198.639,83.208,55.936,6582.859,25927.141,16.0,66.655,71.382,198.45,83.198,55.982,6622.14,25887.86,16.0,66.88,71.7,248.97,94.0,64.0,6793.0,32510.0,16.0,70.0,76.0,1613601409.026,2021-02-17 22:36:49.026000023
12876590570,r492024-n303766,0,25.18,0.0,0.0,1.601,32508.399,16.0,33.0,31.634,25.18,0.0,0.0,1.601,32508.399,16.0,33.0,31.634,25.31,0.0,0.0,4.0,32510.0,16.0,33.0,32.0,1614715535.863,2021-03-02 20:05:35.862999916
12931749510,r2684277-n948219,0,35.945,4.978,2.675,1594.519,30915.481,16.0,31.48,30.583,50.482,16.844,6.882,4108.08,28401.92,16.0,38.284,37.247,163.52,100.0,34.0,8766.0,32510.0,16.0,43.0,46.0,1613435978.552,2021-02-16 00:39:38.552000046
12931749510,r2684277-n948219,1,30.635,0.036,0.0,396.383,32113.617,16.0,29.893,28.599,38.827,0.0,0.0,1200.98,31309.02,16.0,33.547,31.934,39.93,24.0,1.0,1207.0,32510.0,16.0,34.0,32.0,1613435978.555,2021-02-16 00:39:38.555000067
12999750316,r7269000-n303509,0,184.588,72.152,48.3,6612.872,25897.128,16.0,66.59,70.217,177.505,68.212,45.703,6660.484,25849.516,16.0,66.306,69.685,254.26,95.0,66.0,6799.0,32510.0,16.0,71.0,76.0,1613584937.024,2021-02-17 18:02:17.023999929
13020252091,r1051355-n172107,1,40.965,25.971,3.468,29111.011,3398.989,16.0,34.84,31.56,41.337,25.86,3.381,31010.708,1499.292,16.0,35.494,32.365,61.43,36.0,5.0,31071.0,32510.0,16.0,37.0,34.0,1614715744.628,2021-03-02 20:09:04.628000021
13033695440,r8275852-n410412,0,28.983,0.0,0.0,0.509,32509.491,16.0,36.0,37.0,28.983,0.0,0.0,0.509,32509.491,16.0,36.0,37.0,29.14,0.0,0.0,4.0,32510.0,16.0,36.0,37.0,1613317216.01,2021-02-14 15:40:16.009999990
13054575682,r44132-n303766,0,98.951,47.751,19.923,25313.543,7196.457,16.0,48.233,49.714,110.29,54.68,22.941,28542.272,3967.728,16.0,52.643,54.667,271.24,100.0,73.0,28581.0,32510.0,16.0,59.0,65.0,1613267792.441,2021-02-14 01:56:32.440999985
13120485570,r2215649-n303766,0,26.549,0.0,0.0,0.0,32510.0,16.0,33.623,31.552,41.607,4.04,2.478,1614.415,30895.585,16.0,39.636,37.336,106.65,51.0,37.0,4263.0,32510.0,16.0,47.0,48.0,1614738790.377,2021-03-03 02:33:10.377000093
13190269177,r8275852-n410412,0,32.952,0.58,0.02,140.44,32369.56,16.0,33.0,34.0,32.952,0.58,0.02,140.44,32369.56,16.0,33.0,34.0,38.86,9.0,1.0,459.0,32510.0,16.0,33.0,34.0,1614292478.419,2021-02-25 22:34:38.418999910
13242310818,r4506251-n410412,0,76.896,31.13,19.071,6191.152,26318.848,16.0,41.72,41.544,94.651,41.714,25.522,8944.11,23565.89,16.0,46.493,46.797,263.69,91.0,69.0,10919.0,32510.0,16.0,55.0,58.0,1612965754.615,2021-02-10 14:02:34.615000010
13279273680,r7141590-n948219,0,214.635,89.39,59.78,6635.991,25874.009,16.0,68.461,73.527,214.047,89.084,59.563,6614.221,25895.779,16.0,68.424,73.464,262.82,96.0,65.0,6807.0,32510.0,16.0,72.0,77.0,1613436885.518,2021-02-16 00:54:45.517999887
13343504985,r4506251-n303766,0,212.632,88.619,59.483,6616.382,25893.618,16.0,68.103,74.824,211.006,87.865,59.02,6642.268,25867.732,16.0,68.031,74.748,258.23,95.0,67.0,6801.0,32510.0,16.0,72.0,79.0,1613503216.558,2021-02-16 19:20:16.558000088
13359503988,r5179276-n948219,0,208.076,89.889,60.309,6650.754,25859.246,16.0,68.531,76.104,206.322,89.049,59.823,6669.455,25840.545,16.0,68.359,75.862,245.14,95.0,68.0,6807.0,32510.0,16.0,71.0,79.0,1613580158.317,2021-02-17 16:42:38.316999912
13383583486,r9480604-n410412,0,27.321,0.0,0.0,0.176,32509.824,16.0,38.0,36.0,27.321,0.0,0.0,0.176,32509.824,16.0,38.0,36.0,27.56,0.0,0.0,4.0,32510.0,16.0,38.0,36.0,1613786336.041,2021-02-20 01:58:56.040999889
13417365489,r9170217-n948219,0,192.631,80.23,53.848,6511.539,25998.461,16.0,66.908,71.732,191.487,79.548,53.437,6575.982,25934.018,16.0,67.099,71.952,248.38,94.0,63.0,6799.0,32510.0,16.0,71.0,77.0,1613587460.285,2021-02-17 18:44:20.285000086
13422383895,r810901-n948219,0,44.41,7.75,1.694,1540.399,30969.601,16.0,34.78,34.343,59.778,13.983,3.079,2776.96,29733.04,16.0,40.298,39.752,193.17,62.0,14.0,3417.0,32510.0,16.0,46.0,45.0,1613666158.232,2021-02-18 16:35:58.232000113
13438824856,r9170217-n948219,0,186.755,76.855,51.602,6513.488,25996.512,16.0,65.264,69.83,184.594,75.792,50.935,6587.101,25922.899,16.0,65.79,70.399,245.82,100.0,63.0,6799.0,32510.0,16.0,69.0,75.0,1613584131.49,2021-02-17 17:48:51.490000010
13466664906,r974863-n410412,0,199.9,81.823,54.729,6644.701,25865.299,16.0,67.853,72.504,191.761,77.323,51.767,6681.972,25828.028,16.0,67.587,71.965,259.24,96.0,66.0,6799.0,32510.0,16.0,72.0,78.0,1613449242.69,2021-02-16 04:20:42.690000057
13506398254,r414303-n303509,0,35.881,2.69,0.034,449.414,32060.586,16.0,35.0,34.966,35.881,2.69,0.034,449.414,32060.586,16.0,35.0,34.966,38.69,24.0,1.0,1197.0,32510.0,16.0,35.0,35.0,1613429559.868,2021-02-15 22:52:39.868000031
13507117425,r8972851-n303509,0,146.598,53.814,36.115,6500.997,26009.003,16.0,61.163,64.023,136.6,48.96,32.89,6657.268,25852.732,16.0,59.487,62.049,247.72,100.0,63.0,6801.0,32510.0,16.0,69.0,74.0,1613596163.806,2021-02-17 21:09:23.805999994
13528340621,r1039410-n172107,0,26.695,0.0,0.0,0.0,32510.0,16.0,31.815,30.006,26.321,0.0,0.0,0.0,32510.0,16.0,29.656,28.34,26.9,0.0,0.0,0.0,32510.0,16.0,32.0,31.0,1614717433.651,2021-03-02 20:37:13.651000023
13528340621,r1039410-n172107,1,24.685,0.0,0.0,0.0,32510.0,16.0,29.0,27.998,24.445,0.0,0.0,0.0,32510.0,16.0,27.206,25.771,24.92,0.0,0.0,0.0,32510.0,16.0,30.0,29.0,1614717433.654,2021-03-02 20:37:13.654000044
13572502771,r7141590-n948219,0,214.43,88.929,59.446,6621.191,25888.809,16.0,68.499,73.58,214.667,89.139,59.622,6642.512,25867.488,16.0,68.5,73.591,262.07,95.0,65.0,6793.0,32510.0,16.0,71.0,77.0,1613440403.671,2021-02-16 01:53:23.671000004
13583564547,r7141590-n948219,0,28.422,0.042,0.003,0.0,32510.0,16.0,47.509,46.861,28.422,0.042,0.003,0.0,32510.0,16.0,47.509,46.861,51.54,27.0,2.0,0.0,32510.0,16.0,62.0,62.0,1613430729.124,2021-02-15 23:12:09.124000072
13612704365,r8141575-n410412,0,55.374,27.239,9.073,29223.283,3286.717,16.0,38.765,37.256,53.77,22.661,7.372,31012.242,1497.758,16.0,39.641,38.14,123.2,50.0,16.0,31071.0,32510.0,16.0,42.0,41.0,1614355471.603,2021-02-26 16:04:31.602999926
13633423646,r7462820-n410412,0,210.585,88.551,59.387,6642.97,25867.03,16.0,68.404,75.224,208.919,87.769,58.873,6653.938,25856.062,16.0,68.315,75.065,254.28,95.0,65.0,6807.0,32510.0,16.0,72.0,79.0,1613572306.974,2021-02-17 14:31:46.973999977
13678312743,r974863-n303766,0,32.116,6.679,0.0,617.648,31892.352,16.0,32.223,29.84,37.469,12.185,0.0,1279.967,31230.033,16.0,34.79,32.074,41.54,31.0,1.0,1285.0,32510.0,16.0,37.0,34.0,1614593181.838,2021-03-01 10:06:21.838000059
13699878551,r8972851-n303509,0,196.357,80.412,53.915,6559.25,25950.75,16.0,67.77,72.493,192.248,78.29,52.521,6595.784,25914.216,16.0,67.524,72.145,249.59,94.0,63.0,6799.0,32510.0,16.0,71.0,76.0,1613594093.587,2021-02-17 20:34:53.586999893
13721089124,r9988778-n410412,1,25.245,0.0,0.0,0.0,32510.0,16.0,30.894,28.818,25.245,0.0,0.0,0.0,32510.0,16.0,30.894,28.818,25.36,0.0,0.0,0.0,32510.0,16.0,31.0,29.0,1614734669.069,2021-03-03 01:24:29.069000006
13730063568,r8972851-n303509,0,190.618,76.807,51.511,6513.911,25996.089,16.0,68.207,72.502,189.484,76.409,51.282,6584.558,25925.442,16.0,68.124,72.417,249.86,100.0,63.0,6799.0,32510.0,16.0,71.0,76.0,1613610178.355,2021-02-18 01:02:58.355000019
13737209642,r974863-n410412,1,203.43,90.609,60.889,6644.688,25865.312,16.0,60.19,63.428,201.889,89.793,60.386,6661.398,25848.602,16.0,60.467,63.755,241.79,95.0,66.0,6793.0,32510.0,16.0,67.0,71.0,1613453073.765,2021-02-16 05:24:33.765000105
13747531195,r9515777-n303766,0,30.408,0.423,0.0,104.31,32405.69,16.0,40.183,38.0,30.408,0.423,0.0,104.31,32405.69,16.0,40.183,38.0,40.18,9.0,0.0,457.0,32510.0,16.0,41.0,38.0,1614488155.141,2021-02-28 04:55:55.141000032
13777816958,r7317916-n948219,1,197.532,81.825,54.966,6534.739,25975.261,16.0,63.125,67.931,196.65,81.213,54.6,6586.72,25923.28,16.0,63.342,68.172,260.19,100.0,64.0,6801.0,32510.0,16.0,73.0,79.0,1613483514.886,2021-02-16 13:51:54.885999918
13786852744,r9170217-n303509,1,211.362,88.416,59.312,6628.711,25881.289,16.0,66.372,70.692,210.669,88.316,59.265,6650.952,25859.048,16.0,65.674,69.981,259.35,95.0,65.0,6801.0,32510.0,16.0,74.0,78.0,1613437904.332,2021-02-16 01:11:44.332000017
13815071560,r492024-n410412,1,25.45,0.0,0.0,0.0,32510.0,16.0,29.995,29.029,25.45,0.0,0.0,0.0,32510.0,16.0,29.995,29.029,25.56,0.0,0.0,0.0,32510.0,16.0,30.0,30.0,1614734934.238,2021-03-03 01:28:54.237999916
13823042574,r5179276-n948219,0,206.242,88.676,59.608,6626.421,25883.579,16.0,68.512,77.086,204.537,87.788,59.07,6651.582,25858.418,16.0,68.445,76.945,246.18,95.0,66.0,6799.0,32510.0,16.0,72.0,81.0,1613574008.334,2021-02-17 15:00:08.334000111
13870546883,r492024-n303766,0,25.058,0.0,0.0,3.836,32506.164,16.0,33.0,31.619,25.058,0.0,0.0,3.836,32506.164,16.0,33.0,31.619,25.23,0.0,0.0,4.0,32510.0,16.0,33.0,32.0,1613399593.847,2021-02-15 14:33:13.846999884
13870546883,r492024-n303766,1,25.59,0.0,0.0,3.836,32506.164,16.0,31.0,30.998,25.59,0.0,0.0,3.836,32506.164,16.0,31.0,30.998,25.71,0.0,0.0,4.0,32510.0,16.0,31.0,31.0,1613399593.851,2021-02-15 14:33:13.851000071
13870546883,r9988778-n303766,0,24.243,0.0,0.0,3.74,32506.26,16.0,30.198,30.0,24.243,0.0,0.0,3.74,32506.26,16.0,30.198,30.0,24.35,0.0,0.0,4.0,32510.0,16.0,31.0,30.0,1613399593.888,2021-02-15 14:33:13.888000011
13870546883,r9988778-n303766,1,26.483,0.0,0.0,3.742,32506.258,16.0,30.0,27.175,26.483,0.0,0.0,3.742,32506.258,16.0,30.0,27.175,26.59,0.0,0.0,4.0,32510.0,16.0,30.0,28.0,1613399593.892,2021-02-15 14:33:13.891999960
13951179598,r8972851-n200569,0,24.886,0.0,0.0,0.0,32510.0,16.0,28.988,27.003,24.903,0.0,0.0,0.0,32510.0,16.0,28.994,27.001,25.16,0.0,0.0,0.0,32510.0,16.0,29.0,28.0,1614759517.476,2021-03-03 08:18:37.476000071
13951179598,r8972851-n200569,1,25.324,0.0,0.0,0.0,32510.0,16.0,27.171,26.81,25.327,0.0,0.0,0.0,32510.0,16.0,27.084,26.901,25.6,0.0,0.0,0.0,32510.0,16.0,28.0,27.0,1614759517.48,2021-03-03 08:18:37.480000019
13965423737,r44132-n410412,0,36.395,0.612,0.096,773.008,31736.992,16.0,34.347,32.433,41.72,0.509,0.083,1272.333,31237.667,16.0,41.493,39.515,78.3,59.0,10.0,1407.0,32510.0,16.0,45.0,44.0,1613432691.831,2021-02-15 23:44:51.831000090
13999154842,r414303-n172107,0,40.71,20.264,1.632,29851.147,2658.853,16.0,36.397,33.919,40.385,21.235,1.537,31031.301,1478.699,16.0,35.915,33.614,53.84,100.0,6.0,31071.0,32510.0,16.0,39.0,37.0,1614738361.256,2021-03-03 02:26:01.256000041
14069203384,r9170217-n948219,0,185.477,76.643,51.449,6515.996,25994.004,16.0,64.959,69.48,184.987,76.421,51.353,6588.808,25921.192,16.0,65.591,70.191,245.72,93.0,63.0,6801.0,32510.0,16.0,69.0,75.0,1613585392.109,2021-02-17 18:09:52.108999968
14085046830,r216287-n303509,1,26.137,0.0,0.0,1.325,32508.675,16.0,29.0,27.938,26.137,0.0,0.0,1.325,32508.675,16.0,29.0,27.938,26.38,0.0,0.0,4.0,32510.0,16.0,29.0,28.0,1613099360.619,2021-02-12 03:09:20.618999958
14086549871,r7317916-n948219,1,46.089,0.0,0.0,0.545,32509.455,16.0,48.455,48.045,46.089,0.0,0.0,0.545,32509.455,16.0,48.455,48.045,46.3,0.0,0.0,4.0,32510.0,16.0,49.0,49.0,1613477854.359,2021-02-16 12:17:34.358999968
14110182116,r2215649-n303766,0,65.687,24.233,11.695,5075.837,27434.163,16.0,41.266,38.754,84.948,33.69,16.362,8222.411,24287.589,16.0,50.331,48.531,220.03,100.0,56.0,8373.0,32510.0,16.0,60.0,59.0,1613860520.326,2021-02-20 22:35:20.325999975
14110182116,r2215649-n303766,1,70.011,28.675,11.951,5303.625,27206.375,16.0,39.129,37.354,86.894,40.026,16.904,8357.868,24152.132,16.0,47.184,45.608,218.16,100.0,56.0,8591.0,32510.0,16.0,57.0,55.0,1613860520.329,2021-02-20 22:35:20.328999996
14110602678,r7317916-n948219,1,201.457,82.515,55.412,6563.153,25946.847,16.0,66.952,72.365,199.302,81.696,54.909,6597.34,25912.66,16.0,66.302,71.617,257.72,94.0,64.0,6801.0,32510.0,16.0,74.0,80.0,1613483015.597,2021-02-16 13:43:35.596999884
14179939723,r9170217-n948219,0,178.956,73.793,49.544,6391.527,26118.473,16.0,63.645,67.894,178.158,72.953,49.018,6510.991,25999.009,16.0,64.403,68.729,246.13,94.0,63.0,6807.0,32510.0,16.0,69.0,74.0,1613584545.027,2021-02-17 17:55:45.026999950
14181610272,r4099734-n200569,1,25.36,0.0,0.0,0.0,32510.0,16.0,29.0,29.998,25.36,0.0,0.0,0.0,32510.0,16.0,29.0,29.998,25.5,0.0,0.0,0.0,32510.0,16.0,29.0,30.0,1614718332.656,2021-03-02 20:52:12.655999899
14257419657,r4605940-n303509,1,41.448,11.445,3.503,1170.286,31339.714,16.0,33.03,33.292,41.448,11.445,3.503,1170.286,31339.714,16.0,33.03,33.292,55.97,35.0,10.0,1327.0,32510.0,16.0,34.0,34.0,1612830055.523,2021-02-09 00:20:55.523000001
14301040267,r7317916-n948219,0,188.342,81.66,54.881,6529.219,25980.781,16.0,66.762,74.011,187.331,80.955,54.457,6585.438,25924.562,16.0,66.957,74.211,243.17,94.0,63.0,6799.0,32510.0,16.0,74.0,82.0,1613483514.862,2021-02-16 13:51:54.861999989
14303198507,r2215649-n303766,0,39.297,9.514,0.415,1068.757,31441.243,16.0,35.028,31.929,39.297,9.514,0.415,1068.757,31441.243,16.0,35.028,31.929,44.4,25.0,1.0,1149.0,32510.0,16.0,36.0,33.0,1614375708.647,2021-02-26 21:41:48.647000074
14355591524,r9480604-n410412,0,27.316,0.0,0.0,0.091,32509.909,16.0,38.0,36.0,27.316,0.0,0.0,0.091,32509.909,16.0,38.0,36.0,27.58,0.0,0.0,4.0,32510.0,16.0,38.0,36.0,1613786322.656,2021-02-20 01:58:42.655999899
14406186231,r414303-n948219,0,27.058,0.024,0.0,34.957,32475.043,16.0,31.072,29.006,27.058,0.024,0.0,34.957,32475.043,16.0,31.072,29.006,36.71,3.0,0.0,457.0,32510.0,16.0,32.0,30.0,1614496429.581,2021-02-28 07:13:49.581000090
14417170390,r44132-n303766,0,27.292,0.439,0.001,115.119,32394.881,16.0,31.338,31.04,32.214,1.299,0.0,551.067,31958.933,16.0,34.666,33.964,39.68,24.0,1.0,1117.0,32510.0,16.0,38.0,38.0,1613436439.32,2021-02-16 00:47:19.319999933
14457497083,r2215649-n303766,0,202.477,88.785,59.139,2676.461,29833.539,16.0,67.33,70.294,206.587,90.981,60.688,2727.039,29782.961,16.0,67.546,70.684,239.01,98.0,67.0,4279.0,32510.0,16.0,72.0,76.0,1613934873.73,2021-02-21 19:14:33.730000019
14497098511,r8024255-n303766,0,37.285,0.043,0.008,1231.056,31278.944,16.0,35.337,32.609,37.751,0.013,0.008,1277.307,31232.693,16.0,36.123,33.507,49.04,10.0,1.0,1285.0,32510.0,16.0,37.0,35.0,1614720920.084,2021-03-02 21:35:20.084000111
14516593920,r2215649-n410412,0,34.87,0.585,0.032,979.333,31530.667,16.0,35.359,32.526,54.433,25.749,8.723,2620.947,29889.053,16.0,39.509,37.456,129.27,100.0,19.0,2631.0,32510.0,16.0,48.0,48.0,1614184216.282,2021-02-24 16:30:16.282000065
14518806465,r492024-n303766,0,200.103,83.563,56.127,6599.766,25910.234,16.0,68.352,72.771,198.073,82.542,55.457,6638.282,25871.718,16.0,68.12,72.465,249.96,94.0,65.0,6807.0,32510.0,16.0,72.0,77.0,1613439008.993,2021-02-16 01:30:08.993000031
14532759428,r5179276-n948219,0,206.794,88.651,59.549,6639.037,25870.963,16.0,68.631,75.551,205.514,88.111,59.235,6658.761,25851.239,16.0,68.564,75.44,246.08,95.0,66.0,6793.0,32510.0,16.0,72.0,79.0,1613584879.931,2021-02-17 18:01:19.930999994
14538291701,r9659953-n750018,0,27.22,0.0,0.0,0.0,32510.0,16.0,29.0,28.725,27.223,0.0,0.0,0.0,32510.0,16.0,29.0,28.794,27.34,0.0,0.0,0.0,32510.0,16.0,29.0,29.0,1614757767.117,2021-03-03 07:49:27.117000103
14572815385,r7419443-n948219,1,146.455,64.285,43.706,2208.482,30301.518,16.0,51.918,60.871,210.982,95.549,65.999,3267.625,29242.375,16.0,62.456,77.912,246.85,99.0,70.0,7147.0,32510.0,16.0,70.0,86.0,1614206559.47,2021-02-24 22:42:39.470000029
14586851898,r4506251-n303766,0,212.449,88.852,59.627,6647.29,25862.71,16.0,68.054,74.97,210.879,88.046,59.149,6670.506,25839.494,16.0,68.037,74.904,254.95,95.0,69.0,6807.0,32510.0,16.0,71.0,78.0,1613465393.201,2021-02-16 08:49:53.200999975
14603920991,r5198790-n772143,0,39.379,24.107,0.922,30333.306,2176.694,16.0,36.983,33.999,39.335,22.41,0.816,31046.89,1463.11,16.0,36.964,34.008,53.37,100.0,6.0,31071.0,32510.0,16.0,37.0,35.0,1614733099.873,2021-03-03 00:58:19.872999907
14622807964,r9988778-n410412,1,26.086,0.119,0.002,69.847,32440.153,16.0,30.927,28.291,26.086,0.119,0.002,69.847,32440.153,16.0,30.927,28.291,38.28,19.0,1.0,1205.0,32510.0,16.0,32.0,29.0,1614736398.229,2021-03-03 01:53:18.229000092
14630226170,r3974592-n772143,0,25.089,0.0,0.0,0.0,32510.0,16.0,30.0,28.934,25.061,0.0,0.0,0.0,32510.0,16.0,30.714,28.939,25.44,0.0,0.0,0.0,32510.0,16.0,31.0,30.0,1614722476.13,2021-03-02 22:01:16.130000114
14656002386,r7317916-n948219,1,193.622,79.567,53.462,6531.387,25978.613,16.0,62.753,67.422,192.758,78.895,53.047,6590.294,25919.706,16.0,63.57,68.257,257.26,94.0,63.0,6793.0,32510.0,16.0,71.0,77.0,1613480433.562,2021-02-16 13:00:33.562000036
14741180619,r9852763-n172107,0,50.109,29.337,8.251,30579.126,1930.874,16.0,38.714,39.75,48.559,25.791,7.226,31056.93,1453.07,16.0,39.144,40.031,107.14,100.0,12.0,31071.0,32510.0,16.0,41.0,42.0,1614737229.885,2021-03-03 02:07:09.884999990
14768473984,r7141590-n303509,0,26.882,0.0,0.0,0.0,32510.0,16.0,39.0,38.0,26.882,0.0,0.0,0.0,32510.0,16.0,39.0,38.0,27.01,0.0,0.0,0.0,32510.0,16.0,39.0,38.0,1613144279.858,2021-02-12 15:37:59.858000040
14788719891,r204106-n200569,0,27.693,0.0,0.0,0.0,32510.0,16.0,32.882,30.97,27.693,0.0,0.0,0.0,32510.0,16.0,32.882,30.97,27.83,0.0,0.0,0.0,32510.0,16.0,33.0,31.0,1614718332.608,2021-03-02 20:52:12.608000040
14797735302,r414303-n303509,0,36.584,2.34,0.0,459.2,32050.8,16.0,35.0,34.02,36.584,2.34,0.0,459.2,32050.8,16.0,35.0,34.02,38.66,10.0,0.0,1197.0,32510.0,16.0,35.0,35.0,1613429539.464,2021-02-15 22:52:19.463999987
14809359722,r9480604-n410412,0,26.954,0.0,0.0,0.0,32510.0,16.0,36.0,35.0,26.954,0.0,0.0,0.0,32510.0,16.0,36.0,35.0,27.01,0.0,0.0,0.0,32510.0,16.0,36.0,35.0,1614113657.571,2021-02-23 20:54:17.571000099
14875709926,r44132-n303766,0,201.671,83.34,55.939,6627.791,25882.209,16.0,68.386,75.24,201.502,83.528,56.114,6657.903,25852.097,16.0,68.366,75.237,251.95,94.0,68.0,6799.0,32510.0,16.0,72.0,80.0,1613464296.891,2021-02-16 08:31:36.891000032
14878907816,r44132-n303766,0,30.985,0.41,0.006,427.017,32082.983,16.0,32.773,31.761,50.278,29.535,4.577,1057.559,31452.441,16.0,38.199,37.696,97.7,43.0,8.0,1093.0,32510.0,16.0,40.0,40.0,1613323603.541,2021-02-14 17:26:43.540999889
14883074578,r9988778-n303766,0,24.266,0.0,0.0,0.0,32510.0,16.0,30.0,29.774,24.266,0.0,0.0,0.0,32510.0,16.0,30.0,29.774,24.39,0.0,0.0,0.0,32510.0,16.0,30.0,30.0,1613372902.915,2021-02-15 07:08:22.914999962
14887690901,r492024-n303766,0,42.549,3.219,2.003,10030.096,22479.904,16.0,44.235,43.34,42.549,3.219,2.003,10030.096,22479.904,16.0,44.235,43.34,197.86,100.0,80.0,27723.0,32510.0,16.0,48.0,53.0,1613357324.762,2021-02-15 02:48:44.762000084
14908322975,r7462820-n410412,0,211.408,88.913,59.633,6629.471,25880.529,16.0,68.379,75.184,209.147,87.937,58.985,6636.083,25873.917,16.0,68.166,74.893,254.49,95.0,65.0,6793.0,32510.0,16.0,72.0,79.0,1613572667.56,2021-02-17 14:37:47.559999943
14938501161,r9480604-n303766,0,40.396,4.282,0.877,1024.677,31485.323,16.0,36.107,33.986,41.868,5.317,1.089,1292.143,31217.857,16.0,36.026,33.662,101.32,69.0,10.0,1345.0,32510.0,16.0,38.0,35.0,1613953090.641,2021-02-22 00:18:10.641000032
14940720778,r9480604-n410412,0,26.182,0.0,0.0,0.0,32510.0,16.0,31.0,29.381,26.182,0.0,0.0,0.0,32510.0,16.0,31.0,29.381,26.3,0.0,0.0,0.0,32510.0,16.0,31.0,30.0,1614735030.142,2021-03-03 01:30:30.141999960
14959803412,r974863-n410412,0,215.11,90.815,60.746,6612.505,25897.495,16.0,65.292,70.081,213.624,90.03,60.276,6635.031,25874.969,16.0,65.646,70.452,260.65,96.0,66.0,6799.0,32510.0,16.0,73.0,78.0,1613453899.482,2021-02-16 05:38:19.482000113
14972303903,r9659953-n200569,0,34.803,0.031,0.0,815.976,31694.024,16.0,31.501,28.43,36.982,0.003,0.0,1026.254,31483.746,16.0,32.624,29.379,38.41,21.0,1.0,1039.0,32510.0,16.0,34.0,31.0,1614719062.139,2021-03-02 21:04:22.138999939
14972455166,r7462820-n410412,0,194.844,79.677,53.467,6500.6,26009.4,16.0,67.665,73.319,194.11,79.181,53.177,6568.219,25941.781,16.0,67.658,73.281,252.85,94.0,64.0,6793.0,32510.0,16.0,71.0,78.0,1613581224.732,2021-02-17 17:00:24.732000113
14998728370,r8972851-n948219,0,217.273,91.236,61.063,6646.004,25863.996,16.0,68.35,72.636,211.571,88.295,59.152,6666.581,25843.419,16.0,67.985,72.118,259.6,98.0,66.0,6799.0,32510.0,16.0,70.0,76.0,1613523823.339,2021-02-17 01:03:43.338999987
15030454283,r6707841-n172107,1,47.576,29.711,7.457,30343.351,2166.649,16.0,37.759,36.32,45.802,26.725,6.716,31051.816,1458.184,16.0,37.2,35.712,98.68,100.0,11.0,31071.0,32510.0,16.0,39.0,38.0,1614744604.012,2021-03-03 04:10:04.012000084
15038973500,r216287-n303509,0,27.957,0.0,0.0,2.988,32507.012,16.0,30.986,30.0,27.957,0.0,0.0,2.988,32507.012,16.0,30.986,30.0,28.16,0.0,0.0,4.0,32510.0,16.0,31.0,30.0,1613099544.425,2021-02-12 03:12:24.424999952
15069575251,r4683026-n303509,0,29.7,0.007,0.0,51.27,32458.73,16.0,32.675,30.474,45.049,3.753,2.136,30649.324,1860.676,16.0,36.289,33.933,248.22,100.0,66.0,31127.0,32510.0,16.0,72.0,77.0,1612966228.331,2021-02-10 14:10:28.331000090
15069575251,r4683026-n303509,1,27.573,0.475,0.0,3229.112,29280.888,16.0,31.285,29.985,41.146,3.709,2.049,30809.925,1700.075,16.0,34.622,33.364,230.09,100.0,64.0,31127.0,32510.0,16.0,67.0,76.0,1612966228.335,2021-02-10 14:10:28.335000038
15072284581,r414303-n948219,0,34.067,2.269,0.9,18715.679,13794.321,16.0,33.356,30.797,172.162,85.691,48.974,27517.278,4992.722,16.0,64.04,66.774,252.96,100.0,85.0,31079.0,32510.0,16.0,73.0,78.0,1614023296.982,2021-02-22 19:48:16.982000113
15126691726,r5051220-n200569,0,25.54,0.0,0.0,0.0,32510.0,16.0,31.005,28.999,25.54,0.0,0.0,0.0,32510.0,16.0,31.005,28.999,25.67,0.0,0.0,0.0,32510.0,16.0,32.0,29.0,1614716469.456,2021-03-02 20:21:09.456000090
15166267648,r2215649-n410412,0,28.198,0.415,0.013,74.811,32435.189,16.0,33.188,30.137,57.416,33.7,5.288,1126.43,31383.57,16.0,43.162,40.362,95.9,47.0,9.0,1159.0,32510.0,16.0,45.0,42.0,1613457268.976,2021-02-16 06:34:28.976000071
15172155404,r5198790-n172107,0,44.128,24.215,0.924,30568.403,1941.597,16.0,37.999,35.997,43.355,21.166,0.812,31052.621,1457.379,16.0,37.277,34.854,57.46,100.0,6.0,31071.0,32510.0,16.0,38.0,36.0,1614746633.271,2021-03-03 04:43:53.270999908
15235900597,r6727430-n303509,0,26.246,0.0,0.0,0.004,32509.996,16.0,32.799,29.014,33.841,0.011,0.0,679.361,31830.639,16.0,34.682,31.175,42.17,30.0,1.0,1025.0,32510.0,16.0,36.0,33.0,1613031500.314,2021-02-11 08:18:20.313999891
15243173369,r492024-n303766,0,203.99,85.832,57.63,6617.917,25892.083,16.0,68.402,73.051,201.79,84.841,56.977,6646.975,25863.025,16.0,68.267,72.861,249.94,95.0,64.0,6799.0,32510.0,16.0,71.0,76.0,1613437917.384,2021-02-16 01:11:57.384000063
15295377710,r5051220-n172107,1,40.107,21.656,1.723,29046.174,3463.826,16.0,33.429,32.789,40.997,22.008,1.847,31001.309,1508.691,16.0,34.643,33.893,65.24,33.0,3.0,31071.0,32510.0,16.0,36.0,35.0,1614715475.793,2021-03-02 20:04:35.792999983
15298418793,r492024-n303766,0,206.002,87.086,58.474,6633.023,25876.977,16.0,68.387,73.154,206.299,87.338,58.638,6655.823,25854.177,16.0,68.35,73.138,249.77,95.0,64.0,6807.0,32510.0,16.0,71.0,77.0,1613435718.966,2021-02-16 00:35:18.966000080
15315926539,r4506251-n303766,0,193.369,79.684,53.447,6066.01,26443.99,16.0,64.974,71.157,196.336,80.988,54.381,6231.697,26278.303,16.0,65.582,71.932,256.86,95.0,65.0,6807.0,32510.0,16.0,72.0,79.0,1613454641.63,2021-02-16 05:50:41.630000114
15383334251,r7269000-n303509,0,216.958,91.182,61.148,6641.015,25868.985,16.0,68.272,73.165,215.527,90.385,60.653,6658.3,25851.7,16.0,68.177,73.031,254.27,95.0,66.0,6793.0,32510.0,16.0,70.0,76.0,1613587646.379,2021-02-17 18:47:26.378999949
15398977310,r2215649-n303766,0,26.353,0.0,0.0,2.0,32508.0,16.0,40.0,38.0,26.353,0.0,0.0,2.0,32508.0,16.0,40.0,38.0,26.5,0.0,0.0,4.0,32510.0,16.0,40.0,38.0,1613954816.126,2021-02-22 00:46:56.125999928
15420382161,r9852763-n772143,1,26.219,0.0,0.0,0.0,32510.0,16.0,31.971,31.375,26.168,0.0,0.0,0.0,32510.0,16.0,31.771,31.319,26.42,0.0,0.0,0.0,32510.0,16.0,32.0,32.0,1614722472.334,2021-03-02 22:01:12.334000111
15434182406,r6727430-n948219,0,34.324,0.076,0.011,1444.501,31065.499,16.0,33.385,31.644,37.172,0.081,0.025,2886.711,29623.289,16.0,33.961,31.998,88.01,28.0,8.0,2899.0,32510.0,16.0,35.0,33.0,1613614693.907,2021-02-18 02:18:13.907000065
15441848635,r7462820-n303766,1,43.676,10.994,2.412,971.462,31538.538,16.0,32.812,31.14,59.683,32.219,7.201,1022.643,31487.357,16.0,39.147,38.03,98.85,44.0,11.0,1027.0,32510.0,16.0,41.0,40.0,1613373212.69,2021-02-15 07:13:32.690000057
15447621010,r974863-n410412,0,26.065,0.0,0.0,1.467,32508.533,16.0,37.0,36.991,26.065,0.0,0.0,1.467,32508.533,16.0,37.0,36.991,26.39,0.0,0.0,4.0,32510.0,16.0,37.0,37.0,1613011256.463,2021-02-11 02:40:56.463000059
15471828784,r974863-n410412,0,216.46,90.788,60.812,6643.447,25866.553,16.0,68.222,73.503,214.626,89.905,60.28,6661.71,25848.29,16.0,68.189,73.396,262.78,96.0,67.0,6799.0,32510.0,16.0,72.0,77.0,1613452787.71,2021-02-16 05:19:47.710000038
15499148803,r9988778-n303766,0,24.595,0.0,0.0,0.0,32510.0,16.0,31.0,30.008,24.595,0.0,0.0,0.0,32510.0,16.0,31.0,30.008,24.63,0.0,0.0,0.0,32510.0,16.0,31.0,31.0,1614754882.924,2021-03-03 07:01:22.924000025
15509866713,r6727430-n303509,0,207.936,88.965,59.723,6624.417,25885.583,16.0,68.384,73.428,208.108,89.167,59.866,6643.521,25866.479,16.0,68.432,73.458,246.28,95.0,64.0,6793.0,32510.0,16.0,71.0,76.0,1613433387.167,2021-02-15 23:56:27.167000055
15534988863,r9648383-n410412,1,26.429,0.0,0.0,3.743,32506.257,16.0,30.302,27.603,49.615,15.183,5.248,10412.712,22097.288,16.0,36.092,33.418,141.66,100.0,19.0,32509.0,32510.0,16.0,44.0,43.0,1614261197.989,2021-02-25 13:53:17.989000082
15536174705,r492024-n303766,0,210.92,89.846,60.348,6641.774,25868.226,16.0,68.303,73.172,209.744,89.26,59.977,6660.551,25849.449,16.0,68.254,73.099,250.09,95.0,65.0,6807.0,32510.0,16.0,71.0,76.0,1613432887.583,2021-02-15 23:48:07.582999945
15539238348,r4605940-n303509,1,50.305,25.612,9.227,1287.349,31222.651,16.0,34.492,34.931,50.305,25.612,9.227,1287.349,31222.651,16.0,34.492,34.931,74.31,45.0,18.0,1333.0,32510.0,16.0,36.0,37.0,1612829381.4,2021-02-09 00:09:41.400000095
15549105442,r4683026-n948219,0,50.724,18.854,5.2,823.196,31686.804,16.0,44.028,44.521,68.93,34.039,10.472,2389.399,30120.601,16.0,47.409,48.426,127.85,49.0,16.0,2563.0,32510.0,16.0,50.0,52.0,1613574649.068,2021-02-17 15:10:49.068000078
15549656278,r9480604-n410412,0,42.444,27.496,0.002,940.865,31569.135,16.0,39.305,36.873,42.444,27.496,0.002,940.865,31569.135,16.0,39.305,36.873,45.99,48.0,1.0,1065.0,32510.0,16.0,40.0,38.0,1614114421.503,2021-02-23 21:07:01.503000020
15564408469,r492024-n410412,0,28.23,0.0,0.0,0.82,32509.18,16.0,33.0,31.579,28.036,0.0,0.0,3.623,32506.377,16.0,32.197,30.802,28.64,0.0,0.0,4.0,32510.0,16.0,33.0,32.0,1614371420.72,2021-02-26 20:30:20.720000029
15573471990,r8275852-n410412,0,28.84,0.0,0.0,0.0,32510.0,16.0,35.544,37.0,28.605,0.0,0.0,0.0,32510.0,16.0,34.578,35.851,29.63,0.0,0.0,0.0,32510.0,16.0,37.0,39.0,1613699769.018,2021-02-19 01:56:09.017999887
15632906244,r8473362-n410412,0,27.072,0.0,0.0,0.0,32510.0,16.0,33.0,30.995,27.072,0.0,0.0,0.0,32510.0,16.0,33.0,30.995,27.18,0.0,0.0,0.0,32510.0,16.0,33.0,31.0,1614735030.196,2021-03-03 01:30:30.196000099
15658911897,r974863-n410412,0,216.034,91.263,61.077,6649.784,25860.216,16.0,65.948,70.863,214.561,90.492,60.622,6669.087,25840.913,16.0,66.156,71.112,260.01,96.0,66.0,6801.0,32510.0,16.0,73.0,78.0,1613451078.103,2021-02-16 04:51:18.102999926
15715237812,r2215649-n410412,0,112.71,39.901,10.101,4873.51,27636.49,16.0,57.753,54.217,94.277,39.644,10.048,4980.942,27529.058,16.0,55.002,51.639,240.54,99.0,26.0,4999.0,32510.0,16.0,69.0,66.0,1613301154.742,2021-02-14 11:12:34.742000103
15721980679,r9480604-n410412,1,25.133,0.098,0.0,69.792,32440.208,16.0,29.067,27.049,25.133,0.098,0.0,69.792,32440.208,16.0,29.067,27.049,37.47,10.0,0.0,1205.0,32510.0,16.0,30.0,28.0,1614736398.207,2021-03-03 01:53:18.207000017
15749658853,r7141590-n303509,0,35.29,0.258,0.012,634.244,31875.756,16.0,40.135,38.973,75.432,36.351,12.394,1510.316,30999.684,16.0,48.596,46.986,127.98,51.0,19.0,1605.0,32510.0,16.0,52.0,50.0,1613336792.213,2021-02-14 21:06:32.213000059
15753662504,r974863-n303766,0,29.664,0.089,0.012,523.339,31986.661,16.0,40.266,38.04,29.919,0.115,0.013,582.089,31927.911,16.0,40.304,38.067,54.49,41.0,10.0,3111.0,32510.0,16.0,42.0,40.0,1613853104.807,2021-02-20 20:31:44.806999922
15782974012,r4099734-n200569,1,25.372,0.0,0.0,0.0,32510.0,16.0,29.0,29.995,25.372,0.0,0.0,0.0,32510.0,16.0,29.0,29.995,25.5,0.0,0.0,0.0,32510.0,16.0,29.0,30.0,1614716469.449,2021-03-02 20:21:09.448999882
15800877200,r8141575-n410412,0,37.904,0.04,0.0,1132.825,31377.175,16.0,34.564,32.611,37.929,0.047,0.0,1131.643,31378.357,16.0,34.58,32.634,38.68,24.0,1.0,1203.0,32510.0,16.0,35.0,34.0,1614615842.573,2021-03-01 16:24:02.572999954
15800877200,r8141575-n410412,1,26.647,0.0,0.0,3.84,32506.16,16.0,31.0,29.853,26.647,0.0,0.0,3.833,32506.167,16.0,31.0,29.854,26.85,0.0,0.0,4.0,32510.0,16.0,31.0,30.0,1614615842.577,2021-03-01 16:24:02.576999903
15809461733,r2215649-n303766,0,57.475,16.198,3.44,1398.845,31111.155,16.0,44.193,41.004,58.041,16.295,3.46,1429.206,31080.794,16.0,44.603,41.386,115.1,72.0,14.0,1439.0,32510.0,16.0,47.0,43.0,1613952225.713,2021-02-22 00:03:45.713000059
15840561184,r974863-n303766,0,71.902,22.997,13.509,2331.827,30178.173,16.0,43.525,42.461,105.053,38.946,23.209,5116.425,27393.575,16.0,54.806,54.325,227.84,100.0,67.0,5475.0,32510.0,16.0,72.0,76.0,1614109394.796,2021-02-23 19:43:14.796000004
15841438908,r9170217-n948219,0,208.818,90.986,61.077,6640.887,25869.113,16.0,66.913,72.379,207.797,90.25,60.623,6657.693,25852.307,16.0,67.044,72.495,246.39,95.0,66.0,6793.0,32510.0,16.0,73.0,80.0,1613459471.649,2021-02-16 07:11:11.648999929
15860965020,r7141590-n948219,0,203.959,83.344,55.775,6624.095,25885.905,16.0,68.529,73.134,206.746,84.851,56.806,6653.858,25856.142,16.0,68.508,73.196,262.33,100.0,65.0,6793.0,32510.0,16.0,72.0,77.0,1613442274.539,2021-02-16 02:24:34.539000034
15884192811,r492024-n410412,0,28.132,0.0,0.0,0.0,32510.0,16.0,32.0,30.0,28.135,0.0,0.0,0.295,32509.705,16.0,32.0,30.0,28.17,0.0,0.0,4.0,32510.0,16.0,32.0,30.0,1614735079.597,2021-03-03 01:31:19.596999884
15908490766,r7419443-n948219,1,97.832,37.881,25.837,1348.529,31161.471,16.0,40.255,44.111,208.743,94.232,65.052,3238.723,29271.277,16.0,62.317,77.523,234.1,99.0,69.0,7145.0,32510.0,16.0,70.0,86.0,1614248258.39,2021-02-25 10:17:38.390000105
15942222997,r414303-n172107,1,40.589,28.061,3.657,29841.336,2668.664,16.0,34.764,33.304,40.037,25.586,3.342,31033.633,1476.367,16.0,34.854,33.177,61.06,100.0,6.0,31071.0,32510.0,16.0,35.0,34.0,1614724570.867,2021-03-02 22:36:10.867000103
15957381908,r7753495-n200569,0,27.029,0.0,0.0,1.001,32508.999,16.0,29.8,28.139,27.029,0.0,0.0,1.001,32508.999,16.0,29.8,28.139,27.3,0.0,0.0,4.0,32510.0,16.0,30.0,29.0,1614738816.526,2021-03-03 02:33:36.526000023
15978106786,r7419443-n948219,0,26.96,0.0,0.0,0.0,32510.0,16.0,30.0,28.318,26.96,0.0,0.0,0.0,32510.0,16.0,30.0,28.318,27.1,0.0,0.0,0.0,32510.0,16.0,30.0,29.0,1613942293.008,2021-02-21 21:18:13.007999897
16012870343,r5354770-n750018,0,38.896,0.054,0.008,1210.445,31299.555,16.0,33.92,33.002,38.896,0.054,0.008,1210.445,31299.555,16.0,33.92,33.002,47.29,10.0,1.0,1285.0,32510.0,16.0,35.0,34.0,1614720926.151,2021-03-02 21:35:26.151000023
16084023210,r8141575-n410412,1,38.286,14.317,0.888,22678.944,9831.056,16.0,34.863,32.925,42.137,21.178,1.448,30528.163,1981.837,16.0,36.055,34.089,45.95,26.0,2.0,30709.0,32510.0,16.0,37.0,35.0,1614549314.695,2021-02-28 21:55:14.694999933
16123462897,r7141590-n948219,0,213.801,89.348,59.641,6562.295,25947.705,16.0,66.777,72.014,214.169,89.524,59.794,6592.253,25917.747,16.0,66.976,72.26,264.39,100.0,65.0,6799.0,32510.0,16.0,73.0,79.0,1613430378.842,2021-02-15 23:06:18.842000008
16124738953,r9515777-n303766,0,26.817,0.0,0.0,0.0,32510.0,16.0,40.0,38.023,26.817,0.0,0.0,0.0,32510.0,16.0,40.0,38.023,27.05,0.0,0.0,0.0,32510.0,16.0,40.0,39.0,1614608195.247,2021-03-01 14:16:35.246999979
16134055238,r4506251-n303766,0,28.052,0.0,0.0,0.0,32510.0,16.0,31.0,31.0,28.052,0.0,0.0,0.0,32510.0,16.0,31.0,31.0,28.12,0.0,0.0,0.0,32510.0,16.0,31.0,31.0,1614724777.055,2021-03-02 22:39:37.055000067
16145765785,r974863-n410412,0,26.453,0.0,0.0,2.987,32507.013,16.0,39.16,38.918,26.453,0.0,0.0,2.987,32507.013,16.0,39.16,38.918,26.84,0.0,0.0,4.0,32510.0,16.0,40.0,40.0,1613010887.513,2021-02-11 02:34:47.513000011
16186303335,r1039410-n948219,0,31.804,3.8,0.107,828.526,31681.474,16.0,31.799,31.436,65.416,60.005,8.137,11381.452,21128.548,16.0,42.842,41.426,142.84,100.0,54.0,11564.0,32510.0,16.0,56.0,56.0,1614162559.602,2021-02-24 10:29:19.601999998
16197045990,r4683026-n948219,0,133.792,55.899,38.92,2833.911,29676.089,16.0,56.151,61.464,206.551,93.715,65.937,4779.879,27730.121,16.0,68.345,78.281,231.04,97.0,71.0,7145.0,32510.0,16.0,74.0,85.0,1613822261.531,2021-02-20 11:57:41.530999899
16211153742,r44132-n410412,0,38.039,0.667,0.302,1615.609,30894.391,16.0,39.533,37.711,69.655,19.191,9.077,3943.562,28566.438,16.0,47.134,46.281,253.64,99.0,50.0,5537.0,32510.0,16.0,66.0,69.0,1612978890.275,2021-02-10 17:41:30.275000095
16250023616,r9515777-n303766,1,32.652,0.043,0.001,622.512,31887.488,16.0,32.124,29.562,32.652,0.043,0.001,622.512,31887.488,16.0,32.124,29.562,37.05,20.0,1.0,1039.0,32510.0,16.0,33.0,30.0,1614718435.073,2021-03-02 20:53:55.072999954
16262954922,r6707841-n200569,0,38.106,0.036,0.0,1015.49,31494.51,16.0,34.672,31.121,38.39,0.003,0.0,1037.367,31472.633,16.0,34.719,31.616,40.12,21.0,1.0,1039.0,32510.0,16.0,35.0,32.0,1614719066.224,2021-03-02 21:04:26.223999977
16284627315,r8024255-n410412,0,191.804,80.022,53.722,6334.285,26175.715,16.0,62.24,65.021,191.927,79.877,53.676,6439.45,26070.55,16.0,63.716,66.775,254.54,94.0,63.0,6807.0,32510.0,16.0,71.0,76.0,1613521817.259,2021-02-17 00:30:17.259000063
16285697235,r9480604-n303766,0,46.558,9.956,5.569,2362.17,30147.83,16.0,34.418,32.312,87.333,27.73,15.81,8522.438,23987.562,16.0,48.536,47.988,229.44,100.0,65.0,9169.0,32510.0,16.0,59.0,62.0,1613388743.98,2021-02-15 11:32:23.980000019
16285697235,r9480604-n303766,1,48.344,12.35,5.775,2359.284,30150.716,16.0,33.251,32.374,87.303,34.468,16.201,8837.838,23672.162,16.0,45.549,45.505,234.73,100.0,65.0,8955.0,32510.0,16.0,56.0,60.0,1613388743.983,2021-02-15 11:32:23.983000040
16357285829,r4605940-n303509,1,42.392,13.346,4.034,1077.57,31432.43,16.0,33.923,33.751,42.392,13.346,4.034,1077.57,31432.43,16.0,33.923,33.751,58.04,29.0,9.0,1327.0,32510.0,16.0,34.0,35.0,1612829976.804,2021-02-09 00:19:36.803999901
16368752428,r9480604-n410412,1,24.098,0.0,0.0,0.0,32510.0,16.0,29.0,27.0,24.098,0.0,0.0,0.0,32510.0,16.0,29.0,27.0,24.27,0.0,0.0,0.0,32510.0,16.0,29.0,27.0,1614634543.475,2021-03-01 21:35:43.474999905
16376218419,r4144777-n303509,0,37.444,2.005,0.439,798.183,31711.817,16.0,37.425,34.951,68.747,37.046,8.786,1136.922,31373.078,16.0,45.741,43.265,107.61,48.0,12.0,1159.0,32510.0,16.0,48.0,46.0,1613097281.895,2021-02-12 02:34:41.894999981
16381859005,r8024255-n410412,0,196.429,80.613,54.168,6548.897,25961.103,16.0,67.79,71.401,195.861,80.548,54.169,6601.223,25908.777,16.0,67.751,71.377,253.93,94.0,65.0,6793.0,32510.0,16.0,72.0,76.0,1613536404.72,2021-02-17 04:33:24.720000029
16419239562,r9170217-n948219,0,27.671,0.0,0.0,0.0,32510.0,16.0,34.0,33.0,27.671,0.0,0.0,0.0,32510.0,16.0,34.0,33.0,27.79,0.0,0.0,0.0,32510.0,16.0,34.0,33.0,1613429356.533,2021-02-15 22:49:16.532999992
16430084958,r8972851-n303509,0,198.797,81.69,54.749,6541.4,25968.6,16.0,67.545,72.137,196.513,80.681,54.12,6595.913,25914.087,16.0,67.581,72.138,249.54,94.0,64.0,6799.0,32510.0,16.0,71.0,76.0,1613607669.314,2021-02-18 00:21:09.313999891
16479844939,r7141590-n948219,0,213.578,88.65,59.298,6626.767,25883.233,16.0,68.502,73.566,213.807,88.862,59.459,6648.936,25861.064,16.0,68.48,73.561,263.63,100.0,65.0,6801.0,32510.0,16.0,71.0,77.0,1613441107.422,2021-02-16 02:05:07.421999931
16492836911,r8972851-n303509,0,198.443,81.269,54.549,6531.946,25978.054,16.0,67.954,72.713,197.033,80.627,54.143,6588.075,25921.925,16.0,67.937,72.655,250.14,94.0,64.0,6801.0,32510.0,16.0,71.0,76.0,1613592527.428,2021-02-17 20:08:47.427999973
16539592589,r8141575-n303766,0,62.619,24.818,14.03,30548.189,1961.811,16.0,48.28,48.554,56.0,16.615,8.899,31041.481,1468.519,16.0,47.682,47.775,129.41,75.0,45.0,31071.0,32510.0,16.0,50.0,52.0,1614200669.933,2021-02-24 21:04:29.933000088
16553178033,r974863-n410412,0,26.023,0.0,0.0,2.983,32507.017,16.0,37.0,36.27,26.023,0.0,0.0,2.983,32507.017,16.0,37.0,36.27,26.29,0.0,0.0,4.0,32510.0,16.0,37.0,37.0,1613011133.359,2021-02-11 02:38:53.358999968
16580496612,r1039410-n948219,1,35.714,0.582,0.156,1110.736,31399.264,16.0,35.706,32.591,46.161,12.116,4.622,2559.259,29950.741,16.0,35.221,32.527,125.72,48.0,20.0,2563.0,32510.0,16.0,46.0,45.0,1614075567.986,2021-02-23 10:19:27.986000061
16622750806,r6727430-n303509,0,27.097,0.0,0.0,3.182,32506.818,16.0,36.009,33.291,27.097,0.0,0.0,3.182,32506.818,16.0,36.009,33.291,27.25,0.0,0.0,4.0,32510.0,16.0,37.0,34.0,1613012916.668,2021-02-11 03:08:36.667999983
16639294675,r4506251-n410412,0,37.666,0.44,0.008,815.073,31694.927,16.0,37.787,36.024,62.777,36.022,5.619,1083.316,31426.684,16.0,43.648,41.927,104.05,50.0,8.0,1093.0,32510.0,16.0,45.0,44.0,1613096187.938,2021-02-12 02:16:27.937999964
16645933129,r492024-n303766,0,42.388,11.621,0.907,29996.938,2513.062,16.0,44.268,42.813,42.301,9.515,0.777,30940.764,1569.236,16.0,43.134,41.546,63.85,49.0,5.0,31075.0,32510.0,16.0,45.0,44.0,1613416537.875,2021-02-15 19:15:37.875000000
16674857998,r7141590-n303509,0,36.099,0.535,0.109,961.841,31548.159,16.0,40.662,39.329,80.861,41.501,16.98,2552.7,29957.3,16.0,49.994,48.771,136.31,54.0,23.0,2629.0,32510.0,16.0,53.0,52.0,1613427431.839,2021-02-15 22:17:11.838999987
16696229599,r4683026-n948219,0,32.066,5.876,3.623,1845.992,30664.008,16.0,37.675,38.036,61.378,39.132,23.862,21488.319,11021.681,16.0,47.891,49.824,201.55,96.0,68.0,28561.0,32510.0,16.0,53.0,57.0,1614161149.823,2021-02-24 10:05:49.822999954
16739299928,r2684277-n948219,0,41.613,2.234,1.49,20617.197,11892.803,16.0,39.126,37.763,41.613,2.234,1.49,20617.197,11892.803,16.0,39.126,37.763,202.19,93.0,71.0,28997.0,32510.0,16.0,43.0,47.0,1613259472.865,2021-02-13 23:37:52.865000010
16769813087,r7462820-n303766,1,205.123,91.046,61.112,6656.006,25853.994,16.0,60.188,64.929,203.97,90.194,60.589,6665.949,25844.051,16.0,61.03,65.748,243.62,95.0,68.0,6807.0,32510.0,16.0,69.0,74.0,1613653284.024,2021-02-18 13:01:24.023999929
16772751059,r5179276-n948219,0,209.906,90.999,61.1,6656.321,25853.679,16.0,68.643,75.004,209.313,90.865,61.02,6672.897,25837.103,16.0,68.548,74.885,248.26,95.0,65.0,6807.0,32510.0,16.0,74.0,81.0,1613436877.463,2021-02-16 00:54:37.463000059
16842511695,r7141590-n303509,0,70.179,23.042,13.923,6058.84,26451.16,16.0,46.826,45.907,56.23,12.102,7.312,8938.389,23571.611,16.0,44.895,43.474,228.31,80.0,50.0,12133.0,32510.0,16.0,62.0,62.0,1613466885.543,2021-02-16 09:14:45.542999983
16862122248,r7317916-n948219,0,191.658,82.751,55.601,6529.379,25980.621,16.0,67.899,75.287,190.405,82.021,55.132,6565.426,25944.574,16.0,67.802,75.172,242.11,94.0,64.0,6793.0,32510.0,16.0,73.0,81.0,1613482638.428,2021-02-16 13:37:18.427999973
16863803581,r7419443-n172107,0,26.935,0.0,0.0,0.0,32510.0,16.0,30.0,30.0,26.935,0.0,0.0,0.0,32510.0,16.0,30.0,30.0,26.94,0.0,0.0,0.0,32510.0,16.0,30.0,30.0,1614716687.955,2021-03-02 20:24:47.954999924
16863803581,r7419443-n172107,1,24.435,0.0,0.0,0.0,32510.0,16.0,28.0,29.0,24.435,0.0,0.0,0.0,32510.0,16.0,28.0,29.0,24.44,0.0,0.0,0.0,32510.0,16.0,28.0,29.0,1614716687.958,2021-03-02 20:24:47.957999945
16873047566,r3955005-n172107,0,41.634,23.01,0.888,29765.719,2744.281,16.0,39.004,36.021,41.694,21.283,0.846,31022.97,1487.03,16.0,39.395,36.567,54.88,100.0,6.0,31071.0,32510.0,16.0,41.0,38.0,1614728559.408,2021-03-02 23:42:39.407999992
16887931678,r7269000-n303509,0,216.478,90.887,60.894,6631.98,25878.02,16.0,68.123,73.101,214.404,89.809,60.193,6631.495,25878.505,16.0,68.048,72.942,254.26,95.0,68.0,6799.0,32510.0,16.0,70.0,76.0,1613589163.741,2021-02-17 19:12:43.740999937
16917882059,r7141590-n948219,0,216.129,89.75,60.086,6627.69,25882.31,16.0,68.519,73.659,215.945,89.823,60.125,6637.94,25872.06,16.0,68.5,73.628,263.48,96.0,66.0,6801.0,32510.0,16.0,71.0,77.0,1613435126.797,2021-02-16 00:25:26.796999931
16940427283,r492024-n303766,0,210.554,89.669,60.06,6638.708,25871.292,16.0,68.31,73.11,210.686,89.806,60.131,6647.819,25862.181,16.0,68.32,73.138,249.76,100.0,65.0,6799.0,32510.0,16.0,71.0,76.0,1613430795.522,2021-02-15 23:13:15.522000074
17040552927,r9480604-n303766,0,40.796,5.711,1.885,1161.809,31348.191,16.0,34.188,31.523,70.712,36.81,12.483,1576.072,30933.928,16.0,42.457,40.832,116.61,54.0,18.0,1671.0,32510.0,16.0,46.0,46.0,1613329495.514,2021-02-14 19:04:55.513999938
17119927401,r8275852-n410412,0,35.807,10.306,0.559,1148.396,31361.604,16.0,37.181,38.42,67.154,71.406,9.557,11374.851,21135.149,16.0,42.901,43.516,147.75,100.0,54.0,11496.0,32510.0,16.0,50.0,54.0,1614162559.577,2021-02-24 10:29:19.576999903
17126751428,r6727430-n303509,0,207.769,89.54,60.173,6648.722,25861.278,16.0,67.694,72.623,207.566,89.524,60.139,6660.976,25849.024,16.0,67.753,72.703,246.97,95.0,65.0,6799.0,32510.0,16.0,71.0,76.0,1613442422.948,2021-02-16 02:27:02.947999954
17200905928,r216287-n772143,0,33.001,1.817,0.531,3272.435,29237.565,16.0,31.754,27.999,33.847,1.583,0.45,3691.761,28818.239,16.0,32.257,28.471,241.23,100.0,56.0,28685.0,32510.0,16.0,39.0,39.0,1614725937.684,2021-03-02 22:58:57.684000015
17200905928,r216287-n772143,1,36.112,1.937,0.601,3874.04,28635.96,16.0,30.621,29.456,36.762,1.634,0.506,4337.061,28172.939,16.0,31.083,29.856,255.39,100.0,75.0,29289.0,32510.0,16.0,39.0,39.0,1614725937.688,2021-03-02 22:58:57.687999964
17267929476,r2215649-n303766,1,162.572,72.245,41.924,21888.567,10621.433,16.0,54.648,54.561,181.403,82.515,48.141,25463.889,7046.111,16.0,57.84,58.047,266.82,100.0,63.0,32465.0,32510.0,16.0,73.0,74.0,1614720255.105,2021-03-02 21:24:15.105000019
17276164510,r7462820-n303766,0,212.22,90.992,61.093,6653.579,25856.421,16.0,68.566,74.054,210.353,90.03,60.463,6652.317,25857.683,16.0,68.442,73.845,246.97,95.0,67.0,6807.0,32510.0,16.0,72.0,78.0,1613652861.706,2021-02-18 12:54:21.706000090
17406687754,r974863-n303766,0,26.696,0.0,0.0,0.0,32510.0,16.0,35.0,32.714,26.696,0.0,0.0,0.0,32510.0,16.0,35.0,32.714,26.75,0.0,0.0,0.0,32510.0,16.0,35.0,33.0,1614121305.087,2021-02-23 23:01:45.086999893
17429784992,r2215649-n303766,0,202.36,89.129,59.308,2680.032,29829.968,16.0,66.511,69.162,215.491,95.668,64.059,2852.744,29657.256,16.0,68.578,71.679,239.6,100.0,67.0,4279.0,32510.0,16.0,72.0,76.0,1613935364.776,2021-02-21 19:22:44.776000023
17433240845,r9170217-n948219,0,35.614,2.741,0.034,385.259,32124.741,16.0,33.983,32.0,35.614,2.741,0.034,385.259,32124.741,16.0,33.983,32.0,38.72,23.0,1.0,1197.0,32510.0,16.0,34.0,32.0,1613429559.869,2021-02-15 22:52:39.868999958
17447637746,r8972851-n303509,0,179.744,70.646,47.387,6261.808,26248.192,16.0,66.995,70.895,176.199,68.701,46.123,6441.526,26068.474,16.0,67.173,70.978,250.03,94.0,66.0,6799.0,32510.0,16.0,71.0,76.0,1613609723.254,2021-02-18 00:55:23.253999949
17466186893,r8972851-n772143,0,25.614,0.0,0.0,0.0,32510.0,16.0,31.0,29.947,25.534,0.0,0.0,0.0,32510.0,16.0,30.87,29.667,25.79,0.0,0.0,0.0,32510.0,16.0,32.0,30.0,1614722474.548,2021-03-02 22:01:14.548000097
17600724557,r5179276-n948219,0,95.239,32.046,14.36,22382.793,10127.207,16.0,51.611,50.882,126.703,48.625,21.45,30452.464,2057.536,16.0,58.056,59.065,277.6,100.0,69.0,30473.0,32510.0,16.0,73.0,79.0,1613441341.402,2021-02-16 02:09:01.401999950
17624741072,r810901-n172107,0,33.137,0.05,0.001,621.188,31888.812,16.0,30.947,29.959,33.137,0.05,0.001,621.188,31888.812,16.0,30.947,29.959,38.88,21.0,1.0,1039.0,32510.0,16.0,32.0,31.0,1614718435.022,2021-03-02 20:53:55.022000074
17694973436,r8972851-n303509,0,192.123,77.744,52.165,6435.999,26074.001,16.0,67.03,71.415,192.755,78.583,52.76,6520.694,25989.306,16.0,67.196,71.682,250.47,95.0,64.0,6807.0,32510.0,16.0,72.0,77.0,1613601574.443,2021-02-17 22:39:34.443000078
17782187080,r5179276-n948219,0,209.926,91.072,61.064,6645.414,25864.586,16.0,68.611,74.646,209.158,90.729,60.85,6660.392,25849.608,16.0,68.563,74.576,245.44,100.0,65.0,6799.0,32510.0,16.0,71.0,78.0,1613439418.036,2021-02-16 01:36:58.036000013
17814642047,r8024255-n303766,0,33.572,0.067,0.001,431.541,32078.459,16.0,35.08,32.784,33.572,0.067,0.001,431.541,32078.459,16.0,35.08,32.784,37.99,14.0,1.0,713.0,32510.0,16.0,36.0,34.0,1614184362.177,2021-02-24 16:32:42.177000046
17820483380,r7269000-n948219,0,35.311,0.008,0.0,304.31,32205.69,16.0,34.328,32.868,39.004,0.002,0.0,424.905,32085.095,16.0,36.317,34.565,40.8,9.0,0.0,457.0,32510.0,16.0,37.0,36.0,1613405780.342,2021-02-15 16:16:20.342000008
17820483380,r7269000-n948219,1,52.009,40.414,4.035,20519.542,11990.458,16.0,36.466,35.102,66.241,67.201,6.899,28815.665,3694.335,16.0,42.688,41.022,75.26,100.0,8.0,31023.0,32510.0,16.0,45.0,44.0,1613405780.345,2021-02-15 16:16:20.345000029
17910370799,r8275852-n303766,0,25.762,0.0,0.0,0.0,32510.0,16.0,31.0,30.0,25.761,0.0,0.0,0.0,32510.0,16.0,31.0,30.0,25.93,0.0,0.0,0.0,32510.0,16.0,31.0,30.0,1613168807.45,2021-02-12 22:26:47.450000048
17910370799,r8275852-n303766,1,27.386,0.0,0.0,0.0,32510.0,16.0,31.0,27.847,27.385,0.0,0.0,0.0,32510.0,16.0,31.0,27.808,27.58,0.0,0.0,0.0,32510.0,16.0,31.0,28.0,1613168807.456,2021-02-12 22:26:47.456000090
17925767766,r492024-n303766,0,51.627,12.546,10.201,15025.383,17484.617,16.0,37.592,36.923,83.013,31.306,25.907,29129.791,3380.209,16.0,49.92,51.478,204.02,100.0,93.0,30811.0,32510.0,16.0,54.0,61.0,1613354305.542,2021-02-15 01:58:25.542000055
17930747747,r6727430-n303509,0,202.794,85.763,57.61,6638.684,25871.316,16.0,68.627,73.341,203.543,86.313,57.995,6662.421,25847.579,16.0,68.614,73.348,247.67,95.0,64.0,6793.0,32510.0,16.0,71.0,76.0,1613440996.773,2021-02-16 02:03:16.773000002
17940589856,r5354770-n750018,0,26.216,0.0,0.0,0.0,32510.0,16.0,30.755,30.471,38.611,0.899,0.0,1078.895,31431.105,16.0,34.128,33.203,40.76,10.0,0.0,1153.0,32510.0,16.0,36.0,35.0,1614738400.896,2021-03-03 02:26:40.895999908
18018074802,r8532701-n172107,0,42.609,20.904,3.093,28970.639,3539.361,16.0,34.364,32.96,44.293,23.601,3.481,31013.158,1496.842,16.0,36.582,35.445,99.52,40.0,5.0,31071.0,32510.0,16.0,38.0,37.0,1614715475.716,2021-03-02 20:04:35.716000080
18088427764,r9170217-n948219,0,180.95,74.76,50.192,6455.095,26054.905,16.0,63.751,68.016,182.173,75.071,50.419,6548.814,25961.186,16.0,64.582,68.942,245.17,100.0,63.0,6807.0,32510.0,16.0,69.0,74.0,1613584973.954,2021-02-17 18:02:53.953999996
18101168527,r4683026-n948219,0,35.758,15.296,0.387,20112.791,12397.209,16.0,40.431,40.365,39.654,25.418,0.559,29977.047,2532.953,16.0,41.473,41.053,45.71,100.0,6.0,30709.0,32510.0,16.0,42.0,42.0,1614265952.665,2021-02-25 15:12:32.664999962
18106398720,r7462820-n410412,0,197.388,80.732,54.096,6527.171,25982.829,16.0,67.743,73.449,194.321,79.235,53.155,6591.63,25918.37,16.0,67.582,73.202,254.8,95.0,64.0,6807.0,32510.0,16.0,71.0,78.0,1613580826.133,2021-02-17 16:53:46.132999897
18114818157,r492024-n303766,0,73.443,21.992,12.749,5502.317,27007.683,16.0,43.658,43.277,100.55,33.4,19.84,10282.514,22227.486,16.0,57.547,58.679,250.07,100.0,68.0,14529.0,32510.0,16.0,71.0,76.0,1613357964.777,2021-02-15 02:59:24.776999950
18114818157,r492024-n303766,1,81.727,27.007,13.048,5181.301,27328.699,16.0,44.866,44.338,108.445,41.255,20.224,10191.646,22318.354,16.0,59.484,59.053,269.59,100.0,67.0,13679.0,32510.0,16.0,74.0,76.0,1613357964.78,2021-02-15 02:59:24.779999971
18154893188,r8275852-n303766,0,202.039,88.396,59.502,6632.369,25877.631,16.0,67.039,70.448,198.431,86.6,58.314,6639.671,25870.329,16.0,66.827,70.258,243.7,94.0,68.0,6807.0,32510.0,16.0,72.0,77.0,1613666884.293,2021-02-18 16:48:04.292999983
18176790564,r7141590-n172107,1,64.384,28.436,12.724,30472.48,2037.52,16.0,40.439,40.521,61.21,26.016,11.575,31055.434,1454.566,16.0,39.661,39.694,138.03,100.0,22.0,31071.0,32510.0,16.0,43.0,44.0,1614746413.69,2021-03-03 04:40:13.690000057
18215414593,r44132-n410412,0,37.88,2.162,0.977,1861.628,30648.372,16.0,35.212,33.416,80.912,39.99,20.504,4730.736,27779.264,16.0,45.693,46.433,145.9,69.0,29.0,4742.0,32510.0,16.0,48.0,50.0,1613099531.837,2021-02-12 03:12:11.836999893
18255595362,r414303-n303509,0,27.121,0.0,0.0,0.0,32510.0,16.0,34.0,34.056,27.121,0.0,0.0,0.0,32510.0,16.0,34.0,34.056,27.24,0.0,0.0,0.0,32510.0,16.0,34.0,35.0,1613429358.729,2021-02-15 22:49:18.729000092
18262920573,r9170217-n948219,0,27.629,0.0,0.0,0.0,32510.0,16.0,34.0,32.444,27.629,0.0,0.0,0.0,32510.0,16.0,34.0,32.444,27.74,0.0,0.0,0.0,32510.0,16.0,34.0,33.0,1613429365.834,2021-02-15 22:49:25.834000111
18317870231,r3955005-n172107,0,46.746,20.784,4.67,28929.176,3580.824,16.0,37.854,35.246,48.406,22.912,5.195,31021.663,1488.337,16.0,40.301,37.54,114.4,42.0,9.0,31071.0,32510.0,16.0,42.0,39.0,1614715475.656,2021-03-02 20:04:35.655999899
18330128720,r4605940-n303509,0,40.502,4.73,1.402,1996.369,30513.631,16.0,38.435,36.773,67.697,16.097,4.817,6046.799,26463.201,16.0,43.925,41.672,199.9,100.0,24.0,6237.0,32510.0,16.0,52.0,51.0,1612977425.799,2021-02-10 17:17:05.799000025
18331731730,r9170217-n303509,1,29.912,0.131,0.001,374.717,32135.283,16.0,30.838,28.839,67.038,31.634,8.759,1019.902,31490.098,16.0,41.677,40.596,108.87,42.0,12.0,1027.0,32510.0,16.0,44.0,44.0,1613069831.678,2021-02-11 18:57:11.677999973
18351210600,r8024255-n410412,0,197.154,80.896,54.301,6534.727,25975.273,16.0,67.971,71.557,194.586,79.933,53.687,6590.147,25919.853,16.0,67.899,71.462,251.16,93.0,63.0,6801.0,32510.0,16.0,71.0,76.0,1613534814.457,2021-02-17 04:06:54.457000017
18370466357,r9480604-n410412,0,26.182,0.0,0.0,0.0,32510.0,16.0,31.0,29.526,26.182,0.0,0.0,0.0,32510.0,16.0,31.0,29.526,26.3,0.0,0.0,0.0,32510.0,16.0,31.0,30.0,1614734934.13,2021-03-03 01:28:54.130000114
18439272182,r216287-n303509,1,26.144,0.0,0.0,2.979,32507.021,16.0,29.0,28.0,26.144,0.0,0.0,2.979,32507.021,16.0,29.0,28.0,26.35,0.0,0.0,4.0,32510.0,16.0,29.0,28.0,1613099487.091,2021-02-12 03:11:27.091000080
18462702509,r9480604-n303766,0,36.339,0.44,0.017,1079.626,31430.374,16.0,35.909,33.339,63.637,37.325,8.987,1573.596,30936.404,16.0,43.127,41.378,126.98,58.0,17.0,1605.0,32510.0,16.0,45.0,44.0,1613336296.466,2021-02-14 20:58:16.466000080
18476985915,r8275852-n303766,0,37.759,0.038,0.0,1190.724,31319.276,16.0,35.855,34.156,41.288,4.387,0.649,1941.321,30568.679,16.0,35.275,33.373,106.14,79.0,11.0,5957.0,32510.0,16.0,41.0,39.0,1613658436.923,2021-02-18 14:27:16.923000097
18498224886,r7141590-n303509,0,26.759,0.0,0.0,0.0,32510.0,16.0,38.446,37.949,75.224,37.669,9.813,1029.871,31480.129,16.0,48.763,46.778,128.69,51.0,14.0,1093.0,32510.0,16.0,52.0,50.0,1613401915.448,2021-02-15 15:11:55.447999954
18571750615,r4099734-n200569,0,25.703,0.0,0.0,0.0,32510.0,16.0,30.0,29.906,25.703,0.0,0.0,0.0,32510.0,16.0,30.0,29.906,25.85,0.0,0.0,0.0,32510.0,16.0,30.0,30.0,1614718332.613,2021-03-02 20:52:12.612999916
18612728647,r5179276-n948219,0,206.059,88.184,59.198,6636.153,25873.847,16.0,68.58,76.814,204.8,87.707,58.927,6661.439,25848.561,16.0,68.482,76.696,245.85,95.0,69.0,6807.0,32510.0,16.0,71.0,80.0,1613575071.79,2021-02-17 15:17:51.789999962
18619610969,r8024255-n410412,0,46.638,0.0,0.0,0.0,32510.0,16.0,53.0,52.8,46.638,0.0,0.0,0.0,32510.0,16.0,53.0,52.8,46.75,0.0,0.0,0.0,32510.0,16.0,53.0,53.0,1613529911.477,2021-02-17 02:45:11.476999998
18626011778,r6727430-n948219,0,188.232,77.451,52.034,6544.416,25965.584,16.0,66.831,71.36,179.715,72.746,48.92,6620.751,25889.249,16.0,66.144,70.422,247.63,94.0,64.0,6807.0,32510.0,16.0,70.0,76.0,1613652895.451,2021-02-18 12:54:55.450999975
18643943801,r2215649-n410412,0,27.917,0.0,0.0,2.865,32507.135,16.0,40.873,38.457,27.917,0.0,0.0,2.865,32507.135,16.0,40.873,38.457,45.39,0.0,0.0,4.0,32510.0,16.0,44.0,41.0,1613787443.579,2021-02-20 02:17:23.578999996
18649747802,r5179276-n948219,0,32.48,0.337,0.013,364.703,32145.297,16.0,37.767,36.976,58.623,31.111,5.76,1042.183,31467.817,16.0,43.645,42.414,94.65,47.0,10.0,1093.0,32510.0,16.0,46.0,45.0,1613383693.271,2021-02-15 10:08:13.270999908
18653415683,r492024-n410412,1,25.458,0.0,0.0,0.0,32510.0,16.0,29.953,29.092,25.458,0.0,0.0,0.0,32510.0,16.0,29.953,29.092,25.56,0.0,0.0,0.0,32510.0,16.0,30.0,30.0,1614734826.743,2021-03-03 01:27:06.743000031
18666615061,r8024255-n410412,0,211.93,89.582,60.173,6644.181,25865.819,16.0,68.346,72.376,210.506,88.949,59.815,6664.799,25845.201,16.0,68.23,72.238,254.67,95.0,67.0,6799.0,32510.0,16.0,72.0,77.0,1613531476.466,2021-02-17 03:11:16.466000080
18700730240,r8972851-n948219,0,36.535,1.154,0.006,1403.148,31106.852,16.0,32.828,31.391,36.535,1.154,0.006,1403.148,31106.852,16.0,32.828,31.391,39.97,12.0,1.0,2245.0,32510.0,16.0,33.0,32.0,1613184160.014,2021-02-13 02:42:40.013999939
18720072876,r6727430-n303509,0,26.722,0.0,0.0,0.003,32509.997,16.0,34.0,31.0,26.722,0.0,0.0,0.003,32509.997,16.0,34.0,31.0,26.88,0.0,0.0,4.0,32510.0,16.0,34.0,31.0,1613401478.471,2021-02-15 15:04:38.470999956
18749296119,r974863-n410412,0,26.136,0.0,0.0,3.004,32506.996,16.0,37.526,37.043,26.136,0.0,0.0,3.004,32506.996,16.0,37.526,37.043,26.4,0.0,0.0,4.0,32510.0,16.0,38.0,38.0,1613011010.496,2021-02-11 02:36:50.496000051
18771507500,r2215649-n410412,1,134.513,52.175,13.979,8133.495,24376.505,16.0,56.971,52.958,120.077,55.523,14.84,8330.189,24179.811,16.0,60.71,57.348,275.37,100.0,32.0,8353.0,32510.0,16.0,72.0,68.0,1613301154.745,2021-02-14 11:12:34.744999886
18793910193,r44132-n303766,0,208.066,86.94,58.377,6536.814,25973.186,16.0,68.33,75.62,206.653,86.346,58.037,6579.054,25930.946,16.0,68.201,75.449,251.93,94.0,68.0,6801.0,32510.0,16.0,71.0,79.0,1613454689.612,2021-02-16 05:51:29.611999989
18807094479,r216287-n303509,1,47.146,26.857,7.947,988.192,31521.808,16.0,36.571,35.241,47.146,26.857,7.947,988.192,31521.808,16.0,36.571,35.241,61.4,40.0,13.0,1327.0,32510.0,16.0,37.0,36.0,1612830060.283,2021-02-09 00:21:00.282999992
18819155068,r4506251-n303766,0,205.589,86.101,57.803,6623.963,25886.037,16.0,65.265,71.434,205.303,85.795,57.653,6655.044,25854.956,16.0,65.69,71.994,256.66,95.0,65.0,6807.0,32510.0,16.0,73.0,81.0,1613463537.269,2021-02-16 08:18:57.269000053
18887122158,r492024-n410412,1,25.451,0.0,0.0,0.0,32510.0,16.0,29.949,29.031,25.449,0.0,0.0,0.295,32509.705,16.0,29.938,29.021,25.56,0.0,0.0,4.0,32510.0,16.0,30.0,30.0,1614735079.641,2021-03-03 01:31:19.641000032
18888127632,r8024255-n410412,0,195.58,80.149,53.781,6543.57,25966.43,16.0,68.069,71.646,192.753,78.954,53.015,6595.634,25914.366,16.0,67.899,71.444,253.24,96.0,63.0,6799.0,32510.0,16.0,71.0,76.0,1613526335.986,2021-02-17 01:45:35.986000061
18906578047,r2215649-n410412,0,213.998,90.73,60.818,6634.117,25875.883,16.0,68.407,71.054,213.785,90.657,60.776,6650.462,25859.538,16.0,68.385,71.032,253.04,95.0,65.0,6799.0,32510.0,16.0,71.0,74.0,1613436267.12,2021-02-16 00:44:27.119999886
18951753276,r4506251-n303766,0,211.317,89.118,59.784,6626.241,25883.759,16.0,65.314,71.689,206.397,86.331,57.979,6652.349,25857.651,16.0,65.432,71.797,257.61,95.0,68.0,6799.0,32510.0,16.0,73.0,80.0,1613470107.932,2021-02-16 10:08:27.931999922
18974950615,r2215649-n303766,1,28.759,0.0,0.0,0.0,32510.0,16.0,40.783,39.875,34.744,9.627,0.831,1884.838,30625.162,16.0,33.213,31.395,191.42,100.0,68.0,8939.0,32510.0,16.0,64.0,63.0,1614015390.461,2021-02-22 17:36:30.460999966
19010204079,r4683026-n948219,0,26.545,0.0,0.0,0.0,32510.0,16.0,35.879,35.913,66.543,34.544,13.38,2646.768,29863.232,16.0,46.29,47.971,134.87,53.0,23.0,4678.0,32510.0,16.0,51.0,54.0,1614443291.987,2021-02-27 16:28:11.986999989
19021258270,r8275852-n410412,0,28.094,0.0,0.0,0.003,32509.997,16.0,32.0,33.378,28.085,0.0,0.0,0.0,32510.0,16.0,31.966,33.344,28.68,0.0,0.0,4.0,32510.0,16.0,34.0,35.0,1614293208.656,2021-02-25 22:46:48.655999899
19038790419,r6727430-n303509,0,46.594,9.405,3.062,29785.243,2724.757,16.0,39.262,36.161,45.051,7.643,2.241,30978.877,1531.123,16.0,39.19,36.058,120.44,55.0,21.0,31071.0,32510.0,16.0,40.0,39.0,1613415697.528,2021-02-15 19:01:37.528000115
19076122864,r6727430-n303509,0,197.745,85.085,57.21,6657.301,25852.699,16.0,63.807,67.636,198.131,85.175,57.31,6682.687,25827.313,16.0,64.536,68.549,247.11,95.0,68.0,6807.0,32510.0,16.0,71.0,76.0,1613445622.452,2021-02-16 03:20:22.451999903
19082480540,r5179276-n948219,0,206.939,89.166,59.776,6642.656,25867.344,16.0,68.499,76.536,205.385,88.434,59.347,6662.36,25847.64,16.0,68.426,76.389,246.38,95.0,66.0,6799.0,32510.0,16.0,72.0,81.0,1613576136.071,2021-02-17 15:35:36.071000099
19171818537,r5179276-n948219,0,208.943,90.992,61.084,6651.469,25858.531,16.0,67.368,73.285,209.109,91.071,61.142,6665.664,25844.336,16.0,67.433,73.37,246.21,95.0,65.0,6807.0,32510.0,16.0,72.0,79.0,1613440972.507,2021-02-16 02:02:52.506999969
19181963143,r368967-n200569,0,26.805,0.097,0.006,0.0,32510.0,16.0,39.338,38.5,37.65,0.012,0.005,934.37,31575.63,16.0,41.64,40.539,118.06,100.0,61.0,9941.0,32510.0,16.0,44.0,47.0,1614737795.265,2021-03-03 02:16:35.265000105
19239140052,r8972851-n303509,0,198.652,81.459,54.622,6549.179,25960.821,16.0,67.896,72.578,197.156,80.736,54.19,6603.314,25906.686,16.0,67.876,72.537,250.4,94.0,63.0,6807.0,32510.0,16.0,71.0,76.0,1613604813.701,2021-02-17 23:33:33.700999975
19326647311,r4683026-n948219,0,27.767,1.054,0.056,2641.478,29868.522,16.0,36.082,36.032,38.285,14.504,0.783,27298.844,5211.156,16.0,38.99,38.727,41.38,33.0,2.0,30709.0,32510.0,16.0,41.0,40.0,1614338473.424,2021-02-26 11:21:13.424000025
19351476050,r9988778-n303766,0,29.891,0.483,0.013,649.469,31860.531,16.0,33.961,33.404,57.509,35.997,8.135,1615.201,30894.799,16.0,41.554,41.366,122.36,53.0,15.0,1671.0,32510.0,16.0,44.0,44.0,1613323609.734,2021-02-14 17:26:49.733999968
19394492274,r5179276-n948219,0,205.827,88.664,59.498,6642.209,25867.791,16.0,68.077,75.835,204.548,88.021,59.138,6662.896,25847.104,16.0,67.988,75.676,244.42,100.0,66.0,6799.0,32510.0,16.0,71.0,80.0,1613578011.764,2021-02-17 16:06:51.763999939
19407450719,r4144777-n303509,0,26.853,0.0,0.0,0.0,32510.0,16.0,32.0,30.181,26.853,0.0,0.0,0.0,32510.0,16.0,32.0,30.181,26.99,0.0,0.0,0.0,32510.0,16.0,32.0,31.0,1613051738.697,2021-02-11 13:55:38.697000027
19409061092,r8141575-n303766,0,64.859,22.162,16.813,30601.743,1908.257,16.0,48.921,49.527,57.578,15.004,10.88,31055.536,1454.464,16.0,48.04,48.367,148.44,81.0,65.0,31071.0,32510.0,16.0,52.0,55.0,1614206091.502,2021-02-24 22:34:51.502000093
19417749767,r7141590-n303509,0,26.857,0.0,0.0,0.0,32510.0,16.0,39.0,38.0,26.857,0.0,0.0,0.0,32510.0,16.0,39.0,38.0,27.04,0.0,0.0,0.0,32510.0,16.0,39.0,38.0,1613145505.735,2021-02-12 15:58:25.734999895
19427845206,r4506251-n303766,0,206.006,84.913,57.026,6637.742,25872.258,16.0,67.662,74.396,206.194,85.117,57.24,6666.119,25843.881,16.0,67.692,74.461,255.8,95.0,65.0,6799.0,32510.0,16.0,71.0,78.0,1613463903.333,2021-02-16 08:25:03.332999945
19461253220,r8972851-n303509,0,196.918,81.092,54.351,6571.809,25938.191,16.0,67.351,71.968,195.471,80.208,53.792,6619.659,25890.341,16.0,67.473,72.043,251.61,98.0,63.0,6801.0,32510.0,16.0,72.0,78.0,1613603605.256,2021-02-17 23:13:25.256000041
19511565039,r8473362-n410412,0,26.997,0.0,0.0,3.933,32506.067,16.0,33.582,31.661,27.297,0.0,0.0,3.998,32506.002,16.0,36.009,34.19,27.92,0.0,0.0,4.0,32510.0,16.0,37.0,35.0,1613012965.37,2021-02-11 03:09:25.369999886
19511565039,r8473362-n410412,1,188.542,93.855,53.238,3550.364,28959.636,16.0,62.824,67.34,201.206,99.712,56.699,4484.804,28025.196,16.0,68.33,74.057,221.53,100.0,60.0,4517.0,32510.0,16.0,73.0,79.0,1613012965.374,2021-02-11 03:09:25.374000072
19534378987,r8141575-n303766,0,33.33,1.576,0.253,432.507,32077.493,16.0,39.597,39.323,33.33,1.576,0.253,432.507,32077.493,16.0,39.597,39.323,161.98,100.0,29.0,2413.0,32510.0,16.0,43.0,42.0,1613942355.115,2021-02-21 21:19:15.115000010
19555245473,r974863-n410412,0,26.05,0.0,0.0,2.968,32507.032,16.0,37.0,36.934,26.05,0.0,0.0,2.968,32507.032,16.0,37.0,36.934,26.42,0.0,0.0,4.0,32510.0,16.0,37.0,37.0,1613011625.783,2021-02-11 02:47:05.782999992
19598167609,r5051220-n200569,1,27.797,0.0,0.0,0.0,32510.0,16.0,30.372,28.0,27.797,0.0,0.0,0.0,32510.0,16.0,30.372,28.0,27.85,0.0,0.0,0.0,32510.0,16.0,31.0,28.0,1614716533.617,2021-03-02 20:22:13.617000103
19629450801,r2215649-n303766,0,25.416,0.0,0.0,0.0,32510.0,16.0,33.0,31.0,25.416,0.0,0.0,0.0,32510.0,16.0,33.0,31.0,25.51,0.0,0.0,0.0,32510.0,16.0,33.0,31.0,1614374671.501,2021-02-26 21:24:31.500999928
19639230074,r8972851-n303509,0,189.913,76.638,51.412,6489.953,26020.047,16.0,67.464,71.678,186.141,74.769,50.195,6574.582,25935.418,16.0,67.366,71.521,250.08,94.0,63.0,6807.0,32510.0,16.0,71.0,76.0,1613595718.722,2021-02-17 21:01:58.721999884
19654398853,r7141590-n303509,0,190.068,74.466,49.596,6491.675,26018.325,16.0,68.014,69.37,188.843,74.015,49.346,6578.128,25931.872,16.0,67.961,69.322,266.58,94.0,64.0,6799.0,32510.0,16.0,72.0,74.0,1613483934.796,2021-02-16 13:58:54.796000004
19699234314,r8024255-n410412,0,208.042,87.271,58.56,6610.451,25899.549,16.0,68.359,72.315,207.549,87.223,58.578,6638.298,25871.702,16.0,68.228,72.205,254.15,95.0,68.0,6801.0,32510.0,16.0,71.0,75.0,1613529527.202,2021-02-17 02:38:47.201999903
19700123464,r216287-n303509,0,27.758,0.0,0.0,1.542,32508.458,16.0,29.759,29.002,27.758,0.0,0.0,1.542,32508.458,16.0,29.759,29.002,27.98,0.0,0.0,4.0,32510.0,16.0,30.0,30.0,1613099177.788,2021-02-12 03:06:17.788000107
19783691372,r8275852-n410412,0,37.164,3.584,0.038,805.576,31704.424,16.0,37.523,38.316,40.443,5.379,0.076,2039.495,30470.505,16.0,38.506,39.145,50.94,46.0,1.0,2047.0,32510.0,16.0,40.0,40.0,1613139484.293,2021-02-12 14:18:04.292999983
19787273217,r6727430-n948219,0,26.537,0.0,0.0,0.0,32510.0,16.0,32.0,31.0,26.537,0.0,0.0,0.0,32510.0,16.0,32.0,31.0,26.63,0.0,0.0,0.0,32510.0,16.0,32.0,31.0,1613613328.074,2021-02-18 01:55:28.073999882
19793128134,r8473362-n410412,1,26.093,0.0,0.0,0.0,32510.0,16.0,32.0,31.0,26.093,0.0,0.0,0.0,32510.0,16.0,32.0,31.0,26.13,0.0,0.0,0.0,32510.0,16.0,32.0,31.0,1614734566.685,2021-03-03 01:22:46.684999943
19803674354,r4605940-n303509,0,30.373,0.0,0.0,0.0,32510.0,16.0,32.769,31.0,30.373,0.0,0.0,0.0,32510.0,16.0,32.769,31.0,32.29,0.0,0.0,0.0,32510.0,16.0,33.0,31.0,1612825374.033,2021-02-08 23:02:54.032999992
19814409695,r8473362-n410412,0,29.956,0.616,0.186,96.083,32413.917,16.0,42.706,41.251,29.956,0.616,0.186,96.083,32413.917,16.0,42.706,41.251,240.83,97.0,46.0,7145.0,32510.0,16.0,50.0,49.0,1614003225.595,2021-02-22 14:13:45.595000029
19831251563,r2215649-n303766,0,35.658,12.519,0.951,19844.376,12665.624,16.0,35.111,32.47,40.864,20.698,1.581,29473.268,3036.732,16.0,36.891,34.108,46.01,100.0,6.0,30709.0,32510.0,16.0,38.0,35.0,1614370880.218,2021-02-26 20:21:20.217999935
19844872535,r7419443-n948219,0,59.973,15.272,4.421,1199.968,31310.032,16.0,36.313,34.228,72.389,20.75,5.996,1550.336,30959.664,16.0,41.112,39.217,198.83,100.0,31.0,1809.0,32510.0,16.0,46.0,44.0,1613156320.268,2021-02-12 18:58:40.267999887
19912656976,r5354770-n172107,0,26.242,0.0,0.0,1.133,32508.867,16.0,32.005,30.0,26.087,0.0,0.0,3.884,32506.116,16.0,31.499,29.186,26.39,0.0,0.0,4.0,32510.0,16.0,33.0,30.0,1614717980.889,2021-03-02 20:46:20.888999939
19912656976,r5354770-n172107,1,26.413,0.0,0.0,1.132,32508.868,16.0,31.087,30.0,26.233,0.0,0.0,3.884,32506.116,16.0,30.424,29.089,26.55,0.0,0.0,4.0,32510.0,16.0,32.0,30.0,1614717980.892,2021-03-02 20:46:20.891999960
19915758899,r7141590-n948219,0,210.975,87.492,58.442,6603.629,25906.371,16.0,68.442,73.449,211.877,88.086,58.822,6626.38,25883.62,16.0,68.484,73.51,262.58,100.0,65.0,6793.0,32510.0,16.0,71.0,77.0,1613433717.243,2021-02-16 00:01:57.243000031
19962337491,r3974592-n303509,0,107.254,52.028,21.581,26067.213,6442.787,16.0,47.43,46.932,112.712,54.615,22.866,28552.479,3957.521,16.0,53.208,53.181,284.47,100.0,74.0,28581.0,32510.0,16.0,61.0,63.0,1613241562.338,2021-02-13 18:39:22.338000059
19966291862,r4506251-n303766,0,213.801,89.137,59.913,6638.995,25871.005,16.0,68.378,75.232,211.415,87.928,59.162,6663.344,25846.656,16.0,68.187,74.986,255.75,95.0,68.0,6807.0,32510.0,16.0,72.0,79.0,1613503576.424,2021-02-16 19:26:16.424000025
19995021435,r7317916-n948219,0,186.196,79.443,53.376,6519.64,25990.36,16.0,67.473,74.643,179.214,75.268,50.593,6281.235,26228.765,16.0,67.077,73.975,240.76,94.0,63.0,6799.0,32510.0,16.0,71.0,79.0,1613482215.718,2021-02-16 13:30:15.717999935
20019083031,r8141575-n303766,0,35.858,1.923,0.3,464.927,32045.073,16.0,40.352,40.026,35.858,1.923,0.3,464.927,32045.073,16.0,40.352,40.026,140.96,95.0,32.0,1897.0,32510.0,16.0,43.0,42.0,1613942385.517,2021-02-21 21:19:45.516999960
20028197761,r8141575-n303766,0,40.639,9.811,2.046,698.252,31811.748,16.0,34.423,34.043,61.685,34.991,6.058,2394.693,30115.307,16.0,42.481,42.01,213.44,65.0,15.0,2769.0,32510.0,16.0,49.0,47.0,1613936156.438,2021-02-21 19:35:56.437999964
20045180051,r492024-n303766,0,199.106,82.657,55.605,6609.178,25900.822,16.0,68.344,72.868,199.758,83.132,55.948,6646.008,25863.992,16.0,68.337,72.88,250.26,94.0,64.0,6807.0,32510.0,16.0,72.0,77.0,1613436465.411,2021-02-16 00:47:45.411000013
20050837873,r4506251-n303766,0,54.824,0.0,0.0,0.3,32509.7,16.0,57.025,59.05,54.824,0.0,0.0,0.3,32509.7,16.0,57.025,59.05,55.05,0.0,0.0,4.0,32510.0,16.0,58.0,60.0,1613507058.855,2021-02-16 20:24:18.855000019
20068564721,r4144777-n303509,0,27.38,0.0,0.0,3.931,32506.069,16.0,34.72,32.796,113.241,40.318,7.031,26676.065,5833.935,16.0,53.957,50.846,267.33,100.0,52.0,29181.0,32510.0,16.0,74.0,74.0,1613229053.04,2021-02-13 15:10:53.039999962
20086621812,r7269000-n948219,0,203.991,82.119,54.558,6463.886,26046.114,16.0,68.389,71.478,203.991,82.119,54.558,6463.886,26046.114,16.0,68.389,71.478,264.55,95.0,64.0,6799.0,32510.0,16.0,72.0,76.0,1613443193.765,2021-02-16 02:39:53.765000105
20100144338,r9170217-n303509,0,210.008,88.095,59.069,6630.673,25879.327,16.0,68.469,70.065,210.351,88.323,59.241,6652.502,25857.498,16.0,68.447,70.044,254.3,95.0,64.0,6807.0,32510.0,16.0,71.0,74.0,1613439432.978,2021-02-16 01:37:12.977999926
20102047094,r2215649-n303766,0,25.078,0.0,0.0,0.0,32510.0,16.0,31.987,29.021,25.078,0.0,0.0,0.0,32510.0,16.0,31.987,29.021,25.27,0.0,0.0,0.0,32510.0,16.0,32.0,30.0,1613933348.641,2021-02-21 18:49:08.641000032
20122451405,r5179276-n948219,0,208.73,89.957,60.383,6634.646,25875.354,16.0,68.54,75.655,207.126,89.276,59.963,6653.85,25856.15,16.0,68.43,75.479,245.5,95.0,67.0,6793.0,32510.0,16.0,72.0,79.0,1613585587.949,2021-02-17 18:13:07.948999882
20166557085,r2215649-n303766,0,25.215,0.0,0.0,0.0,32510.0,16.0,32.75,30.0,25.215,0.0,0.0,0.0,32510.0,16.0,32.75,30.0,25.24,0.0,0.0,0.0,32510.0,16.0,33.0,30.0,1614368401.698,2021-02-26 19:40:01.697999954
20196279847,r216287-n303509,1,26.09,0.0,0.0,2.994,32507.006,16.0,29.0,27.489,26.09,0.0,0.0,2.994,32507.006,16.0,29.0,27.489,26.26,0.0,0.0,4.0,32510.0,16.0,29.0,28.0,1613099307.186,2021-02-12 03:08:27.186000109
20218826461,r2215649-n410412,0,37.346,3.89,0.89,644.936,31865.064,16.0,33.691,30.886,73.929,43.952,10.949,1280.154,31229.846,16.0,48.3,45.908,123.08,58.0,16.0,1671.0,32510.0,16.0,51.0,49.0,1613419908.512,2021-02-15 20:11:48.512000083
20282385430,r4506251-n410412,0,25.957,0.0,0.0,3.968,32506.032,16.0,31.267,30.097,26.162,0.041,0.001,17.62,32492.38,16.0,31.235,30.079,39.76,26.0,1.0,1311.0,32510.0,16.0,32.0,31.0,1612963314.847,2021-02-10 13:21:54.846999884
20361379304,r8972851-n948219,0,215.59,90.006,60.358,6648.11,25861.89,16.0,68.069,72.368,213.837,89.2,59.824,6643.706,25866.294,16.0,67.952,72.229,258.74,100.0,65.0,6793.0,32510.0,16.0,71.0,76.0,1613526915.538,2021-02-17 01:55:15.538000107
20429601957,r7462820-n410412,1,195.685,80.173,53.892,6597.512,25912.488,16.0,62.326,64.963,194.263,79.071,53.187,6643.291,25866.709,16.0,63.518,66.172,260.47,94.0,63.0,6799.0,32510.0,16.0,72.0,76.0,1613573090.121,2021-02-17 14:44:50.121000051
20436094429,r4683026-n303509,1,26.388,0.0,0.0,0.0,32510.0,16.0,30.982,29.024,26.388,0.0,0.0,0.0,32510.0,16.0,30.982,29.024,26.52,0.0,0.0,0.0,32510.0,16.0,31.0,30.0,1613056496.013,2021-02-11 15:14:56.013000011
20441395344,r4506251-n410412,0,41.645,6.4,5.015,1846.195,30663.805,16.0,35.942,34.797,82.007,26.702,21.123,4825.185,27684.815,16.0,48.46,48.966,195.66,89.0,50.0,5409.0,32510.0,16.0,59.0,62.0,1613040824.172,2021-02-11 10:53:44.171999931
20450456390,r414303-n303509,0,27.097,0.0,0.0,0.0,32510.0,16.0,34.056,34.0,27.097,0.0,0.0,0.0,32510.0,16.0,34.056,34.0,27.2,0.0,0.0,0.0,32510.0,16.0,35.0,34.0,1613429356.52,2021-02-15 22:49:16.519999981
20468682254,r810901-n303509,0,42.562,9.198,1.404,654.538,31855.462,16.0,40.226,39.447,73.409,43.346,9.912,1153.604,31356.396,16.0,48.001,48.275,114.67,54.0,13.0,1159.0,32444.0,16.0,49.0,50.0,1613149191.787,2021-02-12 16:59:51.786999941
20480571297,r974863-n410412,1,160.966,67.606,45.364,6648.586,25861.414,16.0,53.881,55.047,156.125,64.817,43.54,6703.592,25806.408,16.0,53.999,55.069,241.72,95.0,65.0,6801.0,32510.0,16.0,68.0,72.0,1613450220.399,2021-02-16 04:37:00.398999929
20480912429,r6959555-n172107,0,49.243,25.582,5.749,29980.707,2529.293,16.0,38.974,35.206,47.469,23.067,5.216,31046.016,1463.984,16.0,38.917,35.227,117.99,100.0,9.0,31071.0,32510.0,16.0,40.0,37.0,1614733818.74,2021-03-03 01:10:18.740000010
20499816572,r2215649-n303766,0,164.011,70.4,46.749,2123.4,30386.6,16.0,59.296,60.257,214.042,95.253,63.624,2853.269,29656.731,16.0,68.076,71.013,239.94,98.0,67.0,4309.0,32510.0,16.0,73.0,76.0,1613943172.216,2021-02-21 21:32:52.216000080
20504499862,r7462820-n303766,1,204.81,90.984,61.113,6646.928,25863.072,16.0,60.53,65.424,203.963,90.18,60.628,6663.963,25846.037,16.0,61.524,66.319,244.66,95.0,66.0,6801.0,32510.0,16.0,72.0,77.0,1613650809.857,2021-02-18 12:20:09.857000113
20505442624,r8141575-n303766,1,55.035,15.46,10.172,520.517,31989.483,16.0,33.355,32.206,157.41,67.071,44.731,2014.951,30495.049,16.0,53.358,55.565,254.8,99.0,67.0,4279.0,32510.0,16.0,74.0,79.0,1613934048.288,2021-02-21 19:00:48.288000107
20532700175,r492024-n303766,1,25.57,0.0,0.0,2.016,32507.984,16.0,31.0,30.998,25.57,0.0,0.0,2.016,32507.984,16.0,31.0,30.998,25.63,0.0,0.0,4.0,32510.0,16.0,31.0,31.0,1614715548.939,2021-03-02 20:05:48.938999891
20571430200,r9480604-n410412,0,35.897,0.277,0.014,953.274,31556.726,16.0,39.928,38.01,77.51,39.27,16.262,2615.85,29894.15,16.0,51.247,49.633,130.59,51.0,23.0,2631.0,32510.0,16.0,54.0,52.0,1614186488.058,2021-02-24 17:08:08.058000088
20610177883,r3955005-n172107,1,46.536,25.69,3.797,30226.54,2283.46,16.0,33.28,33.231,46.016,23.895,3.498,31047.106,1462.894,16.0,33.955,33.947,99.06,100.0,6.0,31071.0,32510.0,16.0,36.0,36.0,1614725600.216,2021-03-02 22:53:20.216000080
20670670512,r8024255-n410412,0,130.627,47.262,31.69,6556.081,25953.919,16.0,57.078,58.412,152.055,58.295,39.152,6647.3,25862.7,16.0,60.563,62.605,252.25,94.0,63.0,6799.0,32510.0,16.0,70.0,74.0,1613522637.868,2021-02-17 00:43:57.868000031
20727717921,r3974592-n948219,0,33.661,0.126,0.042,3454.593,29055.407,16.0,35.41,35.636,154.654,96.961,54.789,6695.089,25814.911,16.0,66.642,70.579,177.26,100.0,65.0,6711.0,32510.0,16.0,69.0,74.0,1614162521.277,2021-02-24 10:28:41.276999950
20794086151,r7141590-n948219,0,214.388,88.938,59.465,6626.43,25883.57,16.0,68.492,73.663,211.003,87.331,58.41,6650.672,25859.328,16.0,68.32,73.37,261.94,95.0,65.0,6799.0,32510.0,16.0,72.0,77.0,1613431572.103,2021-02-15 23:26:12.102999926
20856692552,r6727430-n948219,0,26.53,0.0,0.0,0.0,32510.0,16.0,32.0,31.0,26.53,0.0,0.0,0.0,32510.0,16.0,32.0,31.0,26.53,0.0,0.0,0.0,32510.0,16.0,32.0,31.0,1613613330.257,2021-02-18 01:55:30.256999969
20876002234,r974863-n410412,0,213.349,90.148,60.38,6631.662,25878.338,16.0,65.398,70.226,212.26,89.492,60.001,6655.528,25854.472,16.0,65.699,70.589,260.95,96.0,68.0,6807.0,32510.0,16.0,73.0,78.0,1613446039.426,2021-02-16 03:27:19.426000118
20886560788,r7269000-n948219,0,28.02,0.0,0.0,0.208,32509.792,16.0,39.0,38.078,28.02,0.0,0.0,0.208,32509.792,16.0,39.0,38.078,28.22,0.0,0.0,4.0,32510.0,16.0,39.0,39.0,1613429787.077,2021-02-15 22:56:27.076999903
20889780738,r8972851-n948219,0,36.517,0.816,0.0,1245.342,31264.658,16.0,33.577,31.832,36.517,0.816,0.0,1245.342,31264.658,16.0,33.577,31.832,40.1,9.0,0.0,1737.0,32510.0,16.0,34.0,32.0,1613184344.699,2021-02-13 02:45:44.698999882
20897065940,r7269000-n948219,0,39.301,3.642,1.847,1164.723,31345.277,16.0,41.806,41.173,45.676,10.592,4.262,4002.126,28507.874,16.0,36.777,35.495,167.42,100.0,35.0,8766.0,32510.0,16.0,59.0,59.0,1613184027.038,2021-02-13 02:40:27.038000107
20897065940,r7269000-n948219,1,32.739,0.058,0.001,322.641,32187.359,16.0,38.242,37.649,37.627,0.0,0.0,1203.811,31306.189,16.0,33.944,32.787,49.09,41.0,3.0,1205.0,32510.0,16.0,54.0,54.0,1613184027.041,2021-02-13 02:40:27.040999889
20916714025,r8473362-n410412,0,105.759,43.062,28.542,1335.485,31174.515,16.0,48.591,50.08,199.342,92.435,61.839,2799.172,29710.828,16.0,67.786,74.601,247.24,98.0,67.0,4279.0,32510.0,16.0,73.0,81.0,1613995810.249,2021-02-22 12:10:10.249000072
20921450051,r5179276-n948219,0,207.635,89.652,60.149,6630.93,25879.07,16.0,68.42,75.567,205.618,88.683,59.501,6632.442,25877.558,16.0,68.258,75.333,245.63,95.0,65.0,6801.0,32510.0,16.0,71.0,79.0,1613584526.36,2021-02-17 17:55:26.359999895
20923054344,r7269000-n948219,1,201.057,82.835,55.469,6511.208,25998.792,16.0,65.789,70.3,201.933,83.49,55.909,6561.491,25948.509,16.0,65.721,70.264,256.36,100.0,64.0,6793.0,32510.0,16.0,73.0,78.0,1613442758.519,2021-02-16 02:32:38.519000052
20924678421,r8141575-n410412,0,110.258,91.084,61.067,21372.478,11137.522,16.0,45.42,51.465,110.258,91.084,61.067,21372.478,11137.522,16.0,45.42,51.465,150.2,100.0,84.0,22601.0,32510.0,16.0,51.0,59.0,1614552531.491,2021-02-28 22:48:51.490999937
20926432324,r492024-n303766,0,212.186,90.201,60.743,6640.031,25869.969,16.0,68.62,73.544,212.096,90.24,60.766,6655.765,25854.235,16.0,68.551,73.483,250.76,95.0,67.0,6799.0,32510.0,16.0,72.0,77.0,1613431513.797,2021-02-15 23:25:13.796999931
20980269899,r414303-n303509,0,28.928,0.0,0.0,0.0,32510.0,16.0,43.0,44.0,28.928,0.0,0.0,0.0,32510.0,16.0,43.0,44.0,29.04,0.0,0.0,0.0,32510.0,16.0,43.0,44.0,1613429091.578,2021-02-15 22:44:51.578000069
20992766678,r5198790-n172107,0,48.593,22.164,5.524,29015.45,3494.55,16.0,35.801,33.823,49.554,22.171,5.398,31019.587,1490.413,16.0,37.898,35.822,110.54,45.0,10.0,31071.0,32510.0,16.0,39.0,38.0,1614715475.696,2021-03-02 20:04:35.696000099
20993928714,r7462820-n410412,0,191.054,77.239,51.839,6490.394,26019.606,16.0,67.144,72.56,190.243,77.032,51.755,6568.922,25941.078,16.0,67.243,72.673,254.24,94.0,64.0,6799.0,32510.0,16.0,71.0,78.0,1613580022.248,2021-02-17 16:40:22.247999907
21026210280,r44132-n303766,0,27.28,0.335,0.118,49.536,32460.464,16.0,37.057,37.026,27.28,0.335,0.118,49.536,32460.464,16.0,37.057,37.026,225.66,95.0,52.0,7145.0,32510.0,16.0,43.0,44.0,1613472897.893,2021-02-16 10:54:57.892999887
21079217055,r4683026-n948219,1,67.707,29.255,3.912,1281.431,31228.569,16.0,46.051,43.333,67.804,29.922,3.978,1304.826,31205.174,16.0,45.86,43.183,119.16,90.0,12.0,1315.0,32510.0,16.0,48.0,45.0,1613863659.668,2021-02-20 23:27:39.667999983
21098985056,r2215649-n410412,0,26.397,0.0,0.0,0.0,32510.0,16.0,32.0,29.855,26.397,0.0,0.0,0.0,32510.0,16.0,32.0,29.855,26.49,0.0,0.0,0.0,32510.0,16.0,32.0,30.0,1614734527.457,2021-03-03 01:22:07.457000017
21098985056,r2215649-n410412,1,26.119,0.0,0.0,0.0,32510.0,16.0,31.0,29.0,26.119,0.0,0.0,0.0,32510.0,16.0,31.0,29.0,26.29,0.0,0.0,0.0,32510.0,16.0,31.0,29.0,1614734527.46,2021-03-03 01:22:07.460000038
21120538778,r6727430-n948219,0,203.04,86.399,58.038,6595.678,25914.322,16.0,65.672,70.302,201.563,85.411,57.406,6620.843,25889.157,16.0,66.037,70.737,250.27,94.0,64.0,6799.0,32510.0,16.0,72.0,78.0,1613600108.532,2021-02-17 22:15:08.532000064
21121345712,r9988778-n303766,0,70.507,22.14,12.731,4323.535,28186.465,16.0,39.264,39.817,91.679,27.543,16.304,9291.917,23218.083,16.0,52.397,52.791,258.41,100.0,67.0,10485.0,32510.0,16.0,73.0,78.0,1614715624.171,2021-03-02 20:07:04.171000004
21121345712,r9988778-n303766,1,75.259,26.996,12.884,4570.93,27939.07,16.0,40.005,38.504,94.238,34.467,16.612,9824.318,22685.682,16.0,49.54,49.039,265.45,100.0,67.0,10747.0,32510.0,16.0,71.0,75.0,1614715624.179,2021-03-02 20:07:04.178999901
21132350786,r492024-n303766,0,24.977,0.0,0.0,0.0,32510.0,16.0,33.299,32.0,24.977,0.0,0.0,0.0,32510.0,16.0,33.299,32.0,25.13,0.0,0.0,0.0,32510.0,16.0,34.0,32.0,1613357737.382,2021-02-15 02:55:37.381999969
21132350786,r492024-n303766,1,25.542,0.0,0.0,0.0,32510.0,16.0,31.021,31.0,25.542,0.0,0.0,0.0,32510.0,16.0,31.021,31.0,25.72,0.0,0.0,0.0,32510.0,16.0,32.0,31.0,1613357737.385,2021-02-15 02:55:37.384999990
21186229378,r2215649-n410412,0,214.258,90.634,60.726,6634.263,25875.737,16.0,68.395,70.939,214.539,90.817,60.862,6651.234,25858.766,16.0,68.391,70.943,253.01,95.0,65.0,6799.0,32510.0,16.0,71.0,74.0,1613435233.803,2021-02-16 00:27:13.802999973
21202234480,r9170217-n303509,0,38.728,3.026,0.873,1180.665,31329.335,16.0,42.29,38.521,65.565,31.472,10.39,1480.048,31029.952,16.0,48.754,45.342,137.03,58.0,20.0,1669.0,32510.0,16.0,54.0,52.0,1613067522.795,2021-02-11 18:18:42.795000076
21270529586,r7753495-n303509,0,40.962,5.647,1.722,1027.784,31482.216,16.0,35.617,33.592,91.951,53.136,16.878,2681.002,29828.998,16.0,49.773,48.348,155.75,65.0,22.0,2693.0,32510.0,16.0,54.0,54.0,1613127059.599,2021-02-12 10:50:59.598999977
21286709160,r7462820-n410412,1,194.748,78.892,52.917,6514.402,25995.598,16.0,65.655,68.506,193.859,78.772,52.914,6580.964,25929.036,16.0,64.87,67.653,260.67,100.0,64.0,6801.0,32510.0,16.0,72.0,75.0,1613575111.038,2021-02-17 15:18:31.038000107
21292581649,r810901-n303509,1,43.12,6.924,1.726,1039.178,31470.822,16.0,36.382,36.059,63.607,35.974,8.553,1535.801,30974.199,16.0,42.937,43.462,131.25,52.0,15.0,1539.0,32510.0,16.0,46.0,47.0,1613182312.233,2021-02-13 02:11:52.233000040
21337915351,r2215649-n303766,0,26.346,0.0,0.0,2.095,32507.905,16.0,40.0,38.0,26.346,0.0,0.0,2.095,32507.905,16.0,40.0,38.0,26.5,0.0,0.0,4.0,32510.0,16.0,40.0,38.0,1613954820.493,2021-02-22 00:47:00.493000031
21371212826,r9170217-n948219,0,190.895,79.031,53.048,6517.484,25992.516,16.0,66.12,70.811,189.975,78.46,52.722,6583.898,25926.102,16.0,66.737,71.484,247.35,94.0,63.0,6799.0,32510.0,16.0,70.0,76.0,1613582485.451,2021-02-17 17:21:25.450999975
21453141322,r8024255-n303766,0,33.356,0.096,0.006,717.557,31792.443,16.0,33.925,31.317,33.356,0.096,0.006,717.557,31792.443,16.0,33.925,31.317,39.15,25.0,1.0,1285.0,32510.0,16.0,35.0,32.0,1614720672.437,2021-03-02 21:31:12.437000036
21457898952,r492024-n410412,0,37.478,0.068,0.0,784.093,31725.907,16.0,39.017,37.44,40.182,0.047,0.0,1247.856,31262.144,16.0,36.459,34.642,49.12,25.0,1.0,1249.0,32510.0,16.0,44.0,43.0,1613863821.638,2021-02-20 23:30:21.638000011
21483605957,r1051355-n772143,0,42.787,22.774,3.653,28906.414,3603.586,16.0,35.54,33.842,43.801,22.266,3.553,31006.789,1503.211,16.0,37.657,36.218,97.98,35.0,6.0,31071.0,32510.0,16.0,39.0,38.0,1614721838.856,2021-03-02 21:50:38.855999947
21492435643,r2215649-n410412,0,34.519,0.286,0.015,813.89,31696.11,16.0,40.975,37.954,70.903,31.433,13.024,2614.865,29895.135,16.0,50.63,48.722,133.74,52.0,23.0,2631.0,32510.0,16.0,54.0,54.0,1613787619.067,2021-02-20 02:20:19.066999911
21496091933,r974863-n410412,0,26.299,0.0,0.0,3.114,32506.886,16.0,38.268,37.983,26.299,0.0,0.0,3.114,32506.886,16.0,38.268,37.983,26.56,0.0,0.0,4.0,32510.0,16.0,39.0,38.0,1613010949.003,2021-02-11 02:35:49.003000021
21508637270,r414303-n948219,0,29.943,0.003,0.0,0.003,32509.997,16.0,41.299,39.42,30.727,0.238,0.023,642.908,31867.092,16.0,33.867,31.435,191.73,96.0,76.0,1741.0,32510.0,16.0,58.0,57.0,1614018979.692,2021-02-22 18:36:19.691999912
21525236142,r2215649-n410412,0,36.347,0.353,0.019,1053.672,31456.328,16.0,41.411,38.354,66.313,30.181,10.805,2619.383,29890.617,16.0,49.1,46.952,133.38,65.0,20.0,2631.0,32510.0,16.0,56.0,54.0,1613735074.385,2021-02-19 11:44:34.384999990
21530974315,r9852763-n200569,0,27.111,0.0,0.0,0.0,32510.0,16.0,33.0,30.782,27.111,0.0,0.0,0.0,32510.0,16.0,33.0,30.782,27.22,0.0,0.0,0.0,32510.0,16.0,33.0,31.0,1614718322.463,2021-03-02 20:52:02.463000059
21550787961,r4506251-n303766,0,212.305,89.132,59.848,6642.34,25867.66,16.0,67.467,74.237,205.225,85.32,57.323,6668.872,25841.128,16.0,67.124,73.752,254.57,95.0,65.0,6807.0,32510.0,16.0,71.0,79.0,1613465023.86,2021-02-16 08:43:43.859999895
21580578436,r8024255-n410412,0,214.313,91.055,61.111,6651.158,25858.842,16.0,68.378,72.478,212.554,90.176,60.575,6667.993,25842.007,16.0,68.213,72.276,253.7,95.0,65.0,6807.0,32510.0,16.0,71.0,76.0,1613530750.109,2021-02-17 02:59:10.108999968
21605604538,r7141590-n303509,0,44.25,6.092,2.422,1365.359,31144.641,16.0,41.985,40.266,76.869,36.298,15.059,2577.585,29932.415,16.0,48.922,47.495,137.91,52.0,24.0,2629.0,32510.0,16.0,52.0,51.0,1613434009.588,2021-02-16 00:06:49.588000059
21637936672,r7462820-n303766,0,43.941,10.256,1.854,1089.455,31420.545,16.0,35.375,33.159,43.941,10.256,1.854,1089.455,31420.545,16.0,35.375,33.159,91.35,48.0,10.0,1159.0,32510.0,16.0,40.0,39.0,1613372691.745,2021-02-15 07:04:51.744999886
21698498748,r4506251-n303766,0,209.512,87.374,58.719,6601.262,25908.738,16.0,67.442,74.012,206.586,85.91,57.789,6635.686,25874.314,16.0,67.361,73.9,254.97,95.0,67.0,6807.0,32510.0,16.0,71.0,79.0,1613506158.553,2021-02-16 20:09:18.552999973
21730621891,r7269000-n303509,0,216.728,90.934,60.981,6651.41,25858.59,16.0,68.255,73.283,215.147,90.119,60.488,6670.872,25839.128,16.0,68.128,73.121,254.82,95.0,66.0,6807.0,32510.0,16.0,71.0,76.0,1613580887.868,2021-02-17 16:54:47.868000031
21759647028,r368967-n200569,0,30.036,0.034,0.0,410.887,32099.113,16.0,30.881,29.683,39.252,1.071,0.815,1518.196,30991.804,16.0,38.506,37.341,123.03,66.0,57.0,6837.0,32510.0,16.0,46.0,49.0,1614725289.915,2021-03-02 22:48:09.914999962
21774089201,r492024-n303766,0,208.199,87.701,58.934,6636.389,25873.611,16.0,68.616,73.429,208.184,87.848,59.048,6655.933,25854.067,16.0,68.599,73.418,250.38,95.0,64.0,6793.0,32510.0,16.0,71.0,77.0,1613433587.46,2021-02-15 23:59:47.460000038
21781901346,r7141590-n948219,0,214.127,88.828,59.383,6617.608,25892.392,16.0,68.439,73.492,214.36,89.053,59.559,6639.924,25870.076,16.0,68.41,73.491,262.19,95.0,65.0,6793.0,32510.0,16.0,71.0,77.0,1613439696.633,2021-02-16 01:41:36.632999897
21785017393,r9170217-n172107,1,42.8,27.244,4.192,30482.943,2027.057,16.0,33.957,31.918,41.738,22.9,3.445,31052.507,1457.493,16.0,34.014,31.906,66.01,100.0,6.0,31071.0,32510.0,16.0,35.0,34.0,1614735646.994,2021-03-03 01:40:46.993999958
21833742164,r8275852-n410412,0,37.092,0.463,0.017,1106.252,31403.748,16.0,37.258,38.273,59.565,31.368,7.984,1580.284,30929.716,16.0,41.792,42.844,123.34,52.0,16.0,1605.0,32510.0,16.0,44.0,46.0,1613324769.703,2021-02-14 17:46:09.703000069
21834542035,r7462820-n303766,0,207.369,88.936,59.637,6653.196,25856.804,16.0,67.74,73.055,205.94,88.337,59.273,6672.867,25837.133,16.0,67.733,73.031,250.68,95.0,68.0,6807.0,32510.0,16.0,73.0,79.0,1613650391.184,2021-02-18 12:13:11.184000015
21878502021,r5051220-n172107,0,40.642,23.117,0.93,30482.517,2027.483,16.0,36.985,33.027,40.637,22.283,0.838,31051.875,1458.125,16.0,37.282,33.398,55.96,100.0,6.0,31071.0,32510.0,16.0,38.0,35.0,1614743949.982,2021-03-03 03:59:09.982000113
21879720755,r492024-n410412,0,29.969,0.008,0.0,75.287,32434.713,16.0,32.234,31.111,159.27,83.595,28.435,27626.646,4883.354,16.0,63.561,64.836,274.5,100.0,46.0,31127.0,32510.0,16.0,72.0,74.0,1613688902.748,2021-02-18 22:55:02.747999907
21879720755,r492024-n410412,1,27.743,0.86,0.0,4978.768,27531.232,16.0,30.284,29.302,159.762,83.692,27.792,27723.311,4786.689,16.0,62.257,60.181,285.34,100.0,43.0,31127.0,32510.0,16.0,74.0,71.0,1613688902.756,2021-02-18 22:55:02.756000042
21939504450,r492024-n303766,0,206.928,87.37,58.718,6619.246,25890.754,16.0,68.56,73.411,204.706,86.321,58.021,6645.363,25864.637,16.0,68.378,73.166,250.69,95.0,64.0,6799.0,32510.0,16.0,72.0,77.0,1613436838.757,2021-02-16 00:53:58.756999969
21970831346,r7317916-n948219,0,164.102,69.161,46.446,6512.677,25997.323,16.0,64.38,70.584,160.611,66.732,44.835,6609.021,25900.979,16.0,65.235,71.418,240.75,100.0,63.0,6799.0,32510.0,16.0,71.0,79.0,1613481275.889,2021-02-16 13:14:35.888999939
22005247718,r7462820-n410412,0,190.314,76.168,51.083,6499.12,26010.88,16.0,67.465,72.87,189.628,75.927,50.947,6576.767,25933.233,16.0,67.57,72.973,253.92,94.0,64.0,6807.0,32510.0,16.0,72.0,79.0,1613578405.651,2021-02-17 16:13:25.651000023
22046211323,r8024255-n303766,0,27.327,0.014,0.0,14.501,32495.499,16.0,34.029,31.9,27.327,0.014,0.0,14.501,32495.499,16.0,34.029,31.9,37.66,9.0,1.0,457.0,32510.0,16.0,35.0,32.0,1614332633.361,2021-02-26 09:43:53.361000061
22054466120,r2684277-n948219,0,31.952,2.462,0.0,269.25,32240.75,16.0,36.385,35.0,31.952,2.462,0.0,269.25,32240.75,16.0,36.385,35.0,39.38,38.0,0.0,991.0,32510.0,16.0,37.0,35.0,1614067268.9,2021-02-23 08:01:08.900000095
22095739731,r216287-n772143,0,65.689,19.79,10.925,8812.146,23697.854,16.0,36.232,33.475,143.381,55.717,32.005,25220.48,7289.52,16.0,62.055,64.78,293.58,100.0,84.0,30765.0,32510.0,16.0,74.0,81.0,1614728043.164,2021-03-02 23:34:03.164000034
22095739731,r216287-n772143,1,68.31,24.352,11.26,9299.872,23210.128,16.0,35.267,34.306,140.121,68.496,32.107,27253.621,5256.379,16.0,57.799,58.079,289.0,100.0,80.0,31709.0,32510.0,16.0,73.0,75.0,1614728043.167,2021-03-02 23:34:03.167000055
22136128559,r9648383-n410412,0,26.409,0.0,0.0,0.0,32510.0,16.0,32.0,31.981,26.409,0.0,0.0,0.0,32510.0,16.0,32.0,31.981,26.51,0.0,0.0,0.0,32510.0,16.0,32.0,32.0,1614734527.447,2021-03-03 01:22:07.447000027
22136128559,r9648383-n410412,1,26.86,0.0,0.0,0.0,32510.0,16.0,32.0,29.0,26.86,0.0,0.0,0.0,32510.0,16.0,32.0,29.0,26.99,0.0,0.0,0.0,32510.0,16.0,32.0,29.0,1614734527.451,2021-03-03 01:22:07.450999975
22141363037,r9480604-n303766,0,27.396,0.0,0.0,0.0,32510.0,16.0,31.0,29.0,27.396,0.0,0.0,0.0,32510.0,16.0,31.0,29.0,27.54,0.0,0.0,0.0,32510.0,16.0,31.0,29.0,1613439108.402,2021-02-16 01:31:48.401999950
22148671855,r8972851-n303509,0,192.721,78.012,52.349,6527.247,25982.753,16.0,67.379,71.868,191.376,77.387,51.963,6583.458,25926.542,16.0,67.498,71.981,250.43,100.0,64.0,6807.0,32510.0,16.0,71.0,76.0,1613600274.51,2021-02-17 22:17:54.509999989
22175253853,r8972851-n303509,0,190.241,76.672,51.349,6516.061,25993.939,16.0,67.626,72.005,189.435,76.279,51.146,6590.441,25919.559,16.0,67.685,72.049,249.72,94.0,63.0,6807.0,32510.0,16.0,71.0,76.0,1613608481.205,2021-02-18 00:34:41.204999924
22191082302,r414303-n303509,0,27.173,0.0,0.0,0.0,32510.0,16.0,35.0,35.0,27.173,0.0,0.0,0.0,32510.0,16.0,35.0,35.0,27.31,0.0,0.0,0.0,32510.0,16.0,35.0,35.0,1613429326.831,2021-02-15 22:48:46.831000090
22191894545,r9170217-n303509,0,72.964,86.008,8.861,16658.411,15851.589,16.0,42.621,38.684,79.663,95.238,9.749,21248.508,11261.492,16.0,47.993,43.878,247.9,100.0,48.0,23257.0,32510.0,16.0,55.0,52.0,1613127120.374,2021-02-12 10:52:00.374000072
22191894545,r9170217-n303509,1,73.57,86.021,7.92,16691.577,15818.423,16.0,39.674,38.015,79.964,95.213,9.022,19775.814,12734.186,16.0,44.276,42.78,254.74,100.0,46.0,21169.0,32510.0,16.0,51.0,50.0,1613127120.379,2021-02-12 10:52:00.378999949
22227056498,r216287-n303509,0,67.48,20.978,6.28,688.194,31821.806,16.0,51.839,51.452,67.48,20.978,6.28,688.194,31821.806,16.0,51.839,51.452,137.79,67.0,23.0,1699.0,32510.0,16.0,53.0,54.0,1612825366.993,2021-02-08 23:02:46.993000031
22237414205,r9480604-n303766,1,38.464,0.043,0.0,1232.67,31277.33,16.0,35.921,34.435,48.825,10.431,1.489,2257.209,30252.791,16.0,37.205,35.714,250.98,85.0,25.0,4463.0,32510.0,16.0,46.0,44.0,1613796214.351,2021-02-20 04:43:34.351000071
22238543322,r8141575-n410412,1,138.461,52.884,14.182,8175.081,24334.919,16.0,56.923,55.524,143.765,54.127,14.51,8440.573,24069.427,16.0,64.177,64.018,277.8,100.0,32.0,8461.0,32510.0,16.0,70.0,70.0,1614620924.173,2021-03-01 17:48:44.173000097
22256973253,r2215649-n303766,0,26.219,0.0,0.0,2.286,32507.714,16.0,39.0,37.143,26.219,0.0,0.0,2.286,32507.714,16.0,39.0,37.143,26.42,0.0,0.0,4.0,32510.0,16.0,39.0,38.0,1613954840.409,2021-02-22 00:47:20.408999920
22279120407,r4683026-n172107,0,25.809,0.0,0.0,0.0,32510.0,16.0,29.154,29.937,25.939,0.0,0.0,0.0,32510.0,16.0,30.027,30.496,26.36,0.0,0.0,0.0,32510.0,16.0,32.0,32.0,1614714427.213,2021-03-02 19:47:07.213000059
22287509203,r810901-n303509,0,38.201,4.731,0.189,899.468,31610.532,16.0,38.96,38.184,60.899,39.321,6.045,1157.076,31352.924,16.0,42.916,42.606,99.33,49.0,8.0,1159.0,32444.0,16.0,45.0,45.0,1613181128.309,2021-02-13 01:52:08.309000015
22301987242,r8275852-n410412,0,28.927,0.0,0.0,0.0,32510.0,16.0,36.0,37.005,28.927,0.0,0.0,0.0,32510.0,16.0,36.0,37.005,29.16,0.0,0.0,0.0,32510.0,16.0,36.0,38.0,1613688183.162,2021-02-18 22:43:03.161999941
22368527038,r8024255-n410412,0,27.457,1.766,1.145,400.335,32109.665,16.0,32.349,30.209,27.457,1.766,1.145,400.335,32109.665,16.0,32.349,30.209,90.01,74.0,24.0,5071.0,32510.0,16.0,35.0,33.0,1613022075.188,2021-02-11 05:41:15.187999964
22368527038,r8024255-n410412,1,28.253,1.755,1.147,401.504,32108.496,16.0,30.455,30.068,28.253,1.755,1.147,401.504,32108.496,16.0,30.455,30.068,92.08,56.0,24.0,5071.0,32510.0,16.0,32.0,33.0,1613022075.191,2021-02-11 05:41:15.190999985
22441941936,r492024-n410412,0,28.149,0.0,0.0,0.0,32510.0,16.0,32.791,31.0,28.279,0.0,0.0,0.0,32510.0,16.0,33.146,31.546,29.14,0.0,0.0,0.0,32510.0,16.0,36.0,34.0,1614573984.831,2021-03-01 04:46:24.831000090
22546131896,r6727430-n303509,0,32.173,0.349,0.029,1328.848,31181.152,16.0,33.13,29.835,101.291,64.358,23.293,8952.873,23557.127,16.0,50.705,50.072,165.71,84.0,33.0,8966.0,32510.0,16.0,57.0,58.0,1613205246.116,2021-02-13 08:34:06.115999937
22561134499,r8024255-n410412,0,212.989,90.783,60.94,6644.3,25865.7,16.0,66.86,70.644,210.994,89.802,60.303,6645.797,25864.203,16.0,66.957,70.767,257.38,95.0,67.0,6799.0,32510.0,16.0,74.0,78.0,1613530400.664,2021-02-17 02:53:20.664000034
22569549363,r7419443-n948219,0,33.478,7.502,0.0,612.855,31897.145,16.0,31.059,29.184,39.445,13.85,0.0,1014.825,31495.175,16.0,34.112,32.512,45.14,45.0,1.0,1017.0,32510.0,16.0,39.0,38.0,1613687257.991,2021-02-18 22:27:37.990999937
22581422633,r7141590-n948219,0,216.311,90.076,60.233,6623.356,25886.644,16.0,68.428,73.619,216.66,90.309,60.413,6643.238,25866.762,16.0,68.406,73.618,263.67,96.0,65.0,6801.0,32510.0,16.0,72.0,77.0,1613434076.781,2021-02-16 00:07:56.780999899
22585375457,r7462820-n410412,0,205.437,85.504,57.441,6633.006,25876.994,16.0,68.024,74.009,200.845,83.052,55.808,6658.991,25851.009,16.0,67.885,73.721,252.34,94.0,65.0,6807.0,32510.0,16.0,70.0,77.0,1613586186.912,2021-02-17 18:23:06.911999941
22617329691,r7269000-n303509,0,30.289,0.066,0.001,25.548,32484.452,16.0,33.031,30.144,44.837,6.49,2.598,2950.095,29559.905,16.0,36.304,33.629,256.74,100.0,63.0,17919.0,32510.0,16.0,56.0,55.0,1612886091.58,2021-02-09 15:54:51.579999924
22618796460,r7462820-n303766,0,211.107,90.215,60.506,6643.279,25866.721,16.0,68.741,74.068,209.726,89.472,60.03,6648.33,25861.67,16.0,68.646,73.905,247.1,95.0,66.0,6793.0,32510.0,16.0,72.0,78.0,1613652162.453,2021-02-18 12:42:42.453000069
22662581744,r9480604-n410412,0,27.298,0.0,0.0,0.216,32509.784,16.0,38.0,36.027,27.298,0.0,0.0,0.216,32509.784,16.0,38.0,36.027,27.6,0.0,0.0,4.0,32510.0,16.0,38.0,37.0,1613786345.888,2021-02-20 01:59:05.888000011
22713382567,r4683026-n948219,0,133.988,55.085,37.73,1892.446,30617.554,16.0,53.035,58.079,219.996,98.436,67.997,3320.169,29189.831,16.0,68.429,77.857,238.28,99.0,72.0,5675.0,32510.0,16.0,75.0,85.0,1614341892.187,2021-02-26 12:18:12.187000036
22729539516,r7462820-n303766,0,210.25,89.571,60.069,6641.219,25868.781,16.0,68.634,73.978,209.211,89.01,59.74,6661.597,25848.403,16.0,68.535,73.827,249.62,95.0,66.0,6793.0,32510.0,16.0,73.0,78.0,1613653559.445,2021-02-18 13:05:59.444999933
22735450142,r2684277-n948219,1,203.195,88.773,62.037,4519.872,27990.128,16.0,55.927,62.296,215.743,93.427,65.756,4790.089,27719.911,16.0,60.149,67.379,240.16,97.0,71.0,4795.0,32510.0,16.0,64.0,72.0,1614007404.929,2021-02-22 15:23:24.928999901
22758079627,r8972851-n172107,0,63.133,27.793,12.51,30450.783,2059.217,16.0,40.465,40.321,61.15,26.082,11.65,31054.797,1455.203,16.0,41.681,41.466,134.84,100.0,22.0,31071.0,32510.0,16.0,44.0,45.0,1614737356.364,2021-03-03 02:09:16.364000082
22759113315,r4506251-n303766,0,211.643,88.336,59.391,6645.819,25864.181,16.0,67.526,74.354,210.068,87.609,58.949,6667.607,25842.393,16.0,67.522,74.366,256.23,95.0,64.0,6807.0,32510.0,16.0,71.0,78.0,1613468107.892,2021-02-16 09:35:07.891999960
22779463109,r2215649-n410412,0,27.638,0.0,0.0,0.0,32510.0,16.0,40.0,37.0,27.638,0.0,0.0,0.0,32510.0,16.0,40.0,37.0,27.77,0.0,0.0,0.0,32510.0,16.0,40.0,37.0,1613500766.928,2021-02-16 18:39:26.927999973
22812963814,r2684277-n948219,0,35.258,3.115,2.076,2577.362,29932.638,16.0,30.441,29.09,35.258,3.115,2.076,2577.362,29932.638,16.0,30.441,29.09,192.5,100.0,77.0,27707.0,32510.0,16.0,36.0,39.0,1613257457.598,2021-02-13 23:04:17.598000050
22949384866,r8141575-n303766,0,26.29,0.0,0.0,0.0,32510.0,16.0,32.874,32.729,26.29,0.0,0.0,0.0,32510.0,16.0,32.874,32.729,26.4,0.0,0.0,0.0,32510.0,16.0,33.0,33.0,1614758538.286,2021-03-03 08:02:18.286000013
22949384866,r8141575-n303766,1,25.447,0.0,0.0,0.0,32510.0,16.0,30.0,29.0,25.447,0.0,0.0,0.0,32510.0,16.0,30.0,29.0,25.62,0.0,0.0,0.0,32510.0,16.0,30.0,29.0,1614758538.289,2021-03-03 08:02:18.289000034
22962530395,r810901-n303509,0,62.248,17.743,14.258,2580.689,29929.311,16.0,44.386,45.536,90.294,36.186,29.178,6981.869,25528.131,16.0,48.466,50.922,177.91,65.0,53.0,7213.0,32510.0,16.0,57.0,61.0,1613049982.233,2021-02-11 13:26:22.233000040
22974822120,r9988778-n303766,0,49.315,24.015,5.938,30626.269,1883.731,16.0,43.033,42.643,46.993,21.354,5.173,31059.872,1450.128,16.0,38.46,37.977,121.03,41.0,10.0,31071.0,32510.0,16.0,56.0,57.0,1613413886.212,2021-02-15 18:31:26.211999893
22975536590,r4605940-n303509,0,43.711,4.219,2.234,26583.37,5926.63,16.0,34.587,32.533,43.301,3.445,2.065,29977.859,2532.141,16.0,34.308,32.25,215.48,100.0,73.0,31021.0,32510.0,16.0,40.0,42.0,1612820464.905,2021-02-08 21:41:04.904999971
23043528742,r414303-n948219,0,33.047,0.295,0.012,878.52,31631.48,16.0,34.175,31.677,65.631,37.22,10.857,1544.228,30965.772,16.0,42.581,40.524,109.77,51.0,17.0,1605.0,32510.0,16.0,45.0,43.0,1614081029.872,2021-02-23 11:50:29.871999979
23044743590,r4683026-n303509,0,28.256,0.0,0.0,0.0,32510.0,16.0,32.0,29.997,28.256,0.0,0.0,0.0,32510.0,16.0,32.0,29.997,28.47,0.0,0.0,0.0,32510.0,16.0,32.0,30.0,1613057085.789,2021-02-11 15:24:45.789000034
23062391063,r6727430-n303509,0,27.097,0.0,0.0,3.01,32506.99,16.0,36.006,33.268,27.097,0.0,0.0,3.01,32506.99,16.0,36.006,33.268,27.36,0.0,0.0,4.0,32510.0,16.0,37.0,34.0,1613012978.043,2021-02-11 03:09:38.042999983
23108736470,r6727430-n303509,1,24.481,0.0,0.0,0.0,32510.0,16.0,29.0,28.957,24.481,0.0,0.0,0.0,32510.0,16.0,29.0,28.957,24.58,0.0,0.0,0.0,32510.0,16.0,29.0,29.0,1612974925.551,2021-02-10 16:35:25.551000118
23125008107,r9648383-n410412,1,45.312,40.911,2.068,2803.352,29706.648,16.0,38.471,35.39,79.566,88.041,11.739,11183.606,21326.394,16.0,49.461,46.952,146.0,100.0,55.0,11496.0,32510.0,16.0,58.0,58.0,1614162614.716,2021-02-24 10:30:14.716000080
23192451953,r216287-n303509,1,28.033,0.0,0.0,3.07,32506.93,16.0,39.0,37.023,28.033,0.0,0.0,3.07,32506.93,16.0,39.0,37.023,28.33,0.0,0.0,4.0,32510.0,16.0,39.0,38.0,1612829818.024,2021-02-09 00:16:58.023999929
23202874310,r8024255-n410412,0,184.34,74.081,49.735,6439.352,26070.648,16.0,67.247,70.615,185.276,74.653,50.147,6535.541,25974.459,16.0,67.62,71.101,253.45,94.0,63.0,6793.0,32510.0,16.0,72.0,76.0,1613528304.377,2021-02-17 02:18:24.377000093
23211391888,r8972851-n303509,0,198.783,81.41,54.633,6560.299,25949.701,16.0,68.024,72.776,197.229,80.791,54.273,6609.985,25900.015,16.0,67.962,72.7,251.33,95.0,64.0,6799.0,32510.0,16.0,72.0,77.0,1613603185.455,2021-02-17 23:06:25.454999924
23261747417,r44132-n303766,0,208.685,88.48,59.345,6622.553,25887.447,16.0,65.938,72.383,206.885,87.511,58.754,6650.03,25859.97,16.0,66.244,72.74,252.5,95.0,64.0,6801.0,32510.0,16.0,74.0,81.0,1613470107.932,2021-02-16 10:08:27.931999922
23294812599,r4506251-n303766,0,150.439,54.766,36.747,6649.602,25860.398,16.0,61.723,66.084,153.498,55.492,37.268,6720.821,25789.179,16.0,64.438,69.168,259.02,95.0,66.0,6807.0,32510.0,16.0,72.0,80.0,1613502621.491,2021-02-16 19:10:21.490999937
23306259259,r974863-n303766,0,30.018,6.042,0.015,295.754,32214.246,16.0,34.668,32.421,65.23,35.69,10.215,1512.249,30997.751,16.0,45.62,43.522,113.04,51.0,16.0,1671.0,32510.0,16.0,51.0,50.0,1613849297.607,2021-02-20 19:28:17.607000113
23340757772,r9170217-n303509,0,210.6,88.204,59.166,6621.026,25888.974,16.0,68.485,70.08,210.341,88.27,59.206,6643.753,25866.247,16.0,68.431,70.026,254.87,94.0,64.0,6799.0,32510.0,16.0,72.0,74.0,1613439079.437,2021-02-16 01:31:19.437000036
23355759569,r8972851-n303509,0,37.714,0.423,0.002,777.82,31732.18,16.0,36.659,36.38,54.836,28.92,4.505,1090.101,31419.899,16.0,40.737,40.691,98.95,46.0,8.0,1093.0,32510.0,16.0,43.0,43.0,1613179736.367,2021-02-13 01:28:56.367000103
23375628749,r2684277-n303509,0,27.015,0.0,0.0,0.0,32510.0,16.0,31.996,31.996,27.015,0.0,0.0,0.0,32510.0,16.0,31.996,31.996,27.22,0.0,0.0,0.0,32510.0,16.0,32.0,32.0,1612788541.814,2021-02-08 12:49:01.813999891
23386102000,r7141590-n303509,0,26.826,0.0,0.0,0.0,32510.0,16.0,39.0,38.0,26.826,0.0,0.0,0.0,32510.0,16.0,39.0,38.0,26.95,0.0,0.0,0.0,32510.0,16.0,39.0,38.0,1613144737.024,2021-02-12 15:45:37.023999929
23400397450,r7317916-n948219,1,209.318,89.11,59.897,6641.392,25868.608,16.0,62.365,67.415,208.147,88.424,59.488,6663.112,25846.888,16.0,62.661,67.803,257.35,95.0,65.0,6807.0,32510.0,16.0,71.0,78.0,1613477104.576,2021-02-16 12:05:04.575999975
23413677134,r2215649-n303766,0,41.024,13.207,0.588,1107.678,31402.322,16.0,36.109,33.171,41.024,13.207,0.588,1107.678,31402.322,16.0,36.109,33.171,44.99,25.0,1.0,1149.0,32510.0,16.0,37.0,34.0,1614375804.738,2021-02-26 21:43:24.737999916
23427415767,r492024-n410412,0,28.078,0.0,0.0,0.0,32510.0,16.0,32.0,30.983,28.165,0.0,0.0,0.0,32510.0,16.0,32.912,31.005,28.66,0.0,0.0,0.0,32510.0,16.0,33.0,32.0,1614557793.339,2021-03-01 00:16:33.338999987
23429485705,r9170217-n948219,0,30.738,8.19,0.402,177.824,32332.176,16.0,32.36,31.146,51.427,69.952,3.263,1151.865,31358.135,16.0,38.576,36.675,69.14,99.0,5.0,1591.0,32510.0,16.0,41.0,39.0,1613464436.368,2021-02-16 08:33:56.368000031
23476400489,r7141590-n172107,1,41.597,24.368,3.777,29142.159,3367.841,16.0,32.908,32.248,42.132,24.652,3.754,31006.808,1503.192,16.0,33.685,33.17,61.42,35.0,5.0,31071.0,32510.0,16.0,35.0,35.0,1614715744.752,2021-03-02 20:09:04.752000093
23526390651,r7462820-n410412,0,195.556,79.375,53.216,6518.056,25991.944,16.0,68.116,73.686,193.098,78.295,52.537,6586.475,25923.525,16.0,67.896,73.424,254.0,94.0,64.0,6807.0,32510.0,16.0,72.0,78.0,1613575948.998,2021-02-17 15:32:28.997999907
23573286544,r4683026-n948219,0,119.133,47.13,32.035,1685.125,30824.875,16.0,51.917,56.22,206.145,91.071,62.494,3242.781,29267.219,16.0,67.651,76.517,236.89,97.0,68.0,7145.0,32510.0,16.0,75.0,84.0,1614617211.55,2021-03-01 16:46:51.549999952
23578924890,r5179276-n948219,0,208.063,90.001,60.29,6651.626,25858.374,16.0,68.499,75.619,206.128,89.023,59.708,6672.371,25837.629,16.0,68.326,75.41,244.19,95.0,69.0,6807.0,32510.0,16.0,70.0,78.0,1613582409.968,2021-02-17 17:20:09.967999935
23579323029,r7141590-n948219,0,214.609,89.046,59.497,6617.075,25892.925,16.0,68.423,73.525,214.78,89.246,59.661,6640.865,25869.135,16.0,68.404,73.534,262.64,99.0,65.0,6793.0,32510.0,16.0,71.0,76.0,1613440755.625,2021-02-16 01:59:15.625000000
23589993177,r9659953-n172107,0,44.86,23.482,0.923,30589.813,1920.187,16.0,36.122,36.0,44.468,21.347,0.818,31053.189,1456.811,16.0,36.001,35.719,60.02,100.0,6.0,31071.0,32510.0,16.0,37.0,37.0,1614751310.48,2021-03-03 06:01:50.480000019
23604566303,r9988778-n303766,1,43.92,23.678,1.761,30517.459,1992.541,16.0,35.317,32.333,43.601,21.259,1.513,31054.548,1455.452,16.0,35.763,32.752,75.35,100.0,6.0,31071.0,32510.0,16.0,36.0,34.0,1613424221.371,2021-02-15 21:23:41.371000051
23611751578,r6727430-n303509,0,208.339,89.328,60.053,6642.869,25867.131,16.0,68.089,73.109,208.425,89.542,60.209,6659.425,25850.575,16.0,68.085,73.14,246.8,95.0,65.0,6799.0,32510.0,16.0,71.0,76.0,1613438089.556,2021-02-16 01:14:49.555999994
23614932097,r7141590-n948219,0,211.593,87.689,58.665,6624.499,25885.501,16.0,67.977,73.083,206.054,84.831,56.806,6655.907,25854.093,16.0,67.718,72.624,263.69,95.0,68.0,6807.0,32510.0,16.0,71.0,77.0,1613447036.643,2021-02-16 03:43:56.642999887
23660940443,r7753495-n303509,0,33.75,1.73,0.284,390.417,32119.583,16.0,33.963,32.221,47.393,13.793,2.9,1002.754,31507.246,16.0,36.874,34.967,109.85,45.0,12.0,1027.0,32510.0,16.0,50.0,48.0,1613537907.795,2021-02-17 04:58:27.795000076
23703478217,r9648383-n303766,0,43.954,6.859,1.528,1035.081,31474.919,16.0,37.505,35.34,63.002,31.578,7.162,1088.317,31421.683,16.0,41.959,39.419,106.16,46.0,12.0,1093.0,32510.0,16.0,44.0,42.0,1613849910.304,2021-02-20 19:38:30.303999901
23715493176,r4506251-n303766,0,28.775,0.0,0.0,0.654,32509.346,16.0,35.0,35.499,28.775,0.0,0.0,0.654,32509.346,16.0,35.0,35.499,29.03,0.0,0.0,4.0,32510.0,16.0,35.0,36.0,1613391240.725,2021-02-15 12:14:00.724999905
23728277580,r414303-n948219,1,196.085,88.664,59.028,2700.812,29809.188,16.0,57.085,59.516,210.06,95.366,63.933,2882.868,29627.132,16.0,62.95,65.969,252.78,99.0,67.0,4309.0,32510.0,16.0,65.0,68.0,1613948960.427,2021-02-21 23:09:20.427000046
23730570058,r974863-n410412,0,26.023,0.0,0.0,2.986,32507.014,16.0,37.0,36.309,26.023,0.0,0.0,2.986,32507.014,16.0,37.0,36.309,26.38,0.0,0.0,4.0,32510.0,16.0,37.0,37.0,1613011872.022,2021-02-11 02:51:12.022000074
23734230281,r7462820-n410412,0,206.282,86.013,57.698,6636.551,25873.449,16.0,67.765,73.9,204.489,85.152,57.184,6666.218,25843.782,16.0,67.675,73.757,253.07,94.0,64.0,6807.0,32510.0,16.0,70.0,77.0,1613585052.925,2021-02-17 18:04:12.924999952
23796088112,r2684277-n948219,0,47.701,17.427,2.942,30606.899,1903.101,16.0,41.836,39.999,46.154,14.218,2.36,31000.492,1509.508,16.0,40.179,38.325,60.82,100.0,11.0,31071.0,32510.0,16.0,43.0,42.0,1614082330.636,2021-02-23 12:12:10.635999918
23809733670,r8972851-n303509,0,199.308,82.073,55.074,6579.6,25930.4,16.0,67.946,72.544,198.301,81.619,54.821,6625.329,25884.671,16.0,67.913,72.504,248.93,94.0,64.0,6807.0,32510.0,16.0,71.0,76.0,1613611396.362,2021-02-18 01:23:16.361999989
23812844465,r8275852-n303766,0,25.768,0.0,0.0,0.0,32510.0,16.0,31.0,30.0,25.769,0.0,0.0,0.0,32510.0,16.0,31.0,30.0,25.89,0.0,0.0,0.0,32510.0,16.0,31.0,30.0,1613169437.243,2021-02-12 22:37:17.243000031
23812844465,r8275852-n303766,1,27.388,0.0,0.0,0.0,32510.0,16.0,31.0,27.88,27.391,0.0,0.0,0.0,32510.0,16.0,31.0,27.901,27.59,0.0,0.0,0.0,32510.0,16.0,31.0,28.0,1613169437.25,2021-02-12 22:37:17.250000000
23826543573,r8141575-n303766,0,33.362,0.324,0.016,540.228,31969.772,16.0,35.467,35.177,75.221,44.847,10.9,1534.728,30975.272,16.0,46.917,46.829,127.05,65.0,16.0,1605.0,32510.0,16.0,49.0,50.0,1614033560.905,2021-02-22 22:39:20.904999971
23836482265,r1051355-n200569,0,26.05,0.0,0.0,0.0,32510.0,16.0,28.536,27.0,26.05,0.0,0.0,0.0,32510.0,16.0,28.536,27.0,26.15,0.0,0.0,0.0,32510.0,16.0,29.0,27.0,1614718322.477,2021-03-02 20:52:02.476999998
23841459356,r7419443-n948219,0,27.137,0.0,0.0,0.0,32510.0,16.0,31.0,29.047,27.137,0.0,0.0,0.0,32510.0,16.0,31.0,29.047,27.31,0.0,0.0,0.0,32510.0,16.0,31.0,30.0,1613643824.331,2021-02-18 10:23:44.331000090
23885817268,r9852763-n172107,0,48.133,29.749,7.483,30376.151,2133.849,16.0,36.952,37.628,46.096,27.328,6.868,31052.161,1457.839,16.0,37.235,37.864,90.83,100.0,11.0,31071.0,32510.0,16.0,39.0,40.0,1614725989.015,2021-03-02 22:59:49.015000105
23921389584,r7141590-n303509,0,38.094,2.219,0.609,1096.693,31413.307,16.0,40.802,39.233,92.508,51.964,15.933,2682.175,29827.825,16.0,52.212,50.409,159.15,66.0,22.0,2693.0,32510.0,16.0,55.0,54.0,1613153212.237,2021-02-12 18:06:52.236999989
23945893278,r4144777-n303509,0,57.076,12.409,7.493,27840.992,4669.008,16.0,40.198,37.894,48.375,6.255,3.809,29645.636,2864.364,16.0,39.002,36.439,229.0,100.0,76.0,31021.0,32510.0,16.0,46.0,49.0,1612838327.938,2021-02-09 02:38:47.937999964
23961486799,r7317916-n948219,0,185.767,79.757,53.606,6543.626,25966.374,16.0,67.572,74.883,184.208,78.96,53.093,6601.85,25908.15,16.0,67.638,74.908,243.03,94.0,63.0,6807.0,32510.0,16.0,73.0,82.0,1613480399.756,2021-02-16 12:59:59.756000042
23987772661,r2684277-n303509,0,27.083,0.0,0.0,0.0,32510.0,16.0,32.0,32.0,27.083,0.0,0.0,0.0,32510.0,16.0,32.0,32.0,27.15,0.0,0.0,0.0,32510.0,16.0,32.0,32.0,1612542416.286,2021-02-05 16:26:56.286000013
23991063027,r414303-n948219,0,27.447,1.107,0.06,2632.245,29877.755,16.0,32.092,30.052,37.729,15.047,0.79,27231.215,5278.785,16.0,35.089,32.553,40.73,22.0,1.0,30709.0,32510.0,16.0,36.0,34.0,1614338473.424,2021-02-26 11:21:13.424000025
24016739990,r1039410-n303509,0,35.506,0.408,0.001,722.309,31787.691,16.0,40.335,38.214,48.908,24.674,3.783,1076.673,31433.327,16.0,42.9,41.039,92.91,43.0,8.0,1093.0,32510.0,16.0,45.0,43.0,1613334611.871,2021-02-14 20:30:11.871000051
24045589591,r7141590-n172107,1,58.171,28.869,11.854,30247.996,2262.004,16.0,36.16,36.076,57.11,27.349,11.314,31047.623,1462.377,16.0,37.877,37.659,114.74,100.0,20.0,31071.0,32510.0,16.0,41.0,42.0,1614724805.763,2021-03-02 22:40:05.763000011
24089752183,r4506251-n410412,1,25.856,0.0,0.0,0.0,32510.0,16.0,31.92,28.942,25.856,0.0,0.0,0.0,32510.0,16.0,31.92,28.942,26.11,0.0,0.0,0.0,32510.0,16.0,32.0,29.0,1613395284.578,2021-02-15 13:21:24.578000069
24152679179,r9648383-n303766,0,160.054,73.221,36.258,11000.045,21509.955,16.0,65.049,65.315,174.853,83.886,41.805,19481.884,13028.116,16.0,68.586,69.59,232.29,100.0,57.0,19529.0,32510.0,16.0,73.0,74.0,1614104215.614,2021-02-23 18:16:55.614000082
24153151603,r8972851-n303509,0,190.286,78.091,52.336,6529.871,25980.129,16.0,64.815,69.13,187.02,76.109,51.057,6599.68,25910.32,16.0,65.607,69.882,250.7,94.0,64.0,6799.0,32510.0,16.0,73.0,78.0,1613612493.974,2021-02-18 01:41:33.973999977
24171563076,r5179276-n948219,0,207.873,90.01,60.402,6636.232,25873.768,16.0,68.367,75.352,205.7,88.877,59.67,6627.395,25882.605,16.0,68.286,75.164,245.59,95.0,68.0,6793.0,32510.0,16.0,71.0,79.0,1613587900.224,2021-02-17 18:51:40.223999977
24173530933,r7462820-n303766,1,204.862,90.8,61.038,6655.226,25854.774,16.0,60.476,65.163,204.101,90.002,60.538,6674.018,25835.982,16.0,61.31,65.952,247.56,95.0,67.0,6807.0,32510.0,16.0,69.0,74.0,1613652232.843,2021-02-18 12:43:52.842999935
24176917292,r9170217-n948219,0,190.203,81.172,54.659,6366.169,26143.831,16.0,61.11,65.206,187.553,79.592,53.66,6468.81,26041.19,16.0,62.24,66.479,249.76,95.0,65.0,6807.0,32510.0,16.0,73.0,79.0,1613457848.447,2021-02-16 06:44:08.447000027
24177367204,r9515777-n410412,0,24.594,0.0,0.0,0.0,32510.0,16.0,33.0,31.0,24.702,0.0,0.0,0.0,32510.0,16.0,34.143,31.771,25.28,0.0,0.0,0.0,32510.0,16.0,37.0,35.0,1614546235.954,2021-02-28 21:03:55.953999996
24183770045,r204106-n200569,0,37.628,0.031,0.0,1010.923,31499.077,16.0,33.957,31.912,37.93,0.003,0.0,1037.088,31472.912,16.0,34.611,32.335,38.37,17.0,1.0,1039.0,32510.0,16.0,35.0,33.0,1614719074.538,2021-03-02 21:04:34.538000107
24202033952,r7462820-n303766,1,203.621,90.776,60.859,6637.144,25872.856,16.0,60.052,64.784,201.989,89.582,60.134,6656.372,25853.628,16.0,60.884,65.546,243.64,95.0,67.0,6799.0,32510.0,16.0,69.0,74.0,1613651525.448,2021-02-18 12:32:05.447999954
24224414241,r9852763-n200569,0,38.113,0.205,0.003,902.456,31607.544,16.0,34.842,31.933,38.113,0.205,0.003,902.456,31607.544,16.0,34.842,31.933,40.93,21.0,1.0,1039.0,32510.0,16.0,35.0,33.0,1614718743.974,2021-03-02 20:59:03.973999977
24250182563,r8275852-n303766,0,33.408,0.418,0.063,654.102,31855.898,16.0,38.412,36.992,37.864,0.258,0.043,1403.9,31106.1,16.0,37.925,36.184,72.84,60.0,10.0,1407.0,32510.0,16.0,43.0,41.0,1613581342.799,2021-02-17 17:02:22.799000025
24251224664,r7269000-n948219,1,192.844,78.359,52.564,6518.444,25991.556,16.0,62.975,67.1,191.207,77.626,52.132,6585.221,25924.779,16.0,63.623,67.66,254.71,93.0,63.0,6793.0,32510.0,16.0,72.0,76.0,1613444946.573,2021-02-16 03:09:06.572999954
24286353527,r8024255-n303766,0,37.728,0.047,0.007,1415.555,31094.445,16.0,35.091,32.431,38.032,0.012,0.007,1573.521,30936.479,16.0,35.746,32.969,78.05,31.0,3.0,1577.0,32510.0,16.0,36.0,34.0,1614723059.054,2021-03-02 22:10:59.053999901
24377361441,r9515777-n410412,0,62.4,42.528,7.121,913.789,31596.211,16.0,38.993,35.623,62.4,42.528,7.121,913.789,31596.211,16.0,38.993,35.623,142.0,100.0,38.0,3761.0,32510.0,16.0,49.0,45.0,1614504614.275,2021-02-28 09:30:14.275000095
24382036461,r8024255-n410412,1,25.465,0.0,0.0,0.0,32510.0,16.0,30.88,29.986,25.465,0.0,0.0,0.0,32510.0,16.0,30.88,29.986,25.57,0.0,0.0,0.0,32510.0,16.0,31.0,30.0,1614734934.187,2021-03-03 01:28:54.187000036
24407437942,r9988778-n303766,1,150.883,59.648,40.885,2036.892,30473.108,16.0,51.435,54.051,220.534,94.074,65.057,3188.382,29321.618,16.0,60.942,67.126,253.35,99.0,70.0,7145.0,32510.0,16.0,73.0,80.0,1613408731.643,2021-02-15 17:05:31.642999887
24417693069,r44132-n303766,0,205.578,85.936,57.672,6621.935,25888.065,16.0,67.626,74.458,204.827,85.622,57.524,6649.768,25860.232,16.0,67.651,74.484,251.54,94.0,64.0,6799.0,32510.0,16.0,72.0,80.0,1613469014.302,2021-02-16 09:50:14.302000046
24425875217,r7141590-n303509,0,184.243,72.29,48.166,6486.363,26023.637,16.0,67.253,68.458,185.587,72.492,48.333,6559.627,25950.373,16.0,67.458,68.693,269.17,94.0,64.0,6799.0,32510.0,16.0,73.0,75.0,1613484954.663,2021-02-16 14:15:54.663000107
24430576150,r8141575-n303766,0,26.748,0.296,0.048,227.857,32282.143,16.0,32.052,32.043,26.748,0.296,0.048,227.857,32282.143,16.0,32.052,32.043,64.13,79.0,23.0,7733.0,32510.0,16.0,34.0,35.0,1614251757.265,2021-02-25 11:15:57.265000105
24430576150,r8141575-n303766,1,26.342,0.284,0.038,279.484,32230.516,16.0,30.084,28.04,26.342,0.284,0.038,279.484,32230.516,16.0,30.084,28.04,102.18,74.0,13.0,7783.0,32510.0,16.0,32.0,33.0,1614251757.274,2021-02-25 11:15:57.273999929
24459653541,r2684277-n948219,0,27.254,0.0,0.0,3.837,32506.163,16.0,36.0,35.0,27.206,0.0,0.0,3.995,32506.005,16.0,36.0,34.924,27.67,0.0,0.0,4.0,32510.0,16.0,36.0,35.0,1614048548.26,2021-02-23 02:49:08.259999990
24497741444,r204106-n200569,0,37.037,0.194,0.002,910.721,31599.279,16.0,33.906,31.828,37.037,0.194,0.002,910.721,31599.279,16.0,33.906,31.828,38.49,21.0,1.0,1039.0,32510.0,16.0,34.0,32.0,1614718754.419,2021-03-02 20:59:14.418999910
24613871280,r1039410-n303509,0,38.656,3.878,1.138,1157.58,31352.42,16.0,40.033,37.787,78.785,42.464,13.294,2522.13,29987.87,16.0,48.352,47.305,141.65,68.0,23.0,2693.0,32510.0,16.0,52.0,52.0,1613065616.786,2021-02-11 17:46:56.786000013
24625976766,r3974592-n303509,1,24.824,0.0,0.0,3.664,32506.336,16.0,28.0,27.0,24.824,0.0,0.0,3.664,32506.336,16.0,28.0,27.0,25.13,0.0,0.0,4.0,32510.0,16.0,28.0,27.0,1613287604.865,2021-02-14 07:26:44.865000010
24627951701,r7753495-n303509,0,25.445,0.0,0.0,3.798,32506.202,16.0,36.0,35.0,25.445,0.0,0.0,3.798,32506.202,16.0,36.0,35.0,25.7,0.0,0.0,4.0,32510.0,16.0,36.0,35.0,1613683810.908,2021-02-18 21:30:10.907999992
24794547604,r1900814-n172107,1,45.616,24.697,4.012,30194.324,2315.676,16.0,35.78,33.59,45.009,22.357,3.628,31044.325,1465.675,16.0,36.447,34.248,96.21,100.0,6.0,31071.0,32510.0,16.0,39.0,37.0,1614724865.808,2021-03-02 22:41:05.808000088
24801045674,r3974592-n303509,1,24.839,0.0,0.0,3.924,32506.076,16.0,28.0,27.0,24.839,0.0,0.0,3.924,32506.076,16.0,28.0,27.0,25.13,0.0,0.0,4.0,32510.0,16.0,28.0,27.0,1613290000.326,2021-02-14 08:06:40.325999975
24891011704,r8141575-n303766,1,25.334,0.0,0.0,0.0,32510.0,16.0,30.0,28.0,25.334,0.0,0.0,0.0,32510.0,16.0,30.0,28.0,25.53,0.0,0.0,0.0,32510.0,16.0,30.0,28.0,1614047654.005,2021-02-23 02:34:14.005000114
24905655898,r6727430-n303509,0,26.662,0.0,0.0,0.427,32509.573,16.0,33.0,30.0,26.662,0.0,0.0,0.427,32509.573,16.0,33.0,30.0,26.79,0.0,0.0,4.0,32510.0,16.0,33.0,30.0,1614711780.478,2021-03-02 19:03:00.477999926
24905655898,r6727430-n303509,1,24.506,0.0,0.0,0.373,32509.627,16.0,29.0,29.0,24.506,0.0,0.0,0.373,32509.627,16.0,29.0,29.0,24.58,0.0,0.0,4.0,32510.0,16.0,29.0,29.0,1614711780.481,2021-03-02 19:03:00.480999947
24951622081,r9170217-n303509,0,209.758,87.97,58.934,6628.515,25881.485,16.0,68.605,70.253,209.513,87.816,58.851,6653.999,25856.001,16.0,68.502,70.137,255.19,94.0,64.0,6807.0,32510.0,16.0,72.0,74.0,1613437241.762,2021-02-16 01:00:41.762000084
24954527420,r6727430-n948219,0,196.969,82.03,55.164,6540.904,25969.096,16.0,66.652,71.322,195.597,81.371,54.76,6580.836,25929.164,16.0,67.146,71.904,248.58,94.0,65.0,6799.0,32510.0,16.0,71.0,76.0,1613653327.06,2021-02-18 13:02:07.059999943
24956431912,r8972851-n303509,0,37.728,0.639,0.098,511.898,31998.102,16.0,36.933,36.713,65.923,33.163,8.046,1087.84,31422.16,16.0,44.013,44.413,115.94,48.0,13.0,1093.0,32510.0,16.0,46.0,47.0,1613140404.56,2021-02-12 14:33:24.559999943
25055763389,r4506251-n303766,0,180.344,70.949,47.593,6637.226,25872.774,16.0,65.532,70.89,183.925,72.936,48.997,6683.218,25826.782,16.0,65.963,71.537,257.76,95.0,65.0,6799.0,32510.0,16.0,73.0,81.0,1613505078.62,2021-02-16 19:51:18.619999886
25095911747,r4506251-n303766,0,42.166,1.507,0.0,594.406,31915.594,16.0,52.536,55.406,42.166,1.507,0.0,594.406,31915.594,16.0,52.536,55.406,47.19,9.0,0.0,1077.0,32510.0,16.0,53.0,57.0,1614722950.01,2021-03-02 22:09:10.009999990
25165769984,r414303-n200569,0,25.401,0.0,0.0,3.996,32506.004,16.0,29.876,29.642,25.347,0.0,0.0,4.0,32506.0,16.0,29.634,29.37,25.73,0.0,0.0,4.0,32510.0,16.0,30.0,31.0,1614716120.607,2021-03-02 20:15:20.607000113
25165769984,r414303-n200569,1,24.549,0.0,0.0,3.996,32506.004,16.0,28.867,26.593,24.425,0.0,0.0,4.0,32506.0,16.0,28.123,26.091,24.94,0.0,0.0,4.0,32510.0,16.0,29.0,27.0,1614716120.61,2021-03-02 20:15:20.609999895
25189708439,r5179276-n948219,0,209.925,90.866,60.963,6647.169,25862.831,16.0,68.472,74.791,199.616,85.074,57.087,6670.571,25839.429,16.0,67.775,73.697,247.28,95.0,66.0,6799.0,32510.0,16.0,72.0,79.0,1613437220.276,2021-02-16 01:00:20.276000023
25193187077,r6959555-n750018,0,22.885,0.0,0.0,0.0,32510.0,16.0,28.0,25.99,22.885,0.0,0.0,0.0,32510.0,16.0,28.0,25.99,22.97,0.0,0.0,0.0,32510.0,16.0,28.0,26.0,1614740572.395,2021-03-03 03:02:52.394999981
25213965060,r216287-n303509,1,77.085,45.284,14.916,1140.269,31369.731,16.0,39.499,38.415,98.791,63.861,20.749,1631.75,30878.25,16.0,49.874,48.95,139.79,75.0,26.0,1687.0,32510.0,16.0,53.0,52.0,1612821771.817,2021-02-08 22:02:51.816999912
25252149395,r7141590-n303509,0,26.85,0.0,0.0,0.348,32509.652,16.0,39.0,38.0,26.85,0.0,0.0,0.348,32509.652,16.0,39.0,38.0,27.07,0.0,0.0,4.0,32510.0,16.0,39.0,38.0,1613145836.545,2021-02-12 16:03:56.545000076
25257204372,r2215649-n410412,0,34.581,2.65,0.019,683.716,31826.284,16.0,37.222,34.312,57.433,33.094,5.646,1145.921,31364.079,16.0,43.412,40.723,113.88,49.0,10.0,1159.0,32444.0,16.0,45.0,43.0,1613467606.497,2021-02-16 09:26:46.496999979
25277745499,r7141590-n303509,0,26.886,0.0,0.0,0.167,32509.833,16.0,39.0,38.0,26.886,0.0,0.0,0.167,32509.833,16.0,39.0,38.0,27.08,0.0,0.0,4.0,32510.0,16.0,39.0,38.0,1613145656.106,2021-02-12 16:00:56.105999947
25335787114,r44132-n303766,0,194.676,80.932,54.284,6492.757,26017.243,16.0,65.981,72.298,195.277,81.058,54.417,6559.585,25950.415,16.0,66.677,73.1,251.78,95.0,65.0,6807.0,32510.0,16.0,73.0,81.0,1613465097.741,2021-02-16 08:44:57.740999937
25353364528,r8275852-n410412,0,183.904,77.28,51.865,6291.142,26218.858,16.0,63.322,68.803,186.403,78.49,52.679,6409.188,26100.812,16.0,64.499,70.129,246.83,94.0,64.0,6793.0,32510.0,16.0,71.0,78.0,1613440442.149,2021-02-16 01:54:02.148999929
25391952696,r7317916-n948219,0,183.023,79.788,53.669,6544.996,25965.004,16.0,67.336,74.652,181.873,79.0,53.165,6590.603,25919.397,16.0,67.455,74.736,236.59,94.0,64.0,6807.0,32510.0,16.0,72.0,80.0,1613479536.195,2021-02-16 12:45:36.194999933
25423032447,r7419443-n948219,0,35.226,0.445,0.01,776.07,31733.93,16.0,33.527,31.799,55.679,31.73,5.71,1075.457,31434.543,16.0,38.627,37.345,103.15,51.0,11.0,1093.0,32510.0,16.0,40.0,39.0,1613324687.699,2021-02-14 17:44:47.698999882
25431355758,r2215649-n303766,0,26.415,0.0,0.0,2.182,32507.818,16.0,40.0,38.0,26.415,0.0,0.0,2.182,32507.818,16.0,40.0,38.0,26.59,0.0,0.0,4.0,32510.0,16.0,40.0,38.0,1613954809.086,2021-02-22 00:46:49.085999966
25433901556,r7141590-n303509,0,26.856,0.0,0.0,0.0,32510.0,16.0,39.0,38.0,26.856,0.0,0.0,0.0,32510.0,16.0,39.0,38.0,27.04,0.0,0.0,0.0,32510.0,16.0,39.0,38.0,1613144186.659,2021-02-12 15:36:26.658999920
25525170311,r492024-n303766,0,30.032,1.429,1.012,1531.512,30978.488,16.0,34.43,32.649,30.032,1.429,1.012,1531.512,30978.488,16.0,34.43,32.649,204.12,91.0,69.0,18813.0,32510.0,16.0,39.0,42.0,1613366999.594,2021-02-15 05:29:59.594000101
25544752459,r7753495-n303509,0,29.043,0.461,0.011,323.874,32186.126,16.0,32.577,30.969,45.381,12.961,2.888,1580.688,30929.312,16.0,36.844,34.964,135.9,56.0,17.0,1605.0,32510.0,16.0,49.0,48.0,1613470916.744,2021-02-16 10:21:56.743999958
25544853070,r216287-n303509,0,108.761,63.012,20.72,1674.513,30835.487,16.0,56.179,56.32,111.166,66.568,21.872,1695.026,30814.974,16.0,57.836,58.044,149.2,74.0,26.0,1699.0,32510.0,16.0,59.0,60.0,1612825378.727,2021-02-08 23:02:58.726999998
25576353503,r5354770-n750018,0,39.449,0.054,0.007,1230.723,31279.277,16.0,34.985,34.68,38.911,0.015,0.008,1277.429,31232.571,16.0,33.433,32.673,51.48,25.0,1.0,1285.0,32510.0,16.0,36.0,35.0,1614721523.414,2021-03-02 21:45:23.414000034
25585431325,r4506251-n303766,0,169.128,63.552,42.651,6644.14,25865.86,16.0,67.306,72.714,174.914,66.855,44.919,6697.833,25812.167,16.0,67.768,73.387,257.27,96.0,68.0,6801.0,32510.0,16.0,73.0,81.0,1613504478.064,2021-02-16 19:41:18.063999891
25591139406,r6707841-n772143,1,42.207,25.321,1.687,29787.737,2722.263,16.0,36.699,32.205,41.738,21.887,1.484,31032.818,1477.182,16.0,36.009,31.444,71.6,100.0,6.0,31071.0,32510.0,16.0,38.0,33.0,1614730508.973,2021-03-03 00:15:08.973000050
25678268009,r492024-n303766,0,212.233,90.297,60.838,6636.956,25873.044,16.0,68.325,73.37,209.936,89.187,60.104,6656.983,25853.017,16.0,68.201,73.2,249.26,100.0,64.0,6799.0,32510.0,16.0,71.0,76.0,1613442037.589,2021-02-16 02:20:37.588999987
25692198677,r8024255-n410412,0,213.283,90.783,60.923,6649.236,25860.764,16.0,67.473,71.455,209.385,88.81,59.633,6669.08,25840.92,16.0,67.294,71.239,254.69,96.0,69.0,6807.0,32510.0,16.0,72.0,76.0,1613529940.347,2021-02-17 02:45:40.346999884
25695070073,r8141575-n303766,0,26.107,0.0,0.0,0.0,32510.0,16.0,32.0,31.997,26.154,0.0,0.0,0.0,32510.0,16.0,32.001,32.107,26.38,0.0,0.0,0.0,32510.0,16.0,33.0,33.0,1614759517.458,2021-03-03 08:18:37.457999945
25695070073,r8141575-n303766,1,25.249,0.0,0.0,0.0,32510.0,16.0,29.42,28.122,25.252,0.0,0.0,0.0,32510.0,16.0,29.669,28.097,25.5,0.0,0.0,0.0,32510.0,16.0,30.0,29.0,1614759517.461,2021-03-03 08:18:37.460999966
25718761312,r8972851-n948219,0,192.64,77.504,51.917,6451.278,26058.722,16.0,66.437,69.872,189.027,75.578,50.687,6543.874,25966.126,16.0,66.523,69.836,258.65,97.0,68.0,6799.0,32510.0,16.0,71.0,75.0,1613527972.522,2021-02-17 02:12:52.522000074
25728880554,r7753495-n303509,0,38.449,0.038,0.0,1237.672,31272.328,16.0,39.961,37.991,45.204,6.528,0.945,1897.271,30612.729,16.0,40.944,38.784,120.64,85.0,12.0,5817.0,32510.0,16.0,47.0,45.0,1613681900.848,2021-02-18 20:58:20.848000050
25741796929,r810901-n948219,1,26.003,0.0,0.0,0.0,32510.0,16.0,30.0,29.868,26.003,0.0,0.0,0.0,32510.0,16.0,30.0,29.868,26.17,0.0,0.0,0.0,32510.0,16.0,30.0,30.0,1614169892.014,2021-02-24 12:31:32.013999939
25759557438,r7269000-n303509,0,214.331,89.547,60.041,6626.081,25883.919,16.0,68.312,73.197,211.92,88.232,59.171,6639.754,25870.246,16.0,68.188,72.969,253.06,95.0,68.0,6799.0,32510.0,16.0,70.0,76.0,1613586933.121,2021-02-17 18:35:33.121000051
25765071301,r9988778-n410412,0,28.933,0.71,0.022,385.789,32124.211,16.0,32.542,31.312,28.933,0.71,0.022,385.789,32124.211,16.0,32.542,31.312,46.51,47.0,4.0,2623.0,32510.0,16.0,35.0,33.0,1613218651.467,2021-02-13 12:17:31.467000008
25765925209,r9852763-n172107,1,40.537,24.781,3.789,29046.054,3463.946,16.0,34.853,31.907,40.939,24.382,3.705,31004.379,1505.621,16.0,35.755,32.832,59.86,38.0,5.0,31071.0,32510.0,16.0,37.0,34.0,1614715744.677,2021-03-02 20:09:04.677000046
25779095020,r7317916-n948219,0,201.072,90.005,60.595,6631.921,25878.079,16.0,68.215,76.614,199.445,89.16,60.082,6652.088,25857.912,16.0,68.149,76.483,237.05,95.0,67.0,6799.0,32510.0,16.0,71.0,80.0,1613477887.296,2021-02-16 12:18:07.296000004
25779594908,r492024-n410412,0,28.113,0.0,0.0,0.0,32510.0,16.0,32.0,30.0,28.113,0.0,0.0,0.0,32510.0,16.0,32.0,30.0,28.16,0.0,0.0,0.0,32510.0,16.0,32.0,30.0,1614735030.222,2021-03-03 01:30:30.221999884
25781950046,r8275852-n410412,0,120.066,51.856,32.6,1947.502,30562.498,16.0,46.817,50.105,198.097,91.274,57.998,3314.19,29195.81,16.0,67.853,73.996,215.95,98.0,63.0,3361.0,32510.0,16.0,72.0,79.0,1614066893.891,2021-02-23 07:54:53.891000032
25848527204,r4683026-n948219,0,139.481,58.384,40.589,3061.447,29448.553,16.0,55.644,61.403,207.454,93.986,66.015,4781.008,27728.992,16.0,68.381,78.278,232.81,96.0,71.0,5245.0,32510.0,16.0,73.0,84.0,1613778654.418,2021-02-19 23:50:54.417999983
25850265712,r6727430-n303509,0,36.598,19.475,0.704,907.96,31602.04,16.0,34.94,31.469,39.212,24.23,0.879,1126.514,31383.486,16.0,36.802,33.638,40.3,32.0,2.0,1167.0,32510.0,16.0,37.0,34.0,1612974925.55,2021-02-10 16:35:25.549999952
25856461857,r9480604-n410412,0,35.282,0.065,0.001,472.187,32037.813,16.0,38.834,36.771,35.282,0.065,0.001,472.187,32037.813,16.0,38.834,36.771,40.25,14.0,1.0,713.0,32510.0,16.0,40.0,38.0,1614182691.759,2021-02-24 16:04:51.759000063
25916582711,r9988778-n410412,1,25.233,0.0,0.0,0.0,32510.0,16.0,30.375,28.68,25.233,0.0,0.0,0.0,32510.0,16.0,30.375,28.68,25.36,0.0,0.0,0.0,32510.0,16.0,31.0,29.0,1614734826.743,2021-03-03 01:27:06.743000031
25992112109,r4506251-n410412,0,93.512,34.046,27.535,5577.697,26932.303,16.0,50.141,51.038,103.887,41.071,33.282,6511.699,25998.301,16.0,53.29,54.849,197.92,63.0,54.0,6541.0,32510.0,16.0,61.0,65.0,1613042723.475,2021-02-11 11:25:23.474999905
25993587885,r9988778-n410412,0,26.024,0.091,0.0,70.777,32439.223,16.0,30.068,29.025,26.024,0.091,0.0,70.777,32439.223,16.0,30.068,29.025,38.06,10.0,0.0,1205.0,32510.0,16.0,31.0,30.0,1614736398.198,2021-03-03 01:53:18.197999954
26003084654,r7462820-n410412,1,194.651,78.736,52.924,6531.854,25978.146,16.0,64.068,66.718,193.275,78.18,52.607,6598.179,25911.821,16.0,64.085,66.716,257.09,94.0,64.0,6807.0,32510.0,16.0,68.0,71.0,1613574294.93,2021-02-17 15:04:54.930000067
26024804309,r368967-n172107,0,24.819,0.0,0.0,0.0,32510.0,16.0,29.0,27.967,24.819,0.0,0.0,0.0,32510.0,16.0,29.0,27.967,24.91,0.0,0.0,0.0,32510.0,16.0,29.0,28.0,1614710754.223,2021-03-02 18:45:54.223000050
26024804309,r368967-n172107,1,25.535,0.0,0.0,0.0,32510.0,16.0,28.0,29.0,25.535,0.0,0.0,0.0,32510.0,16.0,28.0,29.0,25.61,0.0,0.0,0.0,32510.0,16.0,28.0,29.0,1614710754.227,2021-03-02 18:45:54.226999998
26153825528,r6727430-n948219,0,29.481,1.054,0.0,232.205,32277.795,16.0,32.893,31.0,29.481,1.054,0.0,232.205,32277.795,16.0,32.893,31.0,37.73,10.0,0.0,1295.0,32510.0,16.0,33.0,31.0,1613613774.098,2021-02-18 02:02:54.098000050
26156427598,r4506251-n303766,0,29.36,0.0,0.0,0.0,32510.0,16.0,37.0,38.157,29.36,0.0,0.0,0.0,32510.0,16.0,37.0,38.157,29.57,0.0,0.0,0.0,32510.0,16.0,37.0,39.0,1613468635.89,2021-02-16 09:43:55.890000105
26163096071,r6727430-n948219,0,188.106,80.055,53.758,6299.387,26210.613,16.0,60.155,63.785,189.393,79.939,53.741,6412.923,26097.077,16.0,62.117,66.099,249.35,95.0,64.0,6793.0,32510.0,16.0,71.0,77.0,1613650088.938,2021-02-18 12:08:08.937999964
26252711653,r492024-n303766,0,208.788,88.46,59.481,6617.781,25892.219,16.0,68.587,73.498,208.87,88.676,59.637,6641.719,25868.281,16.0,68.545,73.475,250.61,94.0,65.0,6799.0,32510.0,16.0,72.0,77.0,1613440275.647,2021-02-16 01:51:15.647000074
26283359083,r7753495-n303509,0,35.004,0.331,0.012,549.82,31960.18,16.0,38.842,37.068,76.769,40.571,12.093,2432.547,30077.453,16.0,48.073,46.59,143.13,56.0,18.0,2629.0,32510.0,16.0,50.0,49.0,1613672151.672,2021-02-18 18:15:51.671999931
26298696541,r8024255-n303766,0,40.371,21.197,1.655,29868.245,2641.755,16.0,36.996,34.506,40.614,19.675,1.458,31034.875,1475.125,16.0,37.873,35.373,52.35,32.0,2.0,31071.0,32510.0,16.0,40.0,38.0,1614184827.818,2021-02-24 16:40:27.818000078
26302202239,r6727430-n303509,0,208.688,89.482,60.042,6650.521,25859.479,16.0,68.671,73.766,205.338,87.803,58.946,6670.146,25839.854,16.0,68.459,73.451,247.77,100.0,65.0,6807.0,32510.0,16.0,72.0,78.0,1613439526.947,2021-02-16 01:38:46.947000027
26338952628,r810901-n303509,0,37.212,6.643,1.846,1712.078,30797.922,16.0,34.654,33.453,37.212,6.643,1.846,1712.078,30797.922,16.0,34.654,33.453,138.7,59.0,16.0,3965.0,32510.0,16.0,38.0,38.0,1613066187.416,2021-02-11 17:56:27.415999889
26385977070,r1039410-n948219,0,25.945,0.0,0.0,3.919,32506.081,16.0,30.0,30.0,25.945,0.0,0.0,3.919,32506.081,16.0,30.0,30.0,26.12,0.0,0.0,4.0,32510.0,16.0,30.0,30.0,1613477197.417,2021-02-16 12:06:37.417000055
26385977070,r1039410-n948219,1,25.113,0.0,0.0,3.919,32506.081,16.0,30.0,27.001,25.113,0.0,0.0,3.919,32506.081,16.0,30.0,27.001,25.25,0.0,0.0,4.0,32510.0,16.0,30.0,28.0,1613477197.42,2021-02-16 12:06:37.420000076
26385977070,r2684277-n948219,0,26.489,0.0,0.0,3.864,32506.136,16.0,30.767,29.556,26.489,0.0,0.0,3.864,32506.136,16.0,30.767,29.556,26.7,0.0,0.0,4.0,32510.0,16.0,31.0,30.0,1613477197.427,2021-02-16 12:06:37.427000046
26385977070,r2684277-n948219,1,26.782,0.0,0.0,3.863,32506.137,16.0,30.0,28.65,26.782,0.0,0.0,3.863,32506.137,16.0,30.0,28.65,26.91,0.0,0.0,4.0,32510.0,16.0,30.0,29.0,1613477197.431,2021-02-16 12:06:37.430999994
26403218086,r7141590-n948219,0,212.802,88.455,59.143,6622.971,25887.029,16.0,68.37,73.665,211.323,87.666,58.689,6649.283,25860.717,16.0,68.246,73.502,261.81,95.0,67.0,6807.0,32510.0,16.0,71.0,77.0,1613446651.722,2021-02-16 03:37:31.721999884
26425153812,r4506251-n410412,0,38.337,2.258,0.615,1124.268,31385.732,16.0,38.735,37.275,90.039,48.832,14.951,2661.995,29848.005,16.0,52.757,51.891,149.67,63.0,21.0,2693.0,32510.0,16.0,55.0,54.0,1613137140.286,2021-02-12 13:39:00.286000013
26460241309,r974863-n410412,1,205.903,91.016,61.065,6654.099,25855.901,16.0,61.97,65.234,204.861,90.177,60.542,6670.49,25839.51,16.0,62.667,65.981,250.05,96.0,65.0,6807.0,32510.0,16.0,74.0,78.0,1613447259.552,2021-02-16 03:47:39.552000046
26521362510,r7419443-n948219,0,32.746,0.513,0.041,6099.29,26410.71,16.0,31.004,29.344,32.746,0.513,0.041,6099.29,26410.71,16.0,31.004,29.344,128.6,100.0,6.0,31079.0,32510.0,16.0,36.0,32.0,1613170391.934,2021-02-12 22:53:11.934000015
26521362510,r7419443-n948219,1,32.465,2.951,0.516,16795.641,15714.359,16.0,30.297,27.975,32.465,2.951,0.516,16795.641,15714.359,16.0,30.297,27.975,119.58,100.0,48.0,31079.0,32510.0,16.0,35.0,39.0,1613170391.937,2021-02-12 22:53:11.937000036
26541044725,r8473362-n410412,1,39.477,5.478,1.063,860.167,31649.833,16.0,35.193,33.523,58.588,30.27,5.971,1017.144,31492.856,16.0,45.24,44.239,113.58,44.0,10.0,1027.0,32510.0,16.0,47.0,46.0,1613341352.635,2021-02-14 22:22:32.634999990
26549640409,r7141590-n172107,0,43.773,26.97,3.455,30322.484,2187.516,16.0,35.892,34.913,43.208,25.224,3.199,31048.603,1461.397,16.0,36.351,35.323,66.92,100.0,6.0,31071.0,32510.0,16.0,38.0,37.0,1614726270.669,2021-03-02 23:04:30.668999910
26567438714,r8972851-n948219,0,29.242,0.0,0.0,1.917,32508.083,16.0,44.45,43.448,29.242,0.0,0.0,1.917,32508.083,16.0,44.45,43.448,30.07,0.0,0.0,4.0,32510.0,16.0,47.0,46.0,1613478329.292,2021-02-16 12:25:29.292000055
26590239582,r9170217-n303509,1,209.892,88.871,59.698,6631.275,25878.725,16.0,62.341,66.352,209.973,88.979,59.788,6651.645,25858.355,16.0,62.039,66.014,256.86,100.0,65.0,6801.0,32510.0,16.0,66.0,71.0,1613438258.268,2021-02-16 01:17:38.267999887
26757080507,r414303-n303509,0,27.111,0.0,0.0,0.0,32510.0,16.0,34.0,34.056,27.111,0.0,0.0,0.0,32510.0,16.0,34.0,34.056,27.2,0.0,0.0,0.0,32510.0,16.0,34.0,35.0,1613429365.83,2021-02-15 22:49:25.829999924
26810854155,r8024255-n410412,0,198.906,82.35,55.215,6586.06,25923.94,16.0,68.041,71.655,197.084,81.319,54.574,6631.535,25878.465,16.0,67.926,71.502,253.08,94.0,64.0,6807.0,32510.0,16.0,71.0,75.0,1613534035.233,2021-02-17 03:53:55.233000040
26815424732,r810901-n172107,1,25.132,0.0,0.0,0.0,32510.0,16.0,29.947,29.135,25.132,0.0,0.0,0.0,32510.0,16.0,29.947,29.135,25.27,0.0,0.0,0.0,32510.0,16.0,30.0,30.0,1614718322.489,2021-03-02 20:52:02.489000082
26905523624,r7269000-n303509,0,108.279,36.904,15.326,17021.646,15488.354,16.0,47.079,44.564,141.422,51.52,21.726,17916.491,14593.509,16.0,62.214,61.758,285.64,100.0,65.0,17919.0,32510.0,16.0,74.0,78.0,1612887144.185,2021-02-09 16:12:24.184999943
26932275458,r5354770-n172107,1,41.051,25.062,0.913,30450.645,2059.355,16.0,36.859,34.916,40.646,21.566,0.79,31051.331,1458.669,16.0,36.198,34.292,56.45,100.0,6.0,31071.0,32510.0,16.0,37.0,36.0,1614740776.925,2021-03-03 03:06:16.924999952
26973900767,r4506251-n410412,0,42.029,5.937,1.479,593.475,31916.525,16.0,36.243,34.492,77.831,40.102,10.352,1084.502,31425.498,16.0,48.234,46.902,123.33,50.0,13.0,1093.0,32510.0,16.0,51.0,50.0,1613106736.865,2021-02-12 05:12:16.865000010
26986778104,r7462820-n410412,0,182.79,72.939,48.908,6517.277,25992.723,16.0,66.338,71.445,184.02,73.506,49.347,6597.565,25912.435,16.0,66.809,72.01,252.18,95.0,64.0,6799.0,32510.0,16.0,71.0,77.0,1613581622.475,2021-02-17 17:07:02.474999905
26998594772,r5179276-n948219,0,209.19,90.184,60.552,6645.051,25864.949,16.0,68.607,76.319,207.214,89.201,59.95,6663.126,25846.874,16.0,68.47,76.098,245.91,100.0,65.0,6799.0,32510.0,16.0,72.0,80.0,1613578722.922,2021-02-17 16:18:42.921999931
27014073291,r492024-n303766,0,42.334,11.194,0.967,30659.848,1850.152,16.0,41.17,39.521,42.056,8.766,0.759,31026.007,1483.993,16.0,41.325,39.589,62.72,100.0,6.0,31071.0,32510.0,16.0,42.0,41.0,1613419477.046,2021-02-15 20:04:37.046000004
27016385143,r9988778-n410412,0,25.251,0.0,0.0,0.0,32510.0,16.0,30.0,29.0,25.251,0.0,0.0,0.0,32510.0,16.0,30.0,29.0,25.39,0.0,0.0,0.0,32510.0,16.0,30.0,29.0,1614734934.201,2021-03-03 01:28:54.200999975
27067048849,r216287-n303509,0,28.334,0.0,0.0,0.0,32510.0,16.0,32.55,31.852,27.968,0.0,0.0,0.0,32510.0,16.0,30.921,30.158,28.97,0.0,0.0,0.0,32510.0,16.0,35.0,35.0,1612885825.868,2021-02-09 15:50:25.868000031
27067048849,r216287-n303509,1,26.183,0.0,0.0,0.0,32510.0,16.0,30.0,28.0,26.131,0.0,0.0,0.0,32510.0,16.0,29.24,27.872,26.39,0.0,0.0,0.0,32510.0,16.0,30.0,29.0,1612885825.871,2021-02-09 15:50:25.871000051
27068602393,r492024-n303766,0,205.346,86.491,58.105,6619.646,25890.354,16.0,68.413,73.191,205.475,86.689,58.249,6644.57,25865.43,16.0,68.402,73.184,249.51,98.0,64.0,6799.0,32510.0,16.0,71.0,77.0,1613434293.019,2021-02-16 00:11:33.019000053
27124900309,r9480604-n303766,0,27.394,0.0,0.0,0.0,32510.0,16.0,31.0,29.0,27.394,0.0,0.0,0.0,32510.0,16.0,31.0,29.0,27.47,0.0,0.0,0.0,32510.0,16.0,31.0,29.0,1613438962.734,2021-02-16 01:29:22.733999968
27178675534,r9515777-n303766,0,30.522,0.418,0.015,116.955,32393.045,16.0,40.254,38.537,30.522,0.418,0.015,116.955,32393.045,16.0,40.254,38.537,39.9,9.0,1.0,457.0,32510.0,16.0,41.0,39.0,1614486521.344,2021-02-28 04:28:41.344000101
27210601152,r9480604-n410412,0,27.366,0.0,0.0,0.003,32509.997,16.0,38.0,36.114,27.296,0.0,0.0,0.0,32510.0,16.0,37.622,35.989,27.86,0.0,0.0,4.0,32510.0,16.0,39.0,37.0,1613730259.075,2021-02-19 10:24:19.075000048
27212197528,r414303-n303509,0,37.231,0.461,0.019,1151.508,31358.492,16.0,41.191,41.299,64.878,37.689,9.822,1591.601,30918.399,16.0,48.08,49.271,121.49,56.0,16.0,1605.0,32510.0,16.0,50.0,51.0,1613109491.903,2021-02-12 05:58:11.903000116
27297785811,r2684277-n948219,0,27.193,0.0,0.0,3.336,32506.664,16.0,36.0,34.703,27.193,0.0,0.0,3.336,32506.664,16.0,36.0,34.703,27.51,0.0,0.0,4.0,32510.0,16.0,36.0,35.0,1614048218.444,2021-02-23 02:43:38.444000006
27324019132,r44132-n303766,1,31.552,0.303,0.002,486.773,32023.227,16.0,33.16,28.784,47.044,28.46,4.562,997.633,31512.367,16.0,38.455,34.362,80.66,41.0,8.0,1027.0,32510.0,16.0,40.0,36.0,1613312388.683,2021-02-14 14:19:48.683000088
27326502107,r6707841-n172107,0,48.564,25.404,6.28,30450.958,2059.042,16.0,38.757,37.054,48.273,26.074,6.492,31054.966,1455.034,16.0,38.362,36.457,106.8,100.0,10.0,31071.0,32510.0,16.0,40.0,38.0,1614746989.59,2021-03-03 04:49:49.589999914
27369314922,r3974592-n303509,0,74.792,25.582,11.561,16755.054,15754.946,16.0,40.849,39.205,48.463,6.818,3.089,17755.047,14754.953,16.0,38.241,36.598,260.42,100.0,62.0,32172.0,32510.0,16.0,57.0,58.0,1613287267.392,2021-02-14 07:21:07.391999960
27388232542,r2215649-n303766,0,34.666,8.299,0.0,730.418,31779.582,16.0,44.852,43.171,37.195,0.656,0.042,1303.54,31206.46,16.0,36.315,33.364,173.51,97.0,68.0,7083.0,32510.0,16.0,65.0,64.0,1614015390.458,2021-02-22 17:36:30.457999945
27394171185,r5198790-n172107,0,44.448,21.481,1.733,29724.177,2785.823,16.0,38.945,36.852,44.747,22.381,1.565,31030.455,1479.545,16.0,39.083,36.867,75.71,100.0,6.0,31071.0,32510.0,16.0,40.0,38.0,1614736585.748,2021-03-03 01:56:25.747999907
27461929527,r7419443-n948219,0,27.149,0.0,0.0,0.0,32510.0,16.0,31.0,29.2,27.149,0.0,0.0,0.0,32510.0,16.0,31.0,29.2,27.38,0.0,0.0,0.0,32510.0,16.0,31.0,30.0,1613643920.911,2021-02-18 10:25:20.911000013
27500108861,r8972851-n948219,0,217.242,91.068,60.892,6655.449,25854.551,16.0,68.261,72.684,215.728,90.273,60.415,6674.7,25835.3,16.0,68.14,72.532,259.56,96.0,66.0,6807.0,32510.0,16.0,70.0,75.0,1613525006.044,2021-02-17 01:23:26.043999910
27528619132,r9480604-n303766,0,33.688,0.45,0.015,791.496,31718.504,16.0,33.152,30.365,64.041,37.819,9.564,1559.238,30950.762,16.0,41.069,39.158,123.34,59.0,17.0,1605.0,32510.0,16.0,43.0,42.0,1613312398.736,2021-02-14 14:19:58.736000061
27537505780,r8141575-n303766,0,27.423,0.0,0.0,0.0,32510.0,16.0,39.0,39.0,27.423,0.0,0.0,0.0,32510.0,16.0,39.0,39.0,27.47,0.0,0.0,0.0,32510.0,16.0,39.0,39.0,1613942299.867,2021-02-21 21:18:19.867000103
27564535839,r2684277-n948219,0,31.991,0.417,0.002,429.618,32080.382,16.0,34.133,32.708,58.152,32.621,5.232,1051.342,31458.658,16.0,42.063,40.357,96.77,44.0,8.0,1093.0,32510.0,16.0,44.0,43.0,1613323603.537,2021-02-14 17:26:43.536999941
27581132691,r7753495-n948219,0,213.852,90.384,60.823,6654.709,25855.291,16.0,68.012,71.237,212.133,89.573,60.312,6670.372,25839.628,16.0,67.904,71.11,255.23,98.0,68.0,6807.0,32510.0,16.0,71.0,75.0,1613566076.798,2021-02-17 12:47:56.798000097
27582354412,r492024-n303766,0,25.152,0.0,0.0,0.0,32510.0,16.0,33.0,31.056,25.152,0.0,0.0,0.0,32510.0,16.0,33.0,31.056,25.23,0.0,0.0,0.0,32510.0,16.0,33.0,32.0,1614714926.08,2021-03-02 19:55:26.079999924
27593302394,r2215649-n303766,0,26.28,0.0,0.0,2.4,32507.6,16.0,40.0,37.6,26.28,0.0,0.0,2.4,32507.6,16.0,40.0,37.6,26.4,0.0,0.0,4.0,32510.0,16.0,40.0,38.0,1613954832.445,2021-02-22 00:47:12.444999933
27608142619,r7753495-n948219,0,25.489,0.0,0.0,0.0,32510.0,16.0,29.0,27.686,25.541,0.0,0.0,0.0,32510.0,16.0,29.552,27.63,27.03,0.0,0.0,0.0,32510.0,16.0,37.0,35.0,1613742274.959,2021-02-19 13:44:34.959000111
27644567865,r7462820-n410412,0,208.737,87.598,58.803,6626.769,25883.231,16.0,68.023,74.289,207.186,86.747,58.291,6653.515,25856.485,16.0,67.999,74.218,252.39,94.0,65.0,6807.0,32510.0,16.0,70.0,76.0,1613586933.126,2021-02-17 18:35:33.125999928
27665904777,r7753495-n303509,0,44.788,8.443,1.652,1036.34,31473.66,16.0,41.148,39.039,45.313,9.087,1.783,1032.877,31477.123,16.0,41.288,39.178,98.92,43.0,9.0,1093.0,32510.0,16.0,46.0,44.0,1613372210.336,2021-02-15 06:56:50.335999966
27672624358,r7141590-n303509,0,176.97,67.953,45.225,6408.852,26101.148,16.0,67.286,68.347,178.077,68.814,45.843,6541.361,25968.639,16.0,67.619,68.779,266.45,100.0,63.0,6799.0,32510.0,16.0,73.0,75.0,1613481705.173,2021-02-16 13:21:45.173000097
27717524262,r414303-n772143,0,26.445,0.0,0.0,0.0,32510.0,16.0,31.0,29.0,26.445,0.0,0.0,0.0,32510.0,16.0,31.0,29.0,26.56,0.0,0.0,0.0,32510.0,16.0,31.0,29.0,1614722798.033,2021-03-02 22:06:38.032999992
27743781265,r9170217-n948219,0,36.065,2.478,0.0,503.326,32006.674,16.0,33.565,31.891,36.065,2.478,0.0,503.326,32006.674,16.0,33.565,31.891,38.58,9.0,0.0,1197.0,32510.0,16.0,34.0,32.0,1613429527.389,2021-02-15 22:52:07.388999939
27751344747,r7753495-n303509,0,29.521,0.021,0.0,351.832,32158.168,16.0,30.891,29.511,38.282,0.351,0.055,1293.356,31216.644,16.0,34.519,32.543,79.14,60.0,10.0,1407.0,32510.0,16.0,42.0,40.0,1613565169.332,2021-02-17 12:32:49.332000017
27768201445,r44132-n410412,0,34.755,5.889,3.24,261.868,32248.132,16.0,31.819,30.21,45.636,7.852,3.949,1561.014,30948.986,16.0,36.082,34.459,96.3,56.0,33.0,1649.0,32510.0,16.0,45.0,46.0,1613302911.211,2021-02-14 11:41:51.210999966
27810787228,r1039410-n303509,0,35.407,0.441,0.017,719.959,31790.041,16.0,39.706,37.413,59.039,33.51,5.924,1071.08,31438.92,16.0,44.685,42.868,114.12,46.0,10.0,1093.0,32510.0,16.0,46.0,45.0,1613322379.178,2021-02-14 17:06:19.177999973
27835310991,r492024-n303766,0,33.452,0.029,0.0,698.976,31811.024,16.0,35.227,33.181,36.866,0.106,0.055,29053.05,3456.95,16.0,36.232,34.272,236.66,100.0,79.0,29343.0,32510.0,16.0,42.0,48.0,1613158425.242,2021-02-12 19:33:45.242000103
27842358648,r5354770-n750018,0,39.479,0.055,0.008,1229.401,31280.599,16.0,34.954,34.121,39.432,0.047,0.008,1239.85,31270.15,16.0,34.963,34.157,46.85,21.0,1.0,1285.0,32510.0,16.0,35.0,35.0,1614721150.853,2021-03-02 21:39:10.852999926
27875383871,r2215649-n303766,0,25.238,0.0,0.0,0.0,32510.0,16.0,32.0,29.507,37.648,0.0,0.0,1202.627,31307.373,16.0,36.658,33.885,39.12,24.0,1.0,1205.0,32510.0,16.0,38.0,36.0,1614140369.615,2021-02-24 04:19:29.615000010
27875383871,r2215649-n303766,1,26.428,0.0,0.0,0.0,32510.0,16.0,30.0,28.8,41.28,5.165,1.713,3095.74,29414.26,16.0,35.284,33.322,167.46,89.0,35.0,7734.0,32510.0,16.0,43.0,44.0,1614140369.624,2021-02-24 04:19:29.624000072
27888723897,r8473362-n410412,1,26.048,0.0,0.0,0.0,32510.0,16.0,32.0,31.016,26.048,0.0,0.0,0.0,32510.0,16.0,32.0,31.016,26.15,0.0,0.0,0.0,32510.0,16.0,32.0,32.0,1614735030.229,2021-03-03 01:30:30.229000092
27901114381,r9480604-n410412,0,26.108,0.0,0.0,0.0,32510.0,16.0,31.0,29.433,26.121,0.0,0.0,0.0,32510.0,16.0,31.0,29.634,26.28,0.0,0.0,0.0,32510.0,16.0,31.0,30.0,1614634515.402,2021-03-01 21:35:15.401999950
27936839880,r44132-n410412,1,25.847,0.0,0.0,0.0,32510.0,16.0,29.0,29.0,25.847,0.0,0.0,0.0,32510.0,16.0,29.0,29.0,25.91,0.0,0.0,0.0,32510.0,16.0,29.0,29.0,1614734566.653,2021-03-03 01:22:46.653000116
27939678396,r7753495-n948219,0,213.656,90.465,60.83,6644.748,25865.252,16.0,68.04,71.105,212.106,89.644,60.342,6664.295,25845.705,16.0,67.956,71.021,253.66,95.0,66.0,6799.0,32510.0,16.0,71.0,74.0,1613566778.565,2021-02-17 12:59:38.565000057
27941652111,r6727430-n948219,0,26.451,0.0,0.0,0.0,32510.0,16.0,32.001,31.0,26.451,0.0,0.0,0.0,32510.0,16.0,32.001,31.0,26.66,0.0,0.0,0.0,32510.0,16.0,33.0,31.0,1613606303.116,2021-02-17 23:58:23.115999937
27953383585,r7753495-n303509,0,32.256,1.208,0.226,303.61,32206.39,16.0,32.293,30.624,47.094,14.011,3.444,1000.817,31509.183,16.0,36.444,34.561,110.37,44.0,11.0,1027.0,32510.0,16.0,50.0,49.0,1613545773.952,2021-02-17 07:09:33.951999903
27970224915,r9480604-n410412,0,30.535,0.565,0.014,150.591,32359.409,16.0,38.426,36.433,52.995,29.905,3.294,1058.419,31451.581,16.0,44.985,42.539,81.37,45.0,6.0,1093.0,32510.0,16.0,47.0,44.0,1614233090.612,2021-02-25 06:04:50.611999989
27970546133,r9170217-n948219,0,54.804,47.361,4.826,21561.607,10948.393,16.0,37.866,36.021,66.941,75.892,7.8,30865.871,1644.129,16.0,42.102,40.324,77.37,81.0,8.0,31023.0,32510.0,16.0,43.0,42.0,1613411099.879,2021-02-15 17:44:59.878999949
27996535114,r9515777-n303766,1,190.523,89.403,61.305,3078.526,29431.474,16.0,55.243,58.171,211.416,96.565,66.618,3320.41,29189.59,16.0,66.451,71.294,234.71,99.0,71.0,7147.0,32510.0,16.0,74.0,80.0,1614278135.736,2021-02-25 18:35:35.736000061
28001516114,r4506251-n410412,1,25.919,0.0,0.0,0.0,32510.0,16.0,31.118,28.355,25.919,0.0,0.0,0.0,32510.0,16.0,31.118,28.355,26.02,0.0,0.0,0.0,32510.0,16.0,32.0,29.0,1614734934.141,2021-03-03 01:28:54.141000032
28087277522,r7269000-n948219,0,28.0,0.0,0.0,0.457,32509.543,16.0,39.0,38.029,28.0,0.0,0.0,0.457,32509.543,16.0,39.0,38.029,28.18,0.0,0.0,4.0,32510.0,16.0,39.0,39.0,1613429795.973,2021-02-15 22:56:35.973000050
28091049215,r6727430-n303509,0,200.084,84.554,56.772,6648.895,25861.105,16.0,68.497,73.143,198.081,83.653,56.178,6675.21,25834.79,16.0,68.268,72.832,247.49,95.0,65.0,6807.0,32510.0,16.0,72.0,78.0,1613435901.2,2021-02-16 00:38:21.200000048
28101217125,r2215649-n303766,0,26.322,0.0,0.0,2.0,32508.0,16.0,40.0,38.0,26.322,0.0,0.0,2.0,32508.0,16.0,40.0,38.0,26.63,0.0,0.0,4.0,32510.0,16.0,40.0,38.0,1613954822.853,2021-02-22 00:47:02.852999926
28116402143,r9480604-n410412,0,26.807,0.0,0.0,0.0,32510.0,16.0,36.0,34.0,26.807,0.0,0.0,0.0,32510.0,16.0,36.0,34.0,26.86,0.0,0.0,0.0,32510.0,16.0,36.0,34.0,1614113457.067,2021-02-23 20:50:57.066999911
28127331761,r7462820-n303766,0,34.697,0.454,0.001,588.041,31921.959,16.0,35.547,33.519,56.816,31.574,5.393,1049.195,31460.805,16.0,40.934,39.165,100.85,50.0,10.0,1093.0,32510.0,16.0,46.0,45.0,1613391129.724,2021-02-15 12:12:09.723999977
28164434419,r6707841-n772143,0,25.213,0.0,0.0,0.0,32510.0,16.0,30.091,29.0,25.213,0.0,0.0,0.0,32510.0,16.0,30.091,29.0,25.32,0.0,0.0,0.0,32510.0,16.0,31.0,29.0,1614758538.276,2021-03-03 08:02:18.276000023
28164434419,r6707841-n772143,1,25.781,0.0,0.0,0.0,32510.0,16.0,30.0,26.0,25.781,0.0,0.0,0.0,32510.0,16.0,30.0,26.0,25.9,0.0,0.0,0.0,32510.0,16.0,30.0,26.0,1614758538.28,2021-03-03 08:02:18.279999971
28170008665,r492024-n410412,1,59.679,15.147,3.335,1819.269,30690.731,16.0,36.935,34.991,87.995,26.451,5.803,3385.436,29124.564,16.0,50.639,47.474,217.16,73.0,14.0,3419.0,32510.0,16.0,55.0,50.0,1613791451.416,2021-02-20 03:24:11.415999889
28203836443,r6727430-n303509,0,197.635,82.758,55.535,6642.382,25867.618,16.0,68.225,72.722,198.312,83.215,55.851,6671.661,25838.339,16.0,68.411,72.926,246.32,95.0,64.0,6801.0,32510.0,16.0,71.0,76.0,1613436964.311,2021-02-16 00:56:04.311000109
28213408674,r9480604-n410412,0,27.04,0.0,0.0,0.0,32510.0,16.0,36.0,35.0,27.04,0.0,0.0,0.0,32510.0,16.0,36.0,35.0,27.07,0.0,0.0,0.0,32510.0,16.0,36.0,35.0,1614371533.819,2021-02-26 20:32:13.819000006
28232900315,r9170217-n303509,0,30.599,0.329,0.012,424.055,32085.945,16.0,33.0,29.636,68.343,38.554,9.038,1151.15,31358.85,16.0,45.983,42.152,109.43,52.0,13.0,1159.0,32510.0,16.0,48.0,44.0,1613069831.669,2021-02-11 18:57:11.668999910
28234161284,r9480604-n303766,0,27.416,0.0,0.0,0.0,32510.0,16.0,31.0,29.0,27.416,0.0,0.0,0.0,32510.0,16.0,31.0,29.0,27.52,0.0,0.0,0.0,32510.0,16.0,31.0,29.0,1613438856.088,2021-02-16 01:27:36.088000059
28250083927,r9515777-n303766,0,26.357,0.0,0.0,0.0,32510.0,16.0,39.0,37.259,175.465,87.302,51.435,28972.775,3537.225,16.0,66.169,70.477,274.77,100.0,80.0,31079.0,32510.0,16.0,73.0,80.0,1614281959.531,2021-02-25 19:39:19.530999899
28276826365,r8532701-n172107,1,40.288,20.879,1.614,28981.437,3528.563,16.0,33.604,31.152,41.451,23.02,1.581,31006.347,1503.653,16.0,35.04,32.518,71.88,33.0,3.0,31071.0,32510.0,16.0,36.0,34.0,1614715475.747,2021-03-02 20:04:35.746999979
28285467643,r7462820-n303766,0,35.162,1.04,0.712,9180.553,23329.447,16.0,33.532,31.163,70.333,22.037,18.215,29256.322,3253.678,16.0,42.85,42.971,195.38,100.0,94.0,30811.0,32510.0,16.0,48.0,55.0,1613359707.431,2021-02-15 03:28:27.430999994
28288066312,r810901-n948219,0,29.636,0.04,0.0,366.797,32143.203,16.0,30.78,30.89,35.734,0.011,0.0,1018.052,31491.948,16.0,33.255,33.235,38.76,23.0,1.0,1205.0,32510.0,16.0,35.0,34.0,1613661156.417,2021-02-18 15:12:36.417000055
28288066312,r810901-n948219,1,29.103,0.039,0.0,374.816,32135.184,16.0,29.724,29.326,34.717,0.011,0.0,1019.826,31490.174,16.0,32.19,31.259,37.72,24.0,1.0,1205.0,32510.0,16.0,33.0,32.0,1613661156.421,2021-02-18 15:12:36.421000004
28325182340,r9170217-n303509,1,209.813,88.67,59.509,6629.158,25880.842,16.0,61.155,65.135,209.698,88.737,59.572,6649.809,25860.191,16.0,61.036,65.008,256.58,95.0,64.0,6799.0,32510.0,16.0,67.0,71.0,1613437552.894,2021-02-16 01:05:52.894000053
28363238509,r6707841-n172107,1,37.631,20.214,1.479,29121.947,3388.053,16.0,33.948,31.917,38.578,23.518,1.63,31010.979,1499.021,16.0,34.812,32.918,48.37,36.0,2.0,31071.0,32510.0,16.0,36.0,34.0,1614715744.642,2021-03-02 20:09:04.641999960
28416223584,r8024255-n410412,0,196.776,81.468,54.715,6568.378,25941.622,16.0,68.102,71.734,195.401,80.853,54.348,6616.442,25893.558,16.0,68.008,71.616,251.67,94.0,63.0,6799.0,32510.0,16.0,72.0,76.0,1613533645.973,2021-02-17 03:47:25.973000050
28424533778,r9515777-n303766,0,46.936,0.0,0.0,0.0,32510.0,16.0,55.596,54.802,46.936,0.0,0.0,0.0,32510.0,16.0,55.596,54.802,50.83,0.0,0.0,0.0,32510.0,16.0,59.0,59.0,1614268975.719,2021-02-25 16:02:55.719000101
28425870419,r6727430-n948219,0,26.462,0.0,0.0,0.0,32510.0,16.0,32.0,31.0,26.462,0.0,0.0,0.0,32510.0,16.0,32.0,31.0,26.51,0.0,0.0,0.0,32510.0,16.0,32.0,31.0,1613613303.021,2021-02-18 01:55:03.020999908
28426735776,r7462820-n303766,0,28.474,0.015,0.0,21.114,32488.886,16.0,32.042,30.023,28.474,0.015,0.0,21.114,32488.886,16.0,32.042,30.023,38.24,9.0,1.0,517.0,32510.0,16.0,33.0,31.0,1613371916.561,2021-02-15 06:51:56.561000109
28428977092,r5198790-n172107,0,44.351,20.548,1.739,30396.559,2113.441,16.0,36.503,33.998,44.493,21.427,1.587,31048.106,1461.894,16.0,37.426,35.083,70.92,100.0,6.0,31071.0,32510.0,16.0,39.0,38.0,1614727598.228,2021-03-02 23:26:38.227999926
28482863636,r5198790-n772143,0,40.448,22.956,0.919,30600.52,1909.48,16.0,37.864,34.957,40.33,19.731,0.79,31054.831,1455.169,16.0,38.725,36.076,55.64,100.0,6.0,31071.0,32510.0,16.0,40.0,37.0,1614742416.616,2021-03-03 03:33:36.615999937
28516471297,r4506251-n303766,0,190.879,75.781,50.88,6645.579,25864.421,16.0,68.305,74.404,192.446,76.959,51.744,6686.232,25823.768,16.0,67.926,74.077,258.7,95.0,67.0,6807.0,32510.0,16.0,72.0,80.0,1613501299.843,2021-02-16 18:48:19.842999935
28523311721,r4144777-n303509,0,34.032,2.371,0.46,1300.472,31209.528,16.0,34.574,32.415,110.427,37.895,7.665,26198.746,6311.254,16.0,54.83,51.382,272.43,100.0,46.0,28939.0,32510.0,16.0,73.0,70.0,1614179391.41,2021-02-24 15:09:51.410000086
28524863640,r3955005-n750018,0,27.239,0.0,0.0,0.0,32510.0,16.0,33.0,30.721,65.564,33.436,19.274,26174.477,6335.523,16.0,45.341,45.425,224.2,100.0,100.0,32289.0,32510.0,16.0,53.0,61.0,1614732066.768,2021-03-03 00:41:06.767999887
28524863640,r3955005-n750018,1,26.464,0.0,0.0,0.0,32510.0,16.0,30.0,30.015,66.047,38.471,20.475,24928.921,7581.079,16.0,41.826,43.785,219.71,100.0,100.0,32465.0,32510.0,16.0,48.0,57.0,1614732066.771,2021-03-03 00:41:06.770999908
28529998855,r7462820-n410412,1,196.481,79.385,53.334,6600.344,25909.656,16.0,63.374,66.116,193.225,77.976,52.436,6624.192,25885.808,16.0,63.01,65.662,257.57,95.0,64.0,6807.0,32510.0,16.0,70.0,73.0,1613575512.109,2021-02-17 15:25:12.108999968
28615728386,r216287-n303509,1,40.607,0.0,0.0,2.308,32507.692,16.0,40.962,38.731,40.607,0.0,0.0,2.308,32507.692,16.0,40.962,38.731,44.78,0.0,0.0,4.0,32510.0,16.0,41.0,39.0,1612829810.338,2021-02-09 00:16:50.338000059
28622832879,r4506251-n410412,0,30.823,0.5,0.011,1129.468,31380.532,16.0,33.355,31.931,66.737,30.689,12.705,3992.596,28517.404,16.0,42.79,42.065,170.01,71.0,31.0,4678.0,32510.0,16.0,49.0,50.0,1613013988.018,2021-02-11 03:26:28.017999887
28633170473,r7419443-n948219,0,46.919,10.331,3.095,2351.268,30158.732,16.0,35.348,34.019,76.951,24.88,7.47,6163.433,26346.567,16.0,43.7,42.429,188.9,72.0,21.0,6233.0,32510.0,16.0,49.0,48.0,1613667219.367,2021-02-18 16:53:39.367000103
28638485628,r2684277-n948219,0,144.521,57.583,40.102,2922.227,29587.773,16.0,58.478,60.469,216.599,93.95,66.094,4771.803,27738.197,16.0,68.387,72.707,241.2,97.0,72.0,7145.0,32510.0,16.0,74.0,79.0,1614005712.637,2021-02-22 14:55:12.637000084
28649012486,r9480604-n303766,0,27.409,0.0,0.0,0.0,32510.0,16.0,31.0,29.0,27.409,0.0,0.0,0.0,32510.0,16.0,31.0,29.0,27.53,0.0,0.0,0.0,32510.0,16.0,31.0,29.0,1613438960.459,2021-02-16 01:29:20.459000111
28697107669,r7141590-n948219,0,214.501,89.267,59.655,6620.431,25889.569,16.0,68.46,73.546,212.26,88.153,58.933,6644.511,25865.489,16.0,68.324,73.334,262.15,96.0,65.0,6799.0,32510.0,16.0,72.0,77.0,1613435476.399,2021-02-16 00:31:16.398999929
28705524071,r9170217-n948219,0,148.709,59.537,39.967,6644.763,25865.237,16.0,57.351,59.912,149.722,59.453,39.954,6708.313,25801.687,16.0,59.314,62.147,245.67,96.0,69.0,6799.0,32510.0,16.0,71.0,77.0,1613460114.671,2021-02-16 07:21:54.671000004
28710850208,r4683026-n772143,0,29.869,1.027,0.218,6764.581,25745.419,16.0,30.85,28.505,29.869,1.027,0.218,6764.581,25745.419,16.0,30.85,28.505,209.82,100.0,28.0,27191.0,32510.0,16.0,38.0,32.0,1614726716.589,2021-03-02 23:11:56.588999987
28710850208,r4683026-n772143,1,35.28,1.017,0.218,7567.916,24942.084,16.0,30.405,29.824,35.28,1.017,0.218,7567.916,24942.084,16.0,30.405,29.824,207.39,100.0,28.0,28939.0,32510.0,16.0,36.0,35.0,1614726716.594,2021-03-02 23:11:56.594000101
28726749356,r4506251-n410412,1,25.962,0.0,0.0,0.0,32510.0,16.0,32.0,28.5,25.962,0.0,0.0,0.0,32510.0,16.0,32.0,28.5,26.0,0.0,0.0,0.0,32510.0,16.0,32.0,29.0,1614734566.654,2021-03-03 01:22:46.654000044
28857981900,r368967-n172107,0,25.01,0.0,0.0,0.0,32510.0,16.0,30.0,29.0,25.01,0.0,0.0,0.0,32510.0,16.0,30.0,29.0,25.1,0.0,0.0,0.0,32510.0,16.0,30.0,29.0,1614712318.226,2021-03-02 19:11:58.226000071
28857981900,r368967-n172107,1,25.731,0.0,0.0,0.0,32510.0,16.0,29.0,30.282,25.731,0.0,0.0,0.0,32510.0,16.0,29.0,30.282,25.81,0.0,0.0,0.0,32510.0,16.0,29.0,31.0,1614712318.233,2021-03-02 19:11:58.233000040
28981762402,r9170217-n172107,0,43.355,25.92,4.034,29776.529,2733.471,16.0,35.682,34.097,42.232,24.313,3.743,31028.446,1481.554,16.0,34.95,33.294,61.58,100.0,6.0,31071.0,32510.0,16.0,38.0,37.0,1614727045.57,2021-03-02 23:17:25.569999933
28998617448,r5051220-n772143,0,46.065,20.976,5.264,28888.071,3621.929,16.0,36.223,33.472,47.359,21.383,5.263,31018.84,1491.16,16.0,38.019,35.456,113.21,42.0,9.0,31071.0,32510.0,16.0,40.0,38.0,1614721838.789,2021-03-02 21:50:38.789000034
29053164122,r8024255-n410412,0,31.615,0.481,0.0,549.182,31960.818,16.0,33.936,31.325,31.128,0.491,0.0,531.222,31978.778,16.0,34.159,31.643,37.6,19.0,1.0,1045.0,32510.0,16.0,36.0,34.0,1612997292.044,2021-02-10 22:48:12.043999910
29106320443,r9170217-n303509,1,209.865,88.787,59.57,6642.887,25867.113,16.0,60.301,64.092,210.016,89.028,59.74,6662.207,25847.793,16.0,60.386,64.25,259.33,95.0,64.0,6807.0,32510.0,16.0,71.0,76.0,1613436048.808,2021-02-16 00:40:48.808000088
29133358081,r8473362-n410412,0,37.9,31.451,0.0,988.859,31521.141,16.0,36.358,33.918,38.394,32.545,0.0,1014.649,31495.351,16.0,37.359,34.908,43.95,47.0,1.0,1065.0,32510.0,16.0,40.0,37.0,1613789473.409,2021-02-20 02:51:13.408999920
29146904327,r4144777-n303509,1,28.657,0.271,0.047,150.148,32359.852,16.0,31.307,28.967,28.657,0.271,0.047,150.148,32359.852,16.0,31.307,28.967,59.83,84.0,32.0,7947.0,32510.0,16.0,34.0,32.0,1614179218.2,2021-02-24 15:06:58.200000048
29153938586,r1039410-n948219,0,25.843,0.0,0.0,0.0,32510.0,16.0,30.205,30.214,217.782,91.088,64.077,4698.023,27811.977,16.0,67.738,71.381,247.03,97.0,71.0,7145.0,32510.0,16.0,74.0,78.0,1613928464.356,2021-02-21 17:27:44.355999947
29171681026,r8141575-n303766,0,41.499,1.912,0.294,464.566,32045.434,16.0,42.526,41.987,41.499,1.912,0.294,464.566,32045.434,16.0,42.526,41.987,131.79,99.0,37.0,1493.0,32510.0,16.0,44.0,44.0,1613942526.571,2021-02-21 21:22:06.571000099
29178402527,r6707841-n200569,1,26.643,0.0,0.0,0.0,32510.0,16.0,29.0,29.0,26.643,0.0,0.0,0.0,32510.0,16.0,29.0,29.0,26.75,0.0,0.0,0.0,32510.0,16.0,29.0,29.0,1614718322.5,2021-03-02 20:52:02.500000000
29199310364,r7753495-n948219,1,62.362,32.516,8.418,1414.817,31095.183,16.0,36.586,33.002,66.07,37.436,9.481,1532.835,30977.165,16.0,39.217,35.904,141.81,53.0,14.0,1539.0,32510.0,16.0,41.0,38.0,1613245591.066,2021-02-13 19:46:31.065999985
29221387451,r9170217-n948219,0,27.728,0.0,0.0,0.0,32510.0,16.0,34.0,33.0,27.728,0.0,0.0,0.0,32510.0,16.0,34.0,33.0,27.88,0.0,0.0,0.0,32510.0,16.0,34.0,33.0,1613429342.848,2021-02-15 22:49:02.848000050
29267713431,r492024-n303766,0,208.126,88.334,59.29,6622.623,25887.377,16.0,68.399,73.095,207.915,88.297,59.285,6646.896,25863.104,16.0,68.367,73.061,249.8,94.0,64.0,6799.0,32510.0,16.0,72.0,76.0,1613438656.314,2021-02-16 01:24:16.313999891
29322877778,r492024-n303766,0,210.86,89.636,60.276,6637.884,25872.116,16.0,68.379,73.369,209.242,88.823,59.741,6658.513,25851.487,16.0,68.319,73.267,250.46,97.0,64.0,6799.0,32510.0,16.0,72.0,77.0,1613433236.047,2021-02-15 23:53:56.046999931
29378786542,r974863-n410412,0,215.762,90.618,60.691,6633.129,25876.871,16.0,68.541,73.672,213.622,89.481,59.993,6654.964,25855.036,16.0,68.355,73.432,261.93,96.0,65.0,6793.0,32510.0,16.0,72.0,77.0,1613453139.444,2021-02-16 05:25:39.444000006
29400734412,r44132-n303766,0,26.819,0.0,0.0,0.0,32510.0,16.0,39.691,39.217,26.795,0.0,0.0,0.0,32510.0,16.0,39.565,39.051,28.29,0.0,0.0,0.0,32510.0,16.0,46.0,46.0,1613469454.598,2021-02-16 09:57:34.598000050
29409089616,r8473362-n410412,0,47.768,12.559,3.317,1046.554,31463.446,16.0,40.276,38.2,61.986,29.578,7.915,1088.773,31421.227,16.0,44.533,42.968,104.44,43.0,12.0,1093.0,32510.0,16.0,49.0,48.0,1613794702.55,2021-02-20 04:18:22.549999952
29451697496,r6727430-n948219,0,198.553,83.419,55.978,6525.685,25984.315,16.0,66.311,71.092,197.802,82.99,55.747,6578.029,25931.971,16.0,66.679,71.532,250.2,94.0,64.0,6799.0,32510.0,16.0,72.0,78.0,1613652517.291,2021-02-18 12:48:37.290999889
29454224193,r3974592-n303509,1,24.817,0.0,0.0,3.957,32506.043,16.0,28.0,26.983,24.817,0.0,0.0,3.957,32506.043,16.0,28.0,26.983,25.14,0.0,0.0,4.0,32510.0,16.0,28.0,27.0,1613288453.087,2021-02-14 07:40:53.086999893
29456644149,r4506251-n410412,0,30.129,1.051,0.008,859.045,31650.955,16.0,31.862,30.537,36.78,3.318,0.002,2940.011,29569.989,16.0,34.632,32.906,40.59,38.0,1.0,3635.0,32510.0,16.0,36.0,34.0,1612963763.663,2021-02-10 13:29:23.663000107
29459810629,r8275852-n410412,0,35.815,10.312,0.702,18548.279,13961.721,16.0,33.46,34.518,40.447,15.078,0.996,30515.534,1994.466,16.0,35.071,35.984,44.56,27.0,2.0,30709.0,32510.0,16.0,38.0,39.0,1614379741.814,2021-02-26 22:49:01.813999891
29468815065,r3974592-n303509,1,24.815,0.0,0.0,3.926,32506.074,16.0,28.0,26.914,24.815,0.0,0.0,3.926,32506.074,16.0,28.0,26.914,25.1,0.0,0.0,4.0,32510.0,16.0,28.0,27.0,1613288767.542,2021-02-14 07:46:07.542000055
29482804328,r5179276-n948219,0,208.757,89.906,60.442,6645.026,25864.974,16.0,68.635,77.061,206.52,88.651,59.661,6663.936,25846.064,16.0,68.421,76.732,245.63,95.0,65.0,6799.0,32510.0,16.0,72.0,81.0,1613575429.692,2021-02-17 15:23:49.691999912
29491024449,r7141590-n303509,0,26.883,0.0,0.0,0.0,32510.0,16.0,39.0,38.0,26.883,0.0,0.0,0.0,32510.0,16.0,39.0,38.0,27.17,0.0,0.0,0.0,32510.0,16.0,39.0,38.0,1613144046.232,2021-02-12 15:34:06.232000113
29495357384,r8275852-n303766,0,202.562,88.762,59.744,6645.122,25864.878,16.0,67.036,70.735,201.018,87.945,59.222,6657.947,25852.053,16.0,67.144,70.851,243.57,95.0,65.0,6807.0,32510.0,16.0,73.0,78.0,1613667303.808,2021-02-18 16:55:03.808000088
29517874401,r7419443-n948219,0,98.191,37.92,25.879,1349.186,31160.814,16.0,40.717,41.546,213.183,94.539,65.304,3240.675,29269.325,16.0,67.485,73.916,236.47,99.0,70.0,7145.0,32510.0,16.0,73.0,80.0,1614248258.4,2021-02-25 10:17:38.400000095
29533769850,r7419443-n948219,0,27.327,0.0,0.0,0.0,32510.0,16.0,32.0,30.0,27.327,0.0,0.0,0.0,32510.0,16.0,32.0,30.0,27.39,0.0,0.0,0.0,32510.0,16.0,32.0,30.0,1613934606.196,2021-02-21 19:10:06.196000099
29540871432,r4506251-n410412,0,25.989,0.0,0.0,0.0,32510.0,16.0,31.0,30.0,25.996,0.0,0.0,0.294,32509.706,16.0,31.0,30.0,26.12,0.0,0.0,4.0,32510.0,16.0,31.0,30.0,1614735079.562,2021-03-03 01:31:19.562000036
29541963703,r9170217-n303509,1,209.971,88.688,59.494,6631.29,25878.71,16.0,61.32,65.45,209.822,88.713,59.531,6651.448,25858.552,16.0,61.168,65.273,256.73,95.0,65.0,6799.0,32510.0,16.0,67.0,71.0,1613436398.84,2021-02-16 00:46:38.839999914
29579533175,r216287-n303509,1,27.472,0.0,0.0,1.818,32508.182,16.0,36.788,35.0,27.472,0.0,0.0,1.818,32508.182,16.0,36.788,35.0,27.62,0.0,0.0,4.0,32510.0,16.0,37.0,35.0,1612829839.319,2021-02-09 00:17:19.319000006
29581382560,r4099734-n172107,0,45.986,24.445,3.901,30438.918,2071.082,16.0,37.845,35.949,45.165,22.344,3.552,31051.87,1458.13,16.0,38.828,36.903,94.95,100.0,6.0,31071.0,32510.0,16.0,40.0,39.0,1614727477.908,2021-03-02 23:24:37.907999992
29582558715,r9170217-n948219,0,27.851,0.0,0.0,0.0,32510.0,16.0,35.0,33.737,27.851,0.0,0.0,0.0,32510.0,16.0,35.0,33.737,27.99,0.0,0.0,0.0,32510.0,16.0,35.0,34.0,1613429320.862,2021-02-15 22:48:40.861999989
29600072374,r8275852-n303766,0,26.02,0.0,0.0,0.0,32510.0,16.0,31.865,31.945,26.02,0.0,0.0,0.0,32510.0,16.0,31.865,31.945,26.12,0.0,0.0,0.0,32510.0,16.0,32.0,32.0,1614758538.295,2021-03-03 08:02:18.295000076
29600072374,r8275852-n303766,1,27.587,0.0,0.0,0.0,32510.0,16.0,32.0,28.002,27.587,0.0,0.0,0.0,32510.0,16.0,32.0,28.002,27.63,0.0,0.0,0.0,32510.0,16.0,32.0,29.0,1614758538.299,2021-03-03 08:02:18.299000025
29605406853,r414303-n303509,0,27.143,0.0,0.0,0.0,32510.0,16.0,34.091,34.318,27.143,0.0,0.0,0.0,32510.0,16.0,34.091,34.318,27.3,0.0,0.0,0.0,32510.0,16.0,35.0,35.0,1613429342.83,2021-02-15 22:49:02.829999924
29630941748,r8972851-n303509,0,191.054,76.903,51.588,6440.423,26069.577,16.0,67.513,71.912,190.601,76.713,51.512,6533.767,25976.233,16.0,67.608,72.017,249.61,94.0,63.0,6807.0,32510.0,16.0,71.0,77.0,1613598968.947,2021-02-17 21:56:08.947000027
29646209823,r414303-n303509,0,29.07,0.0,0.0,0.0,32510.0,16.0,43.0,44.652,29.07,0.0,0.0,0.0,32510.0,16.0,43.0,44.652,29.14,0.0,0.0,0.0,32510.0,16.0,43.0,45.0,1613429086.98,2021-02-15 22:44:46.980000019
29707875760,r7419443-n772143,0,69.685,21.953,12.845,4713.934,27796.066,16.0,38.799,37.6,90.485,28.54,17.279,9009.914,23500.086,16.0,51.474,50.436,250.55,100.0,69.0,10147.0,32510.0,16.0,73.0,76.0,1614725775.012,2021-03-02 22:56:15.012000084
29707875760,r7419443-n772143,1,68.254,27.189,13.163,4041.322,28468.678,16.0,36.323,35.799,85.654,35.94,17.611,9299.42,23210.58,16.0,45.488,45.997,228.24,100.0,69.0,9577.0,32510.0,16.0,64.0,70.0,1614725775.015,2021-03-02 22:56:15.015000105
29721660924,r7462820-n303766,0,29.41,0.734,0.208,136.622,32373.378,16.0,32.085,30.065,82.041,27.623,8.295,5645.006,26864.994,16.0,46.581,44.776,191.04,65.0,20.0,6233.0,32510.0,16.0,51.0,50.0,1613646905.239,2021-02-18 11:15:05.239000082
29726716448,r7141590-n303509,0,26.858,0.0,0.0,0.0,32510.0,16.0,39.0,38.0,26.858,0.0,0.0,0.0,32510.0,16.0,39.0,38.0,27.03,0.0,0.0,0.0,32510.0,16.0,39.0,38.0,1613145031.674,2021-02-12 15:50:31.674000025
29750846903,r7141590-n303509,0,186.034,73.404,48.91,6472.727,26037.273,16.0,66.421,67.651,185.987,73.173,48.797,6567.771,25942.229,16.0,66.839,68.122,266.19,95.0,64.0,6801.0,32510.0,16.0,73.0,75.0,1613484475.742,2021-02-16 14:07:55.742000103
29764026167,r7462820-n303766,0,38.157,2.468,0.447,889.416,31620.584,16.0,34.238,31.847,58.665,30.278,6.084,1080.724,31429.276,16.0,39.657,38.153,112.59,47.0,11.0,1093.0,32510.0,16.0,41.0,40.0,1613281680.491,2021-02-14 05:48:00.490999937
29767194276,r7462820-n410412,0,193.915,78.928,52.971,6625.262,25884.738,16.0,67.589,73.093,196.121,80.276,53.923,6662.093,25847.907,16.0,67.71,73.367,253.39,94.0,65.0,6799.0,32510.0,16.0,71.0,78.0,1613584298.416,2021-02-17 17:51:38.415999889
29809923185,r8024255-n303766,0,33.847,0.349,0.013,618.367,31891.633,16.0,34.785,32.367,55.558,28.084,5.107,1080.223,31429.777,16.0,40.718,38.432,93.54,47.0,9.0,1093.0,32510.0,16.0,43.0,41.0,1614453622.354,2021-02-27 19:20:22.354000092
29814388896,r2684277-n948219,0,103.525,41.043,27.261,1255.91,31254.09,16.0,43.392,43.57,208.17,93.902,62.977,2819.366,29690.634,16.0,67.875,72.026,235.44,98.0,69.0,4279.0,32510.0,16.0,74.0,78.0,1613993645.374,2021-02-22 11:34:05.374000072
29870200355,r974863-n410412,0,26.081,0.0,0.0,2.864,32507.136,16.0,37.0,37.0,26.081,0.0,0.0,2.864,32507.136,16.0,37.0,37.0,26.43,0.0,0.0,4.0,32510.0,16.0,37.0,37.0,1613011687.366,2021-02-11 02:48:07.365999937
29871897966,r2215649-n303766,0,25.191,0.0,0.0,0.0,32510.0,16.0,32.0,29.72,25.191,0.0,0.0,0.0,32510.0,16.0,32.0,29.72,25.33,0.0,0.0,0.0,32510.0,16.0,32.0,30.0,1614369542.559,2021-02-26 19:59:02.559000015
29942676479,r4144777-n172107,0,29.043,0.0,0.0,0.0,32510.0,16.0,31.011,29.877,29.586,0.0,0.0,0.0,32510.0,16.0,33.297,31.465,30.29,0.0,0.0,0.0,32510.0,16.0,35.0,34.0,1614729061.638,2021-03-02 23:51:01.638000011
29948593221,r9170217-n948219,0,72.329,23.517,5.594,2465.971,30044.029,16.0,40.498,38.416,76.922,26.407,6.334,3188.076,29321.924,16.0,44.704,42.805,198.32,98.0,26.0,3463.0,32510.0,16.0,62.0,62.0,1613301154.756,2021-02-14 11:12:34.756000042
29967307549,r9170217-n303509,0,197.687,82.762,55.479,6279.551,26230.449,16.0,64.041,65.359,200.515,84.057,56.364,6374.012,26135.988,16.0,64.798,66.246,255.07,94.0,64.0,6793.0,32510.0,16.0,73.0,75.0,1613435417.975,2021-02-16 00:30:17.974999905
29969372480,r810901-n303509,0,32.023,1.0,0.305,9643.142,22866.858,16.0,33.702,32.708,36.795,3.016,1.284,18378.906,14131.094,16.0,34.26,33.279,194.1,100.0,60.0,31079.0,32510.0,16.0,43.0,47.0,1612957428.364,2021-02-10 11:43:48.364000082
29982965837,r2215649-n410412,0,39.223,10.03,3.771,1274.921,31235.079,16.0,33.53,31.212,98.618,40.02,27.85,9669.822,22840.178,16.0,55.379,55.348,251.14,100.0,74.0,18973.0,32510.0,16.0,73.0,76.0,1613315074.763,2021-02-14 15:04:34.763000011
29982965837,r2215649-n410412,1,40.236,11.44,4.069,1374.943,31135.057,16.0,33.498,30.503,98.534,45.127,28.093,11630.046,20879.954,16.0,52.307,51.66,249.71,100.0,74.0,32473.0,32510.0,16.0,68.0,71.0,1613315074.764,2021-02-14 15:04:34.763999939
30036170346,r810901-n303509,0,31.709,0.374,0.015,584.095,31925.905,16.0,33.339,32.139,68.312,37.0,10.587,1661.562,30848.438,16.0,44.871,45.049,114.65,51.0,15.0,1671.0,32510.0,16.0,47.0,48.0,1613069831.642,2021-02-11 18:57:11.641999960
30043562181,r8972851-n303509,0,197.385,81.16,54.413,6551.453,25958.547,16.0,67.419,72.065,196.268,80.604,54.056,6598.681,25911.319,16.0,67.453,72.096,250.6,94.0,63.0,6799.0,32510.0,16.0,72.0,77.0,1613604013.158,2021-02-17 23:20:13.157999992
30060978218,r44132-n410412,0,39.188,2.92,0.553,831.832,31678.168,16.0,38.026,36.191,63.406,35.373,6.883,1073.452,31436.548,16.0,44.195,43.003,114.53,51.0,11.0,1093.0,32510.0,16.0,46.0,46.0,1613285972.128,2021-02-14 06:59:32.128000020
30064154216,r492024-n303766,0,188.76,78.153,52.524,6609.228,25900.772,16.0,65.868,69.86,190.729,79.26,53.278,6649.035,25860.965,16.0,66.306,70.428,251.09,94.0,65.0,6793.0,32510.0,16.0,72.0,78.0,1613439478.79,2021-02-16 01:37:58.789999962
30080561799,r2215649-n303766,0,27.934,0.043,0.003,2.098,32507.902,16.0,41.579,39.518,27.934,0.043,0.003,2.098,32507.902,16.0,41.579,39.518,45.41,14.0,1.0,4.0,32510.0,16.0,44.0,42.0,1613954774.044,2021-02-22 00:46:14.043999910
30118039787,r810901-n172107,1,31.24,0.052,0.001,621.643,31888.357,16.0,30.072,29.499,31.24,0.052,0.001,621.643,31888.357,16.0,30.072,29.499,36.77,20.0,1.0,1039.0,32510.0,16.0,31.0,30.0,1614718435.063,2021-03-02 20:53:55.062999964
30123493190,r5179276-n948219,0,178.605,75.469,50.723,6564.938,25945.062,16.0,61.377,65.954,177.681,74.153,49.858,6626.29,25883.71,16.0,63.017,67.683,246.11,95.0,66.0,6793.0,32510.0,16.0,72.0,79.0,1613436458.41,2021-02-16 00:47:38.410000086
30140094246,r4506251-n410412,0,68.681,33.832,8.618,1265.406,31244.594,16.0,48.99,47.868,75.789,40.417,10.148,1524.309,30985.691,16.0,51.547,50.497,157.35,55.0,15.0,1539.0,32510.0,16.0,53.0,52.0,1613245531.459,2021-02-13 19:45:31.459000111
30143420805,r810901-n772143,0,28.037,0.341,0.119,1487.728,31022.272,16.0,30.897,28.277,30.507,0.681,0.159,5543.217,26966.783,16.0,31.72,29.006,253.31,100.0,58.0,28403.0,32510.0,16.0,41.0,36.0,1614725917.566,2021-03-02 22:58:37.565999985
30143420805,r810901-n772143,1,32.099,0.499,0.152,2110.667,30399.333,16.0,29.825,28.524,34.09,0.621,0.179,6224.982,26285.018,16.0,30.555,29.204,228.2,100.0,72.0,28833.0,32510.0,16.0,40.0,39.0,1614725917.569,2021-03-02 22:58:37.569000006
30174376074,r216287-n303509,1,26.15,0.0,0.0,3.062,32506.938,16.0,29.0,27.998,26.15,0.0,0.0,3.062,32506.938,16.0,29.0,27.998,26.42,0.0,0.0,4.0,32510.0,16.0,29.0,28.0,1613099539.555,2021-02-12 03:12:19.555000067
30201327384,r7753495-n303509,0,38.027,1.971,0.079,726.813,31783.187,16.0,40.953,39.0,38.027,1.971,0.079,726.813,31783.187,16.0,40.953,39.0,41.54,28.0,3.0,1093.0,32510.0,16.0,41.0,39.0,1613372888.457,2021-02-15 07:08:08.457000017
30235084953,r6727430-n948219,0,26.518,0.0,0.0,3.083,32506.917,16.0,32.0,31.0,26.518,0.0,0.0,3.083,32506.917,16.0,32.0,31.0,26.64,0.0,0.0,4.0,32510.0,16.0,32.0,31.0,1613614035.944,2021-02-18 02:07:15.944000006
30238622970,r7462820-n410412,1,196.374,79.626,53.527,6501.752,26008.248,16.0,65.303,68.135,195.435,79.072,53.156,6566.516,25943.484,16.0,65.896,68.7,260.95,93.0,63.0,6793.0,32510.0,16.0,72.0,75.0,1613573895.574,2021-02-17 14:58:15.573999882
30262628918,r7141590-n948219,0,213.934,88.836,59.417,6622.446,25887.554,16.0,68.512,73.576,214.135,89.082,59.599,6644.766,25865.234,16.0,68.501,73.584,262.6,95.0,65.0,6801.0,32510.0,16.0,72.0,77.0,1613439344.409,2021-02-16 01:35:44.408999920
30263731162,r5179276-n948219,0,208.223,89.735,60.2,6645.025,25864.975,16.0,68.588,76.082,206.006,88.719,59.561,6647.509,25862.491,16.0,68.375,75.798,246.65,100.0,65.0,6799.0,32510.0,16.0,72.0,80.0,1613580510.008,2021-02-17 16:48:30.007999897
30265454184,r1039410-n948219,0,68.673,27.554,3.813,1280.797,31229.203,16.0,45.277,43.485,68.356,27.271,3.753,1305.15,31204.85,16.0,45.053,43.308,125.9,91.0,13.0,1315.0,32510.0,16.0,47.0,45.0,1613861911.129,2021-02-20 22:58:31.128999949
30340973984,r810901-n303509,0,46.659,19.851,5.957,13436.134,19073.866,16.0,35.531,34.953,54.809,24.336,7.198,29269.571,3240.429,16.0,41.085,41.051,148.92,100.0,83.0,29425.0,32510.0,16.0,45.0,51.0,1612804321.774,2021-02-08 17:12:01.773999929
30340973984,r810901-n303509,1,46.949,20.483,5.923,13681.922,18828.078,16.0,34.585,34.868,58.022,30.24,9.071,29577.421,2932.579,16.0,41.305,42.087,156.83,100.0,84.0,29735.0,32510.0,16.0,45.0,52.0,1612804321.778,2021-02-08 17:12:01.778000116
30349716926,r7269000-n303509,0,216.629,90.849,60.859,6635.903,25874.097,16.0,68.466,73.497,213.867,89.404,59.946,6659.185,25850.815,16.0,68.289,73.215,254.1,95.0,68.0,6807.0,32510.0,16.0,72.0,77.0,1613588458.418,2021-02-17 19:00:58.417999983
30412526911,r7462820-n410412,0,210.445,88.449,59.369,6634.222,25875.778,16.0,68.231,74.461,208.597,87.535,58.82,6656.552,25853.448,16.0,68.141,74.308,251.79,95.0,64.0,6799.0,32510.0,16.0,70.0,77.0,1613583210.358,2021-02-17 17:33:30.358000040
30429096524,r4099734-n172107,1,44.116,25.855,1.759,30408.111,2101.889,16.0,36.842,35.025,43.658,22.879,1.563,31050.348,1459.652,16.0,36.911,35.112,73.4,100.0,6.0,31071.0,32510.0,16.0,38.0,36.0,1614733560.656,2021-03-03 01:06:00.655999899
30454267658,r6727430-n303509,0,26.514,0.0,0.0,0.0,32510.0,16.0,32.506,29.485,26.572,0.0,0.0,0.0,32510.0,16.0,32.802,29.843,26.78,0.0,0.0,0.0,32510.0,16.0,33.0,31.0,1614714260.843,2021-03-02 19:44:20.842999935
30454267658,r6727430-n303509,1,24.297,0.0,0.0,0.0,32510.0,16.0,28.605,28.485,24.318,0.0,0.0,0.0,32510.0,16.0,28.78,28.736,24.58,0.0,0.0,0.0,32510.0,16.0,29.0,29.0,1614714260.848,2021-03-02 19:44:20.848000050
30504671256,r4506251-n410412,0,25.662,0.0,0.0,2.282,32507.718,16.0,31.0,29.992,25.662,0.0,0.0,2.282,32507.718,16.0,31.0,29.992,25.81,0.0,0.0,4.0,32510.0,16.0,31.0,30.0,1613392468.432,2021-02-15 12:34:28.431999922
30526518609,r4144777-n303509,0,27.984,0.225,0.046,155.832,32354.168,16.0,32.291,30.587,27.984,0.225,0.046,155.832,32354.168,16.0,32.291,30.587,154.12,43.0,32.0,7947.0,32510.0,16.0,35.0,34.0,1614179218.2,2021-02-24 15:06:58.200000048
30550119697,r5198790-n172107,1,38.62,21.753,0.838,29036.26,3473.74,16.0,32.94,32.012,39.416,21.074,0.825,30997.269,1512.731,16.0,34.173,33.269,51.72,30.0,2.0,31071.0,32510.0,16.0,35.0,35.0,1614715475.737,2021-03-02 20:04:35.736999989
30607885277,r9170217-n303509,0,36.241,1.527,0.203,782.214,31727.786,16.0,36.003,32.42,54.678,30.607,4.895,1075.374,31434.626,16.0,41.323,37.473,98.85,47.0,9.0,1093.0,32510.0,16.0,44.0,41.0,1613333323.905,2021-02-14 20:08:43.904999971
30647312892,r8024255-n410412,0,195.045,80.035,53.696,6576.588,25933.412,16.0,67.936,71.527,192.89,78.998,53.021,6618.447,25891.553,16.0,67.74,71.288,255.05,95.0,64.0,6807.0,32510.0,16.0,71.0,76.0,1613537199.645,2021-02-17 04:46:39.644999981
30689530449,r974863-n410412,0,26.089,0.0,0.0,2.984,32507.016,16.0,37.0,37.0,26.089,0.0,0.0,2.984,32507.016,16.0,37.0,37.0,26.31,0.0,0.0,4.0,32510.0,16.0,37.0,37.0,1613011748.905,2021-02-11 02:49:08.904999971
30719367919,r7462820-n303766,0,212.355,90.67,60.874,6648.097,25861.903,16.0,68.569,73.948,210.866,89.935,60.428,6665.411,25844.589,16.0,68.505,73.8,249.26,95.0,66.0,6801.0,32510.0,16.0,72.0,78.0,1613653912.66,2021-02-18 13:11:52.660000086
30763608010,r9480604-n410412,1,24.278,0.0,0.0,0.0,32510.0,16.0,29.0,27.0,24.278,0.0,0.0,0.0,32510.0,16.0,29.0,27.0,24.4,0.0,0.0,0.0,32510.0,16.0,29.0,27.0,1614734934.16,2021-03-03 01:28:54.160000086
30776451295,r8972851-n303509,0,196.247,80.148,53.725,6471.056,26038.944,16.0,67.663,72.266,194.195,79.482,53.299,6535.535,25974.465,16.0,67.654,72.259,249.46,94.0,63.0,6793.0,32510.0,16.0,71.0,77.0,1613591735.095,2021-02-17 19:55:35.095000029
30783081320,r7269000-n303509,0,216.296,90.562,60.68,6637.956,25872.044,16.0,68.083,73.16,213.01,88.79,59.544,6660.39,25849.61,16.0,67.91,72.873,253.75,95.0,67.0,6799.0,32510.0,16.0,71.0,76.0,1613576189.045,2021-02-17 15:36:29.045000076
30795833154,r9659953-n172107,0,53.669,24.714,5.746,30472.166,2037.834,16.0,38.369,38.38,51.129,23.687,5.503,31056.696,1453.304,16.0,37.895,37.913,117.48,100.0,10.0,31071.0,32510.0,16.0,39.0,40.0,1614726246.795,2021-03-02 23:04:06.795000076
30805359001,r9480604-n303766,0,70.764,31.981,4.408,1257.815,31252.185,16.0,43.862,41.341,70.764,31.981,4.408,1257.815,31252.185,16.0,43.862,41.341,121.29,90.0,13.0,1315.0,32510.0,16.0,45.0,43.0,1613795348.867,2021-02-20 04:29:08.867000103
30834867273,r8473362-n410412,0,26.695,0.0,0.0,0.29,32509.71,16.0,31.545,29.657,26.802,0.0,0.0,0.015,32509.985,16.0,32.088,30.162,27.09,0.0,0.0,4.0,32510.0,16.0,33.0,31.0,1612988828.645,2021-02-10 20:27:08.644999981
30834867273,r8473362-n410412,1,26.697,0.057,0.001,71.625,32438.375,16.0,31.002,29.69,25.935,0.004,0.0,3.967,32506.033,16.0,31.967,30.378,37.48,23.0,1.0,1179.0,32510.0,16.0,34.0,32.0,1612988828.648,2021-02-10 20:27:08.648000002
30856763377,r414303-n303509,0,27.082,0.0,0.0,0.0,32510.0,16.0,34.0,34.0,27.082,0.0,0.0,0.0,32510.0,16.0,34.0,34.0,27.2,0.0,0.0,0.0,32510.0,16.0,34.0,34.0,1613429361.558,2021-02-15 22:49:21.558000088
30893729795,r810901-n303509,0,59.259,13.993,8.557,29477.415,3032.585,16.0,40.839,40.638,48.3,6.91,3.717,30476.02,2033.98,16.0,38.019,37.33,223.48,100.0,76.0,31021.0,32510.0,16.0,45.0,50.0,1612836760.566,2021-02-09 02:12:40.565999985
30909748221,r8024255-n410412,1,25.452,0.0,0.0,0.0,32510.0,16.0,31.0,30.0,25.452,0.0,0.0,0.0,32510.0,16.0,31.0,30.0,25.47,0.0,0.0,0.0,32510.0,16.0,31.0,30.0,1614734566.682,2021-03-03 01:22:46.681999922
30930191664,r8972851-n948219,0,215.813,90.55,60.569,6615.034,25894.966,16.0,68.104,72.271,212.56,88.772,59.405,6623.6,25886.4,16.0,67.907,71.989,258.62,96.0,70.0,6799.0,32510.0,16.0,70.0,75.0,1613522407.661,2021-02-17 00:40:07.661000013
30931221779,r8972851-n303509,0,196.945,81.307,54.436,6492.897,26017.103,16.0,66.973,71.589,196.226,80.771,54.14,6559.328,25950.672,16.0,67.173,71.768,250.9,95.0,64.0,6801.0,32510.0,16.0,72.0,77.0,1613607265.941,2021-02-18 00:14:25.940999985
30965434189,r8972851-n948219,0,175.284,67.788,45.379,6649.755,25860.245,16.0,65.89,68.728,165.856,62.695,42.035,6709.567,25800.433,16.0,65.344,67.88,259.28,96.0,66.0,6801.0,32510.0,16.0,71.0,76.0,1613525356.693,2021-02-17 01:29:16.693000078
31007039776,r974863-n410412,0,37.204,5.018,0.624,1929.214,30580.786,16.0,36.497,35.677,70.99,36.325,14.518,2622.069,29887.931,16.0,42.931,43.35,127.01,53.0,22.0,2695.0,32510.0,16.0,47.0,48.0,1613433828.926,2021-02-16 00:03:48.926000118
31029210091,r7419443-n948219,1,25.921,0.0,0.0,0.075,32509.925,16.0,29.012,27.0,172.863,80.435,48.142,3933.708,28576.292,16.0,59.143,70.3,245.68,100.0,61.0,5895.0,32510.0,16.0,71.0,86.0,1613926509.0,2021-02-21 16:55:09.000000000
31040229835,r492024-n303766,0,205.857,87.151,58.61,6615.291,25894.709,16.0,68.13,72.839,206.32,87.44,58.816,6639.384,25870.616,16.0,68.173,72.9,249.34,95.0,65.0,6793.0,32510.0,16.0,71.0,76.0,1613437210.02,2021-02-16 01:00:10.019999981
31054162297,r6727430-n948219,0,26.48,0.0,0.0,0.0,32510.0,16.0,32.0,31.0,26.48,0.0,0.0,0.0,32510.0,16.0,32.0,31.0,26.51,0.0,0.0,0.0,32510.0,16.0,32.0,31.0,1613613185.276,2021-02-18 01:53:05.276000023
31082443875,r7269000-n303509,0,198.69,80.507,53.864,6644.006,25865.994,16.0,67.416,71.615,187.242,73.999,49.574,6686.387,25823.613,16.0,66.493,70.18,255.41,100.0,67.0,6799.0,32510.0,16.0,72.0,78.0,1613584510.6,2021-02-17 17:55:10.599999905
31086945199,r7141590-n948219,0,211.753,88.329,59.158,6625.645,25884.355,16.0,65.747,70.779,210.325,87.501,58.661,6651.782,25858.218,16.0,66.051,71.084,262.54,95.0,66.0,6807.0,32510.0,16.0,73.0,79.0,1613446291.959,2021-02-16 03:31:31.959000111
31108880177,r2215649-n410412,0,42.919,27.897,0.001,1008.12,31501.88,16.0,37.951,34.659,42.919,27.897,0.001,1008.12,31501.88,16.0,37.951,34.659,45.08,48.0,1.0,1065.0,32510.0,16.0,39.0,36.0,1614114421.515,2021-02-23 21:07:01.515000105
31142623505,r492024-n410412,0,58.007,21.616,2.964,943.146,31566.854,16.0,38.099,36.147,68.064,27.459,3.779,1209.89,31300.11,16.0,43.907,42.08,124.61,90.0,13.0,1315.0,32510.0,16.0,48.0,46.0,1613860401.405,2021-02-20 22:33:21.404999971
31153613106,r6959555-n772143,0,26.299,0.0,0.0,0.0,32510.0,16.0,31.0,30.001,26.284,0.0,0.0,0.0,32510.0,16.0,31.497,30.351,26.64,0.0,0.0,0.0,32510.0,16.0,33.0,32.0,1614717433.661,2021-03-02 20:37:13.661000013
31153613106,r6959555-n772143,1,25.409,0.0,0.0,0.0,32510.0,16.0,30.982,28.333,25.383,0.0,0.0,0.0,32510.0,16.0,30.649,28.563,25.71,0.0,0.0,0.0,32510.0,16.0,32.0,30.0,1614717433.669,2021-03-02 20:37:13.668999910
31156789660,r44132-n303766,0,210.699,88.754,59.513,6629.66,25880.34,16.0,68.503,75.738,208.528,87.82,58.937,6652.693,25857.307,16.0,68.347,75.524,252.26,96.0,64.0,6799.0,32510.0,16.0,72.0,80.0,1613467436.613,2021-02-16 09:23:56.612999916
31168093032,r6727430-n948219,0,26.926,0.083,0.0,38.286,32471.714,16.0,32.041,31.0,26.926,0.083,0.0,38.286,32471.714,16.0,32.041,31.0,38.42,7.0,0.0,1295.0,32510.0,16.0,33.0,31.0,1613613612.553,2021-02-18 02:00:12.552999973
31173488735,r7317916-n772143,1,24.667,0.0,0.0,0.0,32510.0,16.0,29.0,28.0,24.667,0.0,0.0,0.0,32510.0,16.0,29.0,28.0,24.71,0.0,0.0,0.0,32510.0,16.0,29.0,28.0,1614725703.539,2021-03-02 22:55:03.539000034
31199178581,r7753495-n200569,0,30.329,0.457,0.006,605.597,31904.403,16.0,29.409,28.02,30.329,0.457,0.006,605.597,31904.403,16.0,29.409,28.02,38.57,36.0,1.0,2753.0,32510.0,16.0,31.0,29.0,1614738967.925,2021-03-03 02:36:07.924999952
31205473024,r216287-n303509,1,26.999,0.0,0.0,2.37,32507.63,16.0,34.074,33.0,26.999,0.0,0.0,2.37,32507.63,16.0,34.074,33.0,27.2,0.0,0.0,4.0,32510.0,16.0,35.0,33.0,1612829870.609,2021-02-09 00:17:50.608999968
31211855224,r6707841-n772143,1,41.52,24.86,1.742,30461.689,2048.311,16.0,35.786,30.992,41.333,22.144,1.497,31052.529,1457.471,16.0,36.687,32.233,71.02,100.0,6.0,31071.0,32510.0,16.0,38.0,34.0,1614740761.736,2021-03-03 03:06:01.736000061
31222686064,r2684277-n948219,0,69.866,21.595,17.678,23844.171,8665.829,16.0,40.144,39.743,86.122,32.283,26.726,30644.165,1865.835,16.0,47.615,47.977,205.31,100.0,93.0,30811.0,32510.0,16.0,51.0,56.0,1613259640.088,2021-02-13 23:40:40.088000059
31234932262,r9988778-n303766,0,73.071,34.563,14.799,4018.07,28491.93,16.0,40.854,42.13,117.503,62.728,27.565,7852.694,24657.306,16.0,55.767,58.18,216.19,100.0,54.0,8185.0,32510.0,16.0,62.0,66.0,1613393816.368,2021-02-15 12:56:56.368000031
31302423456,r3974592-n303509,0,36.548,5.552,2.985,1722.614,30787.386,16.0,36.419,35.323,51.004,18.799,7.812,3400.308,29109.692,16.0,38.547,37.257,166.53,90.0,34.0,8044.0,32510.0,16.0,48.0,48.0,1613060115.023,2021-02-11 16:15:15.023000002
31302423456,r3974592-n303509,1,29.641,0.037,0.0,430.097,32079.903,16.0,28.902,27.527,37.451,0.002,0.0,1178.922,31331.078,16.0,32.043,30.183,38.03,23.0,1.0,1205.0,32510.0,16.0,33.0,31.0,1613060115.027,2021-02-11 16:15:15.026999950
31335281245,r7753495-n303509,0,36.016,0.435,0.015,1079.361,31430.639,16.0,39.431,37.544,65.55,38.119,9.479,1572.603,30937.397,16.0,47.05,45.517,130.43,60.0,18.0,1605.0,32510.0,16.0,49.0,48.0,1613338715.831,2021-02-14 21:38:35.831000090
31344642376,r4506251-n410412,0,25.99,0.0,0.0,0.0,32510.0,16.0,31.0,30.0,25.99,0.0,0.0,0.0,32510.0,16.0,31.0,30.0,25.99,0.0,0.0,0.0,32510.0,16.0,31.0,30.0,1614734668.931,2021-03-03 01:24:28.930999994
31365572116,r6727430-n172107,0,25.745,0.0,0.0,0.0,32510.0,16.0,34.0,30.953,25.425,0.0,0.0,0.0,32510.0,16.0,32.342,28.809,25.91,0.0,0.0,0.0,32510.0,16.0,35.0,31.0,1614717433.65,2021-03-02 20:37:13.650000095
31365572116,r6727430-n172107,1,25.202,0.0,0.0,0.0,32510.0,16.0,30.585,29.0,24.88,0.0,0.0,0.0,32510.0,16.0,28.543,26.777,25.39,0.0,0.0,0.0,32510.0,16.0,31.0,30.0,1614717433.653,2021-03-02 20:37:13.653000116
31397501566,r8532701-n772143,1,37.209,22.304,0.838,28843.588,3666.412,16.0,34.828,30.131,37.989,21.643,0.817,31000.949,1509.051,16.0,35.711,31.102,52.26,100.0,6.0,31071.0,32510.0,16.0,37.0,33.0,1614721838.786,2021-03-02 21:50:38.786000013
31399147989,r4506251-n303766,0,213.178,89.303,59.983,6622.669,25887.331,16.0,67.962,74.806,209.125,87.168,58.587,6621.872,25888.128,16.0,67.745,74.521,255.83,97.0,65.0,6799.0,32510.0,16.0,71.0,79.0,1613502201.799,2021-02-16 19:03:21.799000025
31402513783,r9648383-n303766,0,26.342,0.0,0.0,0.0,32510.0,16.0,31.875,30.0,26.37,0.0,0.0,0.0,32510.0,16.0,31.997,30.337,26.61,0.0,0.0,0.0,32510.0,16.0,32.0,31.0,1614274922.472,2021-02-25 17:42:02.471999884
31424821447,r7141590-n948219,0,25.936,0.0,0.0,0.0,32510.0,16.0,36.0,34.361,79.444,43.41,12.163,1510.035,30999.965,16.0,51.689,50.844,137.59,59.0,18.0,1605.0,32510.0,16.0,55.0,54.0,1613401919.61,2021-02-15 15:11:59.609999895
31426800055,r6727430-n948219,0,189.922,79.302,53.231,6525.022,25984.978,16.0,65.166,69.63,190.238,79.393,53.32,6578.719,25931.281,16.0,65.667,70.213,246.16,94.0,63.0,6799.0,32510.0,16.0,69.0,74.0,1613652119.945,2021-02-18 12:41:59.944999933
31429917866,r7317916-n948219,0,28.406,0.177,0.0,75.546,32434.454,16.0,32.176,31.843,45.367,21.794,5.098,1578.447,30931.553,16.0,36.415,36.523,111.52,52.0,16.0,1605.0,32510.0,16.0,44.0,45.0,1613457271.012,2021-02-16 06:34:31.012000084
31470039884,r2684277-n948219,0,26.981,0.0,0.0,0.0,32510.0,16.0,34.058,33.0,26.981,0.0,0.0,0.0,32510.0,16.0,34.058,33.0,27.36,0.0,0.0,0.0,32510.0,16.0,35.0,33.0,1614085867.113,2021-02-23 13:11:07.112999916
31565727781,r414303-n172107,1,45.451,28.278,7.131,29669.933,2840.067,16.0,35.851,35.092,44.291,26.091,6.512,31034.561,1475.439,16.0,36.251,35.384,97.61,100.0,10.0,31071.0,32510.0,16.0,38.0,38.0,1614734532.029,2021-03-03 01:22:12.029000044
31622015007,r810901-n948219,0,26.09,0.0,0.0,0.001,32509.999,16.0,31.0,31.0,26.23,0.0,0.0,3.692,32506.308,16.0,31.727,31.904,27.24,0.0,0.0,4.0,32510.0,16.0,35.0,35.0,1614029400.458,2021-02-22 21:30:00.457999945
31622015007,r810901-n948219,1,25.899,0.0,0.0,0.001,32509.999,16.0,30.0,29.031,36.041,0.314,0.284,11981.136,20528.864,16.0,33.026,32.002,184.39,100.0,100.0,26172.0,32510.0,16.0,60.0,74.0,1614029400.461,2021-02-22 21:30:00.460999966
31671942407,r8972851-n303509,0,189.886,77.318,51.765,6497.978,26012.022,16.0,66.41,70.719,188.253,76.303,51.116,6569.047,25940.953,16.0,66.705,71.022,250.99,95.0,63.0,6793.0,32510.0,16.0,72.0,78.0,1613597270.449,2021-02-17 21:27:50.448999882
31731921217,r4506251-n303766,0,30.555,0.0,0.0,0.0,32510.0,16.0,39.419,40.592,30.428,0.0,0.0,0.0,32510.0,16.0,39.078,40.232,52.43,0.0,0.0,0.0,32510.0,16.0,53.0,55.0,1613469454.597,2021-02-16 09:57:34.596999884
31819871441,r2215649-n410412,0,33.494,0.407,0.061,514.722,31995.278,16.0,40.833,37.814,43.069,0.96,0.157,1349.411,31160.589,16.0,44.137,40.918,77.12,60.0,10.0,1407.0,32510.0,16.0,46.0,44.0,1613495898.4,2021-02-16 17:18:18.400000095
31822667563,r5051220-n772143,0,41.445,23.73,1.706,30267.605,2242.395,16.0,35.963,32.94,41.033,21.008,1.537,31044.361,1465.639,16.0,35.809,32.745,68.31,100.0,6.0,31071.0,32510.0,16.0,36.0,34.0,1614734467.328,2021-03-03 01:21:07.328000069
31824270204,r7753495-n303509,0,25.475,0.0,0.0,3.887,32506.113,16.0,36.161,35.0,25.475,0.0,0.0,3.89,32506.11,16.0,36.185,35.001,25.7,0.0,0.0,4.0,32510.0,16.0,37.0,36.0,1613683401.078,2021-02-18 21:23:21.078000069
31830614139,r7753495-n303509,0,25.574,0.0,0.0,3.198,32506.802,16.0,37.017,35.717,25.543,0.0,0.0,3.383,32506.617,16.0,36.806,35.526,26.2,0.0,0.0,4.0,32510.0,16.0,40.0,39.0,1613682923.571,2021-02-18 21:15:23.571000099
31862589242,r8972851-n172107,0,48.621,29.315,8.25,30600.468,1909.532,16.0,35.795,35.249,46.339,26.376,7.375,31057.17,1452.83,16.0,36.353,35.632,88.23,100.0,12.0,31071.0,32510.0,16.0,38.0,38.0,1614726911.078,2021-03-02 23:15:11.078000069
31880548558,r9170217-n172107,1,45.291,28.918,7.22,29937.511,2572.489,16.0,34.038,32.286,44.454,27.496,6.855,31040.362,1469.638,16.0,34.286,32.388,84.04,100.0,10.0,31071.0,32510.0,16.0,35.0,34.0,1614724442.445,2021-03-02 22:34:02.444999933
31976223819,r7269000-n948219,0,37.555,0.274,0.001,712.189,31797.811,16.0,40.257,38.765,53.949,21.915,5.771,1576.933,30933.067,16.0,43.166,42.03,113.06,47.0,15.0,1605.0,32510.0,16.0,46.0,45.0,1613430201.442,2021-02-15 23:03:21.441999912
32003820588,r6727430-n303509,0,27.178,0.0,0.0,3.058,32506.942,16.0,37.0,34.0,27.178,0.0,0.0,3.058,32506.942,16.0,37.0,34.0,27.36,0.0,0.0,4.0,32510.0,16.0,37.0,34.0,1613012609.18,2021-02-11 03:03:29.180000067
32044864205,r4506251-n410412,0,25.898,0.0,0.0,0.0,32510.0,16.0,31.0,30.0,25.898,0.0,0.0,0.0,32510.0,16.0,31.0,30.0,26.01,0.0,0.0,0.0,32510.0,16.0,31.0,30.0,1613388614.734,2021-02-15 11:30:14.733999968
32044864205,r4506251-n410412,1,25.937,0.0,0.0,0.0,32510.0,16.0,32.0,29.0,25.937,0.0,0.0,0.0,32510.0,16.0,32.0,29.0,26.08,0.0,0.0,0.0,32510.0,16.0,32.0,29.0,1613388614.737,2021-02-15 11:30:14.736999989
32052585731,r5354770-n750018,0,26.041,0.0,0.0,0.0,32510.0,16.0,30.0,29.12,26.041,0.0,0.0,0.0,32510.0,16.0,30.0,29.12,26.27,0.0,0.0,0.0,32510.0,16.0,30.0,30.0,1614758538.257,2021-03-03 08:02:18.256999969
32052585731,r5354770-n750018,1,27.356,0.0,0.0,0.0,32510.0,16.0,30.0,30.0,27.356,0.0,0.0,0.0,32510.0,16.0,30.0,30.0,27.58,0.0,0.0,0.0,32510.0,16.0,30.0,30.0,1614758538.26,2021-03-03 08:02:18.259999990
32076819956,r492024-n303766,0,32.509,1.82,0.871,960.748,31549.252,16.0,38.648,37.361,34.144,1.592,0.75,1240.655,31269.345,16.0,38.874,37.513,244.98,100.0,61.0,5303.0,32510.0,16.0,47.0,49.0,1613422367.391,2021-02-15 20:52:47.391000032
32140975575,r2215649-n303766,0,25.193,0.0,0.0,0.0,32510.0,16.0,32.0,29.667,25.193,0.0,0.0,0.0,32510.0,16.0,32.0,29.667,25.28,0.0,0.0,0.0,32510.0,16.0,32.0,30.0,1614369537.651,2021-02-26 19:58:57.651000023
32142123091,r7753495-n303509,0,28.555,0.41,0.0,160.445,32349.555,16.0,30.675,29.339,44.763,13.648,1.928,1078.585,31431.415,16.0,36.221,34.209,101.54,48.0,9.0,1093.0,32510.0,16.0,46.0,45.0,1613401488.513,2021-02-15 15:04:48.513000011
32164658274,r8024255-n410412,1,25.495,0.0,0.0,0.0,32510.0,16.0,31.0,29.5,25.495,0.0,0.0,0.0,32510.0,16.0,31.0,29.5,25.54,0.0,0.0,0.0,32510.0,16.0,31.0,30.0,1614734669.029,2021-03-03 01:24:29.029000044
32220746849,r4683026-n772143,0,42.477,7.6,0.46,3.24,32506.76,16.0,33.38,30.0,42.477,7.6,0.46,3.24,32506.76,16.0,33.38,30.0,44.28,100.0,6.0,4.0,32510.0,16.0,34.0,30.0,1614726858.651,2021-03-02 23:14:18.651000023
32220746849,r4683026-n772143,1,43.979,8.32,0.46,789.25,31720.75,16.0,32.0,31.01,43.979,8.32,0.46,789.25,31720.75,16.0,32.0,31.01,45.82,100.0,6.0,1095.0,32510.0,16.0,32.0,32.0,1614726858.655,2021-03-02 23:14:18.654999971
32337534525,r9988778-n303766,0,31.428,0.29,0.019,1507.689,31002.311,16.0,33.419,32.441,72.792,35.948,18.198,4729.339,27780.661,16.0,44.498,45.684,140.45,89.0,25.0,4742.0,32510.0,16.0,47.0,50.0,1613187794.128,2021-02-13 03:43:14.128000020
32341703185,r9515777-n303766,0,119.18,60.732,33.252,4740.347,27769.653,16.0,55.155,56.482,118.846,60.491,33.079,4719.837,27790.163,16.0,55.166,56.481,225.34,88.0,56.0,4955.0,32510.0,16.0,57.0,60.0,1614609754.402,2021-03-01 14:42:34.401999950
32347313505,r8024255-n410412,0,178.746,71.711,48.09,6507.992,26002.008,16.0,65.267,68.352,181.707,73.422,49.288,6590.032,25919.968,16.0,66.025,69.289,251.94,94.0,63.0,6793.0,32510.0,16.0,71.0,76.0,1613522209.119,2021-02-17 00:36:49.118999958
32420768048,r3955005-n172107,0,52.932,25.931,6.023,30504.387,2005.613,16.0,42.419,39.899,51.108,23.549,5.474,31057.236,1452.764,16.0,42.498,39.8,125.68,100.0,10.0,31071.0,32510.0,16.0,44.0,42.0,1614736782.647,2021-03-03 01:59:42.647000074
32426358971,r6727430-n303509,0,196.138,82.592,55.461,6590.18,25919.82,16.0,68.352,72.906,193.817,81.409,54.665,6627.022,25882.978,16.0,68.183,72.64,247.01,100.0,66.0,6799.0,32510.0,16.0,71.0,77.0,1613440226.704,2021-02-16 01:50:26.703999996
32468037513,r414303-n948219,0,134.233,54.882,37.641,1893.751,30616.249,16.0,49.781,50.489,219.577,96.345,66.651,3299.236,29210.764,16.0,68.247,72.625,244.61,99.0,70.0,7147.0,32510.0,16.0,72.0,76.0,1614341892.197,2021-02-26 12:18:12.197000027
32473728861,r8972851-n303509,0,192.836,77.845,52.2,6513.789,25996.211,16.0,67.714,72.117,190.341,76.887,51.585,6583.79,25926.21,16.0,67.72,72.075,250.19,94.0,64.0,6801.0,32510.0,16.0,72.0,77.0,1613595297.369,2021-02-17 20:54:57.368999958
32492540160,r7462820-n303766,0,36.048,0.455,0.014,1135.727,31374.273,16.0,33.967,31.636,63.348,35.99,9.214,1580.183,30929.817,16.0,42.308,41.095,122.97,55.0,15.0,1605.0,32510.0,16.0,44.0,44.0,1613317684.277,2021-02-14 15:48:04.276999950
32510145550,r7462820-n410412,1,197.055,81.18,54.577,6631.189,25878.811,16.0,61.86,64.501,198.572,82.006,55.177,6649.039,25860.961,16.0,62.395,65.087,259.02,100.0,64.0,6799.0,32510.0,16.0,69.0,73.0,1613572705.041,2021-02-17 14:38:25.040999889
32531777846,r368967-n200569,0,31.717,0.031,0.0,390.617,32119.383,16.0,39.751,38.679,38.866,0.004,0.002,1093.935,31416.065,16.0,41.742,40.54,120.82,58.0,56.0,10321.0,32510.0,16.0,44.0,45.0,1614730170.62,2021-03-03 00:09:30.619999886
32533349696,r9480604-n303766,0,27.39,0.0,0.0,3.913,32506.087,16.0,32.0,30.0,165.781,68.883,11.885,25991.799,6518.201,16.0,66.085,64.168,275.39,100.0,49.0,29181.0,32510.0,16.0,75.0,77.0,1613955136.003,2021-02-22 00:52:16.003000021
32539684870,r974863-n410412,0,66.609,18.456,8.288,15965.798,16544.202,16.0,45.097,44.559,76.692,24.195,10.95,17726.157,14783.843,16.0,49.586,49.551,257.56,100.0,52.0,17729.0,32510.0,16.0,56.0,58.0,1613031934.021,2021-02-11 08:25:34.020999908
32543208702,r1051355-n172107,0,61.623,29.374,12.185,30429.614,2080.386,16.0,41.75,42.385,59.118,26.936,11.157,31053.097,1456.903,16.0,41.2,41.585,135.63,100.0,20.0,31071.0,32510.0,16.0,44.0,46.0,1614745153.317,2021-03-03 04:19:13.316999912
32609513259,r6727430-n303509,0,26.716,0.0,0.0,0.348,32509.652,16.0,33.0,30.0,26.716,0.0,0.0,0.348,32509.652,16.0,33.0,30.0,26.79,0.0,0.0,4.0,32510.0,16.0,33.0,30.0,1614709596.489,2021-03-02 18:26:36.489000082
32609513259,r6727430-n303509,1,24.531,0.0,0.0,0.348,32509.652,16.0,29.0,29.0,24.531,0.0,0.0,0.348,32509.652,16.0,29.0,29.0,24.58,0.0,0.0,4.0,32510.0,16.0,29.0,29.0,1614709596.492,2021-03-02 18:26:36.492000103
32612869268,r1900814-n172107,0,43.153,24.638,1.752,30525.821,1984.179,16.0,36.001,35.864,42.836,21.578,1.637,31052.267,1457.733,16.0,37.345,36.911,71.19,100.0,6.0,31071.0,32510.0,16.0,38.0,38.0,1614748915.159,2021-03-03 05:21:55.158999920
32658871069,r4605940-n948219,0,42.986,6.439,1.931,1035.961,31474.039,16.0,35.994,34.007,127.756,71.077,24.343,1064.984,31445.016,16.0,62.706,62.221,163.65,99.0,34.0,1065.0,32510.0,16.0,72.0,72.0,1613786961.862,2021-02-20 02:09:21.861999989
32658871069,r4605940-n948219,1,44.851,6.306,1.935,1034.204,31475.796,16.0,34.987,32.13,132.193,70.188,24.294,1064.983,31445.017,16.0,60.31,59.612,170.7,99.0,34.0,1065.0,32510.0,16.0,71.0,72.0,1613786961.865,2021-02-20 02:09:21.865000010
32669422700,r4144777-n303509,0,37.236,8.687,0.483,20788.421,11721.579,16.0,38.164,35.854,41.673,14.08,0.784,29783.577,2726.423,16.0,39.746,37.019,46.94,100.0,6.0,30709.0,32510.0,16.0,41.0,38.0,1614323525.134,2021-02-26 07:12:05.134000063
32793031471,r7753495-n200569,0,35.828,1.798,0.25,23443.613,9066.387,16.0,31.96,29.967,29.041,0.409,0.057,5331.019,27178.981,16.0,29.893,28.287,55.85,100.0,6.0,30707.0,32510.0,16.0,33.0,31.0,1614723861.828,2021-03-02 22:24:21.828000069
32799364587,r7462820-n303766,0,176.733,71.034,47.705,6644.116,25865.884,16.0,66.556,70.592,162.581,63.555,42.728,6700.208,25809.792,16.0,64.967,68.498,249.43,95.0,65.0,6799.0,32510.0,16.0,72.0,78.0,1613654261.766,2021-02-18 13:17:41.766000032
32861185937,r8972851-n948219,0,40.872,0.65,0.006,1810.72,30699.28,16.0,35.0,33.006,40.872,0.65,0.006,1810.72,30699.28,16.0,35.0,33.006,45.26,11.0,1.0,2547.0,32510.0,16.0,35.0,34.0,1613184519.157,2021-02-13 02:48:39.157000065
32874726116,r7753495-n303509,0,46.281,11.137,2.019,1035.446,31474.554,16.0,41.099,38.989,48.659,16.816,2.912,1090.492,31419.508,16.0,38.686,36.7,101.24,44.0,9.0,1093.0,32510.0,16.0,49.0,47.0,1613373212.669,2021-02-15 07:13:32.668999910
32969802024,r7317916-n948219,1,195.837,79.017,53.008,6523.26,25986.74,16.0,68.323,73.684,194.004,78.35,52.598,6588.764,25921.236,16.0,67.983,73.321,258.98,94.0,64.0,6807.0,32510.0,16.0,72.0,78.0,1613481275.892,2021-02-16 13:14:35.891999960
33035505566,r8024255-n410412,0,24.963,0.0,0.0,0.0,32510.0,16.0,32.0,31.0,24.963,0.0,0.0,0.0,32510.0,16.0,32.0,31.0,25.04,0.0,0.0,0.0,32510.0,16.0,32.0,31.0,1614734668.987,2021-03-03 01:24:28.986999989
33093945002,r7269000-n948219,0,27.776,0.0,0.0,0.472,32509.528,16.0,38.083,37.056,27.776,0.0,0.0,0.472,32509.528,16.0,38.083,37.056,28.0,0.0,0.0,4.0,32510.0,16.0,39.0,38.0,1613430018.012,2021-02-15 23:00:18.012000084
33121836348,r8275852-n410412,0,53.452,0.0,0.0,0.348,32509.652,16.0,56.0,57.87,53.452,0.0,0.0,0.348,32509.652,16.0,56.0,57.87,53.72,0.0,0.0,4.0,32510.0,16.0,56.0,58.0,1613491877.307,2021-02-16 16:11:17.306999922
33182342925,r7462820-n303766,0,212.888,90.729,60.901,6646.642,25863.358,16.0,68.548,73.993,210.625,89.647,60.225,6664.037,25845.963,16.0,68.35,73.732,249.04,95.0,66.0,6799.0,32510.0,16.0,72.0,78.0,1613653209.891,2021-02-18 13:00:09.891000032
33193773413,r9515777-n303766,0,27.187,0.035,0.0,22.399,32487.601,16.0,40.048,38.02,27.187,0.035,0.0,22.399,32487.601,16.0,40.048,38.02,38.7,9.0,0.0,457.0,32510.0,16.0,41.0,39.0,1614486430.054,2021-02-28 04:27:10.053999901
33238422153,r5179276-n948219,0,39.598,4.033,1.369,3165.812,29344.188,16.0,38.624,37.503,99.347,62.597,22.707,8957.157,23552.843,16.0,50.964,51.418,165.6,100.0,33.0,8966.0,32510.0,16.0,55.0,57.0,1613183307.074,2021-02-13 02:28:27.073999882
33240464125,r7317916-n948219,0,189.346,81.818,54.966,6543.841,25966.159,16.0,67.829,75.126,187.992,81.06,54.486,6588.802,25921.198,16.0,67.779,75.07,241.2,94.0,64.0,6793.0,32510.0,16.0,72.0,80.0,1613483934.763,2021-02-16 13:58:54.763000011
33262491567,r4506251-n303766,0,50.923,12.104,3.222,1044.918,31465.082,16.0,40.022,40.344,68.539,32.314,8.759,1088.284,31421.716,16.0,45.093,46.459,108.96,44.0,13.0,1093.0,32510.0,16.0,47.0,48.0,1613337802.32,2021-02-14 21:23:22.319999933
33266067260,r4506251-n303766,0,206.528,85.282,57.23,6642.065,25867.935,16.0,68.204,74.905,200.477,82.003,55.088,6672.505,25837.495,16.0,67.747,74.279,254.95,95.0,65.0,6799.0,32510.0,16.0,72.0,79.0,1613467707.248,2021-02-16 09:28:27.247999907
33269320085,r974863-n410412,0,27.025,0.458,0.014,75.315,32434.685,16.0,30.295,30.072,58.178,35.228,5.248,1125.438,31384.562,16.0,41.02,40.383,99.29,50.0,9.0,1159.0,32510.0,16.0,43.0,42.0,1613457268.972,2021-02-16 06:34:28.971999884
33271040267,r974863-n410412,0,26.081,0.0,0.0,0.0,32510.0,16.0,37.0,36.628,26.081,0.0,0.0,0.0,32510.0,16.0,37.0,36.628,26.35,0.0,0.0,0.0,32510.0,16.0,37.0,37.0,1612997609.585,2021-02-10 22:53:29.585000038
33275764803,r1900814-n172107,0,46.253,23.398,5.489,28950.818,3559.182,16.0,35.098,34.977,47.333,23.797,5.523,31020.732,1489.268,16.0,37.116,37.131,109.35,42.0,9.0,31071.0,32510.0,16.0,39.0,39.0,1614715475.725,2021-03-02 20:04:35.724999905
33305239289,r4605940-n303509,0,41.66,9.38,2.892,1028.765,31481.235,16.0,33.53,31.578,40.057,2.946,0.931,1631.586,30878.414,16.0,33.722,31.569,108.61,52.0,19.0,1975.0,32510.0,16.0,38.0,36.0,1612821767.916,2021-02-08 22:02:47.915999889
33324495351,r7317916-n948219,0,199.955,89.04,59.953,6635.062,25874.938,16.0,68.384,76.506,197.154,87.463,58.933,6658.777,25851.223,16.0,68.22,76.25,237.65,95.0,64.0,6807.0,32510.0,16.0,72.0,81.0,1613478658.617,2021-02-16 12:30:58.617000103
33343673189,r7462820-n303766,0,32.919,0.44,0.009,630.177,31879.823,16.0,33.181,31.38,60.057,33.68,8.173,1551.324,30958.676,16.0,41.055,39.733,118.77,56.0,16.0,1605.0,32510.0,16.0,43.0,42.0,1613323609.748,2021-02-14 17:26:49.747999907
33353582284,r492024-n410412,0,28.013,0.0,0.0,3.75,32506.25,16.0,32.0,30.959,27.9,0.0,0.0,3.961,32506.039,16.0,31.602,30.24,28.42,0.0,0.0,4.0,32510.0,16.0,32.0,31.0,1614373950.948,2021-02-26 21:12:30.947999954
33366926506,r414303-n303509,0,29.243,0.0,0.0,0.0,32510.0,16.0,44.0,45.0,29.243,0.0,0.0,0.0,32510.0,16.0,44.0,45.0,29.34,0.0,0.0,0.0,32510.0,16.0,44.0,45.0,1613429082.71,2021-02-15 22:44:42.710000038
33387462619,r9852763-n200569,0,34.412,0.053,0.001,621.21,31888.79,16.0,33.895,31.171,34.412,0.053,0.001,621.21,31888.79,16.0,33.895,31.171,39.93,21.0,1.0,1039.0,32510.0,16.0,35.0,32.0,1614718435.035,2021-03-02 20:53:55.035000086
33414844145,r4605940-n303509,0,67.815,30.015,3.312,22765.451,9744.549,16.0,38.486,35.665,87.996,44.044,4.871,30947.392,1562.608,16.0,46.708,43.996,153.79,100.0,11.0,31025.0,32510.0,16.0,50.0,46.0,1613270947.15,2021-02-14 02:49:07.150000095
33418660258,r8972851-n948219,0,216.38,90.608,60.69,6646.955,25863.045,16.0,68.069,72.314,214.944,89.897,60.265,6665.002,25844.998,16.0,68.017,72.233,259.44,96.0,67.0,6799.0,32510.0,16.0,71.0,76.0,1613523472.169,2021-02-17 00:57:52.168999910
33438932591,r4683026-n948219,0,34.352,0.241,0.013,667.314,31842.686,16.0,39.603,39.33,52.506,27.758,6.406,1059.937,31450.063,16.0,43.466,44.124,85.57,41.0,10.0,1093.0,32510.0,16.0,45.0,46.0,1613717968.24,2021-02-19 06:59:28.240000010
33438956563,r8972851-n172107,0,41.857,26.478,1.816,30546.671,1963.329,16.0,36.776,35.846,40.728,22.275,1.542,31052.977,1457.023,16.0,36.413,35.358,53.44,100.0,6.0,31071.0,32510.0,16.0,40.0,39.0,1614749039.195,2021-03-03 05:23:59.194999933
33456052548,r492024-n410412,0,28.126,0.0,0.0,0.0,32510.0,16.0,32.0,30.0,28.126,0.0,0.0,0.0,32510.0,16.0,32.0,30.0,28.17,0.0,0.0,0.0,32510.0,16.0,32.0,30.0,1614734826.701,2021-03-03 01:27:06.700999975
33502295580,r9659953-n172107,1,46.39,22.936,3.688,30354.668,2155.332,16.0,35.664,32.921,46.159,22.056,3.546,31049.608,1460.392,16.0,36.339,33.736,103.74,100.0,6.0,31071.0,32510.0,16.0,37.0,35.0,1614737220.993,2021-03-03 02:07:00.993000031
33528558735,r7317916-n948219,1,198.885,82.073,55.088,6543.642,25966.358,16.0,66.485,71.851,197.121,81.061,54.441,6558.148,25951.852,16.0,66.19,71.487,259.64,95.0,65.0,6793.0,32510.0,16.0,73.0,80.0,1613479536.203,2021-02-16 12:45:36.203000069
33609753840,r6727430-n303509,0,207.399,89.695,60.292,6654.078,25855.922,16.0,67.91,72.868,204.398,88.035,59.18,6673.093,25836.907,16.0,67.836,72.702,246.55,95.0,64.0,6807.0,32510.0,16.0,71.0,77.0,1613437736.093,2021-02-16 01:08:56.092999935
33650960449,r8972851-n948219,0,38.353,1.471,0.017,1504.902,31005.098,16.0,34.0,32.08,38.353,1.471,0.017,1504.902,31005.098,16.0,34.0,32.08,42.15,24.0,1.0,2547.0,32510.0,16.0,34.0,33.0,1613184483.464,2021-02-13 02:48:03.463999987
33682591708,r1051355-n172107,0,40.466,25.487,1.81,30279.84,2230.16,16.0,36.117,35.01,40.266,22.838,1.62,31043.231,1466.769,16.0,36.867,35.716,49.86,100.0,6.0,31071.0,32510.0,16.0,39.0,37.0,1614727150.927,2021-03-02 23:19:10.927000046
33706709850,r8275852-n410412,0,29.967,0.0,0.0,0.0,32510.0,16.0,39.0,40.45,29.967,0.0,0.0,0.0,32510.0,16.0,39.0,40.45,30.09,0.0,0.0,0.0,32510.0,16.0,39.0,41.0,1613440999.332,2021-02-16 02:03:19.332000017
33716929252,r8024255-n410412,0,24.96,0.0,0.0,0.0,32510.0,16.0,32.0,30.533,24.96,0.0,0.0,0.0,32510.0,16.0,32.0,30.533,25.07,0.0,0.0,0.0,32510.0,16.0,32.0,31.0,1614734934.155,2021-03-03 01:28:54.154999971
33750185699,r6727430-n303509,0,207.834,89.051,59.846,6646.135,25863.865,16.0,68.404,73.433,207.897,89.197,59.954,6663.985,25846.015,16.0,68.375,73.423,247.69,95.0,64.0,6807.0,32510.0,16.0,71.0,77.0,1613442770.066,2021-02-16 02:32:50.065999985
33750764662,r7419443-n948219,0,138.907,63.724,39.042,2607.98,29902.02,16.0,49.616,51.536,186.102,85.553,52.883,3285.918,29224.082,16.0,66.358,71.664,207.43,91.0,58.0,4293.0,32510.0,16.0,70.0,77.0,1613936068.007,2021-02-21 19:34:28.006999969
33783375500,r6727430-n948219,0,32.454,1.63,0.02,251.11,32258.89,16.0,33.0,31.02,32.454,1.63,0.02,251.11,32258.89,16.0,33.0,31.02,39.37,22.0,1.0,1253.0,32510.0,16.0,33.0,32.0,1613614141.845,2021-02-18 02:09:01.845000029
33827787014,r492024-n303766,0,211.422,90.116,60.656,6636.898,25873.102,16.0,67.954,72.98,211.471,90.249,60.761,6653.055,25856.945,16.0,68.003,73.04,250.14,95.0,64.0,6799.0,32510.0,16.0,71.0,76.0,1613442400.85,2021-02-16 02:26:40.849999905
33915027308,r6727430-n303509,0,27.101,0.0,0.0,3.041,32506.959,16.0,36.006,33.277,27.101,0.0,0.0,3.041,32506.959,16.0,36.006,33.277,27.26,0.0,0.0,4.0,32510.0,16.0,37.0,34.0,1613012855.177,2021-02-11 03:07:35.177000046
33921888788,r8532701-n172107,1,41.327,23.143,0.917,30279.981,2230.019,16.0,34.996,32.943,41.195,21.804,0.828,31045.814,1464.186,16.0,35.11,32.417,57.76,100.0,6.0,31071.0,32510.0,16.0,36.0,33.0,1614734095.087,2021-03-03 01:14:55.086999893
33970057179,r7141590-n303509,0,185.954,71.289,47.503,6438.711,26071.289,16.0,67.64,68.845,184.173,70.531,47.056,6553.973,25956.027,16.0,67.705,68.89,267.75,100.0,63.0,6801.0,32510.0,16.0,72.0,75.0,1613482181.908,2021-02-16 13:29:41.907999992
33983766896,r4506251-n410412,0,38.351,0.053,0.0,1067.729,31442.271,16.0,33.768,31.831,38.644,0.027,0.0,1112.132,31397.868,16.0,34.749,32.771,43.11,22.0,1.0,1123.0,32510.0,16.0,35.0,33.0,1613393419.738,2021-02-15 12:50:19.737999916
33984338755,r6727430-n948219,0,26.497,0.0,0.0,0.0,32510.0,16.0,32.0,31.0,26.497,0.0,0.0,0.0,32510.0,16.0,32.0,31.0,26.5,0.0,0.0,0.0,32510.0,16.0,32.0,31.0,1613613420.1,2021-02-18 01:57:00.099999905
34010734734,r6727430-n303509,0,208.041,89.315,60.021,6634.596,25875.404,16.0,68.348,73.44,207.465,89.127,59.876,6626.64,25883.36,16.0,68.329,73.4,246.66,100.0,65.0,6793.0,32510.0,16.0,71.0,76.0,1613435552.083,2021-02-16 00:32:32.082999945
34011165495,r4506251-n303766,1,32.153,0.03,0.0,576.057,31933.943,16.0,30.248,29.154,37.619,0.0,0.0,1039.237,31470.763,16.0,32.165,31.021,141.01,17.0,15.0,8945.0,32510.0,16.0,33.0,34.0,1614724881.423,2021-03-02 22:41:21.423000097
34065954947,r810901-n948219,0,36.08,1.495,0.255,905.181,31604.819,16.0,32.67,32.483,42.74,4.699,0.965,1155.92,31354.08,16.0,35.393,35.185,104.46,53.0,12.0,1159.0,32510.0,16.0,39.0,39.0,1613982361.414,2021-02-22 08:26:01.414000034
34072422282,r4683026-n948219,1,82.69,30.04,14.027,1503.436,31006.564,16.0,43.311,40.646,93.747,35.538,17.003,1532.539,30977.461,16.0,52.528,50.481,161.58,70.0,29.0,1585.0,32510.0,16.0,55.0,53.0,1614651262.882,2021-03-02 02:14:22.881999969
34086038107,r8024255-n303766,0,42.776,25.808,1.792,30430.384,2079.616,16.0,42.16,39.715,42.089,21.154,1.475,31047.829,1462.171,16.0,41.364,38.791,57.07,100.0,6.0,31071.0,32510.0,16.0,43.0,40.0,1614210724.305,2021-02-24 23:52:04.305000067
34110016951,r7141590-n948219,0,206.474,84.969,56.561,6291.021,26218.979,16.0,68.373,73.266,206.474,84.969,56.561,6291.021,26218.979,16.0,68.373,73.266,263.25,100.0,65.0,6807.0,32510.0,16.0,71.0,77.0,1613443344.97,2021-02-16 02:42:24.970000029
34132486521,r4506251-n410412,0,25.914,0.0,0.0,0.0,32510.0,16.0,31.0,30.0,25.914,0.0,0.0,0.0,32510.0,16.0,31.0,30.0,25.99,0.0,0.0,0.0,32510.0,16.0,31.0,30.0,1613388673.873,2021-02-15 11:31:13.872999907
34132486521,r4506251-n410412,1,25.943,0.0,0.0,0.0,32510.0,16.0,32.0,29.0,25.943,0.0,0.0,0.0,32510.0,16.0,32.0,29.0,26.0,0.0,0.0,0.0,32510.0,16.0,32.0,29.0,1613388673.876,2021-02-15 11:31:13.875999928
34171215126,r8473362-n410412,0,45.326,3.199,0.559,692.516,31817.484,16.0,40.997,38.824,44.972,3.159,0.556,704.991,31805.009,16.0,38.792,36.368,146.16,73.0,13.0,705.0,32510.0,16.0,46.0,44.0,1614018045.818,2021-02-22 18:20:45.818000078
34198530739,r4506251-n303766,0,197.861,92.835,53.837,28259.512,4250.488,16.0,62.923,67.477,200.751,93.57,54.376,28763.338,3746.662,16.0,65.288,70.25,263.86,100.0,64.0,32489.0,32510.0,16.0,71.0,77.0,1614722453.31,2021-03-02 22:00:53.309999943
34237671302,r44132-n410412,0,27.755,0.003,0.0,26.683,32483.317,16.0,30.653,29.03,28.524,0.01,0.001,60.505,32449.495,16.0,30.755,29.103,38.68,9.0,1.0,517.0,32510.0,16.0,32.0,30.0,1613371916.617,2021-02-15 06:51:56.617000103
34264990832,r8972851-n303509,0,38.592,2.491,0.888,1043.864,31466.136,16.0,36.11,35.899,71.557,36.06,14.101,1600.123,30909.877,16.0,44.645,45.898,124.12,50.0,21.0,1605.0,32510.0,16.0,47.0,49.0,1613104513.449,2021-02-12 04:35:13.448999882
34288403183,r5179276-n948219,0,177.334,72.376,48.637,6643.294,25866.706,16.0,65.87,70.53,170.324,68.889,46.304,6692.383,25817.617,16.0,64.901,69.278,247.34,95.0,66.0,6799.0,32510.0,16.0,74.0,81.0,1613437587.388,2021-02-16 01:06:27.388000011
34298745607,r6959555-n172107,0,41.519,22.191,3.502,29036.07,3473.93,16.0,35.518,31.606,42.517,22.361,3.454,31009.917,1500.083,16.0,37.41,33.625,91.57,40.0,5.0,31071.0,32510.0,16.0,39.0,35.0,1614715475.66,2021-03-02 20:04:35.660000086
34410723616,r1900814-n172107,1,39.522,22.249,0.824,28971.96,3538.04,16.0,34.274,31.662,40.466,22.203,0.835,31003.597,1506.403,16.0,35.337,32.825,53.76,33.0,2.0,31071.0,32510.0,16.0,37.0,34.0,1614715475.755,2021-03-02 20:04:35.755000114
34441956751,r9480604-n410412,0,26.184,0.0,0.0,0.0,32510.0,16.0,31.0,29.388,26.184,0.0,0.0,0.0,32510.0,16.0,31.0,29.388,26.3,0.0,0.0,0.0,32510.0,16.0,31.0,30.0,1614734826.67,2021-03-03 01:27:06.670000076
34480937139,r8024255-n410412,0,194.61,79.651,53.473,6476.14,26033.86,16.0,67.666,71.223,193.604,79.227,53.231,6550.438,25959.562,16.0,67.654,71.223,253.4,100.0,63.0,6807.0,32510.0,16.0,71.0,76.0,1613525940.919,2021-02-17 01:39:00.918999910
34553131615,r8532701-n172107,0,53.916,23.338,4.137,30557.561,1952.439,16.0,39.227,37.883,52.884,20.918,3.649,31054.862,1455.138,16.0,39.026,37.758,126.29,100.0,6.0,31071.0,32510.0,16.0,40.0,39.0,1614747514.132,2021-03-03 04:58:34.131999969
34606120951,r44132-n303766,0,210.563,88.524,59.512,6633.363,25876.637,16.0,68.203,75.586,208.467,87.592,58.941,6657.646,25852.354,16.0,68.152,75.457,250.79,95.0,65.0,6807.0,32510.0,16.0,71.0,80.0,1613453095.1,2021-02-16 05:24:55.099999905
34646312695,r9988778-n303766,0,40.045,9.402,1.515,1039.139,31470.861,16.0,36.525,35.782,58.855,35.307,6.862,1112.253,31397.747,16.0,41.302,40.688,96.66,52.0,11.0,1159.0,32510.0,16.0,44.0,44.0,1613377138.244,2021-02-15 08:18:58.243999958
34650403077,r7462820-n303766,1,25.819,0.013,0.0,20.978,32489.022,16.0,29.045,27.995,25.819,0.013,0.0,20.978,32489.022,16.0,29.045,27.995,36.42,9.0,1.0,517.0,32510.0,16.0,30.0,28.0,1613371916.561,2021-02-15 06:51:56.561000109
34674954770,r492024-n410412,1,25.452,0.0,0.0,0.0,32510.0,16.0,29.979,29.047,25.452,0.0,0.0,0.0,32510.0,16.0,29.979,29.047,25.56,0.0,0.0,0.0,32510.0,16.0,30.0,30.0,1614735030.264,2021-03-03 01:30:30.263999939
34686349014,r8141575-n303766,0,46.974,1.643,0.248,481.439,32028.561,16.0,42.135,41.461,46.974,1.643,0.248,481.439,32028.561,16.0,42.135,41.461,179.58,87.0,37.0,3311.0,32510.0,16.0,45.0,44.0,1613942453.24,2021-02-21 21:20:53.240000010
34726248953,r6727430-n303509,0,198.25,83.666,56.155,6640.696,25869.304,16.0,68.55,73.116,193.753,81.185,54.519,6671.896,25838.104,16.0,68.238,72.629,247.22,95.0,64.0,6793.0,32510.0,16.0,72.0,77.0,1613439143.735,2021-02-16 01:32:23.734999895
34739713785,r4506251-n303766,0,139.854,53.734,36.703,1883.024,30626.976,16.0,55.742,59.968,228.153,97.269,67.088,3282.989,29227.011,16.0,68.128,75.536,255.16,99.0,70.0,7145.0,32510.0,16.0,73.0,81.0,1613483060.246,2021-02-16 13:44:20.246000051
34750785402,r7141590-n303509,0,36.702,0.463,0.005,979.017,31530.983,16.0,40.859,39.387,64.216,33.089,7.687,1570.676,30939.324,16.0,46.525,44.502,140.72,50.0,16.0,1605.0,32510.0,16.0,48.0,47.0,1613346709.204,2021-02-14 23:51:49.203999996
34763377476,r4506251-n303766,0,47.144,17.101,3.209,562.703,31947.297,16.0,40.343,41.15,62.454,35.228,6.488,998.04,31511.96,16.0,43.907,44.901,103.67,48.0,10.0,1027.0,32510.0,16.0,48.0,49.0,1613478238.443,2021-02-16 12:23:58.443000078
34764290829,r5354770-n172107,0,42.387,24.073,1.742,30579.118,1930.882,16.0,38.95,35.989,41.563,20.549,1.476,31054.938,1455.062,16.0,38.104,35.317,71.44,100.0,6.0,31071.0,32510.0,16.0,39.0,37.0,1614741908.997,2021-03-03 03:25:08.996999979
34782430857,r7141590-n303509,0,194.269,78.388,52.206,6502.836,26007.164,16.0,67.989,69.441,190.169,76.301,50.885,6583.228,25926.772,16.0,67.977,69.361,263.74,93.0,64.0,6801.0,32510.0,16.0,72.0,74.0,1613485852.984,2021-02-16 14:30:52.983999968
34820916070,r8473362-n410412,0,55.894,18.776,4.12,1466.27,31043.73,16.0,42.186,40.059,66.711,27.268,5.839,2088.868,30421.132,16.0,42.978,40.906,203.42,59.0,15.0,2769.0,32510.0,16.0,47.0,44.0,1613801864.198,2021-02-20 06:17:44.197999954
34824683968,r4144777-n303509,0,27.068,0.0,0.0,2.552,32507.448,16.0,33.0,31.043,27.068,0.0,0.0,2.552,32507.448,16.0,33.0,31.043,27.28,0.0,0.0,4.0,32510.0,16.0,33.0,32.0,1612854670.932,2021-02-09 07:11:10.931999922
34859094387,r8473362-n410412,0,35.204,0.055,0.006,1290.579,31219.421,16.0,34.136,31.843,38.037,0.067,0.021,2887.284,29622.716,16.0,38.096,35.77,87.61,46.0,10.0,2891.0,32510.0,16.0,41.0,40.0,1613659202.088,2021-02-18 14:40:02.088000059
34906052487,r2215649-n410412,0,27.143,0.0,0.0,0.0,32510.0,16.0,37.323,34.996,27.143,0.0,0.0,0.0,32510.0,16.0,37.323,34.996,27.41,0.0,0.0,0.0,32510.0,16.0,38.0,35.0,1613922739.825,2021-02-21 15:52:19.825000048
34950462904,r974863-n303766,0,43.526,5.146,1.913,6540.862,25969.138,16.0,42.389,39.919,119.872,42.623,17.459,22507.805,10002.195,16.0,59.509,56.985,283.48,100.0,79.0,22531.0,32510.0,16.0,74.0,74.0,1613862487.336,2021-02-20 23:08:07.335999966
34957468739,r7141590-n948219,0,213.164,88.038,58.885,6600.385,25909.615,16.0,68.426,73.404,213.465,88.233,59.031,6627.841,25882.159,16.0,68.41,73.422,262.11,96.0,65.0,6807.0,32510.0,16.0,72.0,77.0,1613440049.478,2021-02-16 01:47:29.477999926
34972778348,r6727430-n948219,0,201.556,84.473,56.777,6605.361,25904.639,16.0,66.983,71.859,201.014,84.202,56.65,6640.394,25869.606,16.0,67.196,72.093,249.62,94.0,64.0,6799.0,32510.0,16.0,71.0,77.0,1613602796.052,2021-02-17 22:59:56.052000046
34991585760,r4506251-n410412,0,50.487,8.684,2.03,3124.372,29385.628,16.0,36.543,34.428,64.198,12.587,2.928,4792.738,27717.262,16.0,43.523,41.264,227.73,100.0,25.0,4831.0,32510.0,16.0,54.0,50.0,1613398394.057,2021-02-15 14:13:14.056999922
35018388703,r7753495-n303509,0,34.354,3.771,0.778,690.936,31819.064,16.0,34.453,32.834,47.465,8.498,1.789,2056.939,30453.061,16.0,37.6,35.438,144.41,71.0,14.0,2079.0,32510.0,16.0,42.0,39.0,1612984144.413,2021-02-10 19:09:04.413000107
35068734282,r5179276-n948219,0,203.288,87.461,58.608,6647.696,25862.304,16.0,68.367,76.127,202.042,86.783,58.226,6671.878,25838.122,16.0,68.177,75.886,246.47,95.0,65.0,6799.0,32510.0,16.0,72.0,81.0,1613576491.034,2021-02-17 15:41:31.033999920
35080402666,r44132-n303766,0,26.726,0.0,0.0,0.0,32510.0,16.0,37.873,37.23,52.861,29.389,4.692,965.117,31544.883,16.0,40.67,40.093,95.63,45.0,9.0,1027.0,32510.0,16.0,44.0,44.0,1613473223.08,2021-02-16 11:00:23.079999924
35089014647,r8473362-n410412,1,34.576,0.318,0.002,1068.892,31441.108,16.0,34.27,32.678,55.827,28.292,6.918,1515.851,30994.149,16.0,44.219,43.381,126.2,46.0,15.0,1539.0,32510.0,16.0,47.0,46.0,1613348730.273,2021-02-15 00:25:30.273000002
35114523450,r9480604-n410412,1,81.207,23.63,9.017,15997.787,16512.213,16.0,42.511,40.829,131.761,48.918,19.838,22520.608,9989.392,16.0,61.324,60.907,287.77,100.0,79.0,22531.0,32510.0,16.0,74.0,77.0,1614043863.999,2021-02-23 01:31:03.999000072
35225864762,r7141590-n948219,0,213.119,88.627,59.244,6633.868,25876.132,16.0,68.403,73.507,213.881,89.059,59.553,6655.99,25854.01,16.0,68.395,73.526,263.18,95.0,65.0,6799.0,32510.0,16.0,71.0,76.0,1613442644.493,2021-02-16 02:30:44.493000031
35230507642,r9170217-n948219,0,27.799,0.0,0.0,0.0,32510.0,16.0,35.0,33.167,27.799,0.0,0.0,0.0,32510.0,16.0,35.0,33.167,27.93,0.0,0.0,0.0,32510.0,16.0,35.0,34.0,1613429328.912,2021-02-15 22:48:48.911999941
35259450116,r8141575-n303766,0,27.426,0.0,0.0,0.0,32510.0,16.0,39.0,39.0,27.426,0.0,0.0,0.0,32510.0,16.0,39.0,39.0,27.65,0.0,0.0,0.0,32510.0,16.0,39.0,39.0,1613942293.007,2021-02-21 21:18:13.006999969
35299040914,r8972851-n303509,0,198.684,81.487,54.668,6568.023,25941.977,16.0,67.599,72.279,197.308,80.867,54.289,6616.914,25893.086,16.0,67.61,72.289,250.77,95.0,64.0,6801.0,32510.0,16.0,72.0,77.0,1613602796.089,2021-02-17 22:59:56.088999987
35300712786,r216287-n303509,1,48.698,14.738,4.906,1211.42,31298.58,16.0,36.254,34.519,48.698,14.738,4.906,1211.42,31298.58,16.0,36.254,34.519,71.26,48.0,14.0,1327.0,32510.0,16.0,37.0,36.0,1612829965.657,2021-02-09 00:19:25.657000065
35309199056,r6727430-n303509,0,69.425,19.382,5.788,5283.139,27226.861,16.0,42.509,39.495,76.43,22.213,6.642,6116.973,26393.027,16.0,48.933,46.496,197.24,100.0,23.0,6237.0,32510.0,16.0,52.0,50.0,1612978168.595,2021-02-10 17:29:28.595000029
35333574671,r7419443-n772143,0,25.518,0.0,0.0,0.0,32510.0,16.0,30.0,28.886,25.518,0.0,0.0,0.0,32510.0,16.0,30.0,28.886,25.69,0.0,0.0,0.0,32510.0,16.0,30.0,29.0,1614758538.275,2021-03-03 08:02:18.275000095
35333574671,r7419443-n772143,1,26.246,0.0,0.0,0.0,32510.0,16.0,29.0,27.0,26.246,0.0,0.0,0.0,32510.0,16.0,29.0,27.0,26.39,0.0,0.0,0.0,32510.0,16.0,29.0,27.0,1614758538.278,2021-03-03 08:02:18.278000116
35386176190,r414303-n303509,0,159.661,64.037,22.926,11790.326,20719.674,16.0,62.058,64.438,143.129,54.692,19.285,12105.48,20404.52,16.0,60.839,63.033,272.84,100.0,53.0,13541.0,32510.0,16.0,74.0,80.0,1613127683.881,2021-02-12 11:01:23.881000042
35409067962,r8141575-n303766,0,54.714,16.744,13.081,28887.817,3622.183,16.0,38.35,38.48,54.327,15.549,11.519,30989.25,1520.75,16.0,40.607,40.636,126.02,100.0,67.0,31071.0,32510.0,16.0,44.0,47.0,1614166011.461,2021-02-24 11:26:51.460999966
35437641393,r4099734-n200569,1,126.229,61.63,34.858,16212.099,16297.901,16.0,35.321,36.963,126.229,61.63,34.858,16212.099,16297.901,16.0,35.321,36.963,223.05,100.0,61.0,26187.0,32510.0,16.0,41.0,44.0,1614720036.214,2021-03-02 21:20:36.213999987
35488171749,r414303-n948219,0,29.41,0.9,0.027,8605.201,23904.799,16.0,33.068,31.154,153.1,75.905,45.741,25264.099,7245.901,16.0,60.92,63.885,272.36,100.0,83.0,31079.0,32510.0,16.0,73.0,78.0,1614259417.71,2021-02-25 13:23:37.710000038
35539125886,r9988778-n410412,0,25.263,0.0,0.0,0.0,32510.0,16.0,32.0,31.0,25.263,0.0,0.0,0.0,32510.0,16.0,32.0,31.0,25.5,0.0,0.0,0.0,32510.0,16.0,32.0,31.0,1613218537.114,2021-02-13 12:15:37.114000082
35566704180,r810901-n303509,0,34.206,0.536,0.045,5666.962,26843.038,16.0,41.174,41.252,147.17,76.224,47.771,28005.654,4504.346,16.0,63.079,69.186,198.46,100.0,61.0,31079.0,32510.0,16.0,68.0,76.0,1612962010.273,2021-02-10 13:00:10.273000002
35597277934,r2215649-n303766,0,25.355,0.0,0.0,0.0,32510.0,16.0,33.0,30.808,59.042,29.344,6.108,988.734,31521.266,16.0,41.895,39.491,106.18,48.0,11.0,1093.0,32510.0,16.0,45.0,43.0,1614362612.457,2021-02-26 18:03:32.457000017
35622694256,r1900814-n172107,1,50.582,22.054,5.097,30493.72,2016.28,16.0,39.307,37.303,50.542,23.351,5.436,31057.35,1452.65,16.0,38.961,37.019,124.14,100.0,10.0,31071.0,32510.0,16.0,41.0,40.0,1614743809.8,2021-03-03 03:56:49.799999952
35661304523,r9988778-n303766,0,24.851,0.016,0.0,19.928,32490.072,16.0,31.038,30.98,55.484,35.989,5.848,1090.523,31419.477,16.0,41.501,40.949,103.2,53.0,10.0,1159.0,32510.0,16.0,43.0,44.0,1613456886.919,2021-02-16 06:28:06.918999910
35665496343,r4506251-n410412,0,149.765,80.065,32.718,3749.898,28760.102,16.0,55.133,53.382,157.09,83.543,34.688,4259.978,28250.022,16.0,59.334,57.934,236.66,100.0,60.0,8187.0,32510.0,16.0,66.0,67.0,1612964963.674,2021-02-10 13:49:23.674000025
35713832974,r8141575-n303766,0,42.497,25.604,0.972,1121.516,31388.484,16.0,42.049,42.092,40.596,25.663,0.961,1147.606,31362.394,16.0,38.006,37.586,52.18,56.0,4.0,1167.0,32510.0,16.0,55.0,56.0,1613948517.927,2021-02-21 23:01:57.927000046
35714555652,r4605940-n303509,0,26.81,0.0,0.0,2.271,32507.729,16.0,30.0,28.907,45.76,8.793,1.825,2699.247,29810.753,16.0,34.928,32.752,136.96,69.0,15.0,2759.0,32510.0,16.0,43.0,40.0,1612910209.008,2021-02-09 22:36:49.007999897
35724972448,r7462820-n410412,1,181.474,72.538,48.752,6625.982,25884.018,16.0,60.43,62.659,175.934,69.655,46.879,6684.498,25825.502,16.0,59.326,61.326,255.91,95.0,66.0,6807.0,32510.0,16.0,66.0,69.0,1613571896.172,2021-02-17 14:24:56.171999931
35734344384,r5354770-n750018,0,39.221,0.049,0.007,1415.394,31094.606,16.0,32.729,31.637,39.426,0.012,0.007,1573.522,30936.478,16.0,34.423,33.498,81.48,31.0,3.0,1577.0,32510.0,16.0,35.0,35.0,1614723709.233,2021-03-02 22:21:49.233000040
35772126170,r414303-n948219,0,61.095,19.632,9.628,4839.904,27670.096,16.0,37.677,35.769,85.507,32.538,16.147,8337.133,24172.867,16.0,48.116,47.033,241.4,100.0,58.0,8489.0,32510.0,16.0,60.0,61.0,1613831155.849,2021-02-20 14:25:55.848999977
35772126170,r414303-n948219,1,62.855,23.32,9.965,5023.969,27486.031,16.0,36.407,36.053,88.025,38.655,16.667,8422.909,24087.091,16.0,45.136,44.121,258.48,99.0,58.0,8705.0,32510.0,16.0,58.0,58.0,1613831155.857,2021-02-20 14:25:55.857000113
35839276130,r6727430-n303509,0,209.029,89.522,60.117,6641.469,25868.531,16.0,68.377,73.411,209.016,89.677,60.227,6656.211,25853.789,16.0,68.338,73.399,247.04,95.0,64.0,6799.0,32510.0,16.0,71.0,77.0,1613434084.735,2021-02-16 00:08:04.734999895
35853700554,r7317916-n948219,1,211.88,90.221,60.662,6631.671,25878.329,16.0,62.752,68.179,210.279,89.23,60.057,6654.044,25855.956,16.0,62.963,68.408,254.88,95.0,65.0,6799.0,32510.0,16.0,66.0,72.0,1613477887.286,2021-02-16 12:18:07.286000013
35858094130,r6727430-n303509,0,208.066,89.252,59.875,6635.595,25874.405,16.0,68.442,73.503,207.332,88.841,59.579,6623.73,25886.27,16.0,68.379,73.425,248.43,95.0,65.0,6793.0,32510.0,16.0,71.0,77.0,1613433735.03,2021-02-16 00:02:15.029999971
35889486641,r492024-n303766,0,211.734,90.106,60.655,6641.297,25868.703,16.0,68.415,73.317,211.496,90.034,60.59,6645.952,25864.048,16.0,68.41,73.304,249.4,95.0,64.0,6807.0,32510.0,16.0,71.0,76.0,1613431856.8,2021-02-15 23:30:56.799999952
35915655356,r9515777-n303766,0,117.986,61.142,33.465,4744.166,27765.834,16.0,51.736,52.473,118.031,61.063,33.401,4764.171,27745.829,16.0,52.182,52.981,224.94,87.0,56.0,4955.0,32510.0,16.0,57.0,60.0,1614610593.167,2021-03-01 14:56:33.167000055
35928071327,r6727430-n948219,0,174.479,69.359,46.609,6613.606,25896.394,16.0,65.846,69.738,175.784,69.935,47.054,6671.214,25838.786,16.0,66.375,70.362,249.22,95.0,66.0,6799.0,32510.0,16.0,71.0,77.0,1613602323.168,2021-02-17 22:52:03.167999983
35951176414,r6727430-n303509,0,27.225,0.0,0.0,3.039,32506.961,16.0,37.0,34.0,27.225,0.0,0.0,3.039,32506.961,16.0,37.0,34.0,27.37,0.0,0.0,4.0,32510.0,16.0,37.0,34.0,1613012547.683,2021-02-11 03:02:27.683000088
36009235761,r7753495-n303509,0,33.945,3.621,0.013,691.798,31818.202,16.0,32.142,30.326,39.053,5.175,0.05,2029.736,30480.264,16.0,34.83,32.755,50.53,46.0,2.0,2047.0,32510.0,16.0,38.0,35.0,1612806787.153,2021-02-08 17:53:07.153000116
36076076552,r7462820-n303766,0,28.995,0.341,0.0,62.178,32447.822,16.0,31.2,29.82,62.539,31.593,11.658,4661.211,27848.789,16.0,43.07,42.38,148.99,73.0,28.0,4678.0,32510.0,16.0,52.0,52.0,1613455606.589,2021-02-16 06:06:46.588999987
36136288881,r9480604-n303766,0,106.853,58.857,15.125,1095.452,31414.548,16.0,44.53,42.146,170.348,82.967,21.307,1519.722,30990.278,16.0,63.242,62.331,214.0,98.0,26.0,1579.0,32510.0,16.0,70.0,70.0,1613299540.279,2021-02-14 10:45:40.279000044
36183876729,r7462820-n410412,0,195.645,78.869,52.928,6490.751,26019.249,16.0,68.19,73.723,190.932,76.625,51.466,6569.849,25940.151,16.0,67.738,73.109,254.71,94.0,64.0,6799.0,32510.0,16.0,72.0,78.0,1613577587.046,2021-02-17 15:59:47.046000004
36246588687,r9480604-n410412,1,24.27,0.0,0.0,0.0,32510.0,16.0,29.0,27.0,24.262,0.0,0.0,0.295,32509.705,16.0,29.0,27.002,24.4,0.0,0.0,4.0,32510.0,16.0,29.0,28.0,1614735079.618,2021-03-03 01:31:19.618000031
36264269693,r4099734-n200569,0,129.121,57.316,32.333,16229.39,16280.61,16.0,36.316,36.819,129.121,57.316,32.333,16229.39,16280.61,16.0,36.316,36.819,249.0,100.0,62.0,32009.0,32510.0,16.0,43.0,45.0,1614719736.264,2021-03-02 21:15:36.263999939
36338702917,r4506251-n303766,0,212.623,88.439,59.295,6639.594,25870.406,16.0,68.532,75.431,211.238,87.719,58.871,6661.89,25848.11,16.0,68.408,75.29,255.93,95.0,67.0,6801.0,32510.0,16.0,71.0,79.0,1613466554.846,2021-02-16 09:09:14.845999956
36357341448,r5179276-n948219,0,208.147,89.901,60.248,6643.139,25866.861,16.0,68.51,77.053,205.882,88.765,59.521,6652.137,25857.863,16.0,68.376,76.82,244.99,95.0,64.0,6799.0,32510.0,16.0,72.0,81.0,1613574719.01,2021-02-17 15:11:59.009999990
36358335891,r4144777-n772143,0,29.938,0.894,0.18,6320.354,26189.646,16.0,30.444,28.472,29.938,0.894,0.18,6320.354,26189.646,16.0,30.444,28.472,207.5,100.0,28.0,27193.0,32510.0,16.0,36.0,32.0,1614726706.52,2021-03-02 23:11:46.519999981
36358335891,r4144777-n772143,1,32.89,0.962,0.197,7196.205,25313.795,16.0,31.796,27.764,32.89,0.962,0.197,7196.205,25313.795,16.0,31.796,27.764,203.55,100.0,27.0,28941.0,32510.0,16.0,37.0,32.0,1614726706.524,2021-03-02 23:11:46.523999929
36378318302,r974863-n410412,0,201.454,84.016,56.193,6641.113,25868.887,16.0,63.59,67.921,202.39,84.358,56.475,6668.561,25841.439,16.0,64.35,68.846,260.1,96.0,65.0,6799.0,32510.0,16.0,72.0,78.0,1613447740.017,2021-02-16 03:55:40.016999960
36381424883,r3974592-n172107,0,61.666,28.732,12.003,29829.526,2680.474,16.0,32.062,31.49,58.858,27.241,11.291,31035.955,1474.045,16.0,31.914,31.229,122.99,100.0,20.0,31071.0,32510.0,16.0,34.0,34.0,1614726556.35,2021-03-02 23:09:16.349999905
36460305090,r7462820-n410412,0,195.402,79.658,53.46,6533.056,25976.944,16.0,68.173,73.774,193.744,78.919,53.023,6596.612,25913.388,16.0,68.008,73.569,253.74,94.0,64.0,6807.0,32510.0,16.0,72.0,78.0,1613575551.544,2021-02-17 15:25:51.543999910
36479231088,r6959555-n172107,1,39.98,22.358,1.589,29036.017,3473.983,16.0,32.992,30.14,40.76,21.917,1.54,31000.727,1509.273,16.0,34.047,31.175,66.75,32.0,3.0,31071.0,32510.0,16.0,35.0,32.0,1614715475.691,2021-03-02 20:04:35.690999985
36519143980,r3955005-n172107,1,53.199,22.108,5.074,30386.895,2123.105,16.0,35.621,35.606,51.736,23.446,5.381,31054.987,1455.013,16.0,35.965,36.038,127.53,100.0,9.0,31071.0,32510.0,16.0,38.0,38.0,1614747163.885,2021-03-03 04:52:43.884999990
36523211514,r2215649-n410412,0,27.108,0.0,0.0,0.38,32509.62,16.0,37.002,34.699,27.11,0.0,0.0,0.612,32509.388,16.0,37.002,34.718,27.47,0.0,0.0,4.0,32510.0,16.0,38.0,35.0,1613922868.066,2021-02-21 15:54:28.065999985
36581132812,r810901-n172107,0,26.543,0.0,0.0,0.0,32510.0,16.0,30.0,29.977,26.543,0.0,0.0,0.0,32510.0,16.0,30.0,29.977,26.63,0.0,0.0,0.0,32510.0,16.0,30.0,30.0,1614718322.456,2021-03-02 20:52:02.456000090
36617275503,r8275852-n410412,0,209.221,90.454,60.726,6646.931,25863.069,16.0,66.939,72.798,207.885,89.722,60.278,6664.179,25845.821,16.0,67.002,72.882,251.32,95.0,68.0,6799.0,32510.0,16.0,75.0,82.0,1613491517.24,2021-02-16 16:05:17.240000010
36644408140,r6959555-n172107,1,47.961,23.653,5.516,30034.128,2475.872,16.0,35.409,32.928,47.44,23.432,5.399,31046.83,1463.17,16.0,35.778,33.245,111.54,100.0,10.0,31071.0,32510.0,16.0,37.0,35.0,1614724205.928,2021-03-02 22:30:05.927999973
36666562826,r6707841-n772143,0,24.99,0.0,0.0,0.0,32510.0,16.0,29.757,28.11,25.014,0.0,0.0,0.0,32510.0,16.0,29.878,28.212,25.27,0.0,0.0,0.0,32510.0,16.0,30.0,29.0,1614759517.437,2021-03-03 08:18:37.437000036
36666562826,r6707841-n772143,1,25.556,0.0,0.0,0.0,32510.0,16.0,29.118,25.116,25.561,0.0,0.0,0.0,32510.0,16.0,29.059,25.058,25.82,0.0,0.0,0.0,32510.0,16.0,30.0,26.0,1614759517.449,2021-03-03 08:18:37.448999882
36683655298,r7462820-n303766,0,35.015,3.503,0.017,556.759,31953.241,16.0,35.823,33.924,69.236,39.233,10.717,1559.921,30950.079,16.0,44.279,43.268,128.98,60.0,17.0,1671.0,32510.0,16.0,48.0,48.0,1613378678.005,2021-02-15 08:44:38.005000114
36715567190,r7462820-n303766,0,38.247,1.548,0.765,2031.931,30478.069,16.0,40.318,38.207,42.035,5.87,3.002,1002.541,31507.459,16.0,39.985,38.351,248.22,100.0,62.0,5327.0,32510.0,16.0,58.0,60.0,1613411891.847,2021-02-15 17:58:11.846999884
36729748754,r4506251-n303766,0,159.847,58.286,39.044,6635.566,25874.434,16.0,66.744,71.774,162.202,59.7,40.042,6704.68,25805.32,16.0,67.27,72.493,259.21,95.0,65.0,6799.0,32510.0,16.0,73.0,81.0,1613503938.051,2021-02-16 19:32:18.051000118
36754323975,r4683026-n948219,0,33.115,0.28,0.019,1325.909,31184.091,16.0,38.212,37.949,63.683,31.367,12.859,2621.901,29888.099,16.0,44.623,46.088,125.84,48.0,20.0,2631.0,32510.0,16.0,48.0,50.0,1613727725.138,2021-02-19 09:42:05.138000011
36800978959,r8275852-n410412,0,31.853,1.012,0.0,268.365,32241.635,16.0,32.0,33.0,31.853,1.012,0.0,268.365,32241.635,16.0,32.0,33.0,39.33,10.0,0.0,991.0,32510.0,16.0,32.0,33.0,1614066826.844,2021-02-23 07:53:46.844000101
36803316539,r216287-n303509,1,51.584,28.18,9.17,1064.908,31445.092,16.0,35.034,33.932,51.584,28.18,9.17,1064.908,31445.092,16.0,35.034,33.932,67.23,53.0,15.0,1327.0,32510.0,16.0,36.0,36.0,1612829892.809,2021-02-09 00:18:12.809000015
36832903102,r9515777-n303766,0,32.413,0.241,0.0,158.678,32351.322,16.0,40.195,38.0,32.413,0.241,0.0,158.678,32351.322,16.0,40.195,38.0,40.07,5.0,0.0,457.0,32510.0,16.0,41.0,38.0,1614488144.171,2021-02-28 04:55:44.171000004
36838679216,r492024-n410412,0,66.784,23.698,3.264,1281.267,31228.733,16.0,45.686,44.003,67.157,24.643,3.383,1304.733,31205.267,16.0,45.606,43.905,124.07,90.0,13.0,1315.0,32510.0,16.0,48.0,46.0,1613861460.258,2021-02-20 22:51:00.257999896
36918495801,r7419443-n948219,0,35.346,0.259,0.086,12404.93,20105.07,16.0,32.425,30.631,97.411,50.071,26.17,17797.937,14712.063,16.0,49.391,51.395,239.31,100.0,62.0,31127.0,32510.0,16.0,71.0,78.0,1613170575.806,2021-02-12 22:56:15.805999994
36918495801,r7419443-n948219,1,33.097,1.694,0.357,18353.374,14156.626,16.0,31.296,29.165,91.904,50.61,25.812,17839.306,14670.694,16.0,46.272,51.046,228.01,100.0,61.0,31127.0,32510.0,16.0,67.0,80.0,1613170575.809,2021-02-12 22:56:15.809000015
36957026226,r6727430-n948219,0,26.48,0.0,0.0,2.095,32507.905,16.0,32.0,31.0,26.48,0.0,0.0,2.095,32507.905,16.0,32.0,31.0,26.6,0.0,0.0,4.0,32510.0,16.0,32.0,31.0,1613613528.723,2021-02-18 01:58:48.723000050
36976964450,r414303-n303509,0,29.187,0.0,0.0,0.0,32510.0,16.0,43.722,45.0,29.187,0.0,0.0,0.0,32510.0,16.0,43.722,45.0,29.24,0.0,0.0,0.0,32510.0,16.0,44.0,45.0,1613429084.767,2021-02-15 22:44:44.766999960
36981148582,r4506251-n410412,0,64.423,31.381,8.117,1067.624,31442.376,16.0,47.682,46.518,76.677,41.772,10.629,1512.643,30997.357,16.0,51.449,50.406,135.5,60.0,17.0,1539.0,32510.0,16.0,53.0,53.0,1613251201.716,2021-02-13 21:20:01.716000080
36999140602,r414303-n948219,0,37.281,2.89,0.13,1300.585,31209.415,16.0,34.816,32.091,38.67,4.923,0.213,5087.97,27422.03,16.0,35.856,33.079,66.61,77.0,5.0,5119.0,32510.0,16.0,37.0,34.0,1614086167.842,2021-02-23 13:16:07.842000008
37038772451,r414303-n303509,0,27.125,0.0,0.0,0.0,32510.0,16.0,34.0,34.167,27.125,0.0,0.0,0.0,32510.0,16.0,34.0,34.167,27.21,0.0,0.0,0.0,32510.0,16.0,34.0,35.0,1613429353.764,2021-02-15 22:49:13.763999939
37061570827,r204106-n772143,0,40.723,23.66,0.916,30482.648,2027.352,16.0,40.061,39.659,40.624,20.226,0.802,31053.623,1456.377,16.0,39.84,39.159,56.27,100.0,6.0,31071.0,32510.0,16.0,41.0,40.0,1614744450.435,2021-03-03 04:07:30.434999943
37096374103,r2215649-n410412,0,50.078,15.572,6.202,30318.814,2191.186,16.0,38.076,35.52,45.425,9.147,3.35,31033.212,1476.788,16.0,37.998,35.257,84.02,65.0,27.0,31071.0,32510.0,16.0,43.0,42.0,1614178084.866,2021-02-24 14:48:04.865999937
37097048659,r7141590-n948219,0,213.63,89.17,59.654,6634.329,25875.671,16.0,68.359,73.539,213.529,89.139,59.618,6636.47,25873.53,16.0,68.368,73.533,262.35,95.0,65.0,6799.0,32510.0,16.0,71.0,77.0,1613434774.628,2021-02-16 00:19:34.628000021
37100204920,r7462820-n410412,0,208.632,87.284,58.563,6617.885,25892.115,16.0,67.98,74.195,207.026,86.507,58.095,6646.547,25863.453,16.0,67.924,74.091,252.77,97.0,65.0,6807.0,32510.0,16.0,70.0,77.0,1613588025.319,2021-02-17 18:53:45.319000006
37128660944,r8141575-n410412,0,36.235,4.716,3.159,181.301,32328.699,16.0,32.636,31.766,214.35,92.302,63.938,3156.387,29353.613,16.0,66.441,72.066,248.49,99.0,70.0,7147.0,32510.0,16.0,74.0,81.0,1614348399.552,2021-02-26 14:06:39.552000046
37137078946,r9515777-n303766,1,26.695,0.0,0.0,0.0,32510.0,16.0,31.0,29.0,26.695,0.0,0.0,0.0,32510.0,16.0,31.0,29.0,26.85,0.0,0.0,0.0,32510.0,16.0,31.0,29.0,1614718322.497,2021-03-02 20:52:02.496999979
37212186386,r8024255-n410412,0,198.203,82.33,55.222,6564.929,25945.071,16.0,68.066,71.808,196.421,81.451,54.672,6612.113,25897.887,16.0,67.982,71.702,250.96,94.0,63.0,6793.0,32510.0,16.0,71.0,75.0,1613527512.595,2021-02-17 02:05:12.595000029
37228739841,r3974592-n772143,1,26.045,0.0,0.0,0.0,32510.0,16.0,28.927,27.863,25.978,0.0,0.0,0.0,32510.0,16.0,28.882,27.857,26.26,0.0,0.0,0.0,32510.0,16.0,30.0,29.0,1614722476.721,2021-03-02 22:01:16.720999956
37267039837,r1051355-n772143,1,48.8,25.844,6.003,30311.76,2198.24,16.0,38.461,35.727,46.962,21.854,5.078,31054.333,1455.667,16.0,37.926,35.058,120.38,100.0,10.0,31071.0,32510.0,16.0,40.0,38.0,1614731002.497,2021-03-03 00:23:22.496999979
37291365003,r9648383-n303766,0,39.038,3.379,1.263,5425.676,27084.324,16.0,35.01,32.641,119.444,41.068,16.702,22506.204,10003.796,16.0,56.521,54.303,288.06,100.0,79.0,22531.0,32510.0,16.0,74.0,75.0,1613862487.35,2021-02-20 23:08:07.349999905
37303699678,r9988778-n410412,1,25.873,0.158,0.002,46.716,32463.284,16.0,30.459,28.288,25.873,0.158,0.002,46.716,32463.284,16.0,30.459,28.288,36.98,24.0,1.0,1205.0,32510.0,16.0,32.0,29.0,1614737177.319,2021-03-03 02:06:17.319000006
37307517349,r44132-n303766,0,210.175,88.094,59.145,6635.185,25874.815,16.0,68.546,75.603,208.694,87.386,58.718,6658.365,25851.635,16.0,68.384,75.413,251.96,94.0,64.0,6801.0,32510.0,16.0,72.0,80.0,1613470468.636,2021-02-16 10:14:28.635999918
37308152766,r7462820-n410412,0,208.695,87.365,58.589,6616.297,25893.703,16.0,68.033,74.189,204.442,85.108,57.138,6646.647,25863.353,16.0,67.739,73.765,251.51,94.0,64.0,6799.0,32510.0,16.0,70.0,77.0,1613583568.849,2021-02-17 17:39:28.848999977
37315816827,r9480604-n303766,0,95.492,45.083,18.738,25289.506,7220.494,16.0,43.87,43.154,101.067,46.664,19.555,28548.27,3961.73,16.0,49.031,48.691,269.27,100.0,73.0,28581.0,32510.0,16.0,61.0,66.0,1613356882.056,2021-02-15 02:41:22.055999994
37343030796,r44132-n303766,0,211.533,88.712,59.535,6639.528,25870.472,16.0,68.4,75.633,206.341,86.156,57.883,6665.02,25844.98,16.0,68.053,75.115,250.96,94.0,65.0,6807.0,32510.0,16.0,72.0,80.0,1613466329.918,2021-02-16 09:05:29.917999983
37386565400,r4683026-n948219,0,108.119,40.413,27.48,1630.396,30879.604,16.0,50.444,53.833,208.082,91.593,63.081,3285.401,29224.599,16.0,68.074,76.985,238.21,99.0,72.0,7145.0,32510.0,16.0,73.0,83.0,1613579513.66,2021-02-17 16:31:53.660000086
37418700235,r9988778-n410412,1,25.224,0.0,0.0,0.0,32510.0,16.0,30.576,28.616,25.224,0.0,0.0,0.0,32510.0,16.0,30.576,28.616,25.35,0.0,0.0,0.0,32510.0,16.0,31.0,29.0,1614735030.259,2021-03-03 01:30:30.259000063
37451201739,r7419443-n948219,0,26.937,0.0,0.0,0.0,32510.0,16.0,30.0,28.0,26.937,0.0,0.0,0.0,32510.0,16.0,30.0,28.0,27.0,0.0,0.0,0.0,32510.0,16.0,30.0,28.0,1613942297.455,2021-02-21 21:18:17.454999924
37456809816,r1039410-n303509,0,49.428,13.735,3.498,1046.029,31463.971,16.0,42.15,40.005,66.842,32.756,8.481,1090.323,31419.677,16.0,46.147,44.595,107.98,48.0,13.0,1093.0,32510.0,16.0,48.0,47.0,1613068930.198,2021-02-11 18:42:10.197999954
37462990162,r2215649-n303766,0,25.431,0.0,0.0,0.0,32510.0,16.0,33.0,31.0,25.431,0.0,0.0,0.0,32510.0,16.0,33.0,31.0,25.61,0.0,0.0,0.0,32510.0,16.0,33.0,31.0,1614374507.849,2021-02-26 21:21:47.848999977
37492894656,r9659953-n200569,1,24.474,0.0,0.0,0.0,32510.0,16.0,28.0,27.971,24.474,0.0,0.0,0.0,32510.0,16.0,28.0,27.971,24.7,0.0,0.0,0.0,32510.0,16.0,28.0,28.0,1614718743.945,2021-03-02 20:59:03.944999933
37592406226,r7269000-n948219,0,27.89,0.0,0.0,0.0,32510.0,16.0,39.0,38.0,27.89,0.0,0.0,0.0,32510.0,16.0,39.0,38.0,27.89,0.0,0.0,0.0,32510.0,16.0,39.0,38.0,1613429821.495,2021-02-15 22:57:01.494999886
37595280253,r2215649-n303766,0,28.008,0.202,0.042,903.505,31606.495,16.0,32.343,29.607,40.57,4.148,1.623,9406.465,23103.535,16.0,35.318,32.635,256.01,100.0,66.0,30471.0,32510.0,16.0,49.0,48.0,1614737847.292,2021-03-03 02:17:27.292000055
37616511716,r7462820-n410412,0,209.003,87.67,58.888,6628.425,25881.575,16.0,67.857,73.982,207.611,86.861,58.386,6653.239,25856.761,16.0,67.804,73.878,253.61,94.0,64.0,6799.0,32510.0,16.0,70.0,77.0,1613585824.585,2021-02-17 18:17:04.585000038
37651653872,r8024255-n410412,0,196.937,81.422,54.671,6544.054,25965.946,16.0,67.579,71.236,194.7,80.42,54.042,6598.181,25911.819,16.0,67.581,71.235,252.77,94.0,63.0,6793.0,32510.0,16.0,72.0,76.0,1613523175.04,2021-02-17 00:52:55.039999962
37676136769,r7317916-n948219,1,28.252,0.0,0.0,0.75,32509.25,16.0,45.0,45.0,28.252,0.0,0.0,0.75,32509.25,16.0,45.0,45.0,28.43,0.0,0.0,4.0,32510.0,16.0,45.0,45.0,1613479075.948,2021-02-16 12:37:55.947999954
37693885819,r9170217-n303509,0,210.757,88.384,59.324,6621.077,25888.923,16.0,68.298,70.022,211.036,88.528,59.42,6644.455,25865.545,16.0,68.189,69.929,254.33,94.0,64.0,6793.0,32510.0,16.0,72.0,74.0,1613436887.735,2021-02-16 00:54:47.734999895
37734833636,r3974592-n172107,0,43.965,20.696,3.205,30065.161,2444.839,16.0,30.216,29.112,43.861,22.514,3.444,31040.193,1469.807,16.0,30.482,29.422,73.49,100.0,6.0,31071.0,32510.0,16.0,32.0,31.0,1614737276.143,2021-03-03 02:07:56.142999887
37761732261,r8141575-n303766,0,26.481,0.0,0.0,3.428,32506.572,16.0,34.638,34.85,26.525,0.0,0.0,3.998,32506.002,16.0,35.189,35.302,27.86,0.0,0.0,4.0,32510.0,16.0,40.0,41.0,1614038685.027,2021-02-23 00:04:45.026999950
37807379580,r9988778-n303766,0,62.459,45.012,31.435,2851.402,29658.598,16.0,35.881,37.686,62.459,45.012,31.435,2851.402,29658.598,16.0,35.881,37.686,91.89,76.0,64.0,3459.0,32510.0,16.0,40.0,44.0,1614755008.104,2021-03-03 07:03:28.104000092
37812629668,r2215649-n303766,0,41.199,6.331,1.34,1137.507,31372.493,16.0,41.856,39.033,44.533,8.233,1.752,1304.45,31205.55,16.0,42.183,39.228,114.26,73.0,14.0,1439.0,32510.0,16.0,46.0,42.0,1613953516.261,2021-02-22 00:25:16.260999918
37861915000,r1039410-n303509,0,25.8,0.0,0.0,0.006,32509.994,16.0,32.0,30.0,25.834,0.0,0.0,0.002,32509.998,16.0,32.186,30.482,25.97,0.0,0.0,4.0,32510.0,16.0,33.0,31.0,1614714597.603,2021-03-02 19:49:57.602999926
37864616137,r7419443-n772143,0,25.352,0.0,0.0,0.0,32510.0,16.0,29.522,28.0,25.365,0.0,0.0,0.0,32510.0,16.0,29.759,28.0,25.58,0.0,0.0,0.0,32510.0,16.0,30.0,28.0,1614759517.426,2021-03-03 08:18:37.426000118
37864616137,r7419443-n772143,1,26.03,0.0,0.0,0.0,32510.0,16.0,28.294,26.151,26.029,0.0,0.0,0.0,32510.0,16.0,28.479,26.082,26.27,0.0,0.0,0.0,32510.0,16.0,29.0,27.0,1614759517.435,2021-03-03 08:18:37.434999943
37884849968,r4506251-n303766,0,209.466,86.92,58.309,6639.413,25870.587,16.0,68.133,75.023,208.311,86.383,58.008,6664.867,25845.133,16.0,68.076,74.934,257.99,95.0,65.0,6807.0,32510.0,16.0,71.0,79.0,1613466914.011,2021-02-16 09:15:14.010999918
37919250586,r7462820-n410412,0,192.432,78.38,52.512,6481.481,26028.519,16.0,67.568,73.179,191.367,77.764,52.133,6557.551,25952.449,16.0,67.566,73.141,252.86,100.0,63.0,6799.0,32510.0,16.0,71.0,77.0,1613578821.089,2021-02-17 16:20:21.088999987
37922220556,r7753495-n948219,0,42.509,9.686,0.828,29957.474,2552.526,16.0,38.698,36.776,40.749,7.77,0.64,30945.753,1564.247,16.0,34.81,32.241,62.39,100.0,6.0,31071.0,32510.0,16.0,58.0,58.0,1613569262.642,2021-02-17 13:41:02.641999960
37930090335,r7462820-n303766,1,147.492,60.061,40.342,6495.094,26014.906,16.0,52.031,54.441,155.404,64.274,43.209,6601.139,25908.861,16.0,53.457,56.155,239.93,95.0,66.0,6799.0,32510.0,16.0,63.0,68.0,1613653630.798,2021-02-18 13:07:10.798000097
37934280554,r414303-n948219,0,26.26,0.0,0.0,0.97,32509.03,16.0,32.757,31.0,26.26,0.0,0.0,0.97,32509.03,16.0,32.757,31.0,26.43,0.0,0.0,4.0,32510.0,16.0,33.0,31.0,1614250579.595,2021-02-25 10:56:19.595000029
38003894900,r7462820-n410412,0,198.263,81.554,54.67,6480.229,26029.771,16.0,67.373,73.186,198.021,81.463,54.668,6549.676,25960.324,16.0,67.277,73.091,255.01,95.0,68.0,6799.0,32510.0,16.0,73.0,79.0,1613582467.991,2021-02-17 17:21:07.990999937
38099734447,r8532701-n772143,1,46.957,23.655,6.105,30194.161,2315.839,16.0,36.014,31.957,46.484,21.955,5.623,31049.326,1460.674,16.0,36.452,32.43,112.99,42.0,10.0,31071.0,32510.0,16.0,38.0,34.0,1614731853.754,2021-03-03 00:37:33.753999949
38101871442,r7269000-n303509,0,178.098,68.438,45.865,6529.39,25980.61,16.0,66.264,69.567,173.244,65.704,44.066,6614.0,25896.0,16.0,66.077,69.19,254.35,96.0,67.0,6793.0,32510.0,16.0,72.0,77.0,1613586453.141,2021-02-17 18:27:33.141000032
38126471076,r7753495-n303509,0,65.179,19.711,4.578,3470.38,29039.62,16.0,44.171,41.793,68.785,23.67,5.561,4234.883,28275.117,16.0,44.777,42.373,238.65,100.0,100.0,10523.0,32510.0,16.0,56.0,61.0,1613121762.255,2021-02-12 09:22:42.255000114
38147891822,r7141590-n948219,0,208.954,86.227,57.654,6624.509,25885.491,16.0,68.502,73.543,208.328,85.823,57.459,6654.828,25855.172,16.0,68.36,73.39,262.05,95.0,67.0,6799.0,32510.0,16.0,72.0,78.0,1613445304.489,2021-02-16 03:15:04.489000082
38173422244,r7317916-n948219,0,49.418,0.0,0.0,0.488,32509.512,16.0,57.439,58.732,49.418,0.0,0.0,0.488,32509.512,16.0,57.439,58.732,49.69,0.0,0.0,4.0,32510.0,16.0,58.0,59.0,1613481237.48,2021-02-16 13:13:57.480000019
38249669635,r3974592-n303509,1,24.787,0.0,0.0,1.014,32508.986,16.0,28.0,26.073,24.798,0.0,0.0,0.228,32509.772,16.0,27.951,26.448,25.15,0.0,0.0,4.0,32510.0,16.0,28.0,27.0,1613292451.269,2021-02-14 08:47:31.269000053
38286911624,r492024-n303766,1,45.566,7.635,2.557,1364.364,31145.636,16.0,39.926,38.69,99.119,49.474,16.962,2586.76,29923.24,16.0,61.971,60.41,159.15,70.0,25.0,2627.0,32510.0,16.0,67.0,66.0,1613409090.373,2021-02-15 17:11:30.372999907
38295532889,r4506251-n410412,0,25.743,0.0,0.0,2.133,32507.867,16.0,31.0,30.0,28.217,0.599,0.411,711.567,31798.433,16.0,31.306,30.202,208.87,84.0,57.0,18861.0,32510.0,16.0,38.0,40.0,1613396781.676,2021-02-15 13:46:21.676000118
38296649478,r414303-n303509,0,35.454,2.435,0.0,470.717,32039.283,16.0,34.761,34.0,35.454,2.435,0.0,470.717,32039.283,16.0,34.761,34.0,37.84,10.0,0.0,1197.0,32510.0,16.0,35.0,34.0,1613429525.15,2021-02-15 22:52:05.150000095
38346942116,r8972851-n303509,0,197.478,80.571,54.012,6552.95,25957.05,16.0,68.082,72.753,196.505,80.229,53.824,6607.834,25902.166,16.0,68.007,72.664,251.02,97.0,64.0,6807.0,32510.0,16.0,71.0,76.0,1613606406.937,2021-02-18 00:00:06.937000036
38376752436,r8275852-n303766,0,52.05,8.952,4.045,14815.86,17694.14,16.0,41.574,40.134,101.423,34.369,15.267,27696.226,4813.774,16.0,52.806,51.797,278.58,100.0,69.0,27713.0,32510.0,16.0,74.0,78.0,1613840634.889,2021-02-20 17:03:54.888999939
38377254800,r9480604-n303766,0,70.833,32.74,4.485,1255.974,31254.026,16.0,43.56,41.013,70.833,32.74,4.485,1255.974,31254.026,16.0,43.56,41.013,120.91,90.0,13.0,1315.0,32510.0,16.0,45.0,42.0,1613795172.371,2021-02-20 04:26:12.371000051
38460331269,r7141590-n303509,0,26.863,0.0,0.0,0.0,32510.0,16.0,39.0,38.0,26.863,0.0,0.0,0.0,32510.0,16.0,39.0,38.0,26.91,0.0,0.0,0.0,32510.0,16.0,39.0,38.0,1613145554.889,2021-02-12 15:59:14.888999939
38501493111,r1039410-n303509,0,33.089,0.493,0.016,1104.744,31405.256,16.0,39.234,36.923,69.985,39.254,15.013,4667.067,27842.933,16.0,46.715,46.396,156.31,75.0,31.0,4678.0,32510.0,16.0,51.0,52.0,1613167657.424,2021-02-12 22:07:37.424000025
38543562947,r8972851-n948219,0,33.121,1.723,0.0,485.554,32024.446,16.0,32.462,31.0,33.121,1.723,0.0,485.554,32024.446,16.0,32.462,31.0,39.87,9.0,0.0,1231.0,32510.0,16.0,33.0,31.0,1613183841.327,2021-02-13 02:37:21.326999903
38580272243,r3974592-n303509,0,24.465,0.0,0.0,2.042,32507.958,16.0,30.0,29.0,26.597,0.45,0.0,264.12,32245.88,16.0,30.321,29.144,39.15,25.0,1.0,2480.0,32510.0,16.0,33.0,31.0,1613178198.194,2021-02-13 01:03:18.194000006
38580272243,r3974592-n303509,1,24.858,0.0,0.0,2.042,32507.958,16.0,28.0,27.0,26.93,0.036,0.0,183.803,32326.197,16.0,28.33,27.153,38.01,8.0,0.0,1205.0,32510.0,16.0,31.0,29.0,1613178198.197,2021-02-13 01:03:18.197000027
38627952519,r1051355-n772143,1,40.042,22.111,1.951,28917.757,3592.243,16.0,35.409,32.314,40.871,21.1,1.595,31000.176,1509.824,16.0,36.705,33.707,70.17,36.0,3.0,31071.0,32510.0,16.0,38.0,35.0,1614721838.898,2021-03-02 21:50:38.898000002
38646905356,r9480604-n303766,0,65.639,21.543,10.554,4867.213,27642.787,16.0,38.696,37.136,81.768,32.033,15.776,8346.819,24163.181,16.0,47.461,46.366,247.22,100.0,57.0,8493.0,32510.0,16.0,58.0,60.0,1613831155.839,2021-02-20 14:25:55.838999987
38646905356,r9480604-n303766,1,66.704,25.465,10.878,5044.839,27465.161,16.0,37.788,37.136,81.639,38.143,16.346,8509.411,24000.589,16.0,44.589,44.175,251.44,99.0,58.0,8703.0,32510.0,16.0,56.0,58.0,1613831155.842,2021-02-20 14:25:55.842000008
38679532327,r9480604-n410412,0,44.598,26.306,0.0,1001.222,31508.778,16.0,40.567,37.839,44.598,26.306,0.0,1001.222,31508.778,16.0,40.567,37.839,46.29,50.0,0.0,1065.0,32510.0,16.0,41.0,39.0,1614114146.013,2021-02-23 21:02:26.013000011
38686190704,r2684277-n948219,0,124.522,51.019,30.946,1784.822,30725.178,16.0,51.408,52.124,210.984,95.295,58.456,3304.434,29205.566,16.0,67.914,71.27,224.71,98.0,60.0,3361.0,32510.0,16.0,73.0,77.0,1614067656.434,2021-02-23 08:07:36.434000015
38724092903,r4683026-n948219,0,43.553,20.224,3.831,680.589,31829.411,16.0,41.526,41.663,49.261,28.61,4.913,1008.708,31501.292,16.0,43.242,43.656,88.07,40.0,9.0,1027.0,32510.0,16.0,45.0,46.0,1613593228.271,2021-02-17 20:20:28.270999908
38761172982,r8024255-n303766,0,33.05,8.622,0.038,15347.768,17162.232,16.0,34.442,31.998,38.803,16.233,0.038,30643.66,1866.34,16.0,36.554,33.992,45.47,100.0,6.0,30709.0,32510.0,16.0,39.0,36.0,1614261255.893,2021-02-25 13:54:15.892999887
38774855850,r5051220-n172107,0,40.055,23.672,0.919,30611.201,1898.799,16.0,36.568,32.999,39.617,20.881,0.811,31054.358,1455.642,16.0,36.573,32.907,53.5,100.0,6.0,31071.0,32510.0,16.0,37.0,34.0,1614735463.769,2021-03-03 01:37:43.769000053
38785099470,r8972851-n948219,1,24.485,0.0,0.0,0.444,32509.556,16.0,28.0,25.741,24.485,0.0,0.0,0.444,32509.556,16.0,28.0,25.741,24.57,0.0,0.0,4.0,32510.0,16.0,28.0,26.0,1613529065.303,2021-02-17 02:31:05.302999973
38803788197,r8024255-n410412,0,24.595,0.0,0.0,0.0,32510.0,16.0,32.0,29.998,24.58,0.0,0.0,1.066,32508.934,16.0,32.007,29.984,24.89,0.0,0.0,4.0,32510.0,16.0,33.0,31.0,1613005537.345,2021-02-11 01:05:37.345000029
38820772285,r44132-n410412,0,102.541,57.626,14.693,1078.895,31431.105,16.0,45.154,43.132,172.51,82.986,21.299,1518.713,30991.287,16.0,64.982,63.897,217.4,98.0,26.0,1579.0,32510.0,16.0,71.0,70.0,1613299540.268,2021-02-14 10:45:40.267999887
38833484965,r8141575-n303766,0,52.804,12.065,2.627,1632.233,30877.767,16.0,39.98,39.404,83.93,25.177,5.536,3383.127,29126.873,16.0,52.031,51.279,204.59,100.0,14.0,3419.0,32510.0,16.0,56.0,54.0,1613791471.241,2021-02-20 03:24:31.240999937
38882826898,r6707841-n772143,0,47.787,21.367,5.498,28927.847,3582.153,16.0,37.401,35.556,49.223,21.738,5.542,31019.31,1490.69,16.0,39.628,37.631,123.08,100.0,10.0,31071.0,32510.0,16.0,42.0,40.0,1614721838.875,2021-03-02 21:50:38.875000000
38889382229,r7419443-n948219,0,27.029,0.0,0.0,0.0,32510.0,16.0,30.0,29.0,27.029,0.0,0.0,0.0,32510.0,16.0,30.0,29.0,27.13,0.0,0.0,0.0,32510.0,16.0,30.0,29.0,1613926488.66,2021-02-21 16:54:48.660000086
38975731272,r4099734-n172107,0,42.296,23.53,1.812,29723.57,2786.43,16.0,38.802,36.84,42.104,21.36,1.753,31025.699,1484.301,16.0,39.207,37.273,69.84,100.0,6.0,31071.0,32510.0,16.0,40.0,38.0,1614737556.337,2021-03-03 02:12:36.336999893
39043373194,r8141575-n410412,0,85.562,29.686,7.841,4557.784,27952.216,16.0,37.911,35.291,85.562,29.686,7.841,4557.784,27952.216,16.0,37.911,35.291,249.32,100.0,32.0,8429.0,32510.0,16.0,49.0,46.0,1614620739.537,2021-03-01 17:45:39.536999941
39051343138,r9988778-n303766,1,197.967,82.375,55.384,6639.358,25870.642,16.0,57.797,62.1,200.793,83.472,56.157,6666.426,25843.574,16.0,59.955,64.569,261.13,96.0,67.0,6793.0,32510.0,16.0,71.0,77.0,1613462224.612,2021-02-16 07:57:04.611999989
39055202392,r9170217-n303509,0,27.122,0.0,0.0,0.0,32510.0,16.0,39.002,36.0,27.122,0.0,0.0,0.0,32510.0,16.0,39.002,36.0,27.48,0.0,0.0,0.0,32510.0,16.0,40.0,36.0,1613064274.753,2021-02-11 17:24:34.753000021
39091287857,r4144777-n303509,0,71.248,48.981,9.066,22283.797,10226.203,16.0,41.888,39.295,94.51,75.231,13.819,30761.351,1748.649,16.0,50.906,48.523,99.87,100.0,15.0,31023.0,32510.0,16.0,52.0,50.0,1613699569.193,2021-02-19 01:52:49.193000078
39142474448,r4683026-n948219,0,35.638,0.296,0.014,881.191,31628.809,16.0,41.801,41.687,62.813,30.073,8.749,1555.313,30954.687,16.0,48.773,49.811,111.84,46.0,15.0,1605.0,32510.0,16.0,51.0,53.0,1614079708.578,2021-02-23 11:28:28.578000069
39207795800,r44132-n303766,0,26.688,0.007,0.0,12.435,32497.565,16.0,37.025,36.482,59.662,32.402,7.857,1523.396,30986.604,16.0,44.339,44.245,124.01,57.0,16.0,1605.0,32510.0,16.0,48.0,49.0,1613456884.603,2021-02-16 06:28:04.602999926
39242047417,r9988778-n410412,0,43.821,4.451,1.3,4722.031,27787.969,16.0,35.975,34.222,46.242,3.602,1.085,16392.742,16117.258,16.0,38.967,37.026,156.25,100.0,31.0,16425.0,32510.0,16.0,46.0,46.0,1613263387.24,2021-02-14 00:43:07.240000010
39270476703,r4506251-n303766,0,31.944,0.0,0.0,0.5,32509.5,16.0,46.0,47.95,31.944,0.0,0.0,0.5,32509.5,16.0,46.0,47.95,32.06,0.0,0.0,4.0,32510.0,16.0,46.0,48.0,1613507959.594,2021-02-16 20:39:19.594000101
39283965492,r9988778-n410412,0,63.026,34.637,8.827,1309.186,31200.814,16.0,39.628,38.315,67.79,38.989,9.927,1526.897,30983.103,16.0,42.805,41.481,122.28,51.0,13.0,1539.0,32510.0,16.0,44.0,43.0,1613251252.21,2021-02-13 21:20:52.210000038
39293261507,r3974592-n303509,1,24.846,0.0,0.0,3.966,32506.034,16.0,28.0,27.0,24.846,0.0,0.0,3.966,32506.034,16.0,28.0,27.0,25.21,0.0,0.0,4.0,32510.0,16.0,28.0,27.0,1613287646.94,2021-02-14 07:27:26.940000057
39339051459,r6727430-n303509,0,208.402,89.765,60.226,6650.161,25859.839,16.0,68.445,73.539,208.344,89.803,60.275,6666.717,25843.283,16.0,68.417,73.523,247.05,95.0,64.0,6807.0,32510.0,16.0,71.0,77.0,1613434430.551,2021-02-16 00:13:50.551000118
39357758266,r1039410-n303509,0,26.699,0.0,0.0,0.002,32509.998,16.0,38.0,36.0,41.264,1.442,0.921,24555.792,7954.208,16.0,41.455,38.816,259.75,100.0,84.0,28193.0,32510.0,16.0,62.0,69.0,1613123389.65,2021-02-12 09:49:49.650000095
39405969594,r1051355-n200569,1,25.578,0.0,0.0,0.0,32510.0,16.0,27.0,25.992,25.578,0.0,0.0,0.0,32510.0,16.0,27.0,25.992,25.69,0.0,0.0,0.0,32510.0,16.0,27.0,26.0,1614716446.349,2021-03-02 20:20:46.348999977
39414278945,r2215649-n410412,0,45.535,41.531,2.396,2996.157,29513.843,16.0,42.874,39.896,78.854,88.092,11.906,11157.218,21352.782,16.0,51.376,48.837,173.93,100.0,53.0,11496.0,32510.0,16.0,60.0,61.0,1613991213.932,2021-02-22 10:53:33.931999922
39425912357,r7141590-n948219,0,215.008,89.375,59.722,6622.854,25887.146,16.0,68.495,73.555,215.28,89.562,59.877,6645.422,25864.578,16.0,68.472,73.551,262.44,95.0,65.0,6799.0,32510.0,16.0,71.0,77.0,1613437937.651,2021-02-16 01:12:17.651000023
39447486375,r6727430-n948219,0,201.437,85.458,57.409,6526.202,25983.798,16.0,66.787,71.697,200.061,84.627,56.899,6574.509,25935.491,16.0,66.976,71.898,249.78,94.0,65.0,6799.0,32510.0,16.0,72.0,78.0,1613599657.437,2021-02-17 22:07:37.437000036
39451349880,r492024-n410412,0,27.843,0.0,0.0,0.0,32510.0,16.0,32.0,31.0,27.843,0.0,0.0,0.0,32510.0,16.0,32.0,31.0,27.9,0.0,0.0,0.0,32510.0,16.0,32.0,31.0,1613860398.636,2021-02-20 22:33:18.635999918
39451349880,r492024-n410412,1,25.432,0.0,0.0,0.0,32510.0,16.0,30.0,29.0,25.432,0.0,0.0,0.0,32510.0,16.0,30.0,29.0,25.55,0.0,0.0,0.0,32510.0,16.0,30.0,29.0,1613860398.637,2021-02-20 22:33:18.637000084
39471827543,r7141590-n303509,0,33.016,0.448,0.016,397.189,32112.811,16.0,39.718,38.512,59.662,30.205,5.293,1074.686,31435.314,16.0,45.928,43.646,121.04,49.0,10.0,1093.0,32510.0,16.0,48.0,46.0,1613468681.546,2021-02-16 09:44:41.546000004
39583372353,r974863-n410412,1,209.324,90.541,60.76,6634.685,25875.315,16.0,67.112,70.992,208.033,89.848,60.33,6652.92,25857.08,16.0,67.164,71.032,250.38,95.0,66.0,6793.0,32510.0,16.0,73.0,78.0,1613445596.142,2021-02-16 03:19:56.141999960
39589720473,r7419443-n948219,0,151.648,64.455,44.205,2206.179,30303.821,16.0,54.586,57.717,216.369,96.476,66.648,3286.363,29223.637,16.0,68.01,74.618,237.02,99.0,70.0,4783.0,32510.0,16.0,74.0,81.0,1614206559.471,2021-02-24 22:42:39.470999956
39604036486,r974863-n303766,1,28.889,0.18,0.001,241.011,32268.989,16.0,30.312,28.208,53.545,24.554,7.597,1462.183,31047.817,16.0,36.351,34.512,108.43,45.0,16.0,1539.0,32510.0,16.0,40.0,39.0,1613845200.257,2021-02-20 18:20:00.256999969
39616236927,r8473362-n410412,0,35.576,1.65,0.359,726.116,31783.884,16.0,36.871,34.695,62.322,29.58,7.589,1059.828,31450.172,16.0,44.863,43.243,101.82,45.0,13.0,1093.0,32510.0,16.0,49.0,48.0,1613791358.378,2021-02-20 03:22:38.378000021
39625865617,r4144777-n303509,1,39.989,3.346,1.065,961.107,31548.893,16.0,34.182,31.23,86.294,46.115,15.448,2615.897,29894.103,16.0,48.805,46.279,139.24,62.0,22.0,2627.0,32510.0,16.0,51.0,49.0,1613105998.086,2021-02-12 04:59:58.085999966
39645884032,r9170217-n948219,0,188.65,78.886,52.997,6509.149,26000.851,16.0,65.9,70.626,185.929,77.601,52.179,6580.095,25929.905,16.0,66.142,70.872,246.05,94.0,63.0,6799.0,32510.0,16.0,69.0,75.0,1613583727.917,2021-02-17 17:42:07.917000055
39699262769,r2684277-n948219,1,103.698,39.674,26.328,1253.056,31256.944,16.0,42.107,43.474,203.507,91.249,61.179,2788.138,29721.862,16.0,59.261,66.232,241.06,99.0,69.0,4279.0,32510.0,16.0,71.0,79.0,1613993645.364,2021-02-22 11:34:05.364000082
39734151140,r8972851-n172107,1,60.979,27.451,12.219,30472.331,2037.669,16.0,37.839,37.915,59.94,26.152,11.628,31055.056,1454.944,16.0,40.269,40.138,133.16,100.0,22.0,31071.0,32510.0,16.0,43.0,44.0,1614747986.76,2021-03-03 05:06:26.759999990
39737933399,r1051355-n172107,1,59.399,28.288,12.759,30354.753,2155.247,16.0,38.454,36.249,56.757,26.405,11.729,31052.038,1457.962,16.0,40.043,37.806,108.67,100.0,22.0,31071.0,32510.0,16.0,42.0,42.0,1614725548.106,2021-03-02 22:52:28.105999947
39739040553,r8141575-n410412,0,136.794,52.55,14.071,8167.651,24342.349,16.0,58.283,56.678,145.371,54.052,14.535,8440.445,24069.555,16.0,68.349,67.871,275.05,100.0,32.0,8461.0,32510.0,16.0,74.0,74.0,1614620924.163,2021-03-01 17:48:44.163000107
39749881507,r9170217-n948219,0,208.407,90.749,61.018,6649.924,25860.076,16.0,65.832,71.104,207.463,89.999,60.552,6666.709,25843.291,16.0,66.041,71.323,249.93,95.0,69.0,6801.0,32510.0,16.0,73.0,80.0,1613459059.004,2021-02-16 07:04:19.003999949
39780389347,r9988778-n303766,0,36.335,0.072,0.002,1028.195,31481.805,16.0,39.603,38.525,42.881,4.365,1.206,1947.981,30562.019,16.0,37.429,36.261,246.9,99.0,36.0,6411.0,32510.0,16.0,52.0,51.0,1613159488.283,2021-02-12 19:51:28.282999992
39819609082,r8473362-n410412,0,27.732,0.081,0.0,68.259,32441.741,16.0,32.737,30.985,27.732,0.081,0.0,68.259,32441.741,16.0,32.737,30.985,37.51,9.0,0.0,1205.0,32510.0,16.0,34.0,31.0,1614736398.187,2021-03-03 01:53:18.187000036
39846191835,r7462820-n410412,0,193.74,79.288,53.149,6557.696,25952.304,16.0,67.086,72.659,193.129,79.151,53.103,6613.553,25896.447,16.0,67.173,72.778,253.16,94.0,65.0,6799.0,32510.0,16.0,71.0,78.0,1613585423.673,2021-02-17 18:10:23.673000097
39855113865,r8024255-n303766,0,39.677,2.589,1.733,9898.215,22611.785,16.0,35.14,32.66,39.677,2.589,1.733,9898.215,22611.785,16.0,35.14,32.66,195.13,100.0,90.0,31537.0,32510.0,16.0,38.0,42.0,1613365452.454,2021-02-15 05:04:12.453999996
39943540090,r8972851-n303509,0,190.085,76.903,51.572,6525.438,25984.562,16.0,67.961,72.303,189.237,76.26,51.182,6593.527,25916.473,16.0,67.894,72.206,250.06,100.0,63.0,6799.0,32510.0,16.0,71.0,76.0,1613609312.876,2021-02-18 00:48:32.875999928
39962044133,r7753495-n948219,0,214.152,90.477,60.816,6639.228,25870.772,16.0,68.003,71.295,212.264,89.596,60.24,6642.912,25867.088,16.0,67.903,71.169,254.07,95.0,66.0,6793.0,32510.0,16.0,71.0,75.0,1613568912.648,2021-02-17 13:35:12.648000002
39967343673,r8275852-n410412,0,27.815,0.0,0.0,0.004,32509.996,16.0,30.955,32.159,27.779,0.0,0.0,0.0,32510.0,16.0,30.777,32.126,28.41,0.0,0.0,4.0,32510.0,16.0,32.0,34.0,1614017448.012,2021-02-22 18:10:48.012000084
40004119704,r4506251-n303766,0,36.885,0.45,0.002,1073.158,31436.842,16.0,36.239,36.519,61.696,32.262,7.503,1576.425,30933.575,16.0,43.268,44.452,128.48,53.0,15.0,1605.0,32510.0,16.0,45.0,46.0,1613328622.156,2021-02-14 18:50:22.155999899
40006110705,r7141590-n948219,0,214.006,89.086,59.651,6626.68,25883.32,16.0,68.434,73.523,214.5,89.324,59.824,6649.421,25860.579,16.0,68.451,73.55,262.6,95.0,65.0,6799.0,32510.0,16.0,71.0,76.0,1613437587.378,2021-02-16 01:06:27.378000021
40036024547,r9480604-n303766,0,27.538,0.0,0.0,2.614,32507.386,16.0,32.0,29.504,27.538,0.0,0.0,2.614,32507.386,16.0,32.0,29.504,27.77,0.0,0.0,4.0,32510.0,16.0,32.0,30.0,1613792727.806,2021-02-20 03:45:27.805999994
40048821868,r9659953-n172107,1,51.285,24.927,6.461,30290.673,2219.327,16.0,36.346,34.087,48.61,22.699,5.863,31051.099,1458.901,16.0,36.639,34.373,110.42,100.0,10.0,31071.0,32510.0,16.0,38.0,36.0,1614725283.274,2021-03-02 22:48:03.273999929
40103117697,r9988778-n410412,0,25.268,0.0,0.0,0.0,32510.0,16.0,30.0,29.0,25.268,0.0,0.0,0.0,32510.0,16.0,30.0,29.0,25.39,0.0,0.0,0.0,32510.0,16.0,30.0,29.0,1614735030.229,2021-03-03 01:30:30.229000092
40108309088,r4683026-n772143,0,25.875,0.0,0.0,0.0,32510.0,16.0,31.0,28.946,25.875,0.0,0.0,0.0,32510.0,16.0,31.0,28.946,25.97,0.0,0.0,0.0,32510.0,16.0,31.0,29.0,1614726048.114,2021-03-02 23:00:48.114000082
40108309088,r4683026-n772143,1,28.218,0.0,0.0,0.0,32510.0,16.0,29.179,29.0,28.218,0.0,0.0,0.0,32510.0,16.0,29.179,29.0,28.3,0.0,0.0,0.0,32510.0,16.0,30.0,29.0,1614726048.117,2021-03-02 23:00:48.117000103
40113526973,r8024255-n410412,0,195.907,80.357,53.983,6550.507,25959.493,16.0,68.004,71.678,190.7,78.009,52.438,6610.105,25899.895,16.0,67.663,71.245,251.99,93.0,63.0,6807.0,32510.0,16.0,71.0,76.0,1613528726.33,2021-02-17 02:25:26.329999924
40130924494,r414303-n948219,0,63.644,23.588,4.045,3268.286,29241.714,16.0,46.485,43.805,122.365,61.8,10.793,7213.204,25296.796,16.0,63.606,61.331,233.22,100.0,22.0,7299.0,32510.0,16.0,72.0,68.0,1614005115.182,2021-02-22 14:45:15.181999922
40130924494,r414303-n948219,1,65.843,23.863,4.139,3420.913,29089.087,16.0,42.617,40.987,123.599,62.55,11.075,7251.681,25258.319,16.0,59.269,56.475,241.79,100.0,22.0,7335.0,32510.0,16.0,68.0,64.0,1614005115.19,2021-02-22 14:45:15.190000057
40175416861,r8972851-n948219,0,37.015,0.91,0.014,1347.047,31162.953,16.0,33.052,31.692,37.015,0.91,0.014,1347.047,31162.953,16.0,33.052,31.692,41.5,40.0,2.0,2041.0,32510.0,16.0,34.0,32.0,1613184431.534,2021-02-13 02:47:11.533999919
40187878457,r9480604-n303766,0,56.244,13.825,3.043,1713.756,30796.244,16.0,40.736,38.42,83.527,26.379,5.805,3382.768,29127.232,16.0,47.39,44.902,197.56,71.0,14.0,3419.0,32510.0,16.0,52.0,50.0,1613795710.497,2021-02-20 04:35:10.496999979
40189546571,r7419443-n948219,0,49.039,11.819,2.593,1329.67,31180.33,16.0,35.262,33.529,73.318,23.279,5.126,3156.901,29353.099,16.0,42.862,41.283,184.88,61.0,14.0,3417.0,32510.0,16.0,46.0,44.0,1613664698.117,2021-02-18 16:11:38.117000103
40199113048,r810901-n172107,1,35.027,0.035,0.0,1016.563,31493.437,16.0,30.508,29.776,35.201,0.003,0.0,1037.409,31472.591,16.0,30.538,29.758,35.59,12.0,1.0,1039.0,32510.0,16.0,32.0,31.0,1614719062.178,2021-03-02 21:04:22.177999973
40221766530,r4683026-n948219,0,31.739,0.52,0.089,977.876,31532.124,16.0,36.658,36.4,31.739,0.52,0.089,977.876,31532.124,16.0,36.658,36.4,197.4,74.0,29.0,15723.0,32510.0,16.0,42.0,40.0,1614341141.225,2021-02-26 12:05:41.224999905
40264498376,r8972851-n948219,0,216.936,90.832,60.707,6653.62,25856.38,16.0,68.119,72.374,214.858,89.794,60.048,6649.47,25860.53,16.0,68.038,72.245,257.61,96.0,66.0,6807.0,32510.0,16.0,70.0,75.0,1613522053.817,2021-02-17 00:34:13.816999912
40278949527,r1051355-n172107,0,43.874,26.612,6.619,29111.068,3398.932,16.0,35.522,34.844,43.99,27.005,6.645,31019.186,1490.814,16.0,36.99,36.349,83.23,44.0,10.0,31071.0,32510.0,16.0,39.0,39.0,1614715744.598,2021-03-02 20:09:04.598000050
40293142462,r216287-n303509,1,27.028,0.0,0.0,1.781,32508.219,16.0,35.0,33.0,27.028,0.0,0.0,1.781,32508.219,16.0,35.0,33.0,27.28,0.0,0.0,4.0,32510.0,16.0,35.0,33.0,1612829866.41,2021-02-09 00:17:46.410000086
40359227544,r414303-n303509,0,27.089,0.0,0.0,0.0,32510.0,16.0,34.0,34.0,27.089,0.0,0.0,0.0,32510.0,16.0,34.0,34.0,27.19,0.0,0.0,0.0,32510.0,16.0,34.0,34.0,1613429372.891,2021-02-15 22:49:32.891000032
40383807209,r7269000-n303509,0,190.079,76.852,51.574,6001.159,26508.841,16.0,64.7,68.614,195.324,79.719,53.543,6190.459,26319.541,16.0,65.525,69.704,257.32,95.0,66.0,6807.0,32510.0,16.0,73.0,79.0,1613574596.337,2021-02-17 15:09:56.336999893
40391159212,r414303-n948219,0,42.541,9.92,1.587,1026.524,31483.476,16.0,34.537,32.081,58.845,35.517,5.954,1092.459,31417.541,16.0,39.961,37.527,92.26,46.0,8.0,1093.0,32510.0,16.0,42.0,39.0,1614499663.543,2021-02-28 08:07:43.542999983
40419235085,r974863-n410412,1,198.432,88.099,59.245,6639.73,25870.27,16.0,59.2,62.245,197.185,87.312,58.745,6663.375,25846.625,16.0,59.566,62.639,241.06,96.0,67.0,6799.0,32510.0,16.0,65.0,70.0,1613445238.067,2021-02-16 03:13:58.066999911
40433974471,r9659953-n200569,1,30.862,0.032,0.0,574.805,31935.195,16.0,29.777,28.685,33.978,0.016,0.0,871.733,31638.267,16.0,30.418,28.999,36.06,21.0,1.0,1039.0,32510.0,16.0,31.0,30.0,1614723596.283,2021-03-02 22:19:56.282999992
40475480865,r8473362-n410412,0,36.656,1.745,0.335,27298.742,5211.258,16.0,34.891,32.575,37.815,0.009,0.002,31061.178,1448.822,16.0,38.011,35.706,105.39,100.0,15.0,31079.0,32510.0,16.0,40.0,38.0,1613834602.95,2021-02-20 15:23:22.950000048
40490486525,r7419443-n948219,0,36.248,5.593,0.478,955.072,31554.928,16.0,32.852,31.216,38.104,4.459,0.382,1225.621,31284.379,16.0,33.736,32.054,47.99,21.0,2.0,1369.0,32510.0,16.0,35.0,33.0,1613663421.009,2021-02-18 15:50:21.009000063
40501950865,r9988778-n303766,1,26.275,0.0,0.0,0.0,32510.0,16.0,29.0,26.16,26.275,0.0,0.0,0.0,32510.0,16.0,29.0,26.16,26.38,0.0,0.0,0.0,32510.0,16.0,29.0,27.0,1613372905.378,2021-02-15 07:08:25.378000021
40504934496,r9170217-n948219,0,35.815,1.216,0.009,613.405,31896.595,16.0,33.306,31.234,35.815,1.216,0.009,613.405,31896.595,16.0,33.306,31.234,38.9,23.0,1.0,1197.0,32510.0,16.0,34.0,32.0,1613429513.68,2021-02-15 22:51:53.680000067
40514386439,r7317916-n948219,0,189.929,82.376,55.297,6563.689,25946.311,16.0,66.801,74.089,189.049,81.646,54.854,6612.22,25897.78,16.0,67.03,74.304,242.62,94.0,64.0,6807.0,32510.0,16.0,74.0,82.0,1613481799.53,2021-02-16 13:23:19.529999970
40583240849,r2215649-n410412,0,73.458,23.768,6.468,5768.0,26742.0,16.0,39.245,36.14,73.458,23.768,6.468,5768.0,26742.0,16.0,39.245,36.14,277.42,100.0,37.0,15173.0,32510.0,16.0,62.0,57.0,1613300873.266,2021-02-14 11:07:53.266000032
40604996346,r492024-n303766,0,211.566,90.142,60.602,6638.45,25871.55,16.0,68.367,73.452,208.821,88.691,59.617,6657.406,25852.594,16.0,68.23,73.251,249.57,95.0,64.0,6799.0,32510.0,16.0,71.0,76.0,1613441687.329,2021-02-16 02:14:47.328999996
40607385290,r4683026-n948219,0,50.136,46.659,4.726,4471.165,28038.835,16.0,38.554,38.267,77.327,88.765,11.99,11401.655,21108.345,16.0,51.99,52.974,202.43,100.0,53.0,11496.0,32510.0,16.0,58.0,63.0,1613991316.827,2021-02-22 10:55:16.826999903
40650989425,r216287-n303509,1,27.11,0.0,0.0,2.061,32507.939,16.0,35.0,33.0,27.11,0.0,0.0,2.061,32507.939,16.0,35.0,33.0,27.3,0.0,0.0,4.0,32510.0,16.0,35.0,33.0,1612829860.874,2021-02-09 00:17:40.874000072
40662087819,r2215649-n303766,0,28.233,0.098,0.001,240.108,32269.892,16.0,31.384,29.175,28.233,0.098,0.001,240.108,32269.892,16.0,31.384,29.175,37.9,21.0,1.0,1055.0,32510.0,16.0,33.0,30.0,1614720119.543,2021-03-02 21:21:59.542999983
40673236976,r7269000-n948219,1,202.421,83.208,55.711,6543.066,25966.934,16.0,66.807,71.398,202.287,83.355,55.818,6589.478,25920.522,16.0,66.612,71.16,257.19,100.0,64.0,6807.0,32510.0,16.0,72.0,78.0,1613441631.97,2021-02-16 02:13:51.970000029
40677747703,r810901-n948219,1,36.062,0.212,0.001,963.247,31546.753,16.0,31.978,30.837,39.222,3.852,0.949,1026.307,31483.693,16.0,32.892,31.824,96.98,47.0,12.0,1027.0,32510.0,16.0,38.0,36.0,1613982469.598,2021-02-22 08:27:49.598000050
40716084010,r7269000-n303509,0,217.042,91.03,61.001,6650.081,25859.919,16.0,68.293,73.375,213.83,89.309,59.914,6671.238,25838.762,16.0,68.081,73.061,254.16,95.0,67.0,6807.0,32510.0,16.0,71.0,76.0,1613585747.144,2021-02-17 18:15:47.144000053
40742357261,r4506251-n410412,0,25.99,0.0,0.0,0.0,32510.0,16.0,31.0,30.0,25.99,0.0,0.0,0.0,32510.0,16.0,31.0,30.0,26.0,0.0,0.0,0.0,32510.0,16.0,31.0,30.0,1614734566.626,2021-03-03 01:22:46.625999928
40758876570,r7269000-n948219,0,175.491,81.721,32.457,13317.382,19192.618,16.0,59.496,59.46,200.966,94.677,38.391,15444.533,17065.467,16.0,68.388,69.271,289.77,100.0,56.0,15465.0,32510.0,16.0,73.0,75.0,1613152373.434,2021-02-12 17:52:53.434000015
40758876570,r7269000-n948219,1,160.713,77.113,28.908,11936.793,20573.207,16.0,58.218,58.789,181.597,89.294,34.337,13880.303,18629.697,16.0,63.71,65.194,279.46,100.0,55.0,13899.0,32510.0,16.0,73.0,76.0,1613152373.445,2021-02-12 17:52:53.444999933
40809800382,r6727430-n303509,0,208.206,89.284,59.9,6646.519,25863.481,16.0,68.376,73.424,208.419,89.5,60.07,6665.463,25844.537,16.0,68.421,73.441,247.2,95.0,65.0,6801.0,32510.0,16.0,71.0,77.0,1613441356.875,2021-02-16 02:09:16.875000000
40912842498,r492024-n410412,1,25.455,0.0,0.0,0.0,32510.0,16.0,30.0,29.25,25.455,0.0,0.0,0.0,32510.0,16.0,30.0,29.25,25.52,0.0,0.0,0.0,32510.0,16.0,30.0,30.0,1614734566.671,2021-03-03 01:22:46.671000004
40916848619,r4506251-n410412,0,26.889,0.121,0.002,68.236,32441.764,16.0,31.072,30.008,26.889,0.121,0.002,68.236,32441.764,16.0,31.072,30.008,39.01,24.0,1.0,1205.0,32510.0,16.0,32.0,31.0,1614736398.153,2021-03-03 01:53:18.153000116
40941205002,r6707841-n772143,0,46.183,24.955,4.022,30267.898,2242.102,16.0,37.932,35.898,45.417,22.051,3.533,31047.074,1462.926,16.0,37.959,35.816,105.84,100.0,6.0,31071.0,32510.0,16.0,40.0,38.0,1614734395.099,2021-03-03 01:19:55.098999977
40974463196,r7462820-n410412,0,192.813,77.866,52.215,6519.304,25990.696,16.0,68.137,73.632,190.991,77.276,51.862,6590.61,25919.39,16.0,68.017,73.472,254.09,93.0,63.0,6807.0,32510.0,16.0,72.0,78.0,1613576747.759,2021-02-17 15:45:47.759000063
41025730727,r2684277-n772143,0,26.854,0.0,0.0,0.0,32510.0,16.0,29.987,28.899,26.854,0.0,0.0,0.0,32510.0,16.0,29.987,28.899,26.92,0.0,0.0,0.0,32510.0,16.0,30.0,29.0,1614725061.115,2021-03-02 22:44:21.115000010
41025730727,r2684277-n772143,1,24.729,0.0,0.0,0.0,32510.0,16.0,28.0,28.0,24.729,0.0,0.0,0.0,32510.0,16.0,28.0,28.0,24.8,0.0,0.0,0.0,32510.0,16.0,28.0,28.0,1614725061.118,2021-03-02 22:44:21.118000031
41035804916,r7462820-n303766,0,166.884,65.853,44.208,6245.947,26264.053,16.0,65.008,68.683,161.092,61.531,41.341,6468.851,26041.149,16.0,65.599,69.104,249.88,95.0,64.0,6801.0,32510.0,16.0,75.0,81.0,1613654754.472,2021-02-18 13:25:54.471999884
41054529532,r974863-n410412,1,199.458,88.314,59.4,6644.416,25865.584,16.0,60.498,63.497,199.335,87.865,59.153,6664.665,25845.335,16.0,61.765,64.935,246.37,95.0,66.0,6799.0,32510.0,16.0,74.0,78.0,1613449284.784,2021-02-16 04:21:24.783999920
41078833539,r6959555-n750018,0,22.874,0.0,0.0,0.0,32510.0,16.0,28.0,26.0,22.874,0.0,0.0,0.0,32510.0,16.0,28.0,26.0,22.97,0.0,0.0,0.0,32510.0,16.0,28.0,26.0,1614740647.753,2021-03-03 03:04:07.753000021
41116288516,r7753495-n303509,0,54.038,13.018,8.037,1404.564,31105.436,16.0,34.348,33.185,128.858,46.507,29.387,4208.562,28301.438,16.0,53.409,53.28,273.85,98.0,64.0,7299.0,32510.0,16.0,74.0,76.0,1613426248.956,2021-02-15 21:57:28.956000090
41124080673,r9515777-n303766,0,33.64,6.395,0.374,14477.538,18032.462,16.0,41.278,39.371,41.731,14.837,0.886,30557.242,1952.758,16.0,43.78,41.652,47.16,100.0,6.0,30709.0,32510.0,16.0,45.0,43.0,1614346233.561,2021-02-26 13:30:33.561000109
41217034900,r974863-n410412,1,203.902,89.168,59.903,6639.98,25870.02,16.0,63.653,67.037,202.164,88.52,59.507,6662.15,25847.85,16.0,63.425,66.773,249.72,95.0,69.0,6799.0,32510.0,16.0,74.0,78.0,1613447740.02,2021-02-16 03:55:40.019999981
41240418127,r8024255-n303766,1,68.612,50.597,35.39,3215.499,29294.501,16.0,37.605,37.821,68.612,50.597,35.39,3215.499,29294.501,16.0,37.605,37.821,94.6,69.0,60.0,3459.0,32510.0,16.0,41.0,44.0,1614754989.035,2021-03-03 07:03:09.035000086
41254008658,r7141590-n303509,0,26.82,0.0,0.0,0.304,32509.696,16.0,39.0,38.0,26.82,0.0,0.0,0.304,32509.696,16.0,39.0,38.0,26.97,0.0,0.0,4.0,32510.0,16.0,39.0,38.0,1613145922.499,2021-02-12 16:05:22.499000072
41282480643,r4506251-n303766,0,128.588,61.62,45.518,18097.093,14412.907,16.0,52.782,58.445,156.719,79.938,59.275,23681.062,8828.938,16.0,68.013,75.923,224.8,100.0,86.0,23709.0,32510.0,16.0,71.0,82.0,1613393731.213,2021-02-15 12:55:31.213000059
41333645421,r44132-n410412,0,42.666,6.659,1.307,907.403,31602.597,16.0,38.967,37.13,63.217,35.0,6.71,1079.404,31430.596,16.0,44.428,43.141,114.3,50.0,11.0,1093.0,32510.0,16.0,47.0,46.0,1613281684.284,2021-02-14 05:48:04.283999920
41356552932,r8275852-n410412,0,172.81,70.634,30.339,15466.666,17043.334,16.0,58.455,60.144,221.529,94.354,40.536,27611.96,4898.04,16.0,68.451,70.938,274.7,100.0,60.0,32507.0,32510.0,16.0,74.0,76.0,1612961703.951,2021-02-10 12:55:03.950999975
41369212309,r8972851-n303509,0,183.683,73.529,49.299,6506.817,26003.183,16.0,67.181,71.384,184.355,74.157,49.751,6588.751,25921.249,16.0,67.366,71.632,250.4,94.0,64.0,6807.0,32510.0,16.0,72.0,77.0,1613598546.061,2021-02-17 21:49:06.061000109
41393387839,r810901-n303509,0,165.526,83.369,38.074,4797.832,27712.168,16.0,62.255,65.352,189.284,97.55,44.71,8303.331,24206.669,16.0,68.411,72.534,239.7,100.0,64.0,8345.0,32510.0,16.0,72.0,78.0,1612969294.102,2021-02-10 15:01:34.101999998
41396127802,r7141590-n948219,0,40.455,5.678,1.75,1163.627,31346.373,16.0,40.238,38.645,92.266,51.878,16.723,2700.217,29809.783,16.0,54.889,54.355,151.26,71.0,24.0,2757.0,32510.0,16.0,59.0,58.0,1613408873.681,2021-02-15 17:07:53.680999994
41446539706,r810901-n772143,0,39.955,7.58,4.182,4289.445,28220.555,16.0,31.766,29.708,137.76,54.648,33.304,27498.326,5011.674,16.0,62.056,61.847,286.1,100.0,87.0,30615.0,32510.0,16.0,75.0,76.0,1614727985.931,2021-03-02 23:33:05.930999994
41446539706,r810901-n772143,1,43.442,9.217,4.262,4542.365,27967.635,16.0,30.507,29.511,138.324,67.318,33.425,28793.106,3716.894,16.0,55.239,57.581,291.77,100.0,87.0,31279.0,32510.0,16.0,72.0,79.0,1614727985.936,2021-03-02 23:33:05.936000109
41476745476,r1039410-n772143,0,26.049,0.0,0.0,0.0,32510.0,16.0,29.838,27.05,26.049,0.0,0.0,0.0,32510.0,16.0,29.838,27.05,26.13,0.0,0.0,0.0,32510.0,16.0,30.0,28.0,1614725055.428,2021-03-02 22:44:15.427999973
41476745476,r1039410-n772143,1,25.83,0.0,0.0,0.0,32510.0,16.0,29.0,27.0,25.83,0.0,0.0,0.0,32510.0,16.0,29.0,27.0,25.94,0.0,0.0,0.0,32510.0,16.0,29.0,27.0,1614725055.431,2021-03-02 22:44:15.430999994
41492795888,r216287-n303509,1,53.501,22.853,7.586,1090.386,31419.614,16.0,36.59,35.151,53.501,22.853,7.586,1090.386,31419.614,16.0,36.59,35.151,68.67,43.0,13.0,1327.0,32510.0,16.0,37.0,36.0,1612829936.193,2021-02-09 00:18:56.193000078
41513624327,r8275852-n410412,0,36.661,0.035,0.0,747.715,31762.285,16.0,37.052,37.988,39.581,0.092,0.045,28115.594,4394.406,16.0,38.244,38.994,228.07,100.0,77.0,30533.0,32510.0,16.0,42.0,51.0,1613041347.12,2021-02-11 11:02:27.119999886
41526755575,r1039410-n303509,0,25.906,0.0,0.0,0.007,32509.993,16.0,33.0,31.0,25.906,0.0,0.0,0.007,32509.993,16.0,33.0,31.0,26.07,0.0,0.0,4.0,32510.0,16.0,33.0,31.0,1614712078.874,2021-03-02 19:07:58.874000072
41526755575,r1039410-n303509,1,27.705,0.0,0.0,0.007,32509.993,16.0,32.0,32.0,27.705,0.0,0.0,0.007,32509.993,16.0,32.0,32.0,27.84,0.0,0.0,4.0,32510.0,16.0,32.0,32.0,1614712078.877,2021-03-02 19:07:58.877000093
41541386966,r9480604-n410412,0,74.042,23.836,16.094,866.904,31643.096,16.0,43.448,42.738,74.042,23.836,16.094,866.904,31643.096,16.0,43.448,42.738,236.59,99.0,69.0,7145.0,32510.0,16.0,67.0,70.0,1614104821.655,2021-02-23 18:27:01.654999971
41546938795,r7753495-n303509,0,25.104,0.006,0.0,12.44,32497.56,16.0,30.033,29.0,46.102,14.293,3.357,1558.473,30951.527,16.0,36.72,34.888,133.78,60.0,18.0,1605.0,32510.0,16.0,49.0,48.0,1613456884.634,2021-02-16 06:28:04.634000063
41560066413,r6727430-n303509,0,207.339,90.339,60.736,6646.713,25863.287,16.0,64.893,69.278,205.99,89.51,60.223,6664.307,25845.693,16.0,65.252,69.705,248.64,95.0,66.0,6799.0,32510.0,16.0,73.0,78.0,1613444536.563,2021-02-16 03:02:16.562999964
41588799311,r1039410-n303509,0,25.92,0.0,0.0,0.003,32509.997,16.0,33.0,31.001,25.92,0.0,0.0,0.003,32509.997,16.0,33.0,31.001,26.09,0.0,0.0,4.0,32510.0,16.0,33.0,32.0,1614711935.699,2021-03-02 19:05:35.698999882
41588799311,r1039410-n303509,1,27.898,0.0,0.0,0.003,32509.997,16.0,33.232,33.056,27.898,0.0,0.0,0.003,32509.997,16.0,33.232,33.056,28.23,0.0,0.0,4.0,32510.0,16.0,34.0,34.0,1614711935.703,2021-03-02 19:05:35.703000069
41640202882,r974863-n410412,0,26.031,0.0,0.0,3.022,32506.978,16.0,37.0,36.973,26.031,0.0,0.0,3.022,32506.978,16.0,37.0,36.973,26.35,0.0,0.0,4.0,32510.0,16.0,37.0,37.0,1613011195.005,2021-02-11 02:39:55.005000114
41660209837,r7753495-n303509,0,34.327,0.244,0.012,906.007,31603.993,16.0,38.114,36.449,72.058,33.977,11.805,1542.204,30967.796,16.0,48.821,47.577,124.83,51.0,19.0,1605.0,32510.0,16.0,52.0,52.0,1613354824.816,2021-02-15 02:07:04.815999985
41688454627,r414303-n303509,0,34.429,1.605,0.012,282.37,32227.63,16.0,34.802,34.0,34.429,1.605,0.012,282.37,32227.63,16.0,34.802,34.0,40.21,23.0,1.0,1197.0,32510.0,16.0,35.0,34.0,1613429530.021,2021-02-15 22:52:10.020999908
41703523691,r8972851-n303509,0,185.333,73.726,49.438,6578.59,25931.41,16.0,68.168,72.438,179.128,70.645,47.43,6647.482,25862.518,16.0,67.669,71.774,250.01,94.0,63.0,6801.0,32510.0,16.0,71.0,77.0,1613606796.84,2021-02-18 00:06:36.839999914
41732399033,r8972851-n172107,0,44.904,27.667,7.025,28982.892,3527.108,16.0,34.349,33.576,45.101,27.549,6.923,31014.618,1495.382,16.0,35.97,35.136,85.08,41.0,11.0,31071.0,32510.0,16.0,38.0,38.0,1614715744.68,2021-03-02 20:09:04.680000067
41817142545,r2215649-n303766,0,31.911,2.076,0.364,421.169,32088.831,16.0,38.849,36.462,31.911,2.076,0.364,421.169,32088.831,16.0,38.849,36.462,106.38,69.0,10.0,1325.0,32510.0,16.0,43.0,39.0,1613950618.487,2021-02-21 23:36:58.486999989
41827488072,r810901-n948219,0,26.2,0.0,0.0,0.0,32510.0,16.0,31.0,31.0,26.2,0.0,0.0,0.0,32510.0,16.0,31.0,31.0,26.35,0.0,0.0,0.0,32510.0,16.0,31.0,31.0,1613749607.025,2021-02-19 15:46:47.025000095
41827488072,r810901-n948219,1,25.823,0.0,0.0,0.0,32510.0,16.0,29.0,29.0,25.823,0.0,0.0,0.0,32510.0,16.0,29.0,29.0,25.95,0.0,0.0,0.0,32510.0,16.0,29.0,29.0,1613749607.029,2021-02-19 15:46:47.029000044
41834540709,r414303-n948219,0,46.302,11.449,5.289,2339.173,30170.827,16.0,36.672,34.378,79.876,32.573,15.156,7958.637,24551.363,16.0,48.735,47.301,202.73,100.0,55.0,8131.0,32510.0,16.0,57.0,57.0,1613890418.62,2021-02-21 06:53:38.619999886
41834540709,r414303-n948219,1,45.646,13.481,5.513,2467.132,30042.868,16.0,34.093,33.687,81.365,38.773,15.737,8254.27,24255.73,16.0,45.75,44.526,212.57,100.0,55.0,8327.0,32510.0,16.0,54.0,53.0,1613890418.626,2021-02-21 06:53:38.625999928
41862849791,r492024-n303766,0,64.796,19.003,15.826,22664.585,9845.415,16.0,41.431,40.955,82.793,31.262,26.291,29897.087,2612.913,16.0,50.545,52.132,210.48,100.0,94.0,30087.0,32510.0,16.0,54.0,61.0,1613367296.044,2021-02-15 05:34:56.043999910
41875011555,r7269000-n948219,0,35.194,1.829,0.014,451.9,32058.1,16.0,38.657,37.571,35.194,1.829,0.014,451.9,32058.1,16.0,38.657,37.571,42.83,24.0,1.0,1197.0,32510.0,16.0,39.0,38.0,1613430155.967,2021-02-15 23:02:35.967000008
41904518904,r7753495-n303509,0,35.28,0.48,0.015,995.262,31514.738,16.0,38.835,36.777,63.294,39.943,8.2,1661.199,30848.801,16.0,42.129,40.234,133.63,54.0,15.0,1671.0,32510.0,16.0,48.0,46.0,1613168909.922,2021-02-12 22:28:29.921999931
41939162429,r492024-n410412,0,28.118,0.0,0.0,3.731,32506.269,16.0,32.641,31.003,28.02,0.0,0.0,3.96,32506.04,16.0,32.255,30.769,28.77,0.0,0.0,4.0,32510.0,16.0,33.0,32.0,1614376973.847,2021-02-26 22:02:53.846999884
41954913877,r8972851-n303509,0,197.322,80.878,54.282,6548.597,25961.403,16.0,67.987,72.587,195.297,79.752,53.57,6605.327,25904.673,16.0,67.947,72.513,250.19,95.0,64.0,6807.0,32510.0,16.0,71.0,77.0,1613593312.732,2021-02-17 20:21:52.732000113
41984366659,r414303-n303509,0,27.238,0.0,0.0,0.0,32510.0,16.0,34.0,33.976,27.238,0.0,0.0,0.0,32510.0,16.0,34.0,33.976,27.47,0.0,0.0,0.0,32510.0,16.0,34.0,34.0,1613429409.321,2021-02-15 22:50:09.321000099
42030903726,r974863-n303766,0,137.385,55.304,37.907,2094.671,30415.329,16.0,52.445,53.931,188.601,78.498,54.234,3277.343,29232.657,16.0,66.897,69.562,240.62,99.0,70.0,7147.0,32510.0,16.0,74.0,78.0,1614275914.963,2021-02-25 17:58:34.963000059
42091310261,r9480604-n410412,0,26.21,0.0,0.0,0.0,32510.0,16.0,31.0,30.0,26.21,0.0,0.0,0.0,32510.0,16.0,31.0,30.0,26.27,0.0,0.0,0.0,32510.0,16.0,31.0,30.0,1614734668.968,2021-03-03 01:24:28.967999935
42098264221,r4683026-n948219,0,47.669,13.365,2.582,1104.326,31405.674,16.0,40.957,40.61,63.126,37.311,7.635,1152.537,31357.463,16.0,46.957,47.66,101.59,50.0,11.0,1159.0,32510.0,16.0,49.0,50.0,1613981946.819,2021-02-22 08:19:06.819000006
42098555725,r1051355-n200569,1,32.004,0.055,0.001,639.011,31870.989,16.0,28.103,26.124,32.004,0.055,0.001,639.011,31870.989,16.0,28.103,26.124,37.44,21.0,1.0,1039.0,32510.0,16.0,29.0,27.0,1614718442.805,2021-03-02 20:54:02.805000067
42103174254,r6727430-n948219,0,26.452,0.0,0.0,0.0,32510.0,16.0,32.0,31.0,26.452,0.0,0.0,0.0,32510.0,16.0,32.0,31.0,26.51,0.0,0.0,0.0,32510.0,16.0,32.0,31.0,1613613187.668,2021-02-18 01:53:07.667999983
42111730534,r492024-n303766,0,210.95,89.669,60.377,6643.828,25866.172,16.0,68.476,73.466,211.237,89.795,60.479,6663.059,25846.941,16.0,68.454,73.461,250.05,95.0,65.0,6807.0,32510.0,16.0,72.0,77.0,1613440627.341,2021-02-16 01:57:07.341000080
42119896599,r7141590-n303509,0,52.645,12.164,4.119,1500.067,31009.933,16.0,43.406,41.437,76.54,36.615,12.704,1594.414,30915.586,16.0,48.939,47.208,126.75,49.0,18.0,1605.0,32510.0,16.0,52.0,50.0,1613355783.563,2021-02-15 02:23:03.562999964
42125849407,r492024-n303766,1,25.574,0.0,0.0,0.0,32510.0,16.0,31.0,30.879,80.976,37.605,11.677,1458.837,31051.163,16.0,52.585,50.981,141.93,54.0,17.0,1539.0,32510.0,16.0,59.0,58.0,1613401919.579,2021-02-15 15:11:59.578999996
42183395532,r4144777-n303509,0,49.729,12.662,5.618,1256.897,31253.103,16.0,35.768,33.592,106.272,52.675,23.802,2775.667,29734.333,16.0,51.468,50.184,184.81,82.0,37.0,2911.0,32510.0,16.0,57.0,57.0,1613055997.552,2021-02-11 15:06:37.552000046
42234838229,r7269000-n948219,0,37.69,2.071,0.014,432.371,32077.629,16.0,39.829,38.014,37.69,2.071,0.014,432.371,32077.629,16.0,39.829,38.014,43.07,24.0,1.0,1197.0,32510.0,16.0,40.0,39.0,1613430186.592,2021-02-15 23:03:06.592000008
42253136417,r3955005-n172107,1,39.925,20.02,0.839,28929.934,3580.066,16.0,31.21,31.306,40.953,20.562,0.842,31007.238,1502.762,16.0,32.354,32.338,54.28,31.0,2.0,31071.0,32510.0,16.0,33.0,34.0,1614715475.7,2021-03-02 20:04:35.700000048
42274023965,r414303-n772143,0,26.569,0.0,0.0,0.0,32510.0,16.0,31.783,29.935,26.562,0.0,0.0,0.0,32510.0,16.0,31.73,29.872,26.65,0.0,0.0,0.0,32510.0,16.0,32.0,30.0,1614722473.048,2021-03-02 22:01:13.048000097
42289575877,r492024-n410412,1,58.858,22.547,3.109,944.177,31565.823,16.0,37.364,35.08,68.589,28.016,3.86,1207.263,31302.737,16.0,42.847,40.148,131.05,90.0,13.0,1315.0,32510.0,16.0,47.0,44.0,1613860401.395,2021-02-20 22:33:21.394999981
42289591862,r492024-n410412,1,25.423,0.0,0.0,0.0,32510.0,16.0,30.0,29.333,25.423,0.0,0.0,0.0,32510.0,16.0,30.0,29.333,25.43,0.0,0.0,0.0,32510.0,16.0,30.0,30.0,1614734669.061,2021-03-03 01:24:29.061000109
42307602034,r1039410-n303509,0,47.938,11.938,4.838,1614.57,30895.43,16.0,41.914,39.922,76.131,41.266,17.023,2582.55,29927.45,16.0,47.744,47.586,127.96,51.0,23.0,2629.0,32510.0,16.0,50.0,50.0,1613074962.496,2021-02-11 20:22:42.496000051
42325207264,r4605940-n303509,0,29.597,0.0,0.0,0.0,32510.0,16.0,33.832,32.369,26.953,0.0,0.0,0.0,32510.0,16.0,30.152,28.935,46.13,0.0,0.0,0.0,32510.0,16.0,43.0,42.0,1613416804.506,2021-02-15 19:20:04.506000042
42328873932,r492024-n410412,0,28.029,0.0,0.0,0.0,32510.0,16.0,32.879,31.123,45.565,17.202,9.404,5699.423,26810.577,16.0,37.037,35.988,226.21,100.0,89.0,29909.0,32510.0,16.0,50.0,54.0,1614116344.336,2021-02-23 21:39:04.335999966
42339523964,r9659953-n200569,0,26.51,0.0,0.0,0.0,32510.0,16.0,30.0,27.11,26.51,0.0,0.0,0.0,32510.0,16.0,30.0,27.11,26.66,0.0,0.0,0.0,32510.0,16.0,30.0,28.0,1614718743.914,2021-03-02 20:59:03.914000034
42381357948,r974863-n410412,0,208.994,87.694,58.78,6524.17,25985.83,16.0,63.477,68.058,206.012,85.968,57.675,6571.52,25938.48,16.0,64.132,68.723,258.88,95.0,65.0,6807.0,32510.0,16.0,72.0,78.0,1613444922.215,2021-02-16 03:08:42.214999914
42383396262,r8275852-n410412,0,71.987,24.024,18.938,22018.788,10491.212,16.0,42.896,45.203,85.406,33.525,26.625,25457.473,7052.527,16.0,46.978,49.591,194.79,100.0,87.0,25479.0,32510.0,16.0,50.0,58.0,1613050597.767,2021-02-11 13:36:37.766999960
42388742123,r9170217-n303509,0,48.643,14.897,3.269,1114.207,31395.793,16.0,40.124,36.196,69.103,40.642,9.934,1154.516,31355.484,16.0,45.563,41.721,109.46,52.0,14.0,1159.0,32510.0,16.0,47.0,44.0,1613098498.065,2021-02-12 02:54:58.065000057
42389854608,r8972851-n948219,0,217.6,91.093,60.873,6653.921,25856.079,16.0,68.288,72.562,215.137,89.86,60.072,6629.294,25880.706,16.0,68.187,72.4,259.02,96.0,66.0,6807.0,32510.0,16.0,71.0,76.0,1613523113.047,2021-02-17 00:51:53.046999931
42426169455,r7269000-n303509,0,206.449,84.649,56.69,6638.436,25871.564,16.0,68.311,72.937,207.145,85.218,57.134,6665.325,25844.675,16.0,68.352,73.02,256.16,95.0,66.0,6793.0,32510.0,16.0,71.0,76.0,1613580515.321,2021-02-17 16:48:35.321000099
42493110971,r1039410-n948219,1,67.498,29.362,4.059,1271.584,31238.416,16.0,42.603,39.081,68.184,30.243,4.153,1301.219,31208.781,16.0,42.861,39.268,121.78,90.0,13.0,1315.0,32510.0,16.0,44.0,41.0,1613861899.27,2021-02-20 22:58:19.269999981
42553503703,r4506251-n303766,0,28.083,0.0,0.0,0.0,32510.0,16.0,31.058,31.797,27.991,0.0,0.0,0.0,32510.0,16.0,30.819,31.19,28.68,0.0,0.0,0.0,32510.0,16.0,33.0,34.0,1614723102.482,2021-03-02 22:11:42.482000113
42553603191,r7462820-n410412,0,181.77,71.24,47.759,6486.278,26023.722,16.0,67.999,73.368,179.265,70.363,47.189,6583.202,25926.798,16.0,67.853,73.167,254.15,100.0,63.0,6799.0,32510.0,16.0,72.0,78.0,1613573818.152,2021-02-17 14:56:58.151999950
42556479621,r492024-n410412,0,77.923,59.055,9.842,11987.249,20522.751,16.0,42.126,40.763,114.088,99.059,15.791,21012.142,11497.858,16.0,59.791,59.461,263.72,100.0,50.0,21037.0,32510.0,16.0,66.0,67.0,1614383905.127,2021-02-26 23:58:25.127000093
42556479621,r492024-n410412,1,76.982,59.041,9.29,13133.228,19376.772,16.0,40.911,39.213,112.534,94.779,15.245,30218.995,2291.005,16.0,58.169,55.712,280.6,100.0,49.0,30263.0,32510.0,16.0,66.0,63.0,1614383905.13,2021-02-26 23:58:25.130000114
42556479621,r974863-n303766,0,72.487,59.129,9.448,17774.228,14735.772,16.0,40.269,37.932,104.302,98.824,15.739,31611.472,898.528,16.0,53.571,51.08,258.7,100.0,50.0,31643.0,32510.0,16.0,61.0,60.0,1614383905.119,2021-02-26 23:58:25.118999958
42556479621,r974863-n303766,1,71.617,59.095,9.073,12360.21,20149.79,16.0,37.404,35.127,102.156,98.815,15.104,21339.041,11170.959,16.0,47.382,45.481,254.04,100.0,48.0,21363.0,32510.0,16.0,54.0,52.0,1614383905.126,2021-02-26 23:58:25.125999928
42572417030,r2215649-n303766,0,25.332,0.0,0.0,0.0,32510.0,16.0,33.0,30.0,25.332,0.0,0.0,0.0,32510.0,16.0,33.0,30.0,25.47,0.0,0.0,0.0,32510.0,16.0,33.0,30.0,1614360987.162,2021-02-26 17:36:27.161999941
42579506367,r9170217-n948219,0,34.89,2.304,0.0,491.326,32018.674,16.0,33.935,32.0,34.89,2.304,0.0,491.326,32018.674,16.0,33.935,32.0,37.93,9.0,0.0,1197.0,32510.0,16.0,34.0,32.0,1613429546.255,2021-02-15 22:52:26.255000114
42593366875,r4506251-n303766,0,189.703,78.129,52.38,6126.677,26383.323,16.0,62.744,68.437,193.873,79.857,53.593,6284.022,26225.978,16.0,64.233,70.198,257.33,95.0,64.0,6801.0,32510.0,16.0,73.0,80.0,1613468666.508,2021-02-16 09:44:26.507999897
42596054016,r414303-n948219,0,38.482,4.637,0.919,865.348,31644.652,16.0,34.291,31.649,55.325,23.493,4.892,1078.765,31431.235,16.0,39.908,37.125,95.71,47.0,11.0,1093.0,32510.0,16.0,42.0,40.0,1614076025.282,2021-02-23 10:27:05.282000065
42599274612,r9170217-n948219,0,187.008,78.011,52.377,6517.596,25992.404,16.0,65.216,69.797,184.384,76.632,51.491,6574.888,25935.112,16.0,65.647,70.251,245.74,94.0,63.0,6807.0,32510.0,16.0,69.0,75.0,1613589155.718,2021-02-17 19:12:35.717999935
42640478484,r4683026-n948219,0,26.978,0.0,0.0,0.0,32510.0,16.0,37.437,37.552,26.978,0.0,0.0,0.0,32510.0,16.0,37.437,37.552,27.28,0.0,0.0,0.0,32510.0,16.0,38.0,38.0,1614163622.069,2021-02-24 10:47:02.069000006
42666593714,r7462820-n303766,1,41.472,7.885,1.608,969.819,31540.181,16.0,33.587,32.323,57.943,30.355,6.697,1022.562,31487.438,16.0,38.825,37.566,96.09,43.0,10.0,1027.0,32510.0,16.0,40.0,39.0,1613377066.873,2021-02-15 08:17:46.872999907
42701526225,r3974592-n303509,0,29.564,2.091,0.0,791.038,31718.962,16.0,30.831,29.43,29.922,2.265,0.001,841.415,31668.585,16.0,30.912,29.489,43.12,48.0,3.0,2488.0,32510.0,16.0,34.0,31.0,1613179623.947,2021-02-13 01:27:03.947000027
42701526225,r3974592-n303509,1,29.701,0.037,0.0,435.652,32074.348,16.0,28.798,27.13,30.009,0.053,0.001,457.869,32052.131,16.0,28.881,27.199,39.17,24.0,1.0,1205.0,32510.0,16.0,31.0,29.0,1613179623.95,2021-02-13 01:27:03.950000048
42715354933,r6727430-n772143,0,27.164,0.0,0.0,0.0,32510.0,16.0,31.0,28.0,27.164,0.0,0.0,0.0,32510.0,16.0,31.0,28.0,27.22,0.0,0.0,0.0,32510.0,16.0,31.0,28.0,1614725066.189,2021-03-02 22:44:26.188999891
42715354933,r6727430-n772143,1,26.396,0.0,0.0,0.0,32510.0,16.0,28.725,27.94,26.396,0.0,0.0,0.0,32510.0,16.0,28.725,27.94,26.46,0.0,0.0,0.0,32510.0,16.0,29.0,28.0,1614725066.192,2021-03-02 22:44:26.191999912
42734188731,r7419443-n948219,0,35.828,0.266,0.102,19750.341,12759.659,16.0,31.916,30.008,167.102,91.282,37.509,31027.367,1482.633,16.0,66.196,68.897,248.75,100.0,48.0,31127.0,32510.0,16.0,72.0,77.0,1613213903.374,2021-02-13 10:58:23.374000072
42734188731,r7419443-n948219,1,35.21,1.758,0.392,26030.494,6479.506,16.0,31.248,28.787,161.34,90.954,40.668,31082.023,1427.977,16.0,61.642,69.891,243.02,100.0,51.0,31127.0,32510.0,16.0,71.0,80.0,1613213903.38,2021-02-13 10:58:23.380000114
42762533477,r1900814-n772143,0,47.644,25.608,3.786,30461.546,2048.454,16.0,39.504,35.893,47.055,22.404,3.264,31054.746,1455.254,16.0,40.192,36.717,107.37,100.0,6.0,31071.0,32510.0,16.0,42.0,39.0,1614742993.432,2021-03-03 03:43:13.431999922
42780319034,r8972851-n948219,0,217.708,91.095,60.826,6653.849,25856.151,16.0,68.241,72.593,216.317,90.356,60.39,6671.261,25838.739,16.0,68.14,72.468,259.25,96.0,66.0,6807.0,32510.0,16.0,70.0,75.0,1613521704.616,2021-02-17 00:28:24.615999937
42830513418,r414303-n303509,0,37.41,2.75,0.023,465.705,32044.295,16.0,34.909,34.0,37.41,2.75,0.023,465.705,32044.295,16.0,34.909,34.0,38.41,24.0,1.0,1197.0,32510.0,16.0,35.0,34.0,1613429518.643,2021-02-15 22:51:58.642999887
42834659750,r9170217-n303509,0,209.102,87.71,58.843,6626.559,25883.441,16.0,68.225,69.943,209.272,87.919,59.003,6648.964,25861.036,16.0,68.266,69.968,255.15,94.0,64.0,6799.0,32510.0,16.0,72.0,74.0,1613436178.921,2021-02-16 00:42:58.921000004
42858532331,r9988778-n303766,0,28.853,1.485,0.433,182.933,32327.067,16.0,39.461,39.049,62.628,33.192,13.384,4601.129,27908.871,16.0,42.946,43.857,159.29,75.0,32.0,4611.0,32510.0,16.0,53.0,56.0,1613462937.574,2021-02-16 08:08:57.573999882
42881210924,r8275852-n303766,0,40.796,7.56,2.265,1769.255,30740.745,16.0,33.993,32.614,75.951,24.568,7.404,5838.444,26671.556,16.0,46.128,43.727,190.47,68.0,21.0,6233.0,32510.0,16.0,53.0,52.0,1613663487.779,2021-02-18 15:51:27.779000044
42922024456,r8141575-n410412,0,134.584,50.15,15.91,2151.054,30358.946,16.0,62.056,61.38,134.533,50.21,15.939,2233.858,30276.142,16.0,62.082,61.37,224.39,100.0,33.0,2279.0,32510.0,16.0,68.0,67.0,1614639986.169,2021-03-01 23:06:26.168999910
42992668271,r4605940-n717709,0,157.642,75.665,43.929,22957.989,9552.011,16.0,54.193,55.835,175.595,84.126,48.999,25961.195,6548.805,16.0,60.675,63.425,252.06,100.0,63.0,32489.0,32510.0,16.0,72.0,77.0,1614723121.596,2021-03-02 22:12:01.595999956
43039812557,r1039410-n303509,0,37.149,3.118,0.801,702.29,31807.71,16.0,39.788,37.447,74.984,41.158,11.406,1431.017,31078.983,16.0,47.668,46.428,125.92,57.0,17.0,1605.0,32510.0,16.0,50.0,50.0,1613082187.774,2021-02-11 22:23:07.773999929
43083487485,r2215649-n410412,0,44.139,28.959,0.003,1009.788,31500.212,16.0,38.472,35.119,44.139,28.959,0.003,1009.788,31500.212,16.0,38.472,35.119,45.85,50.0,1.0,1065.0,32510.0,16.0,39.0,36.0,1614113754.597,2021-02-23 20:55:54.596999884
43089920986,r8141575-n410412,1,35.838,4.733,3.16,182.882,32327.118,16.0,31.645,30.235,214.584,91.88,63.306,3181.533,29328.467,16.0,62.085,68.461,252.41,100.0,71.0,7147.0,32510.0,16.0,75.0,83.0,1614348399.581,2021-02-26 14:06:39.581000090
43103308704,r8275852-n410412,0,30.381,0.027,0.001,258.234,32251.766,16.0,30.454,31.715,38.305,9.657,0.0,1014.514,31495.486,16.0,33.119,33.931,44.87,48.0,1.0,1017.0,32510.0,16.0,35.0,36.0,1613923484.367,2021-02-21 16:04:44.367000103
43146431286,r414303-n303509,0,34.804,0.273,0.013,1008.305,31501.695,16.0,35.578,35.0,68.014,35.768,10.63,1576.935,30933.065,16.0,44.877,45.999,108.63,47.0,15.0,1605.0,32510.0,16.0,47.0,48.0,1613429755.865,2021-02-15 22:55:55.865000010
43166214882,r216287-n772143,0,27.438,0.0,0.0,0.0,32510.0,16.0,31.0,27.0,27.438,0.0,0.0,0.0,32510.0,16.0,31.0,27.0,27.59,0.0,0.0,0.0,32510.0,16.0,31.0,27.0,1614727996.001,2021-03-02 23:33:16.000999928
43166214882,r216287-n772143,1,26.635,0.0,0.0,0.0,32510.0,16.0,28.667,28.0,26.635,0.0,0.0,0.0,32510.0,16.0,28.667,28.0,26.74,0.0,0.0,0.0,32510.0,16.0,29.0,28.0,1614727996.005,2021-03-02 23:33:16.005000114
43177536039,r9480604-n410412,0,41.572,24.375,0.003,921.208,31588.792,16.0,38.486,36.0,41.572,24.375,0.003,921.208,31588.792,16.0,38.486,36.0,45.6,50.0,1.0,1065.0,32510.0,16.0,40.0,37.0,1614114105.028,2021-02-23 21:01:45.028000116
43181032848,r414303-n303509,0,35.176,0.476,0.005,1600.275,30909.725,16.0,37.078,36.991,61.944,31.449,9.553,2690.037,29819.963,16.0,43.658,44.649,147.25,60.0,22.0,2695.0,32510.0,16.0,48.0,50.0,1613174449.943,2021-02-13 00:00:49.943000078
43244798064,r974863-n410412,0,216.007,90.636,60.578,6617.964,25892.036,16.0,67.81,73.073,214.2,89.753,60.037,6640.915,25869.085,16.0,67.746,72.983,260.86,96.0,65.0,6801.0,32510.0,16.0,71.0,77.0,1613448890.735,2021-02-16 04:14:50.734999895
43249078686,r4506251-n410412,0,135.334,70.057,28.595,3159.048,29350.952,16.0,54.115,52.504,174.124,92.848,38.623,8117.633,24392.367,16.0,65.752,64.889,241.7,100.0,60.0,8187.0,32510.0,16.0,73.0,73.0,1612966495.779,2021-02-10 14:14:55.779000044
43272045058,r8473362-n410412,0,27.088,0.0,0.0,0.0,32510.0,16.0,33.0,31.0,27.088,0.0,0.0,0.0,32510.0,16.0,33.0,31.0,27.11,0.0,0.0,0.0,32510.0,16.0,33.0,31.0,1614734669.01,2021-03-03 01:24:29.009999990
43275234944,r7462820-n410412,1,193.945,78.243,52.552,6471.311,26038.689,16.0,65.459,68.192,191.479,77.219,51.904,6552.552,25957.448,16.0,65.138,67.818,260.63,100.0,63.0,6807.0,32510.0,16.0,70.0,73.0,1613574703.575,2021-02-17 15:11:43.575000048
43300551106,r7419443-n948219,0,65.504,42.597,8.251,7975.915,24534.085,16.0,41.279,40.233,111.45,97.436,18.371,17055.094,15454.906,16.0,57.736,58.199,229.47,100.0,48.0,17089.0,32510.0,16.0,62.0,63.0,1614119930.026,2021-02-23 22:38:50.026000023
43300551106,r7419443-n948219,1,64.319,42.596,8.022,6922.738,25587.262,16.0,39.349,39.081,108.794,97.418,17.795,14351.126,18158.874,16.0,54.309,57.001,229.21,100.0,48.0,14385.0,32510.0,16.0,58.0,63.0,1614119930.03,2021-02-23 22:38:50.029999971
43333387395,r9480604-n303766,0,46.486,11.847,5.217,2516.631,29993.369,16.0,35.794,33.794,80.543,33.926,15.092,8146.98,24363.02,16.0,47.391,46.16,203.1,100.0,54.0,8179.0,32510.0,16.0,54.0,54.0,1613890845.96,2021-02-21 07:00:45.960000038
43333387395,r9480604-n303766,1,46.806,13.832,5.385,2681.789,29828.211,16.0,33.654,33.048,80.436,39.688,15.608,8321.652,24188.348,16.0,44.457,44.048,206.2,100.0,55.0,8355.0,32510.0,16.0,51.0,52.0,1613890845.964,2021-02-21 07:00:45.963999987
43342024472,r7462820-n410412,1,197.338,80.524,54.114,6599.774,25910.226,16.0,64.09,66.885,195.114,79.395,53.422,6644.38,25865.62,16.0,63.66,66.377,256.76,94.0,64.0,6799.0,32510.0,16.0,70.0,74.0,1613577564.213,2021-02-17 15:59:24.213000059
43360839931,r974863-n303766,0,30.172,3.498,2.103,2165.229,30344.771,16.0,33.066,31.08,61.862,31.201,18.244,26721.645,5788.355,16.0,43.887,42.833,217.36,100.0,100.0,32385.0,32510.0,16.0,50.0,56.0,1614219253.384,2021-02-25 02:14:13.384000063
43360839931,r974863-n303766,1,30.786,3.804,2.075,2214.04,30295.96,16.0,31.766,29.898,63.933,36.002,19.402,24955.587,7554.413,16.0,40.77,39.932,212.41,100.0,100.0,31397.0,32510.0,16.0,46.0,49.0,1614219253.387,2021-02-25 02:14:13.387000084
43378187466,r414303-n303509,0,33.428,2.426,0.0,483.851,32026.149,16.0,34.0,34.0,33.428,2.426,0.0,483.851,32026.149,16.0,34.0,34.0,37.81,10.0,0.0,1197.0,32510.0,16.0,34.0,34.0,1613429513.67,2021-02-15 22:51:53.670000076
43416590769,r9480604-n410412,1,24.32,0.0,0.0,0.0,32510.0,16.0,29.0,27.0,24.32,0.0,0.0,0.0,32510.0,16.0,29.0,27.0,24.37,0.0,0.0,0.0,32510.0,16.0,29.0,27.0,1614734566.683,2021-03-03 01:22:46.683000088
43419857087,r7317916-n948219,1,170.818,66.255,44.513,6474.071,26035.929,16.0,62.404,66.153,175.936,69.359,46.644,6581.052,25928.948,16.0,62.203,66.135,256.31,100.0,64.0,6807.0,32510.0,16.0,71.0,78.0,1613481705.189,2021-02-16 13:21:45.188999891
43468450649,r8473362-n410412,0,26.718,0.0,0.0,0.0,32510.0,16.0,33.0,30.947,26.718,0.0,0.0,0.0,32510.0,16.0,33.0,30.947,26.96,0.0,0.0,0.0,32510.0,16.0,33.0,31.0,1613395284.571,2021-02-15 13:21:24.571000099
43468578408,r9170217-n948219,0,28.671,0.0,0.0,0.0,32510.0,16.0,37.587,36.627,28.671,0.0,0.0,0.0,32510.0,16.0,37.587,36.627,29.62,0.0,0.0,0.0,32510.0,16.0,39.0,38.0,1613429257.478,2021-02-15 22:47:37.477999926
43480320283,r7419443-n948219,0,67.067,29.229,4.35,2833.99,29676.01,16.0,38.723,37.157,100.563,50.22,7.492,5393.034,27116.966,16.0,49.909,48.881,242.81,100.0,24.0,6211.0,32510.0,16.0,56.0,56.0,1613315972.422,2021-02-14 15:19:32.421999931
43537991585,r8275852-n303766,0,25.757,0.0,0.0,0.0,32510.0,16.0,30.955,31.006,25.766,0.0,0.0,0.0,32510.0,16.0,30.978,31.005,26.02,0.0,0.0,0.0,32510.0,16.0,31.0,32.0,1614759517.466,2021-03-03 08:18:37.466000080
43537991585,r8275852-n303766,1,27.287,0.0,0.0,0.0,32510.0,16.0,30.867,27.217,27.281,0.0,0.0,0.0,32510.0,16.0,30.934,27.152,27.58,0.0,0.0,0.0,32510.0,16.0,31.0,28.0,1614759517.471,2021-03-03 08:18:37.470999956
43560555207,r7141590-n303509,0,27.065,3.729,0.0,24.286,32485.714,16.0,38.996,37.993,27.032,3.55,0.0,28.24,32481.76,16.0,39.668,38.73,40.93,10.0,0.0,32.0,32510.0,16.0,41.0,39.0,1613147349.764,2021-02-12 16:29:09.763999939
43602573774,r414303-n948219,0,26.378,0.0,0.0,0.0,32510.0,16.0,31.999,29.997,26.398,0.0,0.0,0.0,32510.0,16.0,31.997,30.074,26.69,0.0,0.0,0.0,32510.0,16.0,33.0,31.0,1614157671.361,2021-02-24 09:07:51.361000061
43611976710,r974863-n410412,1,208.597,90.8,60.978,6646.161,25863.839,16.0,66.644,70.79,207.148,89.887,60.4,6663.466,25846.534,16.0,66.744,70.86,247.31,95.0,65.0,6801.0,32510.0,16.0,73.0,78.0,1613453423.829,2021-02-16 05:30:23.828999996
43634975773,r810901-n303509,0,35.517,5.416,1.494,1386.508,31123.492,16.0,34.378,33.239,35.517,5.416,1.494,1386.508,31123.492,16.0,34.378,33.239,140.15,72.0,14.0,3965.0,32510.0,16.0,38.0,37.0,1613063409.858,2021-02-11 17:10:09.858000040
43690677760,r7141590-n948219,0,213.554,88.541,59.156,6615.113,25894.887,16.0,68.483,73.597,214.254,89.009,59.509,6637.253,25872.747,16.0,68.499,73.631,262.56,95.0,65.0,6793.0,32510.0,16.0,72.0,77.0,1613433012.621,2021-02-15 23:50:12.621000051
43705989916,r7753495-n303509,0,49.551,19.479,5.268,808.631,31701.369,16.0,39.993,38.276,50.32,18.271,4.556,1515.913,30994.087,16.0,38.776,36.944,132.6,65.0,20.0,1539.0,32510.0,16.0,50.0,49.0,1613589035.0,2021-02-17 19:10:35.000000000
43708540730,r9852763-n172107,1,44.149,28.67,3.578,30450.644,2059.356,16.0,37.692,34.706,43.363,24.63,3.088,31052.745,1457.255,16.0,37.848,34.859,71.03,100.0,6.0,31071.0,32510.0,16.0,39.0,36.0,1614734555.198,2021-03-03 01:22:35.197999954
43730520336,r7462820-n303766,0,212.426,90.822,60.857,6646.647,25863.353,16.0,68.572,74.032,211.018,90.099,60.409,6661.336,25848.664,16.0,68.49,73.877,249.71,99.0,68.0,6799.0,32510.0,16.0,72.0,78.0,1613652514.083,2021-02-18 12:48:34.082999945
43758362272,r2215649-n410412,1,36.48,3.008,0.847,567.963,31942.037,16.0,32.532,29.374,70.428,34.042,10.076,1503.378,31006.622,16.0,45.226,41.815,124.36,53.0,17.0,1539.0,32510.0,16.0,48.0,45.0,1613419908.522,2021-02-15 20:11:48.522000074
43765909276,r810901-n948219,1,49.03,7.949,1.742,1539.006,30970.994,16.0,34.936,33.605,60.323,14.081,3.109,2776.644,29733.356,16.0,38.775,37.25,186.01,61.0,14.0,3417.0,32510.0,16.0,44.0,41.0,1613666158.227,2021-02-18 16:35:58.226999998
43783812901,r5179276-n948219,0,170.154,69.186,46.397,6613.622,25896.378,16.0,64.161,70.014,170.919,69.525,46.678,6673.631,25836.369,16.0,64.775,70.72,245.7,95.0,69.0,6799.0,32510.0,16.0,72.0,80.0,1613577561.46,2021-02-17 15:59:21.460000038
43815308502,r7317916-n948219,1,192.277,78.585,52.777,6530.263,25979.737,16.0,63.482,68.111,192.372,78.961,53.098,6594.733,25915.267,16.0,63.398,68.067,256.5,94.0,65.0,6807.0,32510.0,16.0,71.0,78.0,1613482602.941,2021-02-16 13:36:42.940999985
43827236371,r7462820-n303766,1,205.151,90.752,60.957,6637.001,25872.999,16.0,60.339,65.068,203.864,89.92,60.427,6646.523,25863.477,16.0,61.055,65.747,243.16,95.0,69.0,6793.0,32510.0,16.0,68.0,73.0,1613652935.502,2021-02-18 12:55:35.502000093
43837327702,r2215649-n303766,0,25.545,0.0,0.0,0.0,32510.0,16.0,34.0,31.958,25.545,0.0,0.0,0.0,32510.0,16.0,34.0,31.958,25.69,0.0,0.0,0.0,32510.0,16.0,34.0,32.0,1614373589.3,2021-02-26 21:06:29.299999952
43877167150,r810901-n172107,0,36.712,0.191,0.003,929.764,31580.236,16.0,31.664,30.7,36.712,0.191,0.003,929.764,31580.236,16.0,31.664,30.7,37.75,20.0,1.0,1039.0,32510.0,16.0,32.0,31.0,1614718743.952,2021-03-02 20:59:03.951999903
43927872170,r6727430-n948219,0,26.492,0.0,0.0,2.851,32507.149,16.0,32.0,31.0,26.492,0.0,0.0,2.851,32507.149,16.0,32.0,31.0,26.66,0.0,0.0,4.0,32510.0,16.0,32.0,31.0,1613613439.652,2021-02-18 01:57:19.651999950
43935920607,r9852763-n172107,1,39.935,26.729,1.809,30205.162,2304.838,16.0,34.87,31.564,39.77,23.863,1.621,31043.73,1466.27,16.0,35.34,31.883,50.14,100.0,6.0,31071.0,32510.0,16.0,37.0,34.0,1614724905.76,2021-03-02 22:41:45.759999990
43943229852,r7462820-n410412,1,194.737,79.42,53.411,6508.021,26001.979,16.0,63.242,65.956,193.085,78.588,52.901,6575.917,25934.083,16.0,63.048,65.68,258.23,93.0,63.0,6801.0,32510.0,16.0,70.0,73.0,1613575914.194,2021-02-17 15:31:54.194000006
43945538981,r1039410-n948219,0,32.316,6.316,0.307,10868.595,21641.405,16.0,38.907,38.258,40.868,16.507,0.813,28055.681,4454.319,16.0,40.872,39.769,44.07,67.0,4.0,30709.0,32510.0,16.0,42.0,41.0,1614337131.093,2021-02-26 10:58:51.092999935
44018677058,r44132-n410412,0,31.257,0.374,0.015,273.559,32236.441,16.0,35.623,34.196,60.799,32.193,5.796,1038.019,31471.981,16.0,43.694,42.385,105.88,46.0,9.0,1093.0,32510.0,16.0,46.0,45.0,1613277219.156,2021-02-14 04:33:39.155999899
44049753566,r4683026-n303509,0,28.728,0.0,0.0,0.0,32510.0,16.0,33.358,31.794,28.728,0.0,0.0,0.0,32510.0,16.0,33.358,31.794,28.87,0.0,0.0,0.0,32510.0,16.0,34.0,32.0,1613056496.01,2021-02-11 15:14:56.009999990
44055840927,r216287-n772143,0,27.512,0.0,0.0,1.269,32508.731,16.0,31.0,27.009,27.512,0.0,0.0,1.269,32508.731,16.0,31.0,27.009,27.6,0.0,0.0,4.0,32510.0,16.0,31.0,28.0,1614726858.718,2021-03-02 23:14:18.717999935
44055840927,r216287-n772143,1,29.861,0.079,0.0,330.169,32179.831,16.0,29.308,28.26,29.861,0.079,0.0,330.169,32179.831,16.0,29.308,28.26,38.24,9.0,0.0,1095.0,32510.0,16.0,31.0,29.0,1614726858.722,2021-03-02 23:14:18.721999884
44096058558,r8275852-n410412,0,30.992,0.283,0.0,117.326,32392.674,16.0,33.0,34.0,30.992,0.283,0.0,117.326,32392.674,16.0,33.0,34.0,38.22,3.0,0.0,459.0,32510.0,16.0,33.0,34.0,1614292358.293,2021-02-25 22:32:38.292999983
44097263211,r8972851-n172107,1,40.193,25.018,3.171,28993.385,3516.615,16.0,32.984,32.945,40.667,25.127,3.145,31009.712,1500.288,16.0,33.888,33.561,62.19,36.0,5.0,31071.0,32510.0,16.0,35.0,36.0,1614715744.711,2021-03-02 20:09:04.710999966
44114596259,r4506251-n303766,0,33.511,0.032,0.0,544.2,31965.8,16.0,31.974,32.053,39.193,0.351,0.272,1178.653,31331.347,16.0,34.123,34.689,122.13,56.0,47.0,7229.0,32510.0,16.0,39.0,44.0,1614724871.36,2021-03-02 22:41:11.359999895
44158471386,r7419443-n948219,0,95.526,46.447,8.212,4237.75,28272.25,16.0,48.033,46.941,96.743,48.078,8.5,4313.935,28196.065,16.0,47.389,46.205,181.73,100.0,12.0,4599.0,32510.0,16.0,51.0,50.0,1613317218.298,2021-02-14 15:40:18.298000097
44216461157,r9480604-n410412,0,45.89,13.424,2.458,29924.054,2585.946,16.0,41.811,39.399,45.561,12.391,2.119,30966.527,1543.473,16.0,43.17,40.817,61.24,100.0,12.0,31071.0,32510.0,16.0,45.0,43.0,1614182879.559,2021-02-24 16:07:59.559000015
44224473967,r8473362-n410412,0,34.487,3.819,1.188,373.408,32136.592,16.0,38.245,36.296,34.487,3.819,1.188,373.408,32136.592,16.0,38.245,36.296,243.99,96.0,48.0,7145.0,32510.0,16.0,44.0,44.0,1614003411.578,2021-02-22 14:16:51.578000069
44312845909,r414303-n303509,0,37.461,0.202,0.086,15832.32,16677.68,16.0,39.882,40.122,90.879,41.283,23.008,15557.741,16952.259,16.0,48.538,51.612,245.2,100.0,67.0,31127.0,32510.0,16.0,73.0,81.0,1612981575.437,2021-02-10 18:26:15.437000036
44312845909,r414303-n303509,1,36.475,1.693,0.38,24227.349,8282.651,16.0,36.165,33.162,84.306,41.324,23.027,15660.54,16849.46,16.0,43.873,44.417,235.69,100.0,66.0,31127.0,32510.0,16.0,68.0,74.0,1612981575.44,2021-02-10 18:26:15.440000057
44336872469,r1039410-n948219,1,55.215,21.671,2.99,944.345,31565.655,16.0,35.743,32.099,64.381,27.738,3.822,1209.304,31300.696,16.0,40.605,37.094,120.79,90.0,13.0,1315.0,32510.0,16.0,44.0,40.0,1613860851.715,2021-02-20 22:40:51.714999914
44359234537,r2684277-n948219,0,26.921,0.0,0.0,3.532,32506.468,16.0,34.159,33.02,46.432,15.764,7.687,4154.09,28355.91,16.0,37.549,36.655,278.51,100.0,100.0,32253.0,32510.0,16.0,62.0,65.0,1614040370.048,2021-02-23 00:32:50.048000097
44476465676,r9480604-n303766,0,27.394,0.0,0.0,0.0,32510.0,16.0,31.0,29.0,27.394,0.0,0.0,0.0,32510.0,16.0,31.0,29.0,27.56,0.0,0.0,0.0,32510.0,16.0,31.0,29.0,1613438830.194,2021-02-16 01:27:10.194000006
44477292908,r2684277-n948219,1,46.398,9.258,2.407,1428.607,31081.393,16.0,34.968,33.492,62.113,29.02,7.431,1531.62,30978.38,16.0,40.563,39.756,124.15,56.0,17.0,1539.0,32510.0,16.0,43.0,42.0,1614032766.672,2021-02-22 22:26:06.671999931
44483159343,r8024255-n410412,1,26.304,0.125,0.002,67.27,32442.73,16.0,30.793,29.981,26.304,0.125,0.002,67.27,32442.73,16.0,30.793,29.981,36.99,24.0,1.0,1205.0,32510.0,16.0,32.0,30.0,1614736398.207,2021-03-03 01:53:18.207000017
44485093328,r216287-n303509,1,26.145,0.0,0.0,3.199,32506.801,16.0,29.0,27.998,26.145,0.0,0.0,3.199,32506.801,16.0,29.0,27.998,26.35,0.0,0.0,4.0,32510.0,16.0,29.0,28.0,1613099592.587,2021-02-12 03:13:12.586999893
44531018569,r7462820-n303766,1,201.698,89.532,60.025,6646.199,25863.801,16.0,61.15,65.927,201.386,89.081,59.777,6665.284,25844.716,16.0,62.068,66.798,245.37,95.0,67.0,6799.0,32510.0,16.0,70.0,76.0,1613650451.69,2021-02-18 12:14:11.690000057
44545905324,r216287-n303509,1,47.567,20.65,6.685,824.042,31685.958,16.0,32.65,31.182,47.567,20.65,6.685,824.042,31685.958,16.0,32.65,31.182,66.01,52.0,14.0,1327.0,32510.0,16.0,33.0,33.0,1612830317.986,2021-02-09 00:25:17.986000061
44562577425,r7317916-n948219,1,212.412,89.616,60.218,6619.047,25890.953,16.0,65.057,70.684,209.155,87.914,59.115,6643.012,25866.988,16.0,64.953,70.487,258.13,95.0,65.0,6793.0,32510.0,16.0,69.0,76.0,1613478658.632,2021-02-16 12:30:58.631999969
44577670201,r1051355-n200569,0,36.513,0.23,0.003,901.083,31608.917,16.0,30.437,28.66,36.513,0.23,0.003,901.083,31608.917,16.0,30.437,28.66,37.77,20.0,1.0,1039.0,32510.0,16.0,31.0,29.0,1614718754.395,2021-03-02 20:59:14.394999981
44602854581,r7141590-n948219,0,215.92,89.851,60.093,6607.352,25902.648,16.0,68.573,73.751,216.317,90.081,60.265,6629.182,25880.818,16.0,68.553,73.745,261.89,95.0,65.0,6799.0,32510.0,16.0,72.0,78.0,1613442998.07,2021-02-16 02:36:38.069999933
44640621666,r974863-n410412,0,28.001,0.0,0.0,1.949,32508.051,16.0,43.091,43.15,28.001,0.0,0.0,1.949,32508.051,16.0,43.091,43.15,47.18,0.0,0.0,4.0,32510.0,16.0,49.0,49.0,1613010764.541,2021-02-11 02:32:44.540999889
44697797441,r4506251-n303766,0,210.109,87.2,58.528,6635.415,25874.585,16.0,67.993,74.944,209.066,86.81,58.32,6662.738,25847.262,16.0,68.009,74.917,258.89,100.0,67.0,6807.0,32510.0,16.0,71.0,78.0,1613469060.511,2021-02-16 09:51:00.510999918
44714848455,r8972851-n303509,0,189.979,76.661,51.424,6497.859,26012.141,16.0,67.342,71.695,187.931,75.388,50.628,6577.553,25932.447,16.0,67.367,71.657,251.1,94.0,63.0,6799.0,32510.0,16.0,71.0,76.0,1613605214.272,2021-02-17 23:40:14.272000074
44719024257,r44132-n303766,0,191.485,78.408,52.628,6559.083,25950.917,16.0,66.375,72.555,187.51,76.528,51.412,6622.21,25887.79,16.0,66.281,72.405,251.92,94.0,65.0,6807.0,32510.0,16.0,72.0,79.0,1613468161.601,2021-02-16 09:36:01.601000071
44762671213,r7462820-n303766,1,201.638,89.981,60.403,6656.836,25853.164,16.0,59.861,64.481,200.889,89.361,60.015,6671.128,25838.872,16.0,60.671,65.286,241.61,100.0,65.0,6807.0,32510.0,16.0,67.0,72.0,1613652582.77,2021-02-18 12:49:42.769999981
44808800428,r5354770-n172107,1,40.243,21.977,1.777,30483.061,2026.939,16.0,33.886,32.101,40.857,20.87,1.674,31051.602,1458.398,16.0,36.64,34.73,68.96,33.0,3.0,31071.0,32510.0,16.0,37.0,36.0,1614731512.998,2021-03-03 00:31:52.997999907
44819658014,r9988778-n303766,0,34.272,0.49,0.024,888.2,31621.8,16.0,34.738,33.747,56.347,30.863,6.131,1080.251,31429.749,16.0,40.545,40.04,109.59,48.0,11.0,1093.0,32510.0,16.0,43.0,43.0,1613281680.495,2021-02-14 05:48:00.494999886
44881840404,r8024255-n303766,0,26.979,0.0,0.0,1.901,32508.099,16.0,33.0,30.998,27.696,0.0,0.0,3.374,32506.626,16.0,36.519,34.395,28.56,0.0,0.0,4.0,32510.0,16.0,40.0,38.0,1613401214.087,2021-02-15 15:00:14.086999893
44892882368,r9170217-n948219,0,187.872,77.873,52.263,6503.617,26006.383,16.0,65.62,70.25,187.101,77.193,51.823,6558.398,25951.602,16.0,66.295,70.957,246.76,93.0,63.0,6801.0,32510.0,16.0,70.0,76.0,1613589564.044,2021-02-17 19:19:24.043999910
44933988156,r216287-n303509,0,32.979,0.028,0.0,450.333,32059.667,16.0,32.003,31.362,40.256,5.25,0.009,2008.474,30501.526,16.0,34.481,33.287,51.24,44.0,2.0,2047.0,32510.0,16.0,36.0,34.0,1612909958.049,2021-02-09 22:32:38.049000025
44940882795,r2215649-n410412,0,26.649,0.0,0.0,0.0,32510.0,16.0,35.0,32.0,26.649,0.0,0.0,0.0,32510.0,16.0,35.0,32.0,26.76,0.0,0.0,0.0,32510.0,16.0,35.0,32.0,1614113619.04,2021-02-23 20:53:39.039999962
44961219324,r1039410-n948219,0,70.766,30.529,4.128,1281.907,31228.093,16.0,45.163,43.338,71.235,31.035,4.17,1303.495,31206.505,16.0,45.652,43.858,124.85,89.0,12.0,1315.0,32510.0,16.0,47.0,45.0,1613862967.233,2021-02-20 23:16:07.233000040
44964638074,r2215649-n303766,0,25.422,0.0,0.0,1.111,32508.889,16.0,34.056,32.944,25.422,0.0,0.0,1.111,32508.889,16.0,34.056,32.944,25.51,0.0,0.0,4.0,32510.0,16.0,35.0,33.0,1614738566.481,2021-03-03 02:29:26.480999947
45000685986,r6727430-n948219,0,26.498,0.0,0.0,0.0,32510.0,16.0,32.0,31.0,26.498,0.0,0.0,0.0,32510.0,16.0,32.0,31.0,26.6,0.0,0.0,0.0,32510.0,16.0,32.0,31.0,1613613192.555,2021-02-18 01:53:12.555000067
45001168777,r7269000-n948219,0,27.783,0.0,0.0,0.0,32510.0,16.0,38.07,37.14,27.783,0.0,0.0,0.0,32510.0,16.0,38.07,37.14,28.05,0.0,0.0,0.0,32510.0,16.0,39.0,38.0,1613430022.425,2021-02-15 23:00:22.424999952
45021687268,r7269000-n172107,0,38.534,19.514,0.851,29293.927,3216.073,16.0,33.199,32.731,39.694,19.415,0.791,31012.293,1497.707,16.0,35.661,35.578,54.44,32.0,2.0,31071.0,32510.0,16.0,38.0,38.0,1614747640.366,2021-03-03 05:00:40.365999937
45022732825,r7753495-n303509,0,36.989,1.447,0.699,27526.608,4983.392,16.0,32.601,30.717,40.03,2.333,1.009,31011.55,1498.45,16.0,35.142,33.191,152.82,100.0,40.0,31071.0,32510.0,16.0,45.0,46.0,1613568992.179,2021-02-17 13:36:32.178999901
45074371902,r7753495-n948219,0,215.482,90.978,61.126,6648.934,25861.066,16.0,67.978,71.2,213.784,90.156,60.622,6667.676,25842.324,16.0,67.916,71.106,252.77,95.0,65.0,6801.0,32510.0,16.0,70.0,74.0,1613566426.909,2021-02-17 12:53:46.908999920
45077637837,r7269000-n172107,0,26.783,0.0,0.0,0.0,32510.0,16.0,30.0,30.0,27.083,0.0,0.0,0.0,32510.0,16.0,31.765,31.823,27.67,0.0,0.0,0.0,32510.0,16.0,34.0,34.0,1614714427.183,2021-03-02 19:47:07.183000088
45078139248,r4099734-n200569,0,33.65,0.047,0.0,641.692,31868.308,16.0,31.362,30.528,33.65,0.047,0.0,641.692,31868.308,16.0,31.362,30.528,38.58,21.0,1.0,1039.0,32510.0,16.0,33.0,32.0,1614718442.808,2021-03-02 20:54:02.808000088
45082023055,r7419443-n948219,0,34.421,0.422,0.006,696.308,31813.692,16.0,33.312,31.713,53.375,29.45,4.728,1071.375,31438.625,16.0,38.047,36.605,90.24,44.0,8.0,1093.0,32510.0,16.0,39.0,38.0,1613335829.676,2021-02-14 20:50:29.676000118
45114595657,r8275852-n410412,0,28.897,0.0,0.0,3.945,32506.055,16.0,36.0,37.0,28.901,0.0,0.0,3.935,32506.065,16.0,36.0,37.0,29.22,0.0,0.0,4.0,32510.0,16.0,36.0,38.0,1613688526.908,2021-02-18 22:48:46.907999992
45121324708,r2215649-n410412,0,213.033,90.218,60.433,6637.818,25872.182,16.0,68.391,71.035,213.099,90.334,60.52,6654.495,25855.505,16.0,68.369,71.022,252.62,95.0,65.0,6799.0,32510.0,16.0,71.0,74.0,1613436610.911,2021-02-16 00:50:10.911000013
45124869194,r8024255-n410412,1,25.479,0.0,0.0,0.0,32510.0,16.0,30.913,29.971,25.479,0.0,0.0,0.0,32510.0,16.0,30.913,29.971,25.58,0.0,0.0,0.0,32510.0,16.0,31.0,30.0,1614734826.722,2021-03-03 01:27:06.721999884
45145482532,r2684277-n948219,0,27.215,0.0,0.0,0.0,32510.0,16.0,35.541,34.51,27.215,0.0,0.0,0.0,32510.0,16.0,35.541,34.51,27.56,0.0,0.0,0.0,32510.0,16.0,36.0,35.0,1614040201.032,2021-02-23 00:30:01.032000065
45148425702,r4605940-n303509,0,42.758,10.366,3.191,1095.891,31414.109,16.0,33.686,31.664,37.926,0.261,0.081,1683.932,30826.068,16.0,33.157,30.804,109.44,61.0,22.0,1687.0,32510.0,16.0,38.0,37.0,1612825378.791,2021-02-08 23:02:58.790999889
45156918534,r7419443-n948219,0,186.76,89.635,59.567,2702.473,29807.527,16.0,60.117,65.057,205.678,96.355,64.373,2885.298,29624.702,16.0,68.348,75.276,230.77,99.0,67.0,4309.0,32510.0,16.0,71.0,79.0,1613942596.731,2021-02-21 21:23:16.730999947
45190075855,r9988778-n303766,0,147.312,59.536,40.619,2035.84,30474.16,16.0,53.464,58.07,224.712,95.951,65.956,3244.187,29265.813,16.0,67.68,75.188,248.24,99.0,70.0,7145.0,32510.0,16.0,75.0,82.0,1613408731.64,2021-02-15 17:05:31.640000105
45211983281,r7419443-n948219,0,32.829,0.436,0.009,740.214,31769.786,16.0,32.815,30.98,60.081,35.012,8.924,1559.742,30950.258,16.0,39.767,38.857,117.2,54.0,17.0,1605.0,32510.0,16.0,42.0,42.0,1613318928.929,2021-02-14 16:08:48.928999901
45250612908,r8275852-n303766,0,25.788,0.0,0.0,0.0,32510.0,16.0,31.0,30.015,25.789,0.0,0.0,0.0,32510.0,16.0,31.0,30.025,25.95,0.0,0.0,0.0,32510.0,16.0,31.0,31.0,1613167698.853,2021-02-12 22:08:18.852999926
45250612908,r8275852-n303766,1,27.426,0.0,0.0,0.0,32510.0,16.0,31.0,27.988,27.422,0.0,0.0,0.0,32510.0,16.0,31.0,27.987,27.61,0.0,0.0,0.0,32510.0,16.0,31.0,28.0,1613167698.856,2021-02-12 22:08:18.855999947
45326046833,r9170217-n948219,0,206.341,88.413,59.313,6643.706,25866.294,16.0,67.794,73.197,205.918,88.155,59.187,6663.606,25846.394,16.0,67.801,73.172,246.86,95.0,68.0,6799.0,32510.0,16.0,70.0,77.0,1613458591.641,2021-02-16 06:56:31.641000032
45332771212,r4506251-n410412,0,27.042,0.0,0.0,1.954,32508.046,16.0,38.0,37.003,27.042,0.0,0.0,1.954,32508.046,16.0,38.0,37.003,27.31,0.0,0.0,4.0,32510.0,16.0,38.0,38.0,1613256883.606,2021-02-13 22:54:43.605999947
45339112441,r8473362-n410412,1,26.048,0.0,0.0,0.0,32510.0,16.0,32.0,31.0,26.051,0.0,0.0,0.295,32509.705,16.0,32.0,31.001,26.16,0.0,0.0,4.0,32510.0,16.0,32.0,32.0,1614735079.624,2021-03-03 01:31:19.624000072
45384785173,r8972851-n948219,0,217.633,91.028,60.941,6645.467,25864.533,16.0,68.303,72.588,213.019,88.851,59.487,6656.925,25853.075,16.0,68.029,72.199,258.9,96.0,69.0,6799.0,32510.0,16.0,71.0,75.0,1613527269.301,2021-02-17 02:01:09.301000118
45440071374,r6727430-n303509,0,201.264,85.442,57.357,6645.455,25864.545,16.0,68.455,73.103,201.5,85.625,57.495,6667.943,25842.057,16.0,68.435,73.111,247.39,95.0,64.0,6799.0,32510.0,16.0,72.0,77.0,1613438781.38,2021-02-16 01:26:21.380000114
45526469217,r7141590-n303509,0,72.389,19.199,11.527,9294.403,23215.597,16.0,46.549,44.877,72.389,19.199,11.527,9294.403,23215.597,16.0,46.549,44.877,223.68,80.0,50.0,12133.0,32510.0,16.0,54.0,54.0,1613468356.176,2021-02-16 09:39:16.176000118
45528272746,r7462820-n303766,0,43.469,9.214,1.629,1099.731,31410.269,16.0,35.658,33.531,59.153,31.919,5.996,1154.869,31355.131,16.0,42.621,41.001,97.56,54.0,11.0,1159.0,32510.0,16.0,45.0,44.0,1613373212.686,2021-02-15 07:13:32.686000109
45551327118,r7462820-n303766,0,212.659,90.882,60.963,6653.618,25856.382,16.0,68.621,74.134,211.044,90.104,60.483,6670.286,25839.714,16.0,68.499,73.945,249.33,95.0,67.0,6807.0,32510.0,16.0,72.0,78.0,1613651465.674,2021-02-18 12:31:05.674000025
45617309709,r7269000-n303509,0,208.943,85.762,57.603,6636.998,25873.002,16.0,68.255,72.981,207.021,84.852,57.046,6664.81,25845.19,16.0,68.182,72.852,254.4,94.0,64.0,6807.0,32510.0,16.0,71.0,76.0,1613581944.905,2021-02-17 17:12:24.904999971
45618162982,r7419443-n172107,0,27.016,0.0,0.0,0.0,32510.0,16.0,30.0,29.997,36.599,2.203,0.0,973.162,31536.838,16.0,31.645,31.38,37.68,20.0,1.0,1023.0,32510.0,16.0,33.0,33.0,1614717025.654,2021-03-02 20:30:25.654000044
45661257458,r6727430-n948219,0,26.48,0.0,0.0,2.095,32507.905,16.0,32.0,31.0,26.48,0.0,0.0,2.095,32507.905,16.0,32.0,31.0,26.61,0.0,0.0,4.0,32510.0,16.0,32.0,31.0,1613613532.891,2021-02-18 01:58:52.891000032
45665674578,r8024255-n303766,0,35.325,0.123,0.003,550.068,31959.932,16.0,35.218,32.696,35.325,0.123,0.003,550.068,31959.932,16.0,35.218,32.696,38.36,14.0,1.0,713.0,32510.0,16.0,36.0,34.0,1614184687.244,2021-02-24 16:38:07.243999958
45667736862,r4506251-n303766,0,36.432,0.396,0.017,697.451,31812.549,16.0,36.947,37.179,72.009,37.84,10.288,1547.36,30962.64,16.0,46.084,47.633,132.88,53.0,16.0,1605.0,32510.0,16.0,48.0,51.0,1613385134.315,2021-02-15 10:32:14.315000057
45682260470,r9659953-n172107,1,41.441,24.057,0.92,30440.175,2069.825,16.0,34.996,32.003,41.177,21.995,0.831,31050.727,1459.273,16.0,34.808,31.938,56.45,100.0,6.0,31071.0,32510.0,16.0,35.0,33.0,1614747421.491,2021-03-03 04:57:01.490999937
45686733380,r8972851-n948219,0,217.443,91.313,61.126,6648.194,25861.806,16.0,68.202,72.551,215.658,90.385,60.56,6664.47,25845.53,16.0,68.084,72.394,259.38,96.0,65.0,6799.0,32510.0,16.0,71.0,76.0,1613526566.525,2021-02-17 01:49:26.525000095
45688606540,r6727430-n303509,0,27.326,0.0,0.0,3.852,32506.148,16.0,37.544,34.536,27.752,0.0,0.0,3.996,32506.004,16.0,39.302,36.763,28.3,0.0,0.0,4.0,32510.0,16.0,40.0,38.0,1613013093.438,2021-02-11 03:11:33.437999964
45688606540,r6727430-n303509,1,194.326,89.071,50.48,3379.005,29130.995,16.0,63.706,67.843,213.854,99.589,56.6,4479.526,28030.474,16.0,68.444,73.711,235.59,100.0,59.0,4517.0,32510.0,16.0,74.0,79.0,1613013093.441,2021-02-11 03:11:33.440999985
45689792843,r9648383-n410412,0,44.991,41.209,2.077,2803.647,29706.353,16.0,38.88,37.685,78.943,86.191,11.546,11036.851,21473.149,16.0,49.93,48.54,170.04,100.0,54.0,11496.0,32510.0,16.0,56.0,58.0,1614162614.721,2021-02-24 10:30:14.720999956
45709609553,r8972851-n948219,0,34.987,0.477,0.014,702.59,31807.41,16.0,41.432,40.078,63.03,32.838,7.188,1572.128,30937.872,16.0,47.995,46.53,130.54,59.0,17.0,1605.0,32510.0,16.0,50.0,49.0,1613385157.911,2021-02-15 10:32:37.911000013
45752886502,r974863-n410412,1,204.497,90.655,60.999,6646.257,25863.743,16.0,63.449,67.172,202.861,89.851,60.499,6663.161,25846.839,16.0,63.269,66.925,242.55,95.0,66.0,6799.0,32510.0,16.0,69.0,73.0,1613448093.88,2021-02-16 04:01:33.880000114
45764867848,r216287-n303509,0,102.145,52.306,19.534,21068.849,11441.151,16.0,45.467,45.372,117.317,61.198,22.901,25033.701,7476.299,16.0,55.238,55.89,256.08,100.0,71.0,25075.0,32510.0,16.0,59.0,61.0,1612856086.762,2021-02-09 07:34:46.762000084
45836964674,r8473362-n410412,0,27.08,0.0,0.0,0.0,32510.0,16.0,33.0,31.0,27.08,0.0,0.0,0.0,32510.0,16.0,33.0,31.0,27.09,0.0,0.0,0.0,32510.0,16.0,33.0,31.0,1614734566.641,2021-03-03 01:22:46.641000032
45837082159,r492024-n410412,0,59.118,20.79,2.777,982.843,31527.157,16.0,43.703,42.072,66.313,25.474,3.398,1229.986,31280.014,16.0,45.45,43.777,123.69,89.0,12.0,1315.0,32510.0,16.0,48.0,46.0,1613862636.342,2021-02-20 23:10:36.342000008
45883215620,r7317916-n948219,0,188.172,82.913,55.767,6550.066,25959.934,16.0,67.25,74.79,182.253,79.589,53.569,6607.973,25902.027,16.0,67.057,74.391,239.73,94.0,64.0,6807.0,32510.0,16.0,73.0,82.0,1613479984.785,2021-02-16 12:53:04.785000086
45888324541,r6727430-n948219,0,162.866,63.92,42.946,6612.357,25897.643,16.0,63.314,66.516,159.976,62.129,41.77,6681.142,25828.858,16.0,64.031,67.332,250.16,94.0,64.0,6807.0,32510.0,16.0,72.0,77.0,1613601805.927,2021-02-17 22:43:25.927000046
45924460989,r9988778-n303766,0,39.6,23.51,0.915,30616.686,1893.314,16.0,36.042,35.673,39.312,20.753,0.795,31049.976,1460.024,16.0,36.7,35.794,54.99,100.0,6.0,31071.0,32510.0,16.0,37.0,37.0,1613426463.759,2021-02-15 22:01:03.759000063
45948468747,r9852763-n200569,0,27.437,0.0,0.0,0.0,32510.0,16.0,33.0,30.998,35.606,0.012,0.0,631.42,31878.58,16.0,35.067,32.61,40.19,10.0,1.0,953.0,32510.0,16.0,37.0,34.0,1614716775.206,2021-03-02 20:26:15.206000090
45979700792,r2684277-n303509,0,57.248,14.4,8.831,29672.005,2837.995,16.0,37.634,38.28,46.232,6.711,3.643,30548.946,1961.054,16.0,36.16,36.352,214.64,100.0,75.0,31021.0,32510.0,16.0,44.0,50.0,1612874904.055,2021-02-09 12:48:24.055000067
46013556703,r2215649-n410412,1,27.814,0.232,0.0,71.237,32438.763,16.0,32.179,29.115,53.588,26.889,4.57,1000.651,31509.349,16.0,40.424,36.788,95.89,44.0,9.0,1027.0,32510.0,16.0,42.0,39.0,1613457268.973,2021-02-16 06:34:28.973000050
46045972008,r7141590-n948219,0,214.756,89.222,59.732,6632.722,25877.278,16.0,68.333,73.359,215.149,89.562,59.959,6653.126,25856.874,16.0,68.392,73.428,261.7,96.0,65.0,6807.0,32510.0,16.0,72.0,77.0,1613438640.531,2021-02-16 01:24:00.530999899
46120067762,r492024-n410412,0,28.252,0.0,0.0,0.0,32510.0,16.0,33.0,31.43,28.121,0.0,0.0,0.0,32510.0,16.0,32.433,30.992,28.56,0.0,0.0,0.0,32510.0,16.0,33.0,32.0,1614613885.927,2021-03-01 15:51:25.927000046
46137785735,r7141590-n200569,0,25.687,0.0,0.0,0.0,32510.0,16.0,30.0,29.0,25.687,0.0,0.0,0.0,32510.0,16.0,30.0,29.0,25.75,0.0,0.0,0.0,32510.0,16.0,30.0,29.0,1614724818.147,2021-03-02 22:40:18.147000074
46137785735,r7141590-n200569,1,27.913,0.0,0.0,0.0,32510.0,16.0,30.0,29.0,27.913,0.0,0.0,0.0,32510.0,16.0,30.0,29.0,27.92,0.0,0.0,0.0,32510.0,16.0,30.0,29.0,1614724818.158,2021-03-02 22:40:18.157999992
46146733377,r9170217-n948219,0,187.49,78.298,52.554,6516.664,25993.336,16.0,65.631,70.288,186.413,77.046,51.762,6587.516,25922.484,16.0,66.118,70.785,246.12,94.0,63.0,6807.0,32510.0,16.0,70.0,75.0,1613580793.423,2021-02-17 16:53:13.423000097
46152144147,r414303-n303509,0,28.823,0.0,0.0,0.0,32510.0,16.0,42.0,43.5,28.823,0.0,0.0,0.0,32510.0,16.0,42.0,43.5,28.86,0.0,0.0,0.0,32510.0,16.0,42.0,44.0,1613429096.457,2021-02-15 22:44:56.457000017
46155090205,r7419443-n948219,0,34.386,1.757,0.0,604.382,31905.618,16.0,36.667,35.107,38.436,3.39,0.076,1405.268,31104.732,16.0,35.161,33.662,101.53,76.0,17.0,1407.0,32510.0,16.0,41.0,39.0,1613755353.875,2021-02-19 17:22:33.875000000
46159727645,r5179276-n948219,0,208.945,90.196,60.52,6648.254,25861.746,16.0,68.541,75.659,207.273,89.338,60.003,6666.201,25843.799,16.0,68.382,75.448,246.07,95.0,66.0,6801.0,32510.0,16.0,72.0,80.0,1613585236.351,2021-02-17 18:07:16.351000071
46172260686,r8024255-n303766,0,26.996,0.0,0.0,3.491,32506.509,16.0,33.002,31.001,27.003,0.0,0.0,3.577,32506.423,16.0,33.053,31.007,27.17,0.0,0.0,4.0,32510.0,16.0,34.0,32.0,1613687016.522,2021-02-18 22:23:36.522000074
46175149516,r8141575-n303766,1,25.3,0.0,0.0,3.848,32506.152,16.0,30.0,28.0,25.367,0.0,0.0,3.995,32506.005,16.0,30.2,28.892,25.71,0.0,0.0,4.0,32510.0,16.0,31.0,29.0,1614048867.833,2021-02-23 02:54:27.832999945
46219698969,r6727430-n303509,0,207.16,89.183,59.906,6648.966,25861.034,16.0,68.317,73.367,207.48,89.412,60.085,6667.951,25842.049,16.0,68.384,73.411,246.71,95.0,64.0,6801.0,32510.0,16.0,71.0,76.0,1613441706.112,2021-02-16 02:15:06.111999989
46230974628,r7419443-n948219,0,27.14,0.0,0.0,0.0,32510.0,16.0,31.0,29.036,27.14,0.0,0.0,0.0,32510.0,16.0,31.0,29.036,27.33,0.0,0.0,0.0,32510.0,16.0,31.0,30.0,1613644030.336,2021-02-18 10:27:10.335999966
46249256169,r9988778-n303766,0,29.398,0.343,0.015,553.462,31956.538,16.0,35.704,35.337,60.429,34.941,8.869,1532.942,30977.058,16.0,44.049,43.945,107.65,53.0,15.0,1605.0,32510.0,16.0,47.0,48.0,1613383702.545,2021-02-15 10:08:22.545000076
46284970947,r44132-n410412,0,27.191,0.0,0.0,0.0,32510.0,16.0,31.0,29.0,27.191,0.0,0.0,0.0,32510.0,16.0,31.0,29.0,27.28,0.0,0.0,0.0,32510.0,16.0,31.0,29.0,1614734634.966,2021-03-03 01:23:54.966000080
46284970947,r44132-n410412,1,25.83,0.0,0.0,0.0,32510.0,16.0,28.964,29.0,25.83,0.0,0.0,0.0,32510.0,16.0,28.964,29.0,25.93,0.0,0.0,0.0,32510.0,16.0,29.0,29.0,1614734634.969,2021-03-03 01:23:54.969000101
46299336559,r2684277-n948219,0,26.413,0.0,0.0,0.0,32510.0,16.0,30.0,29.0,26.413,0.0,0.0,0.0,32510.0,16.0,30.0,29.0,26.45,0.0,0.0,0.0,32510.0,16.0,30.0,29.0,1613258696.611,2021-02-13 23:24:56.611000061
46331954767,r7141590-n948219,0,196.034,79.484,53.119,6595.233,25914.767,16.0,67.805,72.344,192.852,77.875,52.109,6646.93,25863.07,16.0,67.747,72.165,264.39,95.0,65.0,6807.0,32510.0,16.0,72.0,77.0,1613444898.326,2021-02-16 03:08:18.325999975
46337416700,r1051355-n200569,1,34.447,0.233,0.005,860.761,31649.239,16.0,28.644,26.538,34.447,0.233,0.005,860.761,31649.239,16.0,28.644,26.538,36.12,20.0,1.0,1039.0,32510.0,16.0,29.0,27.0,1614718754.426,2021-03-02 20:59:14.426000118
46344623289,r7269000-n303509,0,173.256,66.733,44.695,6528.535,25981.465,16.0,64.281,67.417,175.571,68.015,45.613,6620.457,25889.543,16.0,64.715,67.868,254.86,95.0,66.0,6799.0,32510.0,16.0,71.0,76.0,1613587995.486,2021-02-17 18:53:15.486000061
46405626619,r414303-n303509,0,28.486,0.0,0.0,0.0,32510.0,16.0,40.421,40.8,27.982,0.011,0.0,6.178,32503.822,16.0,37.473,37.856,40.24,24.0,1.0,1231.0,32510.0,16.0,43.0,44.0,1613128143.138,2021-02-12 11:09:03.138000011
46417526818,r9480604-n410412,0,36.061,11.424,0.87,16158.201,16351.799,16.0,39.621,37.468,42.962,22.161,1.69,28927.145,3582.855,16.0,41.706,39.43,47.19,28.0,2.0,30709.0,32510.0,16.0,43.0,40.0,1614375943.135,2021-02-26 21:45:43.134999990
46435606501,r9515777-n303766,0,26.627,0.0,0.0,0.0,32510.0,16.0,39.016,37.579,26.176,0.0,0.0,0.0,32510.0,16.0,36.578,34.9,28.68,0.0,0.0,0.0,32510.0,16.0,50.0,49.0,1614269025.621,2021-02-25 16:03:45.621000051
46439319932,r8473362-n410412,1,26.02,0.0,0.0,0.0,32510.0,16.0,32.0,31.0,26.02,0.0,0.0,0.0,32510.0,16.0,32.0,31.0,26.02,0.0,0.0,0.0,32510.0,16.0,32.0,31.0,1614734669.041,2021-03-03 01:24:29.040999889
46484989093,r414303-n303509,0,27.14,0.0,0.0,0.0,32510.0,16.0,34.056,34.556,27.14,0.0,0.0,0.0,32510.0,16.0,34.056,34.556,27.26,0.0,0.0,0.0,32510.0,16.0,35.0,35.0,1613429351.722,2021-02-15 22:49:11.721999884
46556374623,r7269000-n948219,0,203.24,83.08,55.436,6521.878,25988.122,16.0,63.214,65.715,202.231,82.388,54.976,6578.309,25931.691,16.0,64.252,66.864,266.42,94.0,65.0,6801.0,32510.0,16.0,73.0,77.0,1613444536.668,2021-02-16 03:02:16.667999983
46562534558,r9515777-n303766,0,25.505,0.0,0.0,0.003,32509.997,16.0,32.0,29.999,25.524,0.0,0.0,0.001,32509.999,16.0,32.0,30.0,25.62,0.0,0.0,4.0,32510.0,16.0,32.0,30.0,1614715856.924,2021-03-02 20:10:56.924000025
46562534558,r9515777-n303766,1,26.664,0.0,0.0,0.004,32509.996,16.0,31.0,29.0,26.667,0.0,0.0,0.001,32509.999,16.0,31.0,29.0,26.84,0.0,0.0,4.0,32510.0,16.0,31.0,29.0,1614715856.928,2021-03-02 20:10:56.927999973
46569113046,r2215649-n410412,0,42.259,27.642,0.0,984.401,31525.599,16.0,37.308,34.186,42.259,27.642,0.0,984.401,31525.599,16.0,37.308,34.186,45.46,49.0,0.0,1065.0,32510.0,16.0,39.0,35.0,1614114105.051,2021-02-23 21:01:45.051000118
46577524683,r2215649-n303766,0,43.026,7.508,1.613,1298.709,31211.291,16.0,41.546,38.555,43.373,7.572,1.618,1332.756,31177.244,16.0,41.902,38.92,106.7,73.0,10.0,1345.0,32510.0,16.0,44.0,40.0,1613950962.39,2021-02-21 23:42:42.390000105
46580698246,r9170217-n948219,0,181.681,75.86,50.954,6548.955,25961.045,16.0,63.88,68.153,179.637,74.53,50.106,6616.84,25893.16,16.0,64.727,69.065,246.11,94.0,66.0,6799.0,32510.0,16.0,70.0,75.0,1613587889.993,2021-02-17 18:51:29.993000031
46593005199,r974863-n410412,0,26.044,0.0,0.0,3.0,32507.0,16.0,37.0,36.734,26.044,0.0,0.0,3.0,32507.0,16.0,37.0,36.734,26.32,0.0,0.0,4.0,32510.0,16.0,37.0,37.0,1613011071.986,2021-02-11 02:37:51.986000061
46621413274,r9480604-n410412,0,40.69,23.04,0.003,845.085,31664.915,16.0,38.506,36.163,40.69,23.04,0.003,845.085,31664.915,16.0,38.506,36.163,45.36,49.0,1.0,1065.0,32510.0,16.0,40.0,38.0,1614113711.981,2021-02-23 20:55:11.980999947
46622867390,r9480604-n303766,0,68.679,30.806,4.23,1254.126,31255.874,16.0,41.533,38.764,68.679,30.806,4.23,1254.126,31255.874,16.0,41.533,38.764,119.1,90.0,13.0,1315.0,32510.0,16.0,44.0,42.0,1613794985.128,2021-02-20 04:23:05.128000020
46636345095,r4683026-n948219,0,35.521,0.296,0.018,1121.439,31388.561,16.0,39.817,39.628,54.309,28.808,8.006,1575.17,30934.83,16.0,43.874,44.675,99.57,41.0,12.0,1605.0,32510.0,16.0,46.0,48.0,1613674794.665,2021-02-18 18:59:54.664999962
46638526361,r4605940-n303509,1,46.654,22.299,6.878,1119.192,31390.808,16.0,33.827,33.838,46.654,22.299,6.878,1119.192,31390.808,16.0,33.827,33.838,59.65,40.0,13.0,1327.0,32510.0,16.0,34.0,35.0,1612830026.299,2021-02-09 00:20:26.299000025
46648161657,r8024255-n410412,0,193.627,79.28,53.234,6563.667,25946.333,16.0,68.177,71.87,190.259,77.539,52.09,6619.742,25890.258,16.0,68.035,71.656,254.86,95.0,64.0,6807.0,32510.0,16.0,72.0,76.0,1613536794.585,2021-02-17 04:39:54.585000038
46660981981,r8141575-n410412,0,38.946,0.702,0.106,2536.092,29973.908,16.0,34.736,32.838,149.887,84.621,22.411,5088.947,27421.053,16.0,64.901,65.1,244.21,100.0,31.0,5106.0,32510.0,16.0,70.0,70.0,1614366212.278,2021-02-26 19:03:32.278000116
46669827284,r8473362-n410412,0,33.864,0.329,0.023,1704.52,30805.48,16.0,34.151,32.031,110.628,71.043,25.397,8958.913,23551.087,16.0,60.638,61.283,175.59,84.0,32.0,9032.0,32510.0,16.0,66.0,67.0,1613213710.667,2021-02-13 10:55:10.667000055
46672707334,r974863-n410412,0,204.737,88.181,57.067,6549.608,25960.392,16.0,63.978,68.363,204.451,87.846,56.872,6612.188,25897.812,16.0,64.73,69.238,258.34,97.0,65.0,6873.0,32444.0,16.0,73.0,78.0,1613467239.217,2021-02-16 09:20:39.217000008
46685769117,r7462820-n410412,0,197.43,80.68,54.151,6549.577,25960.423,16.0,67.755,73.45,194.639,79.215,53.222,6606.124,25903.876,16.0,67.695,73.308,256.0,94.0,64.0,6799.0,32510.0,16.0,71.0,77.0,1613580430.712,2021-02-17 16:47:10.711999893
46806988505,r4683026-n948219,0,31.79,0.403,0.014,780.84,31729.16,16.0,34.974,34.09,66.4,38.203,10.68,2578.052,29931.948,16.0,47.892,48.887,126.39,60.0,18.0,2759.0,32510.0,16.0,50.0,52.0,1613978055.274,2021-02-22 07:14:15.273999929
46842336890,r6727430-n948219,0,26.503,0.0,0.0,0.0,32510.0,16.0,32.0,31.0,26.503,0.0,0.0,0.0,32510.0,16.0,32.0,31.0,26.51,0.0,0.0,0.0,32510.0,16.0,32.0,31.0,1613613190.155,2021-02-18 01:53:10.154999971
46843502995,r6727430-n948219,0,199.962,83.263,55.922,6611.87,25898.13,16.0,67.83,72.68,200.086,83.589,56.186,6638.93,25871.07,16.0,67.852,72.76,250.44,100.0,67.0,6807.0,32510.0,16.0,72.0,78.0,1613603570.34,2021-02-17 23:12:50.339999914
46907495830,r3974592-n303509,1,24.862,0.0,0.0,2.657,32507.343,16.0,28.0,27.0,24.866,0.0,0.0,2.906,32507.094,16.0,28.016,27.0,25.18,0.0,0.0,4.0,32510.0,16.0,29.0,27.0,1613290118.845,2021-02-14 08:08:38.845000029
46937657097,r8141575-n303766,0,26.184,0.0,0.0,3.994,32506.006,16.0,32.0,32.0,26.18,0.0,0.0,4.0,32506.0,16.0,32.078,32.097,26.55,0.0,0.0,4.0,32510.0,16.0,33.0,33.0,1614716120.573,2021-03-02 20:15:20.572999954
46937657097,r8141575-n303766,1,25.344,0.0,0.0,3.994,32506.006,16.0,29.883,28.484,25.249,0.0,0.0,4.0,32506.0,16.0,29.313,28.09,25.64,0.0,0.0,4.0,32510.0,16.0,30.0,29.0,1614716120.577,2021-03-02 20:15:20.576999903
46953101181,r7269000-n948219,0,27.812,0.0,0.0,0.667,32509.333,16.0,38.083,37.028,27.812,0.0,0.0,0.667,32509.333,16.0,38.083,37.028,28.12,0.0,0.0,4.0,32510.0,16.0,39.0,38.0,1613430013.716,2021-02-15 23:00:13.716000080
47008823674,r8024255-n410412,0,24.949,0.0,0.0,0.0,32510.0,16.0,32.0,30.714,24.949,0.0,0.0,0.0,32510.0,16.0,32.0,30.714,25.06,0.0,0.0,0.0,32510.0,16.0,32.0,31.0,1614735030.164,2021-03-03 01:30:30.164000034
47072457063,r8024255-n303766,0,30.388,0.679,0.0,311.466,32198.534,16.0,33.816,31.435,30.388,0.679,0.0,311.466,32198.534,16.0,33.816,31.435,38.2,8.0,0.0,1023.0,32510.0,16.0,35.0,33.0,1614453204.607,2021-02-27 19:13:24.607000113
47097796469,r7141590-n948219,0,214.649,88.976,59.531,6621.333,25888.667,16.0,68.661,73.798,214.998,89.196,59.697,6642.429,25867.571,16.0,68.615,73.768,262.39,96.0,66.0,6793.0,32510.0,16.0,73.0,78.0,1613432307.763,2021-02-15 23:38:27.763000011
47119029873,r4099734-n172107,1,46.629,22.651,3.295,30461.686,2048.314,16.0,37.699,36.291,46.555,23.454,3.435,31054.086,1455.914,16.0,37.015,35.616,107.38,38.0,5.0,31071.0,32510.0,16.0,39.0,38.0,1614743352.86,2021-03-03 03:49:12.859999895
47167704198,r7317916-n948219,1,214.427,90.285,60.652,6634.216,25875.784,16.0,66.819,72.807,212.884,89.47,60.142,6653.827,25856.173,16.0,67.332,73.417,259.53,95.0,66.0,6793.0,32510.0,16.0,74.0,81.0,1613477471.821,2021-02-16 12:11:11.821000099
47172833886,r492024-n303766,0,211.908,90.101,60.575,6637.027,25872.973,16.0,68.4,73.843,209.628,89.037,59.916,6658.578,25851.422,16.0,68.254,73.636,250.49,95.0,65.0,6799.0,32510.0,16.0,71.0,78.0,1613444886.155,2021-02-16 03:08:06.154999971
47287393117,r5198790-n772143,1,50.608,23.487,5.872,30536.472,1973.528,16.0,38.098,34.85,48.342,21.369,5.275,31058.027,1451.973,16.0,38.918,35.706,120.37,100.0,9.0,31071.0,32510.0,16.0,41.0,38.0,1614742200.341,2021-03-03 03:30:00.341000080
47297606498,r4144777-n303509,1,39.417,3.119,0.653,1586.069,30923.931,16.0,33.129,30.059,39.417,3.119,0.653,1586.069,30923.931,16.0,33.129,30.059,134.08,47.0,32.0,7947.0,32510.0,16.0,34.0,34.0,1614179378.516,2021-02-24 15:09:38.516000032
47327827223,r4506251-n303766,0,153.853,70.444,40.887,21810.77,10699.23,16.0,52.429,55.861,175.749,80.47,46.927,25529.923,6980.077,16.0,59.721,64.179,259.15,100.0,64.0,32489.0,32510.0,16.0,69.0,76.0,1614721180.796,2021-03-02 21:39:40.796000004
47358406561,r9170217-n172107,1,38.147,19.979,1.692,29165.262,3344.738,16.0,32.377,30.108,39.001,22.803,1.624,31004.898,1505.102,16.0,33.1,30.916,48.05,36.0,3.0,31071.0,32510.0,16.0,34.0,32.0,1614715744.785,2021-03-02 20:09:04.785000086
47359711481,r414303-n303509,0,208.58,88.556,59.508,6536.112,25973.888,16.0,64.967,72.811,209.47,88.746,59.658,6570.279,25939.721,16.0,65.406,73.359,255.08,95.0,65.0,6807.0,32510.0,16.0,74.0,83.0,1613436262.386,2021-02-16 00:44:22.385999918
47395183891,r6727430-n303509,0,208.302,89.437,60.122,6644.35,25865.65,16.0,68.449,73.544,208.499,89.651,60.279,6660.632,25849.368,16.0,68.47,73.551,246.93,95.0,64.0,6799.0,32510.0,16.0,71.0,77.0,1613432347.882,2021-02-15 23:39:07.881999969
47519467521,r9515777-n303766,0,34.657,2.082,0.016,610.656,31899.344,16.0,40.492,38.0,34.657,2.082,0.016,610.656,31899.344,16.0,40.492,38.0,39.13,22.0,1.0,1129.0,32510.0,16.0,41.0,38.0,1614608821.663,2021-03-01 14:27:01.663000107
47541862033,r7753495-n303509,0,29.388,0.022,0.0,286.143,32223.857,16.0,30.972,29.538,104.081,36.026,32.556,31254.935,1255.065,16.0,50.119,51.349,255.52,100.0,97.0,31413.0,32510.0,16.0,72.0,80.0,1613600745.592,2021-02-17 22:25:45.592000008
47549973978,r7753495-n303509,0,33.199,3.548,0.323,292.927,32217.073,16.0,36.871,35.169,33.199,3.548,0.323,292.927,32217.073,16.0,36.871,35.169,108.79,80.0,11.0,1315.0,32510.0,16.0,39.0,36.0,1613683344.812,2021-02-18 21:22:24.812000036
47577383712,r8532701-n772143,0,50.807,23.441,6.071,30258.301,2251.699,16.0,36.264,34.523,49.148,22.036,5.657,31050.752,1459.248,16.0,36.739,35.037,121.19,42.0,11.0,31071.0,32510.0,16.0,40.0,38.0,1614735281.722,2021-03-03 01:34:41.721999884
47582779419,r1039410-n948219,0,25.832,0.0,0.0,0.001,32509.999,16.0,30.0,30.0,25.843,0.0,0.0,0.001,32509.999,16.0,30.0,30.0,26.04,0.0,0.0,4.0,32510.0,16.0,30.0,30.0,1614402624.577,2021-02-27 05:10:24.576999903
47584375067,r8024255-n303766,0,65.936,20.346,16.921,22384.874,10125.126,16.0,39.749,38.931,81.759,31.778,26.686,29907.331,2602.669,16.0,46.537,46.483,204.57,100.0,95.0,30087.0,32510.0,16.0,49.0,54.0,1613366862.442,2021-02-15 05:27:42.441999912
47587330074,r9170217-n948219,0,211.152,90.968,61.015,6650.853,25859.147,16.0,67.951,73.356,209.427,90.044,60.45,6668.462,25841.538,16.0,67.887,73.256,247.62,95.0,69.0,6807.0,32510.0,16.0,71.0,77.0,1613458242.263,2021-02-16 06:50:42.263000010
47606068596,r8275852-n410412,0,40.075,0.21,0.018,243.183,32266.817,16.0,38.418,39.056,40.075,0.21,0.018,243.183,32266.817,16.0,38.418,39.056,45.21,8.0,4.0,3167.0,32510.0,16.0,39.0,40.0,1613050210.125,2021-02-11 13:30:10.125000000
47635304015,r44132-n410412,1,25.937,0.0,0.0,0.0,32510.0,16.0,29.0,30.0,25.937,0.0,0.0,0.0,32510.0,16.0,29.0,30.0,26.04,0.0,0.0,0.0,32510.0,16.0,29.0,30.0,1613432691.831,2021-02-15 23:44:51.831000090
47650847794,r4683026-n948219,0,26.979,0.0,0.0,0.106,32509.894,16.0,37.756,37.812,138.355,71.939,18.551,15285.155,17224.845,16.0,61.067,62.366,259.05,100.0,55.0,19875.0,32510.0,16.0,72.0,76.0,1613684539.167,2021-02-18 21:42:19.167000055
47658947833,r9170217-n948219,0,186.578,76.495,51.342,6547.577,25962.423,16.0,65.866,70.425,184.774,75.875,50.978,6612.708,25897.292,16.0,66.342,70.962,246.37,93.0,63.0,6801.0,32510.0,16.0,69.0,75.0,1613588310.009,2021-02-17 18:58:30.009000063
47719613300,r7141590-n948219,0,216.082,90.06,60.245,6632.475,25877.525,16.0,68.19,73.326,215.723,89.931,60.173,6651.175,25858.825,16.0,68.176,73.306,263.33,96.0,65.0,6799.0,32510.0,16.0,72.0,77.0,1613441926.497,2021-02-16 02:18:46.496999979
47780592637,r7269000-n948219,0,46.782,7.374,1.895,665.021,31844.979,16.0,42.668,41.379,65.621,29.202,7.594,1440.54,31069.46,16.0,44.593,43.294,128.88,64.0,16.0,1605.0,32510.0,16.0,55.0,55.0,1613418721.457,2021-02-15 19:52:01.457000017
47821543506,r7141590-n303509,0,196.506,78.86,52.528,6525.401,25984.599,16.0,67.628,69.13,194.689,77.829,51.906,6594.219,25915.781,16.0,67.601,69.067,266.7,94.0,64.0,6807.0,32510.0,16.0,73.0,75.0,1613485433.266,2021-02-16 14:23:53.266000032
47826269731,r1039410-n948219,0,132.73,93.734,30.5,1060.132,31449.868,16.0,55.886,54.188,162.883,93.669,31.932,1064.972,31445.028,16.0,68.126,67.836,170.79,98.0,34.0,1065.0,32510.0,16.0,72.0,72.0,1614478187.264,2021-02-28 02:09:47.263999939
47826269731,r1039410-n948219,1,138.707,91.702,30.468,1060.133,31449.867,16.0,55.147,53.738,153.649,93.534,31.917,1064.972,31445.028,16.0,60.442,60.053,162.41,97.0,33.0,1065.0,32510.0,16.0,70.0,70.0,1614478187.273,2021-02-28 02:09:47.273000002
47826269731,r9648383-n410412,0,154.031,89.199,30.236,1060.127,31449.873,16.0,60.656,60.936,165.054,93.563,31.87,1064.973,31445.027,16.0,68.069,68.832,173.46,98.0,33.0,1065.0,32510.0,16.0,71.0,73.0,1614478187.267,2021-02-28 02:09:47.266999959
47826269731,r9648383-n410412,1,155.18,88.19,30.257,1060.128,31449.872,16.0,61.693,60.927,163.543,92.539,31.942,1064.974,31445.026,16.0,65.515,65.572,173.25,98.0,34.0,1065.0,32510.0,16.0,72.0,73.0,1614478187.27,2021-02-28 02:09:47.269999981
47842517089,r4099734-n772143,0,44.088,23.466,3.48,28855.195,3654.805,16.0,37.029,33.375,45.381,23.185,3.4,31010.826,1499.174,16.0,39.181,35.481,100.36,40.0,6.0,31071.0,32510.0,16.0,41.0,37.0,1614721838.811,2021-03-02 21:50:38.811000109
47884734069,r8532701-n172107,0,52.433,24.344,5.943,30493.746,2016.254,16.0,37.929,36.997,51.488,22.038,5.383,31056.361,1453.639,16.0,38.672,37.703,140.1,100.0,10.0,31071.0,32510.0,16.0,42.0,41.0,1614735459.455,2021-03-03 01:37:39.454999924
47903883129,r9515777-n410412,0,32.309,0.454,0.016,609.491,31900.509,16.0,34.453,31.603,59.407,33.728,7.192,1573.137,30936.863,16.0,43.488,41.0,121.43,52.0,14.0,1605.0,32510.0,16.0,45.0,42.0,1614474567.459,2021-02-28 01:09:27.459000111
47908400306,r414303-n303509,0,27.096,0.0,0.0,0.0,32510.0,16.0,34.0,34.0,27.096,0.0,0.0,0.0,32510.0,16.0,34.0,34.0,27.2,0.0,0.0,0.0,32510.0,16.0,34.0,34.0,1613429370.753,2021-02-15 22:49:30.753000021
48022490454,r8141575-n410412,1,39.868,0.043,0.0,1303.781,31206.219,16.0,40.122,38.713,72.055,21.238,5.703,5396.839,27113.161,16.0,44.801,43.375,254.7,100.0,43.0,26395.0,32510.0,16.0,66.0,70.0,1614639812.577,2021-03-01 23:03:32.576999903
48023940936,r4506251-n410412,0,77.005,22.317,17.626,25207.958,7302.042,16.0,49.005,48.742,90.434,30.454,24.333,29788.342,2721.658,16.0,55.141,55.791,224.75,100.0,93.0,29923.0,32510.0,16.0,60.0,66.0,1613258238.861,2021-02-13 23:17:18.861000061
48055541888,r9480604-n410412,1,24.25,0.0,0.0,0.0,32510.0,16.0,29.0,27.0,24.25,0.0,0.0,0.0,32510.0,16.0,29.0,27.0,24.4,0.0,0.0,0.0,32510.0,16.0,29.0,27.0,1614734669.012,2021-03-03 01:24:29.012000084
48069463482,r9988778-n303766,1,42.561,6.791,1.166,963.296,31546.704,16.0,34.55,31.778,54.512,29.95,5.291,1023.279,31486.721,16.0,38.278,35.895,103.72,44.0,10.0,1027.0,32510.0,16.0,41.0,39.0,1613323827.451,2021-02-14 17:30:27.450999975
48084685884,r4506251-n303766,0,153.448,56.463,37.897,6571.692,25938.308,16.0,63.25,67.873,152.92,55.311,37.169,6681.045,25828.955,16.0,64.698,69.465,257.47,94.0,65.0,6807.0,32510.0,16.0,73.0,80.0,1613505559.702,2021-02-16 19:59:19.701999903
48113840596,r5354770-n172107,0,26.131,0.0,0.0,3.258,32506.742,16.0,31.53,29.287,26.28,0.0,0.0,3.915,32506.085,16.0,32.688,30.296,26.43,0.0,0.0,4.0,32510.0,16.0,33.0,31.0,1614714954.598,2021-03-02 19:55:54.598000050
48113840596,r5354770-n172107,1,34.551,0.033,0.0,693.681,31816.319,16.0,32.324,30.558,36.543,0.005,0.0,845.373,31664.627,16.0,33.839,31.895,36.95,17.0,1.0,865.0,32510.0,16.0,35.0,33.0,1614714954.602,2021-03-02 19:55:54.601999998
48128508635,r2215649-n303766,0,39.616,0.834,0.1,1051.023,31458.977,16.0,36.806,33.898,39.616,0.834,0.1,1051.023,31458.977,16.0,36.806,33.898,228.12,100.0,19.0,9143.0,32510.0,16.0,44.0,37.0,1614367149.782,2021-02-26 19:19:09.782000065
48130599015,r9515777-n303766,0,120.746,61.798,33.864,4742.195,27767.805,16.0,56.107,57.619,120.814,61.938,33.956,4759.98,27750.02,16.0,56.184,57.714,224.63,87.0,57.0,4955.0,32510.0,16.0,58.0,61.0,1614610066.821,2021-03-01 14:47:46.821000099
48147335273,r1039410-n303509,0,26.764,0.0,0.0,0.002,32509.998,16.0,38.013,36.356,74.002,24.384,13.941,1358.397,31151.603,16.0,47.571,47.268,218.95,98.0,60.0,2289.0,32510.0,16.0,72.0,77.0,1613051941.973,2021-02-11 13:59:01.973000050
48155971653,r8024255-n410412,0,195.256,80.283,53.929,6548.441,25961.559,16.0,68.083,71.714,187.222,76.003,51.1,6613.286,25896.714,16.0,67.788,71.244,255.62,94.0,63.0,6799.0,32510.0,16.0,71.0,76.0,1613535210.849,2021-02-17 04:13:30.848999977
48160797102,r3974592-n303509,0,39.224,7.335,4.114,2268.871,30241.129,16.0,34.469,33.284,47.249,13.601,5.4,3446.699,29063.301,16.0,37.083,35.673,166.35,93.0,34.0,8044.0,32510.0,16.0,43.0,45.0,1613068953.941,2021-02-11 18:42:33.940999985
48160797102,r3974592-n303509,1,30.324,0.041,0.0,483.794,32026.206,16.0,30.371,28.833,38.035,0.0,0.0,1202.997,31307.003,16.0,32.219,30.198,38.44,23.0,1.0,1205.0,32510.0,16.0,33.0,31.0,1613068953.945,2021-02-11 18:42:33.944999933
48177249850,r4506251-n303766,0,36.574,0.246,0.011,712.216,31797.784,16.0,36.591,37.076,66.655,30.914,7.979,1057.458,31452.542,16.0,44.601,45.758,105.25,44.0,12.0,1093.0,32510.0,16.0,46.0,48.0,1613334551.43,2021-02-14 20:29:11.430000067
48196979228,r8275852-n410412,0,47.113,21.764,6.539,13827.7,18682.3,16.0,37.728,38.869,55.386,33.903,9.964,29637.152,2872.848,16.0,40.07,41.092,195.54,100.0,47.0,31855.0,32510.0,16.0,43.0,46.0,1614277647.654,2021-02-25 18:27:27.654000044
48229135701,r7462820-n303766,0,32.143,0.462,0.019,383.548,32126.452,16.0,36.341,34.552,63.492,37.668,9.682,1569.947,30940.053,16.0,45.063,43.945,125.46,60.0,18.0,1605.0,32510.0,16.0,47.0,48.0,1613401498.52,2021-02-15 15:04:58.519999981
48232555752,r810901-n303509,1,43.08,7.375,3.129,1253.444,31256.556,16.0,34.882,34.826,73.158,33.368,14.413,1536.457,30973.543,16.0,45.974,47.415,126.4,46.0,21.0,1539.0,32510.0,16.0,49.0,51.0,1613101994.003,2021-02-12 03:53:14.003000021
48244624918,r1051355-n200569,0,37.292,0.032,0.0,1018.007,31491.993,16.0,30.685,28.768,37.392,0.003,0.0,1037.488,31472.512,16.0,31.539,29.811,38.63,21.0,1.0,1039.0,32510.0,16.0,32.0,31.0,1614719066.222,2021-03-02 21:04:26.221999884
48297831424,r7141590-n303509,0,35.626,0.244,0.012,627.223,31882.777,16.0,40.519,39.271,65.946,27.484,7.154,1053.276,31456.724,16.0,46.799,44.74,113.04,45.0,13.0,1093.0,32510.0,16.0,50.0,48.0,1613352253.487,2021-02-15 01:24:13.486999989
48310528468,r8024255-n410412,1,25.47,0.0,0.0,0.0,32510.0,16.0,30.265,29.93,25.475,0.0,0.0,0.292,32509.708,16.0,30.239,29.953,25.58,0.0,0.0,4.0,32510.0,16.0,31.0,30.0,1614735079.616,2021-03-03 01:31:19.615999937
48323500878,r9480604-n303766,0,27.289,0.0,0.0,0.004,32509.996,16.0,31.0,28.938,27.485,0.0,0.0,3.886,32506.114,16.0,31.986,29.575,27.9,0.0,0.0,4.0,32510.0,16.0,33.0,30.0,1613218765.478,2021-02-13 12:19:25.477999926
48323500878,r9480604-n303766,1,25.79,0.0,0.0,0.004,32509.996,16.0,29.0,28.151,38.03,0.619,0.114,1196.274,31313.726,16.0,32.896,31.358,98.09,53.0,15.0,1387.0,32510.0,16.0,40.0,38.0,1613218765.481,2021-02-13 12:19:25.480999947
48381415536,r7269000-n948219,0,36.758,1.847,0.024,362.694,32147.306,16.0,39.6,38.0,36.758,1.847,0.024,362.694,32147.306,16.0,39.6,38.0,42.23,24.0,1.0,1197.0,32510.0,16.0,40.0,38.0,1613430177.305,2021-02-15 23:02:57.305000067
48401864014,r8473362-n410412,1,32.475,0.131,0.003,823.776,31686.224,16.0,34.157,32.508,68.315,28.435,11.131,1477.052,31032.948,16.0,49.103,48.877,118.64,45.0,18.0,1539.0,32510.0,16.0,53.0,53.0,1613355170.766,2021-02-15 02:12:50.766000032
48415554726,r9480604-n303766,0,32.599,0.416,0.016,434.346,32075.654,16.0,33.061,30.691,54.734,27.156,4.288,1059.328,31450.672,16.0,38.434,35.955,95.42,46.0,8.0,1093.0,32510.0,16.0,40.0,38.0,1613323603.565,2021-02-14 17:26:43.565000057
48444854843,r492024-n303766,0,209.298,88.673,59.628,6623.918,25886.082,16.0,68.46,73.332,209.425,88.85,59.763,6645.847,25864.153,16.0,68.404,73.299,250.29,94.0,64.0,6793.0,32510.0,16.0,71.0,77.0,1613434650.864,2021-02-16 00:17:30.864000082
48476399065,r8972851-n303509,0,188.059,76.768,51.511,6234.428,26275.572,16.0,65.836,70.194,187.206,76.203,51.155,6365.754,26144.246,16.0,66.23,70.597,251.53,94.0,64.0,6799.0,32510.0,16.0,73.0,78.0,1613591323.915,2021-02-17 19:48:43.914999962
48505548549,r216287-n303509,0,75.498,39.465,13.017,1145.81,31364.19,16.0,40.665,40.285,100.281,56.241,18.5,1649.625,30860.375,16.0,54.803,54.784,146.47,74.0,26.0,1975.0,32510.0,16.0,58.0,58.0,1612821771.811,2021-02-08 22:02:51.811000109
48569767813,r7753495-n303509,0,24.672,0.0,0.0,0.0,32510.0,16.0,30.0,29.0,24.672,0.0,0.0,0.0,32510.0,16.0,30.0,29.0,24.83,0.0,0.0,0.0,32510.0,16.0,30.0,29.0,1613565146.587,2021-02-17 12:32:26.586999893
48590634397,r1039410-n948219,0,51.182,28.691,7.152,30453.733,2056.267,16.0,42.76,42.077,48.208,23.696,5.883,31056.348,1453.652,16.0,42.497,41.522,98.79,100.0,10.0,31071.0,32510.0,16.0,44.0,43.0,1614311285.655,2021-02-26 03:48:05.654999971
48656484492,r1900814-n172107,1,44.379,23.202,1.713,30344.015,2165.985,16.0,37.69,34.976,43.969,21.227,1.512,31046.277,1463.723,16.0,37.673,35.119,74.1,100.0,6.0,31071.0,32510.0,16.0,38.0,36.0,1614734855.072,2021-03-03 01:27:35.072000027
48695751822,r2215649-n410412,0,27.642,0.0,0.0,0.0,32510.0,16.0,39.167,37.0,27.642,0.0,0.0,0.0,32510.0,16.0,39.167,37.0,27.71,0.0,0.0,0.0,32510.0,16.0,40.0,37.0,1613500827.67,2021-02-16 18:40:27.670000076
48704739764,r4605940-n303509,0,72.318,28.894,7.183,1411.069,31098.931,16.0,38.962,36.661,94.309,48.782,10.862,2204.643,30305.357,16.0,50.363,48.543,214.01,82.0,21.0,2971.0,32510.0,16.0,59.0,57.0,1613428404.247,2021-02-15 22:33:24.246999979
48729340767,r7141590-n948219,0,212.797,88.562,59.258,6629.825,25880.175,16.0,66.484,71.45,211.2,87.679,58.721,6655.52,25854.48,16.0,66.666,71.639,261.55,95.0,65.0,6807.0,32510.0,16.0,73.0,78.0,1613444536.443,2021-02-16 03:02:16.443000078
48801193633,r7419443-n948219,0,50.528,12.894,10.064,15428.285,17081.715,16.0,33.937,33.191,76.425,29.071,23.032,28612.433,3897.567,16.0,43.25,43.759,191.81,100.0,89.0,28799.0,32510.0,16.0,47.0,52.0,1613258107.619,2021-02-13 23:15:07.618999958
48819101397,r4683026-n948219,0,26.988,0.0,0.0,0.004,32509.996,16.0,38.0,38.096,26.988,0.0,0.0,0.0,32510.0,16.0,37.889,37.991,27.85,0.0,0.0,4.0,32510.0,16.0,40.0,40.0,1613626399.368,2021-02-18 05:33:19.368000031
48844693778,r414303-n303509,0,27.169,0.0,0.0,0.0,32510.0,16.0,35.0,35.0,27.169,0.0,0.0,0.0,32510.0,16.0,35.0,35.0,27.31,0.0,0.0,0.0,32510.0,16.0,35.0,35.0,1613429320.858,2021-02-15 22:48:40.858000040
48873019877,r7462820-n303766,0,34.566,0.282,0.019,1555.604,30954.396,16.0,32.3,30.178,75.235,36.91,18.58,2906.055,29603.945,16.0,42.977,43.112,134.28,47.0,25.0,4710.0,32510.0,16.0,45.0,46.0,1613192023.714,2021-02-13 04:53:43.713999987
48880462218,r8972851-n303509,0,186.611,76.315,51.191,6503.274,26006.726,16.0,66.05,70.337,186.81,75.978,51.019,6581.637,25928.363,16.0,66.515,70.813,252.41,94.0,64.0,6807.0,32510.0,16.0,72.0,78.0,1613597727.915,2021-02-17 21:35:27.914999962
48883240108,r5179276-n948219,0,208.416,89.882,60.333,6646.095,25863.905,16.0,68.611,75.793,206.546,89.067,59.831,6664.172,25845.828,16.0,68.432,75.558,246.12,95.0,66.0,6799.0,32510.0,16.0,72.0,80.0,1613583820.953,2021-02-17 17:43:40.953000069
48920012881,r4506251-n410412,0,37.919,1.851,0.419,538.207,31971.793,16.0,37.054,35.165,76.542,39.099,10.075,1064.473,31445.527,16.0,48.204,46.69,126.13,48.0,13.0,1093.0,32510.0,16.0,50.0,50.0,1613080799.272,2021-02-11 21:59:59.272000074
49002321368,r4144777-n303509,0,33.307,7.179,0.551,12911.307,19598.693,16.0,35.487,33.132,40.096,12.327,0.84,29480.971,3029.029,16.0,35.727,33.178,45.6,81.0,5.0,30709.0,32510.0,16.0,37.0,34.0,1614376263.258,2021-02-26 21:51:03.257999896
49079065879,r9648383-n303766,0,37.679,2.869,0.817,1126.653,31383.347,16.0,41.664,40.443,192.37,78.682,35.592,21747.824,10762.176,16.0,63.317,63.563,307.2,100.0,68.0,31945.0,32510.0,16.0,74.0,75.0,1614190623.305,2021-02-24 18:17:03.305000067
49180208657,r5179276-n948219,0,31.502,0.428,0.016,241.843,32268.157,16.0,37.806,37.037,53.538,26.317,4.171,1072.801,31437.199,16.0,42.534,41.155,95.82,47.0,9.0,1093.0,32510.0,16.0,44.0,44.0,1613401488.499,2021-02-15 15:04:48.499000072
49182652420,r8275852-n410412,0,37.899,0.862,0.592,10109.667,22400.333,16.0,38.026,39.251,48.168,6.174,4.972,17473.829,15036.171,16.0,40.146,41.46,195.76,100.0,90.0,26755.0,32510.0,16.0,46.0,54.0,1613439289.59,2021-02-16 01:34:49.589999914
49264098614,r7317916-n948219,0,185.61,79.28,53.258,6510.57,25999.43,16.0,67.691,74.949,184.676,78.534,52.783,6575.619,25934.381,16.0,67.727,74.952,241.1,94.0,63.0,6793.0,32510.0,16.0,72.0,80.0,1613480825.577,2021-02-16 13:07:05.576999903
49266544348,r8141575-n410412,0,137.451,49.961,15.873,2146.088,30363.912,16.0,66.566,66.052,135.766,50.145,15.93,2232.395,30277.605,16.0,64.483,63.91,227.86,100.0,33.0,2279.0,32510.0,16.0,72.0,71.0,1614640843.882,2021-03-01 23:20:43.881999969
49271866643,r8532701-n172107,0,42.139,25.543,0.921,30472.235,2037.765,16.0,35.996,34.999,41.8,23.071,0.835,31050.775,1459.225,16.0,35.999,34.895,56.23,100.0,6.0,31071.0,32510.0,16.0,36.0,35.0,1614726414.918,2021-03-02 23:06:54.917999983
49278677010,r4144777-n172107,0,29.08,0.0,0.0,0.0,32510.0,16.0,31.378,29.799,29.314,0.0,0.0,0.0,32510.0,16.0,32.223,30.529,29.92,0.0,0.0,0.0,32510.0,16.0,34.0,32.0,1614714427.203,2021-03-02 19:47:07.203000069
49282657763,r8275852-n410412,0,37.01,0.033,0.0,764.165,31745.835,16.0,37.536,38.245,38.489,0.093,0.035,1286.203,31223.797,16.0,37.984,38.652,186.55,98.0,61.0,28661.0,32510.0,16.0,41.0,46.0,1613049563.557,2021-02-11 13:19:23.556999922
49290180041,r2215649-n303766,0,25.294,0.0,0.0,0.0,32510.0,16.0,32.452,30.0,25.294,0.0,0.0,0.0,32510.0,16.0,32.452,30.0,25.43,0.0,0.0,0.0,32510.0,16.0,33.0,30.0,1614368392.701,2021-02-26 19:39:52.700999975
49298458275,r7269000-n948219,1,201.778,82.763,55.429,6527.874,25982.126,16.0,68.232,72.801,202.788,83.355,55.835,6576.295,25933.705,16.0,68.252,72.909,255.74,100.0,64.0,6801.0,32510.0,16.0,71.0,76.0,1613442007.306,2021-02-16 02:20:07.305999994
49299881674,r974863-n303766,0,26.701,0.0,0.0,0.0,32510.0,16.0,35.0,33.0,26.701,0.0,0.0,0.0,32510.0,16.0,35.0,33.0,26.95,0.0,0.0,0.0,32510.0,16.0,35.0,33.0,1614109298.992,2021-02-23 19:41:38.992000103
49307774335,r4506251-n410412,0,34.734,0.541,0.085,645.789,31864.211,16.0,37.153,35.697,44.288,1.107,0.182,1392.552,31117.448,16.0,39.9,37.914,80.32,62.0,10.0,1407.0,32510.0,16.0,42.0,40.0,1613064383.875,2021-02-11 17:26:23.875000000
49310196688,r9515777-n303766,0,26.583,0.0,0.0,1.304,32508.696,16.0,40.0,38.232,67.523,23.543,9.832,14282.887,18227.113,16.0,49.338,48.187,165.15,100.0,25.0,31477.0,32510.0,16.0,54.0,54.0,1614379033.297,2021-02-26 22:37:13.296999931
49350620721,r9170217-n948219,0,53.066,25.048,6.033,552.44,31957.56,16.0,36.991,35.427,70.743,41.145,10.72,983.473,31526.527,16.0,43.771,42.686,114.03,51.0,15.0,1027.0,32510.0,16.0,45.0,45.0,1613569074.895,2021-02-17 13:37:54.894999981
49362112769,r414303-n172107,1,43.977,27.324,4.193,30515.01,1994.99,16.0,36.771,35.513,42.744,23.64,3.591,31052.927,1457.073,16.0,35.892,34.505,68.76,35.0,5.0,31071.0,32510.0,16.0,37.0,36.0,1614746246.65,2021-03-03 04:37:26.650000095
49369210516,r8024255-n410412,0,201.889,83.649,56.151,6590.338,25919.662,16.0,68.2,71.974,198.958,82.325,55.292,6623.03,25886.97,16.0,68.07,71.796,255.27,95.0,64.0,6799.0,32510.0,16.0,71.0,76.0,1613536018.124,2021-02-17 04:26:58.124000072
49372230328,r8141575-n303766,1,58.031,13.506,2.959,1631.22,30878.78,16.0,39.88,37.361,86.068,26.654,5.841,3381.081,29128.919,16.0,50.201,47.414,209.56,69.0,14.0,3419.0,32510.0,16.0,54.0,50.0,1613791471.25,2021-02-20 03:24:31.250000000
49410606851,r5179276-n948219,0,209.566,90.992,61.123,6648.171,25861.829,16.0,68.26,74.367,205.798,89.026,59.802,6665.281,25844.719,16.0,68.147,74.15,246.37,95.0,65.0,6799.0,32510.0,16.0,72.0,79.0,1613438039.158,2021-02-16 01:13:59.157999992
49422139851,r8972851-n172107,1,40.836,24.625,1.819,30183.321,2326.679,16.0,33.34,32.901,40.668,22.814,1.632,31039.831,1470.169,16.0,33.658,33.372,50.64,100.0,6.0,31071.0,32510.0,16.0,36.0,36.0,1614725964.227,2021-03-02 22:59:24.226999998
49499879642,r7141590-n200569,0,25.713,0.0,0.0,0.0,32510.0,16.0,30.0,29.0,25.713,0.0,0.0,0.0,32510.0,16.0,30.0,29.0,25.75,0.0,0.0,0.0,32510.0,16.0,30.0,29.0,1614724845.298,2021-03-02 22:40:45.298000097
49499879642,r7141590-n200569,1,27.847,0.0,0.0,0.0,32510.0,16.0,30.0,29.0,27.847,0.0,0.0,0.0,32510.0,16.0,30.0,29.0,27.9,0.0,0.0,0.0,32510.0,16.0,30.0,29.0,1614724845.301,2021-03-02 22:40:45.301000118
49500758941,r4683026-n303509,1,26.405,0.0,0.0,0.0,32510.0,16.0,31.0,29.574,26.405,0.0,0.0,0.0,32510.0,16.0,31.0,29.574,26.56,0.0,0.0,0.0,32510.0,16.0,31.0,30.0,1613057085.793,2021-02-11 15:24:45.792999983
49512419329,r2684277-n303509,0,26.975,0.0,0.0,0.0,32510.0,16.0,31.0,32.0,26.975,0.0,0.0,0.0,32510.0,16.0,31.0,32.0,27.01,0.0,0.0,0.0,32510.0,16.0,31.0,32.0,1612874854.858,2021-02-09 12:47:34.858000040
49570879296,r6727430-n948219,0,197.519,82.824,55.604,6617.673,25892.327,16.0,66.726,71.517,197.684,82.883,55.702,6651.434,25858.566,16.0,67.014,71.85,248.79,94.0,65.0,6799.0,32510.0,16.0,71.0,77.0,1613601007.637,2021-02-17 22:30:07.637000084
49573743067,r1900814-n772143,0,44.482,22.392,3.575,28915.456,3594.544,16.0,37.364,33.82,45.78,21.874,3.376,31007.559,1502.441,16.0,39.68,36.295,101.39,40.0,5.0,31071.0,32510.0,16.0,41.0,38.0,1614721838.797,2021-03-02 21:50:38.796999931
49575096221,r810901-n172107,1,34.557,0.205,0.003,929.744,31580.256,16.0,30.696,29.823,34.557,0.205,0.003,929.744,31580.256,16.0,30.696,29.823,35.63,20.0,1.0,1039.0,32510.0,16.0,31.0,30.0,1614718743.985,2021-03-02 20:59:03.984999895
49599893927,r9480604-n410412,0,56.046,11.599,5.266,12622.231,19887.769,16.0,40.937,38.607,122.731,43.379,19.149,27693.836,4816.164,16.0,61.428,59.838,286.3,100.0,69.0,27713.0,32510.0,16.0,75.0,77.0,1613840604.775,2021-02-20 17:03:24.775000095
49605258750,r414303-n772143,1,26.992,0.0,0.0,0.0,32510.0,16.0,30.0,27.976,26.918,0.0,0.0,0.0,32510.0,16.0,29.826,27.754,27.27,0.0,0.0,0.0,32510.0,16.0,31.0,29.0,1614722473.749,2021-03-02 22:01:13.749000072
49626076562,r4683026-n948219,0,31.306,0.279,0.015,397.996,32112.004,16.0,37.773,37.551,48.969,24.917,4.904,1051.76,31458.24,16.0,42.361,42.769,81.06,38.0,8.0,1093.0,32510.0,16.0,44.0,45.0,1613722411.832,2021-02-19 08:13:31.832000017
49633186563,r9480604-n410412,0,26.977,0.0,0.0,0.0,32510.0,16.0,36.0,34.0,26.977,0.0,0.0,0.0,32510.0,16.0,36.0,34.0,27.01,0.0,0.0,0.0,32510.0,16.0,36.0,34.0,1614113518.924,2021-02-23 20:51:58.924000025
49745009380,r216287-n303509,0,107.645,62.242,20.428,1674.5,30835.5,16.0,56.341,56.429,106.592,63.875,20.972,1694.991,30815.009,16.0,54.444,54.589,147.25,74.0,26.0,1699.0,32510.0,16.0,58.0,58.0,1612828169.292,2021-02-08 23:49:29.292000055
49751767267,r2215649-n303766,0,25.287,0.0,0.0,0.0,32510.0,16.0,32.75,30.0,25.287,0.0,0.0,0.0,32510.0,16.0,32.75,30.0,25.33,0.0,0.0,0.0,32510.0,16.0,33.0,30.0,1614368399.297,2021-02-26 19:39:59.296999931
49777423790,r2215649-n410412,0,27.033,0.0,0.0,0.0,32510.0,16.0,37.0,34.115,40.799,12.671,0.029,1523.276,30986.724,16.0,41.622,38.489,51.05,46.0,1.0,1535.0,32510.0,16.0,45.0,41.0,1613923226.036,2021-02-21 16:00:26.036000013
49778845951,r492024-n410412,1,26.37,0.092,0.0,69.479,32440.521,16.0,30.0,29.026,26.37,0.092,0.0,69.479,32440.521,16.0,30.0,29.026,39.79,10.0,0.0,1205.0,32510.0,16.0,31.0,30.0,1614736398.231,2021-03-03 01:53:18.230999947
49812772277,r8275852-n410412,0,34.279,0.974,0.046,11737.208,20772.792,16.0,39.867,40.911,130.304,60.578,32.654,21816.526,10693.474,16.0,56.307,60.255,248.05,100.0,68.0,31079.0,32510.0,16.0,73.0,80.0,1614076033.348,2021-02-23 10:27:13.348000050
49816588936,r9480604-n303766,0,37.98,0.038,0.0,1182.708,31327.292,16.0,34.434,31.872,49.047,9.494,1.373,2346.816,30163.184,16.0,38.451,35.8,241.66,85.0,26.0,4433.0,32510.0,16.0,46.0,44.0,1613792875.451,2021-02-20 03:47:55.450999975
49833940786,r6707841-n200569,1,26.66,0.0,0.0,0.0,32510.0,16.0,29.0,29.001,26.66,0.0,0.0,0.0,32510.0,16.0,29.0,29.001,26.75,0.0,0.0,0.0,32510.0,16.0,29.0,30.0,1614716436.298,2021-03-02 20:20:36.298000097
49907667803,r4099734-n200569,1,26.188,0.085,0.001,74.519,32435.481,16.0,29.081,29.759,26.188,0.085,0.001,74.519,32435.481,16.0,29.081,29.759,37.73,21.0,1.0,1077.0,32510.0,16.0,30.0,30.0,1614719351.201,2021-03-02 21:09:11.200999975
49961073558,r7269000-n948219,1,201.207,83.15,55.725,6515.603,25994.397,16.0,65.746,70.336,200.844,83.192,55.716,6509.051,26000.949,16.0,65.717,70.301,256.77,95.0,64.0,6799.0,32510.0,16.0,73.0,78.0,1613443135.636,2021-02-16 02:38:55.635999918
49970964412,r8024255-n303766,0,60.894,27.022,11.121,30399.06,2110.94,16.0,41.212,39.53,59.701,23.399,9.635,31058.006,1451.994,16.0,44.412,42.61,145.05,100.0,20.0,31071.0,32510.0,16.0,47.0,46.0,1614194894.364,2021-02-24 19:28:14.364000082
50009007055,r6727430-n948219,0,42.153,27.532,1.729,20489.825,12020.175,16.0,35.166,33.221,57.891,85.464,6.691,26753.053,5756.947,16.0,40.231,38.487,122.07,100.0,29.0,27354.0,32510.0,16.0,43.0,42.0,1613606583.971,2021-02-18 00:03:03.970999956
50027235473,r7462820-n410412,0,209.237,87.655,58.854,6616.853,25893.147,16.0,67.88,74.099,207.769,86.907,58.402,6643.316,25866.684,16.0,67.883,74.051,252.17,100.0,66.0,6799.0,32510.0,16.0,71.0,77.0,1613583938.004,2021-02-17 17:45:38.003999949
50029524041,r4506251-n410412,0,42.127,5.119,1.588,1331.923,31178.077,16.0,38.579,37.014,96.864,54.018,17.52,2647.986,29862.014,16.0,53.435,52.608,156.66,68.0,23.0,2693.0,32510.0,16.0,56.0,56.0,1613087060.494,2021-02-11 23:44:20.493999958
50083512789,r368967-n172107,0,24.904,0.0,0.0,0.0,32510.0,16.0,30.0,28.28,24.905,0.0,0.0,0.0,32510.0,16.0,30.275,28.979,25.21,0.0,0.0,0.0,32510.0,16.0,32.0,30.0,1614715388.388,2021-03-02 20:03:08.388000011
50083512789,r368967-n172107,1,25.641,0.0,0.0,0.0,32510.0,16.0,28.769,30.0,25.603,0.0,0.0,0.0,32510.0,16.0,28.689,30.155,25.99,0.0,0.0,0.0,32510.0,16.0,30.0,32.0,1614715388.391,2021-03-02 20:03:08.391000032
50114425633,r44132-n303766,0,38.336,3.86,1.225,1177.725,31332.275,16.0,33.747,32.932,66.741,33.159,11.267,1567.156,30942.844,16.0,41.94,42.137,113.56,44.0,16.0,1605.0,32510.0,16.0,44.0,45.0,1613329257.307,2021-02-14 19:00:57.306999922
50116672580,r216287-n303509,0,49.647,18.13,2.899,14495.542,18014.458,16.0,35.824,34.584,55.596,79.839,3.669,18665.523,13844.477,16.0,39.757,38.845,264.33,100.0,76.0,19253.0,32510.0,16.0,47.0,51.0,1614709676.596,2021-03-02 18:27:56.595999956
50116672580,r216287-n303509,1,46.676,14.917,2.924,14506.605,18003.395,16.0,34.249,32.561,50.931,38.785,3.675,18678.241,13831.759,16.0,36.872,35.098,258.56,100.0,77.0,19265.0,32510.0,16.0,44.0,48.0,1614709676.604,2021-03-02 18:27:56.604000092
50116672580,r4683026-n303509,0,50.438,9.447,2.886,14382.775,18127.225,16.0,35.799,33.358,54.652,21.68,3.684,18652.406,13857.594,16.0,39.021,36.674,276.39,100.0,80.0,19253.0,32510.0,16.0,47.0,49.0,1614709676.594,2021-03-02 18:27:56.594000101
50116672580,r4683026-n303509,1,46.925,15.881,2.852,14395.538,18114.462,16.0,35.007,33.031,51.317,73.149,3.654,18664.714,13845.286,16.0,37.666,35.754,267.52,100.0,78.0,19267.0,32510.0,16.0,45.0,47.0,1614709676.597,2021-03-02 18:27:56.596999884
50116672580,r7269000-n303509,0,51.153,26.071,2.887,14506.226,18003.774,16.0,37.178,34.471,56.331,77.026,3.674,18655.37,13854.63,16.0,40.75,38.234,259.69,100.0,73.0,19255.0,32510.0,16.0,50.0,52.0,1614709676.592,2021-03-02 18:27:56.592000008
50116672580,r7269000-n303509,1,49.821,20.917,2.877,14597.691,17912.309,16.0,35.592,33.621,54.839,80.223,3.664,18768.453,13741.547,16.0,38.496,36.285,261.04,100.0,74.0,19371.0,32510.0,16.0,46.0,47.0,1614709676.598,2021-03-02 18:27:56.598000050
50116672580,r810901-n303509,0,48.127,15.556,2.855,14572.886,17937.114,16.0,36.645,35.478,53.842,77.13,3.633,18705.437,13804.563,16.0,40.49,39.719,244.25,100.0,68.0,19335.0,32510.0,16.0,48.0,50.0,1614709676.604,2021-03-02 18:27:56.604000092
50116672580,r810901-n303509,1,47.981,16.959,2.857,14513.579,17996.421,16.0,35.842,36.105,53.258,76.015,3.646,18639.805,13870.195,16.0,39.636,40.165,267.19,100.0,78.0,19267.0,32510.0,16.0,48.0,55.0,1614709676.607,2021-03-02 18:27:56.607000113
50196721169,r7141590-n303509,0,194.341,77.313,51.54,6469.881,26040.119,16.0,67.232,68.628,193.498,76.829,51.263,6553.478,25956.522,16.0,67.393,68.823,266.64,94.0,64.0,6793.0,32510.0,16.0,74.0,76.0,1613483514.868,2021-02-16 13:51:54.868000031
50381878867,r2215649-n410412,0,208.814,88.939,59.609,6492.177,26017.823,16.0,65.587,67.52,209.752,89.301,59.864,6531.479,25978.521,16.0,65.956,67.973,256.65,95.0,65.0,6793.0,32510.0,16.0,74.0,76.0,1613434883.855,2021-02-16 00:21:23.855000019
50386957047,r492024-n303766,0,161.003,64.267,42.384,4932.503,27577.497,16.0,64.563,68.013,161.003,64.267,42.384,4932.503,27577.497,16.0,64.563,68.013,247.87,100.0,64.0,6807.0,32510.0,16.0,70.0,75.0,1613443430.604,2021-02-16 02:43:50.604000092
50411071191,r9480604-n410412,1,24.248,0.0,0.0,0.0,32510.0,16.0,29.0,27.0,24.248,0.0,0.0,0.0,32510.0,16.0,29.0,27.0,24.4,0.0,0.0,0.0,32510.0,16.0,29.0,27.0,1614735030.186,2021-03-03 01:30:30.186000109
50418897511,r1039410-n948219,0,43.919,17.443,10.095,9944.546,22565.454,16.0,34.076,34.3,70.952,39.766,23.046,31024.502,1485.498,16.0,45.993,46.574,236.38,100.0,100.0,31275.0,32510.0,16.0,52.0,56.0,1614344829.096,2021-02-26 13:07:09.095999956
50418897511,r1039410-n948219,1,43.263,17.631,9.884,10006.622,22503.378,16.0,33.764,31.377,71.445,45.831,24.56,28072.115,4437.885,16.0,43.899,43.077,225.11,100.0,100.0,31955.0,32510.0,16.0,48.0,52.0,1614344829.099,2021-02-26 13:07:09.098999977
50504234936,r7753495-n948219,0,46.757,8.154,4.036,30639.826,1870.174,16.0,34.096,31.769,38.901,2.979,1.234,31061.811,1448.189,16.0,32.508,30.238,141.68,74.0,37.0,31071.0,32510.0,16.0,36.0,36.0,1613572126.954,2021-02-17 14:28:46.953999996
50515454684,r9515777-n303766,1,35.647,0.033,0.0,952.77,31557.23,16.0,32.602,29.748,36.791,0.171,0.112,1095.898,31414.102,16.0,33.485,30.99,97.35,51.0,40.0,5003.0,32510.0,16.0,38.0,38.0,1614724881.462,2021-03-02 22:41:21.461999893
50607942241,r8275852-n410412,0,27.536,0.0,0.0,0.433,32509.567,16.0,30.0,31.341,27.535,0.0,0.0,0.665,32509.335,16.0,30.0,31.346,27.77,0.0,0.0,4.0,32510.0,16.0,30.0,32.0,1613922868.106,2021-02-21 15:54:28.105999947
50620608789,r8024255-n303766,0,27.049,0.0,0.0,0.0,32510.0,16.0,33.0,30.887,34.868,0.02,0.008,1140.013,31369.987,16.0,35.044,32.605,73.43,7.0,3.0,1587.0,32510.0,16.0,37.0,34.0,1614738353.812,2021-03-03 02:25:53.812000036
50660270320,r7141590-n303509,0,175.109,66.461,44.238,6424.867,26085.133,16.0,67.542,68.588,174.083,66.12,44.081,6560.657,25949.343,16.0,67.68,68.746,266.19,93.0,63.0,6799.0,32510.0,16.0,72.0,74.0,1613481201.554,2021-02-16 13:13:21.553999901
50674746715,r974863-n410412,0,217.119,91.162,60.94,6640.233,25869.767,16.0,68.525,73.803,215.369,90.262,60.397,6658.051,25851.949,16.0,68.417,73.631,260.87,96.0,65.0,6793.0,32510.0,16.0,72.0,77.0,1613446741.311,2021-02-16 03:39:01.311000109
50718528165,r204106-n172107,0,25.983,0.0,0.0,0.0,32510.0,16.0,29.955,29.893,25.951,0.0,0.0,0.0,32510.0,16.0,29.298,29.334,26.28,0.0,0.0,0.0,32510.0,16.0,31.0,31.0,1614715513.724,2021-03-02 20:05:13.723999977
50718528165,r204106-n172107,1,25.705,0.0,0.0,0.0,32510.0,16.0,29.0,27.074,25.632,0.0,0.0,0.0,32510.0,16.0,28.721,27.072,25.94,0.0,0.0,0.0,32510.0,16.0,30.0,28.0,1614715513.729,2021-03-02 20:05:13.729000092
50773212642,r7462820-n410412,0,194.522,79.014,53.016,6493.449,26016.551,16.0,67.859,73.282,192.756,78.195,52.482,6553.355,25956.645,16.0,67.749,73.151,252.95,93.0,63.0,6793.0,32510.0,16.0,72.0,78.0,1613577998.677,2021-02-17 16:06:38.677000046
50799135517,r974863-n410412,0,212.355,89.673,59.973,6645.934,25864.066,16.0,63.958,68.37,211.478,89.144,59.685,6665.139,25844.861,16.0,64.539,69.036,259.87,96.0,67.0,6799.0,32510.0,16.0,73.0,78.0,1613452433.986,2021-02-16 05:13:53.986000061
50929412580,r7269000-n948219,0,205.197,83.168,55.316,6544.319,25965.681,16.0,68.442,71.517,206.528,83.843,55.776,6590.822,25919.178,16.0,68.392,71.504,263.51,95.0,64.0,6801.0,32510.0,16.0,72.0,75.0,1613442816.773,2021-02-16 02:33:36.773000002
50938898601,r8024255-n410412,0,24.805,0.0,0.0,0.0,32510.0,16.0,33.519,31.906,27.824,0.972,0.646,707.634,31802.366,16.0,34.467,32.626,264.0,100.0,91.0,31617.0,32510.0,16.0,52.0,56.0,1613487899.653,2021-02-16 15:04:59.653000116
50942880765,r8024255-n303766,0,34.669,0.437,0.016,572.71,31937.29,16.0,34.99,32.235,55.917,33.992,5.361,1075.705,31434.295,16.0,40.298,37.728,100.58,45.0,8.0,1093.0,32510.0,16.0,41.0,40.0,1614465228.6,2021-02-27 22:33:48.599999905
50962167739,r7462820-n410412,0,208.337,87.353,58.655,6611.937,25898.063,16.0,68.238,74.449,207.037,86.726,58.285,6639.783,25870.217,16.0,68.16,74.338,253.28,100.0,65.0,6799.0,32510.0,16.0,71.0,77.0,1613588387.88,2021-02-17 18:59:47.880000114
51015588539,r3974592-n172107,1,47.435,25.892,7.197,30194.032,2315.968,16.0,29.43,27.746,46.538,26.489,7.394,31045.398,1464.602,16.0,29.617,27.995,90.96,100.0,12.0,31071.0,32510.0,16.0,31.0,30.0,1614725357.845,2021-03-02 22:49:17.845000029
51077501850,r216287-n303509,1,54.817,29.236,9.687,1085.872,31424.128,16.0,35.887,34.846,54.817,29.236,9.687,1085.872,31424.128,16.0,35.887,34.846,70.31,42.0,15.0,1327.0,32510.0,16.0,37.0,36.0,1612829914.662,2021-02-09 00:18:34.661999941
51080954480,r7462820-n410412,0,209.511,87.839,58.923,6619.388,25890.612,16.0,68.211,74.444,207.162,86.661,58.193,6648.287,25861.713,16.0,68.069,74.245,254.79,95.0,65.0,6799.0,32510.0,16.0,71.0,77.0,1613588749.464,2021-02-17 19:05:49.463999987
51114862577,r1039410-n303509,0,36.115,0.444,0.011,1125.743,31384.257,16.0,40.487,37.987,58.148,27.465,6.648,1584.527,30925.473,16.0,44.748,43.101,126.34,50.0,14.0,1605.0,32510.0,16.0,47.0,46.0,1613327497.262,2021-02-14 18:31:37.262000084
51131212052,r9648383-n410412,0,26.136,0.0,0.0,1.6,32508.4,16.0,32.059,31.459,26.118,0.0,0.0,3.992,32506.008,16.0,32.181,31.933,26.72,0.0,0.0,4.0,32510.0,16.0,34.0,34.0,1614259836.518,2021-02-25 13:30:36.517999887
51161304739,r7753495-n948219,0,25.569,0.0,0.0,3.618,32506.382,16.0,29.362,27.416,25.452,0.0,0.0,3.851,32506.149,16.0,28.517,26.569,25.83,0.0,0.0,4.0,32510.0,16.0,30.0,29.0,1613251664.369,2021-02-13 21:27:44.368999958
51227622473,r7419443-n772143,0,25.412,0.0,0.0,0.0,32510.0,16.0,29.0,27.103,25.412,0.0,0.0,0.0,32510.0,16.0,29.0,27.103,25.47,0.0,0.0,0.0,32510.0,16.0,29.0,28.0,1614725076.264,2021-03-02 22:44:36.263999939
51227622473,r7419443-n772143,1,26.108,0.0,0.0,0.0,32510.0,16.0,28.0,26.0,26.108,0.0,0.0,0.0,32510.0,16.0,28.0,26.0,26.18,0.0,0.0,0.0,32510.0,16.0,28.0,26.0,1614725076.273,2021-03-02 22:44:36.273000002
51241470230,r8972851-n948219,0,216.98,91.088,60.846,6645.333,25864.667,16.0,68.102,72.292,215.641,90.35,60.401,6664.84,25845.16,16.0,68.041,72.209,258.82,96.0,66.0,6799.0,32510.0,16.0,70.0,75.0,1613522763.015,2021-02-17 00:46:03.015000105
51247181629,r9852763-n200569,0,38.92,0.031,0.0,1003.797,31506.203,16.0,34.827,32.194,39.512,0.002,0.0,1036.716,31473.284,16.0,35.857,33.126,39.91,21.0,1.0,1039.0,32510.0,16.0,37.0,34.0,1614719062.149,2021-03-02 21:04:22.148999929
51255315962,r8972851-n303509,0,191.364,77.958,52.285,6460.042,26049.958,16.0,67.149,71.56,190.538,77.573,52.069,6542.112,25967.888,16.0,67.3,71.729,250.51,95.0,64.0,6793.0,32510.0,16.0,72.0,77.0,1613601141.898,2021-02-17 22:32:21.898000002
51321519115,r7462820-n303766,0,203.705,87.472,58.84,6432.976,26077.024,16.0,64.838,69.921,202.67,86.708,58.377,6489.393,26020.607,16.0,65.229,70.326,251.23,95.0,66.0,6799.0,32510.0,16.0,74.0,80.0,1613649975.838,2021-02-18 12:06:15.838000059
51364348842,r7419443-n948219,0,27.997,0.0,0.0,0.0,32510.0,16.0,35.0,33.922,37.569,0.026,0.0,1051.264,31458.736,16.0,37.441,35.82,43.63,23.0,1.0,1175.0,32510.0,16.0,39.0,37.0,1613744607.662,2021-02-19 14:23:27.661999941
51371729758,r2215649-n303766,0,25.235,0.0,0.0,0.0,32510.0,16.0,32.0,29.5,25.235,0.0,0.0,0.0,32510.0,16.0,32.0,29.5,25.24,0.0,0.0,0.0,32510.0,16.0,32.0,30.0,1614369540.187,2021-02-26 19:59:00.187000036
51373058883,r4605940-n303509,1,51.565,24.537,8.982,1301.752,31208.248,16.0,34.795,35.307,51.565,24.537,8.982,1301.752,31208.248,16.0,34.795,35.307,72.75,44.0,17.0,1331.0,32510.0,16.0,36.0,37.0,1612829684.619,2021-02-09 00:14:44.618999958
51394450647,r974863-n303766,0,141.837,56.529,23.347,23501.7,9008.3,16.0,59.697,57.57,149.891,59.314,24.822,30562.602,1947.398,16.0,64.704,62.804,284.68,100.0,72.0,30589.0,32510.0,16.0,76.0,76.0,1614290145.577,2021-02-25 21:55:45.576999903
51412688000,r9515777-n303766,0,36.013,1.25,0.0,661.612,31848.388,16.0,39.788,37.975,36.013,1.25,0.0,661.612,31848.388,16.0,39.788,37.975,39.99,8.0,0.0,1129.0,32510.0,16.0,40.0,38.0,1614608361.473,2021-03-01 14:19:21.473000050
51413653096,r4683026-n948219,0,57.256,21.965,12.788,30000.785,2509.215,16.0,44.385,45.824,50.547,14.088,7.744,31021.656,1488.344,16.0,41.862,42.582,122.96,78.0,48.0,31071.0,32510.0,16.0,47.0,53.0,1614207026.166,2021-02-24 22:50:26.165999889
51450167973,r8972851-n303509,0,198.089,81.345,54.559,6556.787,25953.213,16.0,68.066,72.755,197.111,80.688,54.157,6609.48,25900.52,16.0,67.977,72.658,250.35,94.0,64.0,6807.0,32510.0,16.0,71.0,76.0,1613593706.265,2021-02-17 20:28:26.265000105
51472095088,r2215649-n410412,0,45.519,14.391,7.557,27235.743,5274.257,16.0,36.466,34.287,51.506,17.103,9.071,30995.003,1514.997,16.0,40.328,38.095,126.68,100.0,34.0,31071.0,32510.0,16.0,45.0,45.0,1614092636.634,2021-02-23 15:03:56.634000063
51503934125,r8024255-n303766,0,45.35,7.805,6.318,13850.755,18659.245,16.0,35.574,33.648,60.887,16.847,13.782,22780.844,9729.156,16.0,40.159,39.066,195.78,100.0,93.0,30829.0,32510.0,16.0,48.0,54.0,1613363767.772,2021-02-15 04:36:07.772000074
51505444434,r8275852-n410412,0,32.721,0.815,0.0,325.63,32184.37,16.0,31.109,32.017,32.721,0.815,0.0,325.63,32184.37,16.0,31.109,32.017,37.9,8.0,0.0,991.0,32510.0,16.0,32.0,33.0,1614066252.007,2021-02-23 07:44:12.006999969
51522343752,r492024-n303766,0,210.611,89.46,60.172,6573.723,25936.277,16.0,67.96,72.613,206.888,87.549,58.894,6604.188,25905.812,16.0,67.749,72.339,250.37,95.0,64.0,6799.0,32510.0,16.0,72.0,77.0,1613430441.12,2021-02-15 23:07:21.119999886
51540616413,r2215649-n303766,0,26.266,0.0,0.0,1.692,32508.308,16.0,39.769,37.462,26.266,0.0,0.0,1.692,32508.308,16.0,39.769,37.462,26.42,0.0,0.0,4.0,32510.0,16.0,40.0,38.0,1613954834.595,2021-02-22 00:47:14.595000029
51554711444,r7419443-n948219,0,50.308,44.302,0.636,310.206,32199.794,16.0,35.764,33.651,51.719,51.781,0.766,371.95,32138.05,16.0,37.531,35.534,82.96,97.0,1.0,736.0,32510.0,16.0,39.0,37.0,1613644351.25,2021-02-18 10:32:31.250000000
51569682292,r9515777-n303766,0,26.736,0.0,0.0,0.0,32510.0,16.0,39.958,38.0,26.736,0.0,0.0,0.0,32510.0,16.0,39.958,38.0,27.03,0.0,0.0,0.0,32510.0,16.0,40.0,38.0,1614608289.415,2021-03-01 14:18:09.414999962
51582466025,r9480604-n303766,0,49.584,15.293,3.394,1111.107,31398.893,16.0,38.961,36.391,67.93,36.524,9.217,1137.495,31372.505,16.0,43.869,42.021,107.91,50.0,13.0,1159.0,32510.0,16.0,46.0,45.0,1613332602.181,2021-02-14 19:56:42.180999994
51616852903,r974863-n410412,0,217.087,91.265,60.965,6648.311,25861.689,16.0,68.521,73.731,215.427,90.406,60.455,6666.129,25843.871,16.0,68.424,73.593,261.0,96.0,66.0,6801.0,32510.0,16.0,71.0,77.0,1613446391.196,2021-02-16 03:33:11.196000099
51625124858,r2215649-n303766,0,25.216,0.0,0.0,0.0,32510.0,16.0,32.0,30.0,25.216,0.0,0.0,0.0,32510.0,16.0,32.0,30.0,25.25,0.0,0.0,0.0,32510.0,16.0,32.0,30.0,1614369046.646,2021-02-26 19:50:46.645999908
51637561298,r8024255-n410412,0,193.257,79.447,53.319,6648.11,25861.89,16.0,67.967,71.503,189.517,77.411,52.003,6684.346,25825.654,16.0,67.894,71.375,254.31,100.0,64.0,6801.0,32510.0,16.0,72.0,76.0,1613533239.253,2021-02-17 03:40:39.253000021
51662710073,r7419443-n948219,0,26.907,0.0,0.0,3.451,32506.549,16.0,30.0,28.007,68.142,98.483,9.744,17536.969,14973.031,16.0,43.654,42.602,196.93,100.0,67.0,17645.0,32510.0,16.0,47.0,48.0,1613961331.598,2021-02-22 02:35:31.598000050
51662710073,r7419443-n948219,1,25.802,0.0,0.0,3.451,32506.549,16.0,29.0,27.0,66.14,98.5,8.897,19701.503,12808.497,16.0,41.384,41.069,197.6,100.0,68.0,19817.0,32510.0,16.0,45.0,50.0,1613961331.601,2021-02-22 02:35:31.601000071
51664482656,r7462820-n303766,0,35.445,0.462,0.02,994.007,31515.993,16.0,33.392,31.252,60.339,34.176,7.833,2527.352,29982.648,16.0,40.723,39.301,125.94,55.0,17.0,2629.0,32510.0,16.0,42.0,42.0,1613329527.037,2021-02-14 19:05:27.036999941
51692510820,r9852763-n172107,0,46.031,27.073,7.513,29046.295,3463.705,16.0,35.252,35.935,46.268,26.759,7.328,31011.433,1498.567,16.0,37.081,37.782,89.64,41.0,11.0,31071.0,32510.0,16.0,39.0,40.0,1614715744.636,2021-03-02 20:09:04.635999918
51700957432,r8972851-n948219,0,124.538,57.31,40.32,18080.22,14429.78,16.0,56.067,58.986,138.674,69.326,48.892,24819.04,7690.96,16.0,65.598,68.839,222.85,100.0,85.0,24845.0,32510.0,16.0,72.0,80.0,1613393675.137,2021-02-15 12:54:35.137000084
51716401139,r7269000-n303509,0,29.733,0.0,0.0,0.0,32510.0,16.0,32.0,29.988,29.908,0.0,0.0,0.0,32510.0,16.0,32.725,30.444,30.21,0.0,0.0,0.0,32510.0,16.0,33.0,31.0,1614714427.219,2021-03-02 19:47:07.219000101
51726647087,r6727430-n303509,0,208.767,89.459,60.147,6651.221,25858.779,16.0,68.29,73.273,208.949,89.62,60.285,6669.971,25840.029,16.0,68.333,73.324,246.92,100.0,64.0,6807.0,32510.0,16.0,71.0,77.0,1613439880.42,2021-02-16 01:44:40.420000076
51738686153,r1900814-n772143,0,46.332,25.475,3.793,30354.786,2155.214,16.0,38.966,35.622,45.443,23.571,3.457,31051.034,1458.966,16.0,38.83,35.246,101.75,100.0,6.0,31071.0,32510.0,16.0,40.0,36.0,1614732066.764,2021-03-03 00:41:06.763999939
51750957558,r7141590-n948219,0,214.32,88.89,59.457,6633.155,25876.845,16.0,68.452,73.686,214.564,89.112,59.613,6654.261,25855.739,16.0,68.443,73.681,262.01,95.0,65.0,6807.0,32510.0,16.0,72.0,78.0,1613431218.424,2021-02-15 23:20:18.424000025
51779082953,r8275852-n303766,0,26.034,0.037,0.0,32.231,32477.769,16.0,30.669,29.767,119.981,69.991,26.797,8164.746,24345.254,16.0,58.165,58.12,238.75,100.0,52.0,8235.0,32510.0,16.0,67.0,68.0,1613464943.681,2021-02-16 08:42:23.680999994
51779082953,r8275852-n303766,1,28.517,0.046,0.001,121.973,32388.027,16.0,30.643,27.064,132.001,81.367,31.098,8350.174,24159.826,16.0,57.39,58.28,256.14,100.0,53.0,8395.0,32510.0,16.0,66.0,68.0,1613464943.684,2021-02-16 08:42:23.684000015
51797859798,r414303-n303509,0,70.093,29.639,4.389,2842.37,29667.63,16.0,39.377,39.04,128.058,64.491,9.631,6233.534,26276.466,16.0,59.954,60.994,259.23,100.0,24.0,9875.0,32510.0,16.0,63.0,66.0,1613334090.685,2021-02-14 20:21:30.684999943
51836109155,r8972851-n303509,0,194.778,79.3,53.181,6508.039,26001.961,16.0,67.767,72.394,193.719,78.891,52.949,6577.286,25932.714,16.0,67.8,72.419,249.95,95.0,65.0,6807.0,32510.0,16.0,72.0,77.0,1613592130.474,2021-02-17 20:02:10.473999977
51844191179,r9852763-n200569,1,38.22,0.157,0.001,920.846,31589.154,16.0,31.799,30.601,38.22,0.157,0.001,920.846,31589.154,16.0,31.799,30.601,39.31,21.0,1.0,1039.0,32510.0,16.0,32.0,31.0,1614718744.003,2021-03-02 20:59:04.003000021
51888876585,r2684277-n948219,0,37.76,4.574,0.472,833.416,31676.584,16.0,36.513,34.927,63.973,33.855,7.003,1091.447,31418.553,16.0,43.635,42.202,101.31,47.0,10.0,1159.0,32510.0,16.0,47.0,46.0,1614036628.659,2021-02-22 23:30:28.658999920
51918166157,r1039410-n948219,0,27.186,0.0,0.0,0.802,32509.198,16.0,38.311,38.006,27.186,0.0,0.0,0.802,32509.198,16.0,38.311,38.006,27.52,0.0,0.0,4.0,32510.0,16.0,39.0,39.0,1614339440.827,2021-02-26 11:37:20.826999903
51918465144,r492024-n410412,1,72.715,31.095,4.172,1280.476,31229.524,16.0,45.385,42.611,69.673,28.249,3.773,1304.943,31205.057,16.0,43.735,41.021,128.84,88.0,12.0,1315.0,32510.0,16.0,47.0,44.0,1613863336.96,2021-02-20 23:22:16.960000038
51938616464,r216287-n303509,0,27.877,0.0,0.0,2.953,32507.047,16.0,30.0,29.462,27.877,0.0,0.0,2.953,32507.047,16.0,30.0,29.462,28.07,0.0,0.0,4.0,32510.0,16.0,30.0,30.0,1613099315.972,2021-02-12 03:08:35.971999884
51961097258,r8972851-n948219,0,212.867,89.166,59.804,6547.381,25962.619,16.0,66.088,69.839,211.226,88.226,59.21,6580.747,25929.253,16.0,66.369,70.163,261.45,95.0,69.0,6793.0,32510.0,16.0,73.0,78.0,1613521347.644,2021-02-17 00:22:27.644000053
51987688145,r9515777-n303766,1,36.317,0.031,0.0,1014.123,31495.877,16.0,32.906,29.955,36.563,0.002,0.0,1037.291,31472.709,16.0,33.152,30.54,36.89,21.0,1.0,1039.0,32510.0,16.0,34.0,32.0,1614719062.173,2021-03-02 21:04:22.173000097
52020542720,r7141590-n303509,0,57.472,17.736,10.694,2941.79,29568.21,16.0,41.986,41.464,54.572,12.316,7.433,7277.956,25232.044,16.0,44.068,42.991,227.09,82.0,50.0,12133.0,32510.0,16.0,61.0,61.0,1613466320.673,2021-02-16 09:05:20.673000097
52037233315,r9170217-n303509,0,65.643,16.09,4.658,1168.713,31341.287,16.0,46.538,42.227,79.283,21.124,6.114,1558.817,30951.183,16.0,52.213,47.589,220.43,100.0,31.0,1835.0,32510.0,16.0,59.0,54.0,1613047767.582,2021-02-11 12:49:27.582000017
52071457503,r9170217-n303509,1,207.921,87.522,58.775,6580.51,25929.49,16.0,60.985,64.926,208.433,87.851,59.014,6609.294,25900.706,16.0,60.88,64.82,257.65,94.0,65.0,6793.0,32510.0,16.0,68.0,72.0,1613436749.733,2021-02-16 00:52:29.733000040
52084033002,r7753495-n948219,0,202.775,84.101,56.513,6641.121,25868.879,16.0,67.445,70.354,203.941,84.827,57.042,6666.766,25843.234,16.0,67.651,70.599,254.0,95.0,66.0,6799.0,32510.0,16.0,71.0,74.0,1613567127.895,2021-02-17 13:05:27.894999981
52126320030,r44132-n303766,0,36.326,4.633,1.464,451.745,32058.255,16.0,38.469,37.551,36.326,4.633,1.464,451.745,32058.255,16.0,38.469,37.551,232.13,96.0,46.0,5673.0,32510.0,16.0,44.0,45.0,1613473177.174,2021-02-16 10:59:37.174000025
52186132222,r1039410-n303509,0,43.296,8.521,2.607,1207.829,31302.171,16.0,40.6,38.614,89.257,53.929,16.981,2644.253,29865.747,16.0,50.319,49.757,144.93,70.0,23.0,2693.0,32510.0,16.0,53.0,53.0,1613089427.087,2021-02-12 00:23:47.086999893
52214559557,r9480604-n410412,0,26.175,0.0,0.0,0.0,32510.0,16.0,31.0,29.291,26.183,0.0,0.0,0.295,32509.705,16.0,31.0,29.333,26.31,0.0,0.0,4.0,32510.0,16.0,31.0,30.0,1614735079.575,2021-03-03 01:31:19.575000048
52296935371,r8972851-n948219,0,38.46,1.444,0.015,1110.865,31399.135,16.0,33.82,32.0,38.46,1.444,0.015,1110.865,31399.135,16.0,33.82,32.0,40.19,34.0,2.0,1737.0,32510.0,16.0,34.0,32.0,1613184298.372,2021-02-13 02:44:58.371999979
52357128582,r9515777-n410412,0,24.585,0.0,0.0,0.0,32510.0,16.0,33.0,31.0,24.59,0.0,0.0,0.0,32510.0,16.0,33.211,31.03,24.89,0.0,0.0,0.0,32510.0,16.0,34.0,32.0,1614639164.286,2021-03-01 22:52:44.286000013
52376691164,r9515777-n303766,0,36.832,0.033,0.0,1002.453,31507.547,16.0,34.143,31.851,37.308,0.003,0.0,1036.62,31473.38,16.0,34.977,32.661,37.66,21.0,1.0,1039.0,32510.0,16.0,36.0,34.0,1614719062.131,2021-03-02 21:04:22.131000042
52399270154,r492024-n303766,0,25.031,0.0,0.0,0.0,32510.0,16.0,34.0,32.0,25.031,0.0,0.0,0.0,32510.0,16.0,34.0,32.0,25.13,0.0,0.0,0.0,32510.0,16.0,34.0,32.0,1613357701.325,2021-02-15 02:55:01.325000048
52399270154,r492024-n303766,1,25.54,0.0,0.0,0.0,32510.0,16.0,31.069,31.0,25.54,0.0,0.0,0.0,32510.0,16.0,31.069,31.0,25.61,0.0,0.0,0.0,32510.0,16.0,32.0,31.0,1613357701.328,2021-02-15 02:55:01.328000069
52486985708,r2684277-n948219,1,155.161,67.955,45.275,2107.812,30402.188,16.0,48.22,52.482,205.609,92.517,62.033,2825.318,29684.682,16.0,59.606,66.498,257.4,99.0,68.0,4279.0,32510.0,16.0,71.0,79.0,1614000532.294,2021-02-22 13:28:52.293999910
52534038331,r2684277-n172107,0,26.635,0.0,0.0,0.0,32510.0,16.0,30.986,30.997,26.295,0.0,0.0,0.0,32510.0,16.0,28.816,28.908,26.82,0.0,0.0,0.0,32510.0,16.0,31.0,31.0,1614717433.649,2021-03-02 20:37:13.648999929
52534038331,r2684277-n172107,1,25.659,0.0,0.0,0.0,32510.0,16.0,29.0,29.521,25.306,0.0,0.0,0.0,32510.0,16.0,27.251,27.527,25.78,0.0,0.0,0.0,32510.0,16.0,29.0,30.0,1614717433.657,2021-03-02 20:37:13.657000065
52536025725,r2684277-n303509,0,55.39,13.444,8.189,27940.922,4569.078,16.0,37.058,37.547,46.142,6.947,3.754,29930.398,2579.602,16.0,35.931,36.115,212.28,100.0,76.0,31021.0,32510.0,16.0,44.0,50.0,1612792199.143,2021-02-08 13:49:59.142999887
52550167797,r9170217-n948219,0,189.694,78.761,52.808,6514.087,25995.913,16.0,65.427,70.012,188.832,78.001,52.345,6584.449,25925.551,16.0,66.302,70.967,247.61,94.0,63.0,6807.0,32510.0,16.0,71.0,76.0,1613586235.847,2021-02-17 18:23:55.846999884
52551406703,r216287-n303509,0,27.953,0.0,0.0,2.991,32507.009,16.0,30.998,30.0,27.953,0.0,0.0,2.991,32507.009,16.0,30.998,30.0,28.09,0.0,0.0,4.0,32510.0,16.0,31.0,30.0,1613099598.838,2021-02-12 03:13:18.838000059
52569210509,r4683026-n303509,0,127.398,70.155,23.997,1042.11,31467.89,16.0,55.455,54.578,144.392,79.648,27.238,1064.915,31445.085,16.0,65.424,65.025,169.33,99.0,34.0,1065.0,32510.0,16.0,72.0,72.0,1612820464.825,2021-02-08 21:41:04.825000048
52569210509,r4683026-n303509,1,115.629,70.106,23.587,1042.11,31467.89,16.0,51.603,52.324,130.371,79.516,26.984,1064.914,31445.086,16.0,58.422,60.482,153.89,97.0,33.0,1065.0,32510.0,16.0,65.0,68.0,1612820464.828,2021-02-08 21:41:04.828000069
52680941707,r8141575-n303766,0,50.718,20.068,6.814,30583.553,1926.447,16.0,39.102,38.696,48.831,15.763,5.188,31033.468,1476.532,16.0,39.737,39.342,79.16,71.0,27.0,31071.0,32510.0,16.0,42.0,42.0,1614189181.543,2021-02-24 17:53:01.542999983
52744266213,r6959555-n172107,1,40.643,22.597,0.858,30440.3,2069.7,16.0,34.008,31.002,40.638,21.953,0.835,31050.71,1459.29,16.0,34.453,31.463,56.01,100.0,6.0,31071.0,32510.0,16.0,35.0,33.0,1614737213.734,2021-03-03 02:06:53.733999968
52788326940,r414303-n303509,0,28.591,0.0,0.0,0.0,32510.0,16.0,41.278,42.944,28.591,0.0,0.0,0.0,32510.0,16.0,41.278,42.944,28.66,0.0,0.0,0.0,32510.0,16.0,42.0,43.0,1613429103.993,2021-02-15 22:45:03.993000031
52797009411,r414303-n948219,0,34.628,1.541,0.242,22734.954,9775.046,16.0,33.035,30.693,158.781,80.363,46.837,26927.993,5582.007,16.0,62.468,65.481,274.34,100.0,80.0,31079.0,32510.0,16.0,72.0,77.0,1614357768.672,2021-02-26 16:42:48.671999931
52827696491,r414303-n303509,0,27.12,0.0,0.0,0.0,32510.0,16.0,34.261,34.609,27.12,0.0,0.0,0.0,32510.0,16.0,34.261,34.609,27.2,0.0,0.0,0.0,32510.0,16.0,35.0,35.0,1613429338.251,2021-02-15 22:48:58.250999927
52857431993,r1039410-n303509,0,75.694,22.474,5.351,2463.129,30046.871,16.0,46.458,44.223,73.573,25.746,6.166,3189.362,29320.638,16.0,47.697,45.28,212.86,98.0,26.0,3463.0,32510.0,16.0,64.0,62.0,1613301154.738,2021-02-14 11:12:34.737999916
52863093511,r492024-n303766,0,208.976,88.376,59.386,6621.425,25888.575,16.0,68.439,73.241,209.132,88.563,59.533,6644.357,25865.643,16.0,68.413,73.235,250.39,94.0,65.0,6793.0,32510.0,16.0,71.0,76.0,1613437566.273,2021-02-16 01:06:06.273000002
52876892830,r8024255-n410412,0,129.856,65.647,46.172,18796.463,13713.537,16.0,54.338,57.088,148.592,83.262,58.691,24822.76,7687.24,16.0,67.893,72.247,217.06,100.0,85.0,24845.0,32510.0,16.0,71.0,79.0,1613393611.058,2021-02-15 12:53:31.058000088
52887658520,r414303-n172107,0,40.006,24.38,1.811,30472.23,2037.77,16.0,35.238,33.006,40.166,23.515,1.57,31052.321,1457.679,16.0,35.354,33.108,54.39,100.0,6.0,31071.0,32510.0,16.0,36.0,34.0,1614747665.619,2021-03-03 05:01:05.618999958
52895195342,r2215649-n410412,0,26.7,0.0,0.0,0.0,32510.0,16.0,35.0,32.0,26.7,0.0,0.0,0.0,32510.0,16.0,35.0,32.0,26.75,0.0,0.0,0.0,32510.0,16.0,35.0,32.0,1614113657.608,2021-02-23 20:54:17.608000040
53004652670,r8275852-n410412,0,175.768,72.002,48.302,6645.672,25864.328,16.0,63.541,68.315,161.127,64.28,43.144,6689.582,25820.418,16.0,61.412,65.639,247.96,97.0,66.0,6801.0,32510.0,16.0,73.0,80.0,1613490977.207,2021-02-16 15:56:17.207000017
53044701889,r9988778-n303766,0,24.633,0.0,0.0,0.0,32510.0,16.0,30.0,29.918,24.633,0.0,0.0,0.0,32510.0,16.0,30.0,29.918,24.75,0.0,0.0,0.0,32510.0,16.0,30.0,30.0,1614714766.172,2021-03-02 19:52:46.171999931
53044701889,r9988778-n303766,1,26.512,0.0,0.0,0.0,32510.0,16.0,30.0,27.147,26.512,0.0,0.0,0.0,32510.0,16.0,30.0,27.147,26.6,0.0,0.0,0.0,32510.0,16.0,30.0,28.0,1614714766.175,2021-03-02 19:52:46.174999952
53142726496,r44132-n303766,0,34.495,0.315,0.024,3119.954,29390.046,16.0,32.314,31.447,84.478,44.467,28.803,4736.887,27773.113,16.0,46.123,49.27,156.77,59.0,43.0,4742.0,32510.0,16.0,52.0,58.0,1613169944.059,2021-02-12 22:45:44.059000015
53154459887,r9170217-n948219,0,27.463,0.0,0.0,0.0,32510.0,16.0,33.0,31.476,27.463,0.0,0.0,0.0,32510.0,16.0,33.0,31.476,27.79,0.0,0.0,0.0,32510.0,16.0,33.0,32.0,1613429409.322,2021-02-15 22:50:09.322000027
53211124375,r8972851-n200569,0,25.115,0.0,0.0,0.0,32510.0,16.0,29.202,28.0,25.115,0.0,0.0,0.0,32510.0,16.0,29.202,28.0,25.18,0.0,0.0,0.0,32510.0,16.0,30.0,28.0,1614758538.317,2021-03-03 08:02:18.316999912
53211124375,r8972851-n200569,1,25.62,0.0,0.0,0.0,32510.0,16.0,28.0,27.895,25.62,0.0,0.0,0.0,32510.0,16.0,28.0,27.895,25.67,0.0,0.0,0.0,32510.0,16.0,28.0,28.0,1614758538.331,2021-03-03 08:02:18.331000090
53249263255,r7753495-n948219,0,211.235,89.188,59.943,6541.847,25968.153,16.0,67.686,70.83,210.197,88.595,59.591,6576.851,25933.149,16.0,67.742,70.833,254.39,100.0,66.0,6793.0,32510.0,16.0,71.0,74.0,1613567497.004,2021-02-17 13:11:37.003999949
53266882865,r5051220-n172107,1,46.188,24.711,3.977,30600.52,1909.48,16.0,36.658,35.946,44.791,22.514,3.657,31056.552,1453.448,16.0,36.195,35.709,98.46,100.0,6.0,31071.0,32510.0,16.0,38.0,37.0,1614744155.686,2021-03-03 04:02:35.686000109
53336710587,r1051355-n200569,1,25.555,0.0,0.0,0.0,32510.0,16.0,27.0,25.924,25.555,0.0,0.0,0.0,32510.0,16.0,27.0,25.924,25.69,0.0,0.0,0.0,32510.0,16.0,27.0,26.0,1614718332.607,2021-03-02 20:52:12.607000113
53349452968,r9170217-n303509,1,208.659,88.215,59.267,6624.774,25885.226,16.0,60.512,64.296,208.871,88.406,59.387,6647.276,25862.724,16.0,60.531,64.309,255.85,98.0,66.0,6801.0,32510.0,16.0,66.0,70.0,1613439058.232,2021-02-16 01:30:58.232000113
53383260431,r9170217-n948219,0,178.147,73.265,49.169,6491.964,26018.036,16.0,63.609,67.797,177.223,72.993,49.017,6566.052,25943.948,16.0,64.388,68.648,244.76,100.0,63.0,6799.0,32510.0,16.0,68.0,74.0,1613588726.122,2021-02-17 19:05:26.121999979
53406857608,r7269000-n303509,0,216.963,91.02,60.97,6648.258,25861.742,16.0,68.346,73.459,215.017,89.969,60.29,6649.925,25860.075,16.0,68.261,73.282,253.57,95.0,66.0,6807.0,32510.0,16.0,71.0,76.0,1613577943.405,2021-02-17 16:05:43.404999971
53441896415,r8972851-n303509,0,196.852,80.292,53.865,6459.373,26050.627,16.0,67.896,72.569,194.819,79.417,53.307,6537.345,25972.655,16.0,67.808,72.445,251.21,94.0,64.0,6807.0,32510.0,16.0,72.0,77.0,1613592917.864,2021-02-17 20:15:17.864000082
53461120137,r8141575-n303766,0,41.799,1.8,0.361,475.165,32034.835,16.0,42.126,41.665,41.799,1.8,0.361,475.165,32034.835,16.0,42.126,41.665,125.45,99.0,30.0,2413.0,32510.0,16.0,44.0,44.0,1613942477.381,2021-02-21 21:21:17.381000042
53470514092,r2684277-n948219,0,70.288,21.699,17.835,23928.644,8581.356,16.0,39.161,38.693,77.936,26.686,21.864,26363.138,6146.862,16.0,42.333,42.226,204.68,100.0,95.0,30817.0,32510.0,16.0,50.0,55.0,1613258981.065,2021-02-13 23:29:41.065000057
53473705884,r7317916-n948219,0,200.251,90.096,60.626,6626.576,25883.424,16.0,68.021,76.457,198.774,89.262,60.115,6647.14,25862.86,16.0,67.933,76.333,238.76,95.0,67.0,6793.0,32510.0,16.0,73.0,82.0,1613477134.802,2021-02-16 12:05:34.802000046
53495152065,r9988778-n303766,1,211.981,88.429,59.371,6643.514,25866.486,16.0,64.784,70.382,211.255,87.934,59.043,6664.623,25845.377,16.0,65.688,71.398,260.06,96.0,65.0,6799.0,32510.0,16.0,74.0,80.0,1613462608.495,2021-02-16 08:03:28.494999886
53515588872,r44132-n410412,0,37.339,0.47,0.007,1672.929,30837.071,16.0,40.607,38.714,65.442,34.743,10.525,2627.557,29882.443,16.0,45.866,45.154,143.84,60.0,21.0,2630.0,32510.0,16.0,52.0,53.0,1612979944.705,2021-02-10 17:59:04.704999924
53544101366,r9480604-n410412,0,129.443,51.477,35.725,2726.031,29783.969,16.0,54.329,54.244,208.671,91.965,64.469,4731.831,27778.169,16.0,68.064,70.285,239.89,97.0,69.0,5245.0,32510.0,16.0,74.0,76.0,1613774236.704,2021-02-19 22:37:16.703999996
53553199293,r810901-n772143,0,28.785,0.788,0.164,5304.859,27205.141,16.0,31.304,28.351,28.785,0.788,0.164,5304.859,27205.141,16.0,31.304,28.351,212.03,100.0,28.0,27193.0,32510.0,16.0,38.0,33.0,1614726858.726,2021-03-02 23:14:18.726000071
53553199293,r810901-n772143,1,31.207,0.767,0.155,5908.744,26601.256,16.0,29.144,28.144,31.207,0.767,0.155,5908.744,26601.256,16.0,29.144,28.144,215.81,100.0,27.0,28941.0,32510.0,16.0,36.0,33.0,1614726858.729,2021-03-02 23:14:18.729000092
53554004696,r8972851-n772143,1,25.113,0.0,0.0,0.0,32510.0,16.0,28.975,28.021,25.026,0.0,0.0,0.0,32510.0,16.0,28.636,27.822,25.3,0.0,0.0,0.0,32510.0,16.0,29.0,29.0,1614722474.928,2021-03-02 22:01:14.927999973
53564633580,r7269000-n303509,0,217.686,90.957,61.0,6644.93,25865.07,16.0,68.095,73.258,215.6,89.992,60.388,6662.695,25847.305,16.0,68.034,73.106,255.11,95.0,66.0,6801.0,32510.0,16.0,71.0,76.0,1613580164.823,2021-02-17 16:42:44.822999954
53567649796,r6727430-n303509,1,38.518,22.3,0.801,1026.801,31483.199,16.0,32.443,31.559,40.045,24.971,0.897,1137.286,31372.714,16.0,33.851,32.915,41.19,34.0,2.0,1167.0,32510.0,16.0,34.0,34.0,1612974957.227,2021-02-10 16:35:57.226999998
53568841345,r8972851-n303509,0,37.131,0.503,0.011,1502.875,31007.125,16.0,36.114,35.652,67.56,32.52,13.442,4514.856,27995.144,16.0,44.37,45.49,153.58,76.0,30.0,4678.0,32510.0,16.0,49.0,52.0,1613214610.737,2021-02-13 11:10:10.736999989
53573674072,r8972851-n948219,0,34.509,0.351,0.031,1640.55,30869.45,16.0,33.0,31.49,110.616,64.481,23.169,8864.171,23645.829,16.0,58.641,58.742,184.04,84.0,33.0,8966.0,32510.0,16.0,64.0,66.0,1613190429.017,2021-02-13 04:27:09.016999960
53620694094,r5179276-n948219,0,208.285,90.075,60.44,6643.063,25866.937,16.0,68.599,76.934,206.583,89.214,59.919,6663.814,25846.186,16.0,68.445,76.698,246.2,95.0,65.0,6799.0,32510.0,16.0,72.0,81.0,1613575782.659,2021-02-17 15:29:42.658999920
53638283148,r5179276-n948219,0,209.563,91.185,61.181,6653.699,25856.301,16.0,68.305,74.299,209.579,91.237,61.232,6668.011,25841.989,16.0,68.298,74.294,245.12,95.0,65.0,6807.0,32510.0,16.0,71.0,78.0,1613439076.518,2021-02-16 01:31:16.517999887
53642634283,r44132-n303766,0,202.422,85.254,57.197,6395.597,26114.403,16.0,66.186,72.743,201.983,85.034,57.113,6466.688,26043.312,16.0,66.435,73.095,252.78,95.0,65.0,6793.0,32510.0,16.0,73.0,81.0,1613465576.027,2021-02-16 08:52:56.026999950
53672534283,r2215649-n410412,0,29.074,0.047,0.0,158.209,32351.791,16.0,39.806,36.992,82.518,25.338,18.041,28017.009,4492.991,16.0,52.548,51.133,308.95,100.0,97.0,32241.0,32510.0,16.0,74.0,78.0,1613641464.033,2021-02-18 09:44:24.032999992
53700974929,r8972851-n303509,0,192.14,77.65,52.048,6515.201,25994.799,16.0,66.783,71.074,190.261,76.867,51.569,6584.565,25925.435,16.0,67.043,71.319,251.04,93.0,63.0,6799.0,32510.0,16.0,73.0,78.0,1613596814.707,2021-02-17 21:20:14.707000017
53756095003,r4144777-n303509,0,44.949,11.862,2.621,1038.387,31471.613,16.0,39.637,37.401,90.293,53.832,16.551,2640.763,29869.237,16.0,51.277,49.638,141.72,67.0,22.0,2759.0,32510.0,16.0,54.0,53.0,1613127629.566,2021-02-12 11:00:29.565999985
53775022128,r7753495-n303509,0,55.848,23.951,6.602,598.986,31911.014,16.0,42.835,41.322,52.681,18.276,4.949,1015.783,31494.217,16.0,39.252,37.439,121.17,51.0,15.0,1027.0,32510.0,16.0,52.0,51.0,1613502627.181,2021-02-16 19:10:27.180999994
53863719919,r7753495-n948219,0,198.236,84.098,56.481,6175.795,26334.205,16.0,60.266,62.444,199.797,84.66,56.87,6280.565,26229.435,16.0,61.756,64.147,254.16,95.0,65.0,6801.0,32510.0,16.0,72.0,76.0,1613565704.577,2021-02-17 12:41:44.576999903
53898503793,r492024-n410412,0,28.94,0.123,0.002,68.402,32441.598,16.0,32.047,30.029,28.94,0.123,0.002,68.402,32441.598,16.0,32.047,30.029,39.35,19.0,1.0,1205.0,32510.0,16.0,33.0,31.0,1614736398.188,2021-03-03 01:53:18.187999964
53913359789,r9170217-n303509,0,210.587,88.662,59.494,6626.374,25883.626,16.0,67.611,69.58,210.65,88.743,59.552,6646.555,25863.445,16.0,67.825,69.83,254.83,95.0,64.0,6793.0,32510.0,16.0,71.0,73.0,1613435809.535,2021-02-16 00:36:49.535000086
53958542801,r4506251-n303766,0,32.317,0.0,0.0,0.526,32509.474,16.0,47.0,48.947,32.317,0.0,0.0,0.526,32509.474,16.0,47.0,48.947,32.42,0.0,0.0,4.0,32510.0,16.0,47.0,49.0,1613507119.326,2021-02-16 20:25:19.325999975
54040639522,r5051220-n172107,0,41.791,24.165,1.754,30301.072,2208.928,16.0,36.915,33.038,41.434,22.869,1.586,31047.249,1462.751,16.0,36.891,33.039,68.59,100.0,6.0,31071.0,32510.0,16.0,37.0,34.0,1614725604.01,2021-03-02 22:53:24.009999990
54115605554,r5179276-n948219,0,208.487,89.903,60.382,6642.769,25867.231,16.0,68.6,76.556,205.926,88.631,59.573,6663.714,25846.286,16.0,68.359,76.226,245.94,95.0,65.0,6807.0,32510.0,16.0,72.0,80.0,1613576854.269,2021-02-17 15:47:34.269000053
54121033426,r9659953-n200569,1,33.329,0.035,0.0,814.348,31695.652,16.0,29.977,28.729,35.583,0.003,0.0,1024.148,31485.852,16.0,30.816,29.592,36.04,13.0,1.0,1039.0,32510.0,16.0,32.0,31.0,1614719062.183,2021-03-02 21:04:22.183000088
54124186120,r1039410-n948219,0,25.834,0.0,0.0,1.211,32508.789,16.0,30.0,29.999,25.783,0.0,0.0,2.386,32507.614,16.0,29.935,29.915,25.95,0.0,0.0,4.0,32510.0,16.0,30.0,30.0,1614386016.111,2021-02-27 00:33:36.111000061
54143819669,r216287-n303509,1,93.783,56.472,18.44,1729.007,30780.993,16.0,48.928,47.977,90.739,54.449,17.646,1752.834,30757.166,16.0,48.191,46.984,139.42,75.0,26.0,1755.0,32510.0,16.0,50.0,50.0,1612825378.73,2021-02-08 23:02:58.730000019
54223718897,r1039410-n303509,0,41.484,2.774,1.898,19756.778,12753.222,16.0,40.51,38.431,41.484,2.774,1.898,19756.778,12753.222,16.0,40.51,38.431,196.49,97.0,80.0,29005.0,32510.0,16.0,44.0,48.0,1613081836.389,2021-02-11 22:17:16.388999939
54241236303,r4144777-n303509,0,32.963,10.232,0.216,12444.054,20065.946,16.0,36.844,34.584,39.968,23.979,0.382,29481.573,3028.427,16.0,38.876,36.342,45.62,74.0,5.0,30709.0,32510.0,16.0,40.0,37.0,1614307113.4,2021-02-26 02:38:33.400000095
54260727685,r9852763-n172107,1,44.144,26.875,3.52,30418.89,2091.11,16.0,38.522,35.58,43.188,24.538,3.258,31051.976,1458.024,16.0,37.016,34.005,71.45,100.0,6.0,31071.0,32510.0,16.0,39.0,36.0,1614744927.763,2021-03-03 04:15:27.763000011
54263057649,r9480604-n410412,1,24.097,0.0,0.0,0.0,32510.0,16.0,29.0,27.0,24.06,0.0,0.0,0.0,32510.0,16.0,28.72,26.779,24.29,0.0,0.0,0.0,32510.0,16.0,29.0,28.0,1614634561.988,2021-03-01 21:36:01.987999916
54296846239,r6727430-n303509,0,27.153,0.0,0.0,3.062,32506.938,16.0,37.0,33.986,27.153,0.0,0.0,3.062,32506.938,16.0,37.0,33.986,27.3,0.0,0.0,4.0,32510.0,16.0,37.0,34.0,1613012670.599,2021-02-11 03:04:30.598999977
54302782832,r4506251-n303766,0,104.625,49.189,20.513,25906.188,6603.812,16.0,49.458,51.684,113.578,53.271,22.323,28550.811,3959.189,16.0,56.179,59.194,270.75,100.0,73.0,28581.0,32510.0,16.0,62.0,68.0,1613356871.952,2021-02-15 02:41:11.951999903
54304601608,r5051220-n172107,1,46.133,26.347,3.874,30290.53,2219.47,16.0,35.746,35.296,45.224,23.548,3.417,31049.081,1460.919,16.0,36.032,35.412,102.12,100.0,6.0,31071.0,32510.0,16.0,37.0,37.0,1614733320.881,2021-03-03 01:02:00.881000042
54325869749,r974863-n410412,0,216.67,91.151,60.993,6652.806,25857.194,16.0,68.465,73.777,214.644,90.164,60.395,6670.551,25839.449,16.0,68.41,73.634,259.51,96.0,65.0,6807.0,32510.0,16.0,71.0,77.0,1613447091.597,2021-02-16 03:44:51.596999884
54381084124,r4506251-n410412,0,25.981,0.0,0.0,0.0,32510.0,16.0,31.0,30.0,25.981,0.0,0.0,0.0,32510.0,16.0,31.0,30.0,26.02,0.0,0.0,0.0,32510.0,16.0,31.0,30.0,1614734826.669,2021-03-03 01:27:06.668999910
54425831372,r8972851-n200569,0,25.109,0.0,0.0,3.996,32506.004,16.0,30.113,28.705,25.057,0.0,0.0,4.0,32506.0,16.0,30.102,28.368,25.48,0.0,0.0,4.0,32510.0,16.0,31.0,30.0,1614716120.592,2021-03-02 20:15:20.592000008
54425831372,r8972851-n200569,1,25.692,0.0,0.0,3.996,32506.004,16.0,29.039,28.657,25.536,0.0,0.0,4.0,32506.0,16.0,28.466,28.035,25.95,0.0,0.0,4.0,32510.0,16.0,30.0,29.0,1614716120.604,2021-03-02 20:15:20.604000092
54470105490,r9480604-n410412,0,26.977,0.0,0.0,0.0,32510.0,16.0,36.0,34.0,26.977,0.0,0.0,0.0,32510.0,16.0,36.0,34.0,27.01,0.0,0.0,0.0,32510.0,16.0,36.0,34.0,1614113619.074,2021-02-23 20:53:39.073999882
54515943422,r4683026-n303509,0,38.036,0.011,0.0,10921.823,21588.177,16.0,33.943,31.457,37.058,0.001,0.0,9141.437,23368.563,16.0,35.896,33.52,48.26,100.0,6.0,12427.0,32510.0,16.0,39.0,37.0,1613057207.807,2021-02-11 15:26:47.806999922
54541151574,r810901-n303509,0,28.014,5.275,0.0,66.0,32444.0,16.0,35.0,34.006,38.558,6.344,2.416,9583.102,22926.898,16.0,36.661,36.111,256.92,100.0,58.0,31267.0,32510.0,16.0,74.0,80.0,1613226592.937,2021-02-13 14:29:52.937000036
54541283941,r4144777-n303509,0,77.339,24.562,10.874,1996.684,30513.316,16.0,41.613,39.681,137.079,57.165,25.778,3163.029,29346.971,16.0,59.899,59.387,233.98,83.0,38.0,3291.0,32510.0,16.0,66.0,66.0,1613061639.173,2021-02-11 16:40:39.173000097
54564603847,r2215649-n410412,0,35.155,0.297,0.014,975.555,31534.445,16.0,38.132,35.429,63.988,31.729,9.083,1559.464,30950.536,16.0,45.619,43.388,113.76,49.0,15.0,1605.0,32510.0,16.0,48.0,46.0,1614080545.684,2021-02-23 11:42:25.684000015
54565586432,r2684277-n772143,0,26.815,0.0,0.0,0.0,32510.0,16.0,29.974,28.795,26.815,0.0,0.0,0.0,32510.0,16.0,29.974,28.795,26.92,0.0,0.0,0.0,32510.0,16.0,30.0,29.0,1614725517.818,2021-03-02 22:51:57.818000078
54578511230,r414303-n303509,0,28.976,0.13,0.008,0.0,32510.0,16.0,40.297,41.266,40.836,6.804,3.776,10975.016,21534.984,16.0,37.11,37.464,231.75,100.0,61.0,31580.0,32510.0,16.0,66.0,72.0,1612975976.322,2021-02-10 16:52:56.322000027
54578511230,r414303-n303509,1,27.416,0.106,0.006,0.0,32510.0,16.0,35.209,33.031,39.583,7.128,3.708,12345.616,20164.384,16.0,34.251,31.82,222.22,100.0,61.0,32288.0,32510.0,16.0,63.0,66.0,1612975976.325,2021-02-10 16:52:56.325000048
54579766932,r1051355-n172107,1,43.027,24.939,1.796,30557.773,1952.227,16.0,37.191,33.968,40.381,22.209,1.534,31053.4,1456.6,16.0,35.623,32.28,52.73,33.0,3.0,31071.0,32510.0,16.0,38.0,35.0,1614746817.377,2021-03-03 04:46:57.377000093
54584512727,r414303-n303509,0,38.595,1.359,0.254,1208.433,31301.567,16.0,41.988,42.207,65.742,37.71,9.727,1593.997,30916.003,16.0,48.086,49.436,123.35,56.0,17.0,1605.0,32510.0,16.0,50.0,52.0,1613098491.946,2021-02-12 02:54:51.946000099
54604780620,r9988778-n303766,0,64.701,40.526,6.03,3101.523,29408.477,16.0,38.478,37.804,79.491,53.813,8.058,4225.51,28284.49,16.0,44.012,43.319,191.51,100.0,12.0,4597.0,32510.0,16.0,49.0,47.0,1613317218.3,2021-02-14 15:40:18.299999952
54622062268,r810901-n172107,0,26.704,0.0,0.0,0.0,32510.0,16.0,31.0,30.016,28.417,0.266,0.044,115.524,32394.476,16.0,31.391,30.631,197.29,100.0,23.0,7431.0,32510.0,16.0,40.0,37.0,1614716636.738,2021-03-02 20:23:56.737999916
54622062268,r810901-n172107,1,25.249,0.0,0.0,0.0,32510.0,16.0,30.139,30.0,25.249,0.0,0.0,0.0,32510.0,16.0,30.055,30.0,25.39,0.0,0.0,0.0,32510.0,16.0,31.0,30.0,1614716636.741,2021-03-02 20:23:56.740999937
54680376239,r7753495-n303509,0,55.733,13.159,3.07,2556.845,29953.155,16.0,39.518,37.046,69.621,24.567,5.77,4118.881,28391.119,16.0,44.533,42.086,240.64,100.0,100.0,10529.0,32510.0,16.0,56.0,62.0,1613118809.255,2021-02-12 08:33:29.255000114
54685900388,r414303-n948219,0,37.7,0.516,0.092,2749.218,29760.782,16.0,34.415,31.87,148.492,84.577,22.73,5089.914,27420.086,16.0,65.078,64.106,242.0,100.0,31.0,5106.0,32510.0,16.0,71.0,70.0,1614198016.292,2021-02-24 20:20:16.292000055
54766243451,r7753495-n948219,0,214.171,90.4,60.704,6650.175,25859.825,16.0,67.966,71.214,212.303,89.49,60.13,6668.425,25841.575,16.0,67.883,71.104,253.52,95.0,64.0,6807.0,32510.0,16.0,71.0,74.0,1613567855.208,2021-02-17 13:17:35.207999945
54772232647,r7317916-n948219,0,180.242,76.178,51.138,6579.396,25930.604,16.0,67.246,74.067,175.841,73.914,49.647,6635.472,25874.528,16.0,67.321,73.995,241.35,94.0,63.0,6807.0,32510.0,16.0,72.0,79.0,1613484775.654,2021-02-16 14:12:55.654000044
54814199052,r8024255-n410412,0,211.837,89.962,60.375,6601.544,25908.456,16.0,68.211,72.185,210.503,89.304,59.984,6629.478,25880.522,16.0,68.09,72.042,256.13,95.0,66.0,6807.0,32510.0,16.0,71.0,76.0,1613531828.274,2021-02-17 03:17:08.273999929
54819650979,r4506251-n303766,0,29.488,0.0,0.0,0.0,32510.0,16.0,37.343,38.305,29.488,0.0,0.0,0.0,32510.0,16.0,37.343,38.305,30.16,0.0,0.0,0.0,32510.0,16.0,39.0,41.0,1613470596.696,2021-02-16 10:16:36.696000099
54838391149,r9480604-n410412,0,27.05,0.0,0.0,0.0,32510.0,16.0,36.0,35.0,27.05,0.0,0.0,0.0,32510.0,16.0,36.0,35.0,27.22,0.0,0.0,0.0,32510.0,16.0,36.0,35.0,1614371616.021,2021-02-26 20:33:36.020999908
54891904741,r2684277-n948219,0,36.763,1.27,0.266,562.788,31947.212,16.0,37.691,35.801,83.077,50.026,12.764,1527.547,30982.453,16.0,51.42,50.138,130.48,63.0,17.0,1605.0,32510.0,16.0,54.0,53.0,1614062504.276,2021-02-23 06:41:44.276000023
54914416157,r7419443-n948219,0,27.263,0.0,0.0,0.0,32510.0,16.0,32.0,30.0,27.263,0.0,0.0,0.0,32510.0,16.0,32.0,30.0,27.29,0.0,0.0,0.0,32510.0,16.0,32.0,30.0,1613934608.576,2021-02-21 19:10:08.575999975
54917280580,r974863-n410412,1,204.706,90.813,61.003,6640.679,25869.321,16.0,63.155,66.912,202.918,89.854,60.411,6660.617,25849.383,16.0,63.013,66.723,240.83,95.0,65.0,6799.0,32510.0,16.0,67.0,71.0,1613446725.899,2021-02-16 03:38:45.898999929
54946283481,r8275852-n303766,0,56.784,20.91,16.425,30003.703,2506.297,16.0,42.118,41.141,53.197,16.64,12.463,31030.006,1479.994,16.0,42.321,41.046,114.36,84.0,70.0,31071.0,32510.0,16.0,45.0,48.0,1613668238.717,2021-02-18 17:10:38.717000008
54967219790,r6727430-n948219,0,29.644,0.0,0.0,3.507,32506.493,16.0,33.0,31.027,29.644,0.0,0.0,3.507,32506.493,16.0,33.0,31.027,37.56,0.0,0.0,4.0,32510.0,16.0,33.0,32.0,1613613786.934,2021-02-18 02:03:06.934000015
55007291509,r8275852-n303766,0,25.822,0.0,0.0,3.502,32506.498,16.0,31.572,30.5,25.886,0.0,0.0,3.636,32506.364,16.0,31.811,30.781,26.13,0.0,0.0,4.0,32510.0,16.0,32.0,32.0,1613169935.546,2021-02-12 22:45:35.546000004
55007291509,r8275852-n303766,1,32.668,0.378,0.008,3127.046,29382.954,16.0,32.554,29.05,30.135,0.336,0.007,2968.809,29541.191,16.0,32.297,28.802,52.87,71.0,4.0,4181.0,32510.0,16.0,35.0,31.0,1613169935.549,2021-02-12 22:45:35.549000025
55025585376,r8141575-n303766,0,120.477,48.361,29.572,1718.638,30791.362,16.0,49.278,50.745,215.379,95.436,59.0,3350.001,29159.999,16.0,68.354,71.74,227.18,98.0,62.0,3361.0,32510.0,16.0,73.0,77.0,1614119265.169,2021-02-23 22:27:45.168999910
55026610153,r492024-n303766,0,206.759,87.814,59.047,6470.405,26039.595,16.0,67.427,72.267,204.659,86.738,58.346,6522.623,25987.377,16.0,67.424,72.223,248.92,95.0,64.0,6807.0,32510.0,16.0,70.0,76.0,1613440985.15,2021-02-16 02:03:05.150000095
55037122479,r7753495-n303509,0,25.459,0.0,0.0,3.922,32506.078,16.0,36.177,35.0,25.458,0.0,0.0,3.907,32506.093,16.0,36.172,35.0,25.72,0.0,0.0,4.0,32510.0,16.0,37.0,35.0,1613683952.451,2021-02-18 21:32:32.450999975
55054318093,r1039410-n948219,0,25.822,0.0,0.0,0.005,32509.995,16.0,30.0,30.0,25.81,0.0,0.0,0.0,32510.0,16.0,29.91,29.896,26.18,0.0,0.0,4.0,32510.0,16.0,31.0,31.0,1614405308.736,2021-02-27 05:55:08.736000061
55076032357,r1051355-n200569,0,26.07,0.0,0.0,0.0,32510.0,16.0,28.912,27.0,26.07,0.0,0.0,0.0,32510.0,16.0,28.912,27.0,26.15,0.0,0.0,0.0,32510.0,16.0,29.0,27.0,1614716446.321,2021-03-02 20:20:46.321000099
55080362930,r2215649-n303766,0,55.161,12.883,7.234,4971.552,27538.448,16.0,37.909,35.031,72.263,20.841,11.92,8556.511,23953.489,16.0,45.439,42.998,239.51,100.0,65.0,9085.0,32510.0,16.0,56.0,55.0,1613831155.839,2021-02-20 14:25:55.838999987
55080362930,r2215649-n303766,1,57.113,15.92,7.33,5204.919,27305.081,16.0,35.748,34.018,73.922,26.034,12.195,8830.044,23679.956,16.0,42.097,40.423,236.73,100.0,66.0,8881.0,32510.0,16.0,52.0,51.0,1613831155.848,2021-02-20 14:25:55.848000050
55082395860,r9170217-n948219,0,168.641,69.677,46.698,6489.872,26020.128,16.0,62.666,66.58,169.505,70.114,47.034,6587.92,25922.08,16.0,63.409,67.388,243.52,94.0,63.0,6801.0,32510.0,16.0,67.0,72.0,1613581600.29,2021-02-17 17:06:40.289999962
55088666532,r8972851-n948219,0,217.046,91.31,61.088,6646.165,25863.835,16.0,68.303,72.695,213.894,89.62,60.021,6665.309,25844.691,16.0,68.071,72.401,260.12,96.0,69.0,6801.0,32510.0,16.0,70.0,75.0,1613528744.988,2021-02-17 02:25:44.987999916
55089695405,r8972851-n303509,0,33.797,0.244,0.013,391.525,32118.475,16.0,35.4,35.141,62.533,29.015,7.142,1086.624,31423.376,16.0,42.178,42.395,106.86,47.0,13.0,1093.0,32510.0,16.0,46.0,47.0,1613069831.697,2021-02-11 18:57:11.697000027
55141983145,r9480604-n410412,0,42.463,27.028,0.002,971.734,31538.266,16.0,38.299,35.869,42.463,27.028,0.002,971.734,31538.266,16.0,38.299,35.869,45.26,48.0,1.0,1065.0,32510.0,16.0,39.0,37.0,1614114797.628,2021-02-23 21:13:17.628000021
55142806802,r7753495-n303509,0,31.958,1.013,0.726,5424.178,27085.822,16.0,37.916,36.313,89.105,31.568,26.815,26172.656,6337.344,16.0,53.366,53.64,217.69,100.0,92.0,26829.0,32510.0,16.0,58.0,63.0,1613343724.726,2021-02-14 23:02:04.726000071
55170550413,r7317916-n948219,1,199.725,82.851,55.616,6540.773,25969.227,16.0,64.498,69.615,197.114,81.252,54.605,6594.624,25915.376,16.0,64.417,69.454,259.01,94.0,64.0,6799.0,32510.0,16.0,72.0,79.0,1613479984.786,2021-02-16 12:53:04.786000013
55174633859,r8024255-n410412,0,34.188,0.335,0.024,1813.233,30696.767,16.0,37.71,35.548,104.193,64.448,23.138,8954.025,23555.975,16.0,55.93,55.715,177.99,100.0,33.0,8966.0,32510.0,16.0,61.0,62.0,1613193164.907,2021-02-13 05:12:44.907000065
55195164184,r2215649-n410412,0,26.763,0.0,0.0,0.025,32509.975,16.0,35.0,32.839,26.763,0.0,0.0,0.025,32509.975,16.0,35.0,32.839,26.94,0.0,0.0,4.0,32510.0,16.0,35.0,33.0,1614112279.557,2021-02-23 20:31:19.556999922
55200551849,r2215649-n303766,1,172.994,74.574,49.512,2676.539,29833.461,16.0,56.924,58.294,177.5,77.09,51.248,2727.103,29782.897,16.0,57.171,58.628,233.03,98.0,66.0,4279.0,32510.0,16.0,62.0,65.0,1613934873.752,2021-02-21 19:14:33.752000093
55206225054,r7269000-n303509,0,215.686,90.04,60.383,6647.423,25862.577,16.0,68.179,73.185,213.33,88.819,59.594,6646.758,25863.242,16.0,68.096,72.995,254.86,100.0,65.0,6801.0,32510.0,16.0,71.0,77.0,1613586099.004,2021-02-17 18:21:39.003999949
55216166978,r8141575-n303766,0,35.768,13.972,0.07,788.384,31721.616,16.0,34.629,34.061,51.112,55.566,0.684,2167.579,30342.421,16.0,44.266,43.655,70.39,99.0,2.0,2171.0,32510.0,16.0,48.0,48.0,1614252834.256,2021-02-25 11:33:54.256000041
55216905698,r8972851-n948219,0,214.325,89.534,59.959,6657.507,25852.493,16.0,68.157,72.453,213.217,89.038,59.694,6675.991,25834.009,16.0,68.081,72.361,257.99,96.0,65.0,6807.0,32510.0,16.0,71.0,76.0,1613526212.086,2021-02-17 01:43:32.085999966
55220125119,r492024-n303766,0,212.14,90.164,60.789,6643.799,25866.201,16.0,68.463,73.357,212.188,90.305,60.897,6661.842,25848.158,16.0,68.468,73.364,249.83,95.0,65.0,6807.0,32510.0,16.0,71.0,76.0,1613432200.767,2021-02-15 23:36:40.766999960
55274089293,r974863-n410412,0,26.057,0.0,0.0,2.953,32507.047,16.0,37.0,37.0,26.057,0.0,0.0,2.953,32507.047,16.0,37.0,37.0,26.33,0.0,0.0,4.0,32510.0,16.0,37.0,37.0,1613011379.536,2021-02-11 02:42:59.536000013
55342771352,r9170217-n172107,0,54.345,24.898,10.956,29154.493,3355.507,16.0,35.77,34.323,57.184,26.854,11.815,31019.84,1490.16,16.0,38.447,37.078,110.17,47.0,22.0,31071.0,32510.0,16.0,41.0,40.0,1614715744.744,2021-03-02 20:09:04.743999958
55347495465,r8473362-n410412,0,38.519,3.786,0.967,836.109,31673.891,16.0,37.627,35.281,64.96,32.83,8.937,1068.399,31441.601,16.0,45.586,44.129,104.73,45.0,13.0,1093.0,32510.0,16.0,49.0,48.0,1613798712.806,2021-02-20 05:25:12.805999994
55365792719,r6727430-n948219,0,32.077,1.333,0.01,242.283,32267.717,16.0,33.0,31.131,32.077,1.333,0.01,242.283,32267.717,16.0,33.0,31.131,39.39,18.0,1.0,1253.0,32510.0,16.0,33.0,32.0,1613614153.324,2021-02-18 02:09:13.323999882
55422527619,r2684277-n948219,0,26.375,0.0,0.0,3.984,32506.016,16.0,30.0,29.0,26.381,0.0,0.0,3.993,32506.007,16.0,30.006,29.001,26.64,0.0,0.0,4.0,32510.0,16.0,31.0,30.0,1613257900.304,2021-02-13 23:11:40.303999901
55437771481,r4099734-n772143,0,53.772,24.23,6.285,30568.424,1941.576,16.0,41.869,38.516,51.211,21.07,5.412,31058.566,1451.434,16.0,40.644,37.269,124.86,100.0,11.0,31071.0,32510.0,16.0,43.0,40.0,1614746016.273,2021-03-03 04:33:36.273000002
55449110609,r9170217-n948219,0,27.681,0.0,0.0,0.0,32510.0,16.0,34.0,33.0,27.681,0.0,0.0,0.0,32510.0,16.0,34.0,33.0,27.77,0.0,0.0,0.0,32510.0,16.0,34.0,33.0,1613429353.767,2021-02-15 22:49:13.766999960
55449649015,r1051355-n200569,0,32.968,0.052,0.001,621.617,31888.383,16.0,29.515,27.909,32.968,0.052,0.001,621.617,31888.383,16.0,29.515,27.909,38.11,20.0,1.0,1039.0,32510.0,16.0,31.0,30.0,1614718435.031,2021-03-02 20:53:55.030999899
55452570988,r2215649-n303766,0,48.121,4.3,1.713,14007.595,18502.405,16.0,37.45,34.72,48.121,4.3,1.713,14007.595,18502.405,16.0,37.45,34.72,277.3,100.0,61.0,27527.0,32510.0,16.0,47.0,44.0,1614738685.92,2021-03-03 02:31:25.920000076
55464434451,r414303-n303509,0,28.985,0.0,0.0,0.0,32510.0,16.0,43.0,44.0,28.985,0.0,0.0,0.0,32510.0,16.0,43.0,44.0,29.14,0.0,0.0,0.0,32510.0,16.0,43.0,44.0,1613429089.552,2021-02-15 22:44:49.552000046
55481384511,r44132-n303766,0,203.727,85.289,57.158,6386.759,26123.241,16.0,67.555,74.384,203.276,85.069,57.064,6462.201,26047.799,16.0,67.605,74.437,251.07,100.0,64.0,6807.0,32510.0,16.0,71.0,79.0,1613466693.848,2021-02-16 09:11:33.848000050
55487472412,r9988778-n410412,0,25.249,0.0,0.0,0.0,32510.0,16.0,32.0,31.0,25.249,0.0,0.0,0.0,32510.0,16.0,32.0,31.0,25.48,0.0,0.0,0.0,32510.0,16.0,32.0,31.0,1613218608.293,2021-02-13 12:16:48.292999983
55505093174,r204106-n200569,1,34.921,0.235,0.007,896.192,31613.808,16.0,31.847,28.699,34.921,0.235,0.007,896.192,31613.808,16.0,31.847,28.699,37.14,20.0,1.0,1039.0,32510.0,16.0,32.0,29.0,1614718754.461,2021-03-02 20:59:14.460999966
55543218301,r9480604-n303766,1,37.345,0.396,0.0,1182.232,31327.768,16.0,31.625,30.193,37.997,0.072,0.0,1248.731,31261.269,16.0,32.019,30.87,38.7,24.0,1.0,1249.0,32510.0,16.0,33.0,32.0,1613439268.586,2021-02-16 01:34:28.585999966
55628330598,r5198790-n772143,1,39.877,22.211,1.759,30023.107,2486.893,16.0,35.572,31.565,40.064,22.469,1.548,31039.303,1470.697,16.0,35.767,31.751,70.14,100.0,6.0,31071.0,32510.0,16.0,36.0,32.0,1614732180.138,2021-03-03 00:43:00.138000011
55659908414,r6727430-n303509,0,208.742,89.602,60.174,6650.328,25859.672,16.0,68.334,73.431,208.933,89.812,60.345,6666.535,25843.465,16.0,68.318,73.43,247.9,95.0,65.0,6807.0,32510.0,16.0,71.0,77.0,1613432003.089,2021-02-15 23:33:23.088999987
55710519313,r9648383-n303766,1,24.57,0.0,0.0,0.0,32510.0,16.0,30.203,28.384,24.489,0.0,0.0,0.0,32510.0,16.0,30.003,28.114,24.76,0.0,0.0,0.0,32510.0,16.0,31.0,30.0,1614275050.771,2021-02-25 17:44:10.770999908
55716188968,r492024-n303766,0,211.505,90.272,60.562,6643.07,25866.93,16.0,68.367,73.207,211.562,90.376,60.65,6659.321,25850.679,16.0,68.37,73.205,249.76,100.0,65.0,6801.0,32510.0,16.0,71.0,76.0,1613432542.965,2021-02-15 23:42:22.964999914
55761022752,r4683026-n948219,0,44.011,7.369,4.02,2098.924,30411.076,16.0,38.004,38.38,73.386,18.055,10.098,8585.206,23924.794,16.0,46.791,47.68,219.36,100.0,58.0,9147.0,32510.0,16.0,55.0,58.0,1613938183.279,2021-02-21 20:09:43.279000044
55761022752,r4683026-n948219,1,46.46,15.959,4.301,2339.533,30170.467,16.0,35.584,33.708,74.419,39.557,10.649,8847.687,23662.313,16.0,44.375,42.532,228.9,100.0,58.0,9437.0,32510.0,16.0,54.0,53.0,1613938183.282,2021-02-21 20:09:43.282000065
55823347786,r7753495-n772143,0,44.598,4.17,0.657,19464.295,13045.705,16.0,33.072,30.782,44.598,4.17,0.657,19464.295,13045.705,16.0,33.072,30.782,202.82,100.0,27.0,27193.0,32510.0,16.0,37.0,34.0,1614726922.139,2021-03-02 23:15:22.138999939
55823347786,r7753495-n772143,1,43.776,4.157,0.666,21199.71,11310.29,16.0,32.153,31.09,43.776,4.157,0.666,21199.71,11310.29,16.0,32.153,31.09,207.22,100.0,27.0,28941.0,32510.0,16.0,36.0,35.0,1614726922.142,2021-03-02 23:15:22.141999960
55845783042,r1039410-n303509,0,25.841,0.0,0.0,0.007,32509.993,16.0,32.0,30.154,25.883,0.0,0.0,2.611,32507.389,16.0,32.561,30.619,26.09,0.0,0.0,4.0,32510.0,16.0,33.0,32.0,1614709488.306,2021-03-02 18:24:48.305999994
55845783042,r1039410-n303509,1,27.52,0.0,0.0,0.007,32509.993,16.0,31.775,31.052,34.551,0.007,0.0,766.017,31743.983,16.0,34.216,33.429,39.63,17.0,1.0,1177.0,32510.0,16.0,36.0,35.0,1614709488.31,2021-03-02 18:24:48.309999943
55862616584,r4506251-n303766,0,213.381,89.382,60.047,6640.997,25869.003,16.0,68.3,75.386,195.853,79.637,53.556,6674.835,25835.165,16.0,66.894,73.436,254.12,95.0,65.0,6799.0,32510.0,16.0,71.0,79.0,1613464628.828,2021-02-16 08:37:08.828000069
55873414914,r204106-n200569,1,25.667,0.0,0.0,0.0,32510.0,16.0,30.0,27.54,25.667,0.0,0.0,0.0,32510.0,16.0,30.0,27.54,25.7,0.0,0.0,0.0,32510.0,16.0,30.0,28.0,1614718332.639,2021-03-02 20:52:12.638999939
55887439435,r8532701-n772143,0,47.378,23.48,5.37,28833.134,3676.866,16.0,35.118,33.491,48.17,22.373,5.093,31020.579,1489.421,16.0,36.88,35.159,120.96,42.0,9.0,31071.0,32510.0,16.0,39.0,38.0,1614721838.746,2021-03-02 21:50:38.746000051
55892211861,r8141575-n303766,0,53.829,16.631,10.085,30612.699,1897.301,16.0,41.122,41.033,52.391,14.515,8.389,31040.993,1469.007,16.0,41.06,40.921,125.96,100.0,50.0,31071.0,32510.0,16.0,44.0,46.0,1614177464.751,2021-02-24 14:37:44.750999928
55906935267,r810901-n303509,1,29.858,0.141,0.002,534.065,31975.935,16.0,31.169,30.834,60.475,32.09,11.031,1529.71,30980.29,16.0,42.2,43.159,103.9,40.0,15.0,1539.0,32510.0,16.0,44.0,45.0,1613069831.645,2021-02-11 18:57:11.644999981
55932449331,r4144777-n303509,0,29.991,2.096,0.263,4723.092,27786.908,16.0,35.578,33.566,44.917,21.373,2.537,28070.888,4439.112,16.0,40.114,37.504,53.84,32.0,4.0,30709.0,32510.0,16.0,41.0,39.0,1614320551.233,2021-02-26 06:22:31.233000040
55935947742,r7753495-n303509,1,34.539,0.331,0.004,1123.249,31386.751,16.0,31.1,28.767,59.262,34.697,7.955,1536.408,30973.592,16.0,38.531,36.966,116.02,50.0,15.0,1539.0,32510.0,16.0,41.0,40.0,1613173487.822,2021-02-12 23:44:47.822000027
56009600916,r9170217-n303509,0,181.781,72.456,48.63,6636.503,25873.497,16.0,68.145,68.971,184.533,73.99,49.691,6681.785,25828.215,16.0,68.184,69.121,257.58,95.0,66.0,6807.0,32510.0,16.0,73.0,75.0,1613437950.473,2021-02-16 01:12:30.473000050
56013680081,r7317916-n948219,1,192.083,78.14,52.476,6557.848,25952.152,16.0,64.125,68.919,177.772,71.167,47.845,6631.497,25878.503,16.0,62.335,66.508,255.71,94.0,63.0,6799.0,32510.0,16.0,72.0,78.0,1613484354.876,2021-02-16 14:05:54.875999928
56073235095,r4683026-n948219,1,85.637,27.475,12.473,21288.051,11221.949,16.0,40.729,38.435,133.321,52.056,22.868,30463.948,2046.052,16.0,55.698,54.526,284.23,100.0,69.0,30473.0,32510.0,16.0,73.0,74.0,1613441272.513,2021-02-16 02:07:52.513000011
56137721763,r4683026-n948219,0,26.124,0.0,0.0,0.121,32509.879,16.0,32.875,32.56,74.454,25.85,12.683,8198.383,24311.617,16.0,47.328,48.53,203.74,100.0,56.0,8243.0,32510.0,16.0,55.0,58.0,1613865541.897,2021-02-20 23:59:01.897000074
56137721763,r4683026-n948219,1,26.216,0.033,0.0,23.539,32486.461,16.0,30.055,28.042,75.314,49.998,13.052,8283.795,24226.205,16.0,44.974,43.239,207.4,100.0,55.0,8589.0,32510.0,16.0,54.0,53.0,1613865541.903,2021-02-20 23:59:01.903000116
56165890473,r9170217-n303509,0,210.757,88.203,59.218,6626.984,25883.016,16.0,68.444,70.092,211.114,88.413,59.384,6650.221,25859.779,16.0,68.382,70.046,253.91,95.0,64.0,6799.0,32510.0,16.0,72.0,74.0,1613437596.604,2021-02-16 01:06:36.604000092
56217407174,r4683026-n303509,0,49.349,11.665,5.178,1218.255,31291.745,16.0,34.571,32.507,53.083,13.585,5.818,1557.403,30952.597,16.0,36.886,34.778,177.76,73.0,33.0,2735.0,32510.0,16.0,47.0,45.0,1613055997.561,2021-02-11 15:06:37.561000109
56254670701,r3955005-n172107,1,48.065,26.053,3.855,30258.591,2251.409,16.0,35.393,35.397,47.228,23.765,3.468,31047.876,1462.124,16.0,35.502,35.507,105.87,100.0,6.0,31071.0,32510.0,16.0,36.0,36.0,1614736341.266,2021-03-03 01:52:21.266000032
56293480392,r5179276-n948219,0,207.362,90.313,60.72,6644.233,25865.767,16.0,66.523,72.229,207.668,90.517,60.852,6659.545,25850.455,16.0,66.721,72.491,245.87,95.0,65.0,6799.0,32510.0,16.0,72.0,79.0,1613440555.856,2021-02-16 01:55:55.855999947
56457455444,r7269000-n303509,0,144.514,50.629,33.934,6637.928,25872.072,16.0,61.611,63.528,169.775,64.733,43.41,6687.356,25822.644,16.0,64.094,67.122,256.09,95.0,66.0,6799.0,32510.0,16.0,72.0,77.0,1613574990.212,2021-02-17 15:16:30.211999893
56468754775,r9988778-n410412,0,25.847,0.126,0.003,36.224,32473.776,16.0,30.059,29.011,25.847,0.126,0.003,36.224,32473.776,16.0,30.059,29.011,38.15,14.0,1.0,1205.0,32510.0,16.0,31.0,30.0,1614737177.277,2021-03-03 02:06:17.276999950
56488913896,r204106-n772143,0,40.525,21.976,0.88,29476.069,3033.931,16.0,39.128,38.604,40.584,19.914,0.806,31016.877,1493.123,16.0,39.051,38.219,55.35,100.0,6.0,31071.0,32510.0,16.0,41.0,41.0,1614735549.891,2021-03-03 01:39:09.891000032
56501001183,r9170217-n948219,0,27.637,0.0,0.0,0.0,32510.0,16.0,34.0,32.259,27.637,0.0,0.0,0.0,32510.0,16.0,34.0,32.259,27.74,0.0,0.0,0.0,32510.0,16.0,34.0,33.0,1613429368.7,2021-02-15 22:49:28.700000048
56504878574,r7419443-n948219,0,36.74,0.044,0.0,1102.438,31407.562,16.0,34.894,33.275,43.738,4.167,1.158,1906.418,30603.582,16.0,34.588,32.664,229.58,100.0,36.0,6451.0,32510.0,16.0,43.0,41.0,1613157375.801,2021-02-12 19:16:15.801000118
56518735710,r9480604-n410412,0,27.175,0.0,0.0,0.642,32509.358,16.0,37.0,35.617,27.175,0.0,0.0,0.642,32509.358,16.0,37.0,35.617,27.37,0.0,0.0,4.0,32510.0,16.0,37.0,36.0,1614108929.547,2021-02-23 19:35:29.546999931
56530751093,r44132-n410412,0,38.143,0.073,0.0,1048.42,31461.58,16.0,39.195,37.409,39.019,0.028,0.0,1248.218,31261.782,16.0,36.276,34.383,41.06,20.0,1.0,1249.0,32510.0,16.0,42.0,40.0,1613439268.58,2021-02-16 01:34:28.579999924
56555949413,r4506251-n410412,0,25.908,0.0,0.0,3.345,32506.655,16.0,31.055,30.001,26.234,0.034,0.0,17.973,32492.027,16.0,31.084,30.026,39.71,26.0,1.0,1311.0,32510.0,16.0,33.0,31.0,1612962867.118,2021-02-10 13:14:27.118000031
56582247580,r974863-n410412,0,25.129,0.0,0.0,0.0,32510.0,16.0,30.0,29.968,25.129,0.0,0.0,0.0,32510.0,16.0,30.0,29.968,25.24,0.0,0.0,0.0,32510.0,16.0,30.0,30.0,1614734634.944,2021-03-03 01:23:54.944000006
56582247580,r974863-n410412,1,25.666,0.0,0.0,0.0,32510.0,16.0,31.0,28.0,25.666,0.0,0.0,0.0,32510.0,16.0,31.0,28.0,25.83,0.0,0.0,0.0,32510.0,16.0,31.0,28.0,1614734634.948,2021-03-03 01:23:54.947999954
56596602062,r8024255-n410412,1,25.462,0.0,0.0,0.0,32510.0,16.0,30.832,29.96,25.462,0.0,0.0,0.0,32510.0,16.0,30.832,29.96,25.57,0.0,0.0,0.0,32510.0,16.0,31.0,30.0,1614735030.195,2021-03-03 01:30:30.194999933
56640495249,r8024255-n410412,0,195.672,80.649,54.153,6539.803,25970.197,16.0,67.916,71.589,193.569,79.596,53.472,6593.812,25916.188,16.0,67.805,71.431,253.04,94.0,63.0,6799.0,32510.0,16.0,71.0,75.0,1613527119.356,2021-02-17 01:58:39.355999947
56663362026,r8972851-n303509,0,198.278,81.107,54.378,6556.509,25953.491,16.0,67.904,72.585,196.571,80.363,53.935,6610.353,25899.647,16.0,67.843,72.501,249.85,94.0,64.0,6807.0,32510.0,16.0,70.0,76.0,1613606017.741,2021-02-17 23:53:37.740999937
56667914638,r9988778-n303766,0,187.365,76.339,51.048,6654.477,25855.523,16.0,68.587,74.15,183.908,74.667,49.986,6694.97,25815.03,16.0,68.038,73.466,257.59,96.0,68.0,6807.0,32510.0,16.0,74.0,81.0,1613462470.533,2021-02-16 08:01:10.532999992
56683242441,r6727430-n303509,0,27.109,0.0,0.0,3.014,32506.986,16.0,36.214,33.509,27.109,0.0,0.0,3.014,32506.986,16.0,36.214,33.509,27.25,0.0,0.0,4.0,32510.0,16.0,37.0,34.0,1613012793.697,2021-02-11 03:06:33.697000027
56708340761,r5179276-n948219,0,208.976,90.097,60.488,6650.816,25859.184,16.0,68.468,75.626,207.33,89.307,60.012,6670.982,25839.018,16.0,68.363,75.457,245.14,95.0,66.0,6807.0,32510.0,16.0,71.0,79.0,1613583470.797,2021-02-17 17:37:50.796999931
56717068185,r5179276-n948219,0,196.945,83.001,55.754,6642.36,25867.64,16.0,68.345,75.199,196.324,82.635,55.572,6670.685,25839.315,16.0,68.444,75.258,245.7,96.0,68.0,6799.0,32510.0,16.0,72.0,80.0,1613581216.308,2021-02-17 17:00:16.308000088
56723210608,r7462820-n410412,0,211.399,88.782,59.566,6641.951,25868.049,16.0,68.506,75.419,207.722,87.108,58.457,6650.078,25859.922,16.0,68.222,75.031,255.66,95.0,65.0,6807.0,32510.0,16.0,72.0,80.0,1613571945.579,2021-02-17 14:25:45.578999996
56750927661,r7462820-n410412,1,193.815,79.184,53.251,6494.342,26015.658,16.0,63.148,65.799,192.327,78.303,52.714,6567.355,25942.645,16.0,62.928,65.523,257.31,94.0,64.0,6799.0,32510.0,16.0,69.0,73.0,1613576314.991,2021-02-17 15:38:34.990999937
56804981650,r7753495-n303509,0,30.107,0.332,0.013,366.977,32143.023,16.0,33.653,31.86,45.166,12.629,2.117,1073.254,31436.746,16.0,36.833,34.82,100.25,44.0,9.0,1093.0,32510.0,16.0,46.0,45.0,1613383693.291,2021-02-15 10:08:13.290999889
56807814632,r1039410-n948219,0,25.902,0.0,0.0,3.882,32506.118,16.0,30.0,30.0,25.902,0.0,0.0,3.882,32506.118,16.0,30.0,30.0,26.07,0.0,0.0,4.0,32510.0,16.0,30.0,30.0,1613477350.975,2021-02-16 12:09:10.974999905
56807814632,r1039410-n948219,1,25.102,0.0,0.0,3.882,32506.118,16.0,30.0,27.0,25.102,0.0,0.0,3.882,32506.118,16.0,30.0,27.0,25.24,0.0,0.0,4.0,32510.0,16.0,30.0,27.0,1613477350.984,2021-02-16 12:09:10.983999968
56807814632,r2684277-n948219,0,26.453,0.0,0.0,3.745,32506.255,16.0,30.399,29.107,26.453,0.0,0.0,3.745,32506.255,16.0,30.399,29.107,26.6,0.0,0.0,4.0,32510.0,16.0,31.0,30.0,1613477350.975,2021-02-16 12:09:10.974999905
56807814632,r2684277-n948219,1,26.739,0.0,0.0,3.745,32506.255,16.0,30.0,28.003,26.739,0.0,0.0,3.745,32506.255,16.0,30.0,28.003,26.86,0.0,0.0,4.0,32510.0,16.0,30.0,29.0,1613477350.978,2021-02-16 12:09:10.977999926
56871501211,r492024-n303766,0,34.84,0.031,0.0,819.381,31690.619,16.0,35.347,33.459,37.02,0.078,0.04,23339.931,9170.069,16.0,36.991,35.166,230.59,100.0,74.0,31765.0,32510.0,16.0,42.0,47.0,1613229812.23,2021-02-13 15:23:32.230000019
56905505904,r8141575-n303766,0,46.937,1.716,0.249,486.847,32023.153,16.0,43.013,42.022,46.937,1.716,0.249,486.847,32023.153,16.0,43.013,42.022,170.02,98.0,41.0,3311.0,32510.0,16.0,45.0,44.0,1613942550.706,2021-02-21 21:22:30.706000090
56940367385,r9988778-n303766,0,32.206,0.557,0.017,765.104,31744.896,16.0,32.842,32.088,56.897,38.163,6.455,1134.529,31375.471,16.0,41.734,41.009,103.26,52.0,10.0,1159.0,32510.0,16.0,43.0,44.0,1613329285.317,2021-02-14 19:01:25.316999912
56956557043,r44132-n410412,1,26.375,0.004,0.0,28.276,32481.724,16.0,28.067,29.018,26.855,0.01,0.0,49.445,32460.555,16.0,28.157,29.065,36.66,9.0,0.0,517.0,32510.0,16.0,30.0,30.0,1613371916.587,2021-02-15 06:51:56.586999893
56970211253,r5179276-n948219,0,207.247,89.388,60.013,6648.771,25861.229,16.0,68.65,75.639,204.624,87.889,59.037,6649.865,25860.135,16.0,68.386,75.291,244.78,95.0,65.0,6807.0,32510.0,16.0,72.0,79.0,1613583113.826,2021-02-17 17:31:53.825999975
56982177843,r5179276-n948219,0,209.65,90.923,61.095,6647.229,25862.771,16.0,68.523,74.601,209.621,91.05,61.173,6661.464,25848.536,16.0,68.487,74.56,245.78,95.0,65.0,6799.0,32510.0,16.0,72.0,78.0,1613438735.366,2021-02-16 01:25:35.365999937
57000771793,r1039410-n303509,0,31.515,2.939,0.014,129.483,32380.517,16.0,38.415,36.51,31.515,2.939,0.014,129.483,32380.517,16.0,38.415,36.51,57.3,99.0,1.0,732.0,32510.0,16.0,40.0,37.0,1613082110.543,2021-02-11 22:21:50.542999983
57090923632,r4506251-n303766,0,56.29,44.844,4.594,20281.531,12228.469,16.0,39.772,40.348,67.403,67.318,6.819,27289.271,5220.729,16.0,43.869,44.696,96.12,100.0,8.0,31023.0,32510.0,16.0,47.0,48.0,1613472515.692,2021-02-16 10:48:35.691999912
57116443881,r974863-n410412,1,198.315,87.564,58.983,6617.393,25892.607,16.0,60.587,63.78,196.374,86.5,58.32,6645.894,25864.106,16.0,60.761,63.92,240.27,96.0,66.0,6799.0,32510.0,16.0,64.0,68.0,1613448522.9,2021-02-16 04:08:42.900000095
57121199546,r9852763-n200569,1,29.052,0.0,0.0,0.0,32510.0,16.0,30.0,29.976,29.052,0.0,0.0,0.0,32510.0,16.0,30.0,29.976,29.08,0.0,0.0,0.0,32510.0,16.0,30.0,30.0,1614718322.506,2021-03-02 20:52:02.506000042
57144032820,r8275852-n303766,0,118.321,65.586,14.187,1982.761,30527.239,16.0,52.789,49.751,165.41,96.564,20.954,4211.011,28298.989,16.0,66.949,64.107,210.34,100.0,29.0,4231.0,32510.0,16.0,72.0,70.0,1613676303.569,2021-02-18 19:25:03.569000006
57154078506,r5354770-n750018,0,25.727,0.0,0.0,0.0,32510.0,16.0,28.338,28.001,25.748,0.0,0.0,0.0,32510.0,16.0,28.663,28.152,26.09,0.0,0.0,0.0,32510.0,16.0,29.0,29.0,1614759517.418,2021-03-03 08:18:37.417999983
57154078506,r5354770-n750018,1,26.893,0.0,0.0,0.0,32510.0,16.0,28.588,28.392,26.885,0.0,0.0,0.0,32510.0,16.0,28.581,28.365,27.26,0.0,0.0,0.0,32510.0,16.0,29.0,29.0,1614759517.425,2021-03-03 08:18:37.424999952
57156085806,r5051220-n772143,1,45.917,25.149,3.769,29455.724,3054.276,16.0,36.562,35.977,45.543,22.687,3.356,31027.802,1482.198,16.0,35.912,34.987,101.48,100.0,6.0,31071.0,32510.0,16.0,38.0,38.0,1614730406.679,2021-03-03 00:13:26.678999901
57187520167,r974863-n410412,0,26.434,0.0,0.0,0.0,32510.0,16.0,38.763,38.446,26.434,0.0,0.0,0.0,32510.0,16.0,38.763,38.446,26.86,0.0,0.0,0.0,32510.0,16.0,40.0,40.0,1612997276.148,2021-02-10 22:47:56.148000002
57214754581,r414303-n303509,0,215.065,90.276,60.564,6644.451,25865.549,16.0,68.273,76.822,215.335,90.446,60.693,6662.285,25847.715,16.0,68.329,76.867,252.45,95.0,65.0,6801.0,32510.0,16.0,71.0,80.0,1613436612.992,2021-02-16 00:50:12.992000103
57217150502,r810901-n303509,0,43.535,13.067,6.072,16164.581,16345.419,16.0,34.632,34.125,62.664,26.799,12.664,29652.053,2857.947,16.0,41.813,42.416,95.29,100.0,21.0,30651.0,32510.0,16.0,48.0,50.0,1612952329.109,2021-02-10 10:18:49.108999968
57219511217,r2215649-n410412,0,26.668,0.0,0.0,0.0,32510.0,16.0,35.0,32.0,26.668,0.0,0.0,0.0,32510.0,16.0,35.0,32.0,26.68,0.0,0.0,0.0,32510.0,16.0,35.0,32.0,1614113518.946,2021-02-23 20:51:58.946000099
57284744057,r4605940-n303509,1,43.163,17.404,6.363,868.855,31641.145,16.0,32.397,32.803,44.534,19.054,6.922,966.543,31543.457,16.0,32.843,33.281,71.49,45.0,18.0,1333.0,32510.0,16.0,35.0,36.0,1612828998.489,2021-02-09 00:03:18.489000082
57304990340,r9648383-n410412,0,26.402,0.0,0.0,0.0,32510.0,16.0,32.0,31.991,26.402,0.0,0.0,0.0,32510.0,16.0,32.0,31.991,26.51,0.0,0.0,0.0,32510.0,16.0,32.0,32.0,1614734634.965,2021-03-03 01:23:54.964999914
57304990340,r9648383-n410412,1,26.855,0.0,0.0,0.0,32510.0,16.0,32.0,29.016,26.855,0.0,0.0,0.0,32510.0,16.0,32.0,29.016,26.99,0.0,0.0,0.0,32510.0,16.0,32.0,30.0,1614734634.968,2021-03-03 01:23:54.967999935
57344760839,r3974592-n303509,1,24.829,0.0,0.0,3.95,32506.05,16.0,28.0,26.999,24.829,0.0,0.0,3.95,32506.05,16.0,28.0,26.999,25.1,0.0,0.0,4.0,32510.0,16.0,28.0,27.0,1613289247.246,2021-02-14 07:54:07.246000051
57386941605,r1039410-n948219,0,25.836,0.0,0.0,0.002,32509.998,16.0,30.0,30.0,25.836,0.0,0.0,0.002,32509.998,16.0,30.0,30.0,26.03,0.0,0.0,4.0,32510.0,16.0,30.0,30.0,1614401779.507,2021-02-27 04:56:19.506999969
57386941605,r1039410-n948219,1,25.065,0.0,0.0,0.004,32509.996,16.0,30.0,27.005,25.065,0.0,0.0,0.004,32509.996,16.0,30.0,27.005,25.18,0.0,0.0,4.0,32510.0,16.0,30.0,28.0,1614401779.511,2021-02-27 04:56:19.510999918
57388078756,r7317916-n948219,0,189.037,83.759,56.309,6632.845,25877.155,16.0,66.719,74.422,188.363,83.415,56.127,6662.627,25847.373,16.0,66.796,74.555,236.25,95.0,66.0,6799.0,32510.0,16.0,71.0,80.0,1613478268.652,2021-02-16 12:24:28.651999950
57396119616,r7269000-n303509,0,216.875,91.008,60.981,6641.122,25868.878,16.0,67.888,73.085,214.666,89.821,60.217,6635.363,25874.637,16.0,67.834,72.941,254.8,95.0,66.0,6801.0,32510.0,16.0,71.0,76.0,1613575833.111,2021-02-17 15:30:33.111000061
57442936922,r492024-n410412,0,28.103,0.0,0.0,0.0,32510.0,16.0,32.0,30.0,28.103,0.0,0.0,0.0,32510.0,16.0,32.0,30.0,28.15,0.0,0.0,0.0,32510.0,16.0,32.0,30.0,1614734566.642,2021-03-03 01:22:46.641999960
57479513493,r7269000-n303509,0,217.574,91.212,61.134,6646.614,25863.386,16.0,68.282,73.313,214.282,89.454,60.011,6666.852,25843.148,16.0,68.033,72.962,254.34,96.0,66.0,6799.0,32510.0,16.0,71.0,76.0,1613584159.065,2021-02-17 17:49:19.065000057
57493078898,r492024-n303766,0,32.933,0.033,0.0,670.408,31839.592,16.0,34.361,32.583,36.901,0.123,0.062,28550.579,3959.421,16.0,36.427,34.545,236.44,100.0,80.0,29311.0,32510.0,16.0,42.0,47.0,1613209130.598,2021-02-13 09:38:50.598000050
57511224041,r7141590-n303509,0,26.859,0.0,0.0,0.0,32510.0,16.0,39.0,38.0,26.859,0.0,0.0,0.0,32510.0,16.0,39.0,38.0,27.06,0.0,0.0,0.0,32510.0,16.0,39.0,38.0,1613144915.587,2021-02-12 15:48:35.586999893
57530298975,r974863-n410412,0,26.039,0.0,0.0,2.972,32507.028,16.0,37.0,36.847,26.039,0.0,0.0,2.972,32507.028,16.0,37.0,36.847,26.32,0.0,0.0,4.0,32510.0,16.0,37.0,37.0,1613011564.244,2021-02-11 02:46:04.243999958
57534584715,r1051355-n172107,1,41.298,26.295,1.77,30344.087,2165.913,16.0,37.767,34.697,40.394,23.441,1.554,31048.32,1461.68,16.0,36.854,33.562,53.26,100.0,6.0,31071.0,32510.0,16.0,41.0,38.0,1614737053.629,2021-03-03 02:04:13.628999949
57540608014,r492024-n303766,0,195.935,81.851,54.958,6460.931,26049.069,16.0,67.609,72.157,186.329,76.887,51.64,6546.422,25963.578,16.0,66.744,70.935,249.98,94.0,64.0,6807.0,32510.0,16.0,72.0,77.0,1613439871.21,2021-02-16 01:44:31.210000038
57550345073,r6727430-n303509,0,26.707,0.0,0.0,0.0,32510.0,16.0,34.0,31.0,66.184,34.437,8.845,1009.904,31500.096,16.0,44.192,41.905,113.93,50.0,14.0,1093.0,32510.0,16.0,47.0,46.0,1613401915.44,2021-02-15 15:11:55.440000057
57628777704,r44132-n303766,0,205.736,85.87,57.645,6428.362,26081.638,16.0,67.427,74.452,203.886,85.008,57.097,6463.641,26046.359,16.0,67.449,74.429,251.38,95.0,65.0,6807.0,32510.0,16.0,70.0,78.0,1613463549.678,2021-02-16 08:19:09.677999973
57634794647,r4506251-n410412,1,25.909,0.0,0.0,0.0,32510.0,16.0,31.52,28.646,25.909,0.0,0.0,0.0,32510.0,16.0,31.52,28.646,26.02,0.0,0.0,0.0,32510.0,16.0,32.0,29.0,1614735030.163,2021-03-03 01:30:30.163000107
57662313835,r44132-n303766,0,206.488,86.492,58.037,6554.01,25955.99,16.0,68.058,75.361,205.696,86.006,57.759,6594.787,25915.213,16.0,68.036,75.29,251.48,95.0,65.0,6807.0,32510.0,16.0,71.0,79.0,1613453455.016,2021-02-16 05:30:55.016000032
57688122181,r974863-n303766,0,29.539,0.44,0.025,181.422,32328.578,16.0,39.812,37.696,29.539,0.44,0.025,181.422,32328.578,16.0,39.812,37.696,164.12,85.0,5.0,1477.0,32510.0,16.0,45.0,39.0,1613853415.507,2021-02-20 20:36:55.506999969
57689884631,r974863-n410412,0,26.033,0.0,0.0,2.965,32507.035,16.0,37.0,36.816,26.033,0.0,0.0,2.965,32507.035,16.0,37.0,36.816,26.26,0.0,0.0,4.0,32510.0,16.0,37.0,37.0,1613011441.067,2021-02-11 02:44:01.066999911
57719617660,r4605940-n948219,0,108.024,65.381,30.754,26303.414,6206.586,16.0,48.296,48.444,133.56,85.237,40.143,30941.328,1568.672,16.0,59.824,61.152,143.35,89.0,42.0,31023.0,32510.0,16.0,64.0,66.0,1614478643.15,2021-02-28 02:17:23.150000095
57769060421,r974863-n410412,0,216.394,90.896,60.835,6642.926,25867.074,16.0,68.484,73.658,214.649,90.075,60.344,6661.692,25848.308,16.0,68.324,73.491,262.76,96.0,66.0,6801.0,32510.0,16.0,71.0,77.0,1613445288.537,2021-02-16 03:14:48.536999941
57833297880,r5354770-n172107,0,43.176,20.875,3.404,29882.041,2627.959,16.0,35.082,32.521,44.152,21.336,3.372,31036.992,1473.008,16.0,38.864,36.4,99.73,39.0,6.0,31071.0,32510.0,16.0,40.0,38.0,1614731325.108,2021-03-03 00:28:45.108000040
57842194187,r4506251-n410412,1,25.957,0.0,0.0,0.0,32510.0,16.0,31.333,28.667,25.957,0.0,0.0,0.0,32510.0,16.0,31.333,28.667,26.0,0.0,0.0,0.0,32510.0,16.0,32.0,29.0,1614734668.964,2021-03-03 01:24:28.963999987
57846258976,r8141575-n410412,0,39.044,0.17,0.002,1095.022,31414.978,16.0,37.775,35.825,39.044,0.17,0.002,1095.022,31414.978,16.0,37.775,35.825,40.95,24.0,1.0,1203.0,32510.0,16.0,39.0,37.0,1614620822.182,2021-03-01 17:47:02.181999922
57846258976,r8141575-n410412,1,27.267,0.0,0.0,3.821,32506.179,16.0,34.622,33.261,27.267,0.0,0.0,3.821,32506.179,16.0,34.622,33.261,28.09,0.0,0.0,4.0,32510.0,16.0,38.0,37.0,1614620822.23,2021-03-01 17:47:02.230000019
57869157658,r8275852-n410412,0,74.472,66.857,8.056,30345.866,2164.134,16.0,44.756,45.079,76.57,71.893,8.585,30993.267,1516.733,16.0,45.48,45.816,93.17,100.0,10.0,31023.0,32510.0,16.0,47.0,47.0,1613689725.915,2021-02-18 23:08:45.914999962
57894468410,r1051355-n172107,0,39.688,21.303,1.743,29809.117,2700.883,16.0,37.634,36.187,39.746,21.192,1.523,31030.095,1479.905,16.0,37.237,35.985,52.42,100.0,6.0,31071.0,32510.0,16.0,38.0,37.0,1614735817.596,2021-03-03 01:43:37.595999956
57926608082,r7269000-n948219,0,204.957,83.478,55.613,6527.593,25982.407,16.0,66.237,69.044,206.045,83.961,55.927,6575.405,25934.595,16.0,66.682,69.582,264.06,95.0,64.0,6793.0,32510.0,16.0,71.0,75.0,1613441609.932,2021-02-16 02:13:29.931999922
57932866527,r8141575-n410412,1,40.403,0.083,0.002,1310.963,31199.037,16.0,42.638,41.538,59.119,13.303,3.543,4054.709,28455.291,16.0,41.456,39.779,249.75,100.0,42.0,26395.0,32510.0,16.0,63.0,65.0,1614638779.911,2021-03-01 22:46:19.911000013
57941957744,r6727430-n303509,0,192.038,80.2,53.917,6641.027,25868.973,16.0,68.193,72.561,191.978,80.303,54.003,6673.313,25836.687,16.0,68.135,72.51,246.95,95.0,65.0,6793.0,32510.0,16.0,72.0,77.0,1613440607.76,2021-02-16 01:56:47.759999990
58020061057,r8275852-n303766,0,36.918,0.809,0.129,988.408,31521.592,16.0,37.068,35.364,41.843,1.09,0.178,1389.848,31120.152,16.0,40.581,38.619,74.06,61.0,10.0,1407.0,32510.0,16.0,42.0,41.0,1613573964.859,2021-02-17 14:59:24.858999968
58022511108,r414303-n303509,0,38.744,3.946,0.993,619.709,31890.291,16.0,38.117,38.102,75.482,43.143,11.463,1073.225,31436.775,16.0,48.115,49.249,121.33,54.0,16.0,1093.0,32510.0,16.0,53.0,55.0,1613091240.673,2021-02-12 00:54:00.673000097
58099422290,r44132-n303766,0,178.353,71.387,47.852,6625.955,25884.045,16.0,67.029,72.662,177.665,70.948,47.622,6679.947,25830.053,16.0,66.762,72.424,252.26,95.0,65.0,6799.0,32510.0,16.0,73.0,80.0,1613468571.796,2021-02-16 09:42:51.796000004
58117322031,r7753495-n303509,0,51.778,14.519,3.993,1047.627,31462.373,16.0,41.588,39.53,70.906,34.28,9.554,1088.159,31421.841,16.0,48.795,47.22,112.61,47.0,14.0,1093.0,32510.0,16.0,51.0,50.0,1613358579.64,2021-02-15 03:09:39.640000105
58156981987,r4144777-n303509,0,31.752,0.38,0.017,536.857,31973.143,16.0,33.981,31.801,60.299,31.442,7.491,1575.445,30934.555,16.0,41.982,39.378,104.14,46.0,12.0,1605.0,32510.0,16.0,43.0,41.0,1614459269.622,2021-02-27 20:54:29.621999979
58208027654,r7462820-n303766,1,150.682,61.843,41.553,6441.741,26068.259,16.0,51.696,54.185,161.782,67.49,45.408,6568.362,25941.638,16.0,54.616,57.52,246.66,96.0,67.0,6807.0,32510.0,16.0,73.0,78.0,1613649975.842,2021-02-18 12:06:15.842000008
58234767667,r7462820-n410412,0,193.594,78.897,52.952,6506.549,26003.451,16.0,67.788,73.383,192.627,78.48,52.714,6575.561,25934.439,16.0,67.702,73.265,252.72,94.0,64.0,6807.0,32510.0,16.0,71.0,77.0,1613579622.541,2021-02-17 16:33:42.540999889
58283216580,r4144777-n303509,0,37.437,0.474,0.004,1156.595,31353.405,16.0,38.513,35.894,61.856,35.139,7.518,1602.398,30907.602,16.0,43.643,41.148,123.21,50.0,13.0,1605.0,32510.0,16.0,46.0,44.0,1613170450.521,2021-02-12 22:54:10.520999907
58315831059,r7269000-n948219,0,27.788,0.0,0.0,0.606,32509.394,16.0,38.273,37.091,27.788,0.0,0.0,0.606,32509.394,16.0,38.273,37.091,28.1,0.0,0.0,4.0,32510.0,16.0,39.0,38.0,1613430009.489,2021-02-15 23:00:09.489000082
58355521198,r9170217-n948219,0,27.679,0.0,0.0,0.0,32510.0,16.0,34.0,32.833,27.679,0.0,0.0,0.0,32510.0,16.0,34.0,32.833,27.78,0.0,0.0,0.0,32510.0,16.0,34.0,33.0,1613429361.568,2021-02-15 22:49:21.568000078
58361456036,r414303-n948219,0,26.278,0.0,0.0,0.0,32510.0,16.0,31.0,29.735,63.983,37.185,11.264,2607.543,29902.457,16.0,40.968,39.043,119.37,53.0,18.0,2631.0,32510.0,16.0,43.0,41.0,1614443291.973,2021-02-27 16:28:11.973000050
58414061172,r1039410-n948219,0,25.804,0.0,0.0,0.0,32510.0,16.0,29.994,29.939,25.804,0.0,0.0,0.0,32510.0,16.0,29.994,29.939,25.84,0.0,0.0,0.0,32510.0,16.0,30.0,30.0,1613651214.279,2021-02-18 12:26:54.279000044
58414061172,r1039410-n948219,1,25.001,0.0,0.0,0.0,32510.0,16.0,30.0,26.595,25.001,0.0,0.0,0.0,32510.0,16.0,30.0,26.595,25.16,0.0,0.0,0.0,32510.0,16.0,30.0,27.0,1613651214.282,2021-02-18 12:26:54.282000065
58414061172,r2684277-n948219,0,26.324,0.0,0.0,0.0,32510.0,16.0,30.0,28.999,26.324,0.0,0.0,0.0,32510.0,16.0,30.0,28.999,26.43,0.0,0.0,0.0,32510.0,16.0,30.0,29.0,1613651214.266,2021-02-18 12:26:54.266000032
58414061172,r2684277-n948219,1,26.631,0.0,0.0,0.0,32510.0,16.0,29.0,27.955,26.631,0.0,0.0,0.0,32510.0,16.0,29.0,27.955,26.72,0.0,0.0,0.0,32510.0,16.0,29.0,28.0,1613651214.276,2021-02-18 12:26:54.276000023
58424808139,r9170217-n948219,0,175.345,72.314,48.602,6506.084,26003.916,16.0,63.578,67.684,176.3,72.206,48.551,6565.427,25944.573,16.0,64.108,68.267,244.76,94.0,63.0,6801.0,32510.0,16.0,68.0,74.0,1613585802.234,2021-02-17 18:16:42.233999968
58446406458,r4099734-n172107,1,42.441,24.574,1.728,30108.187,2401.813,16.0,35.791,33.939,42.059,23.238,1.585,31040.863,1469.137,16.0,34.919,33.199,68.43,34.0,3.0,31071.0,32510.0,16.0,37.0,35.0,1614723869.218,2021-03-02 22:24:29.217999935
58520965737,r7462820-n410412,0,208.392,87.039,58.376,6636.065,25873.935,16.0,68.338,74.537,206.477,86.231,57.845,6642.886,25867.114,16.0,68.202,74.339,254.02,98.0,65.0,6807.0,32510.0,16.0,72.0,78.0,1613586564.66,2021-02-17 18:29:24.660000086
58568306530,r7269000-n948219,0,206.284,83.314,55.456,6507.042,26002.958,16.0,68.371,71.52,204.784,82.502,54.963,6564.826,25945.174,16.0,68.217,71.336,263.49,94.0,64.0,6799.0,32510.0,16.0,72.0,76.0,1613444924.703,2021-02-16 03:08:44.703000069
58569670754,r5179276-n948219,0,46.985,23.644,3.872,30593.119,1916.881,16.0,41.336,39.943,46.112,20.306,3.306,31056.51,1453.49,16.0,41.277,39.957,101.87,100.0,6.0,31071.0,32510.0,16.0,42.0,41.0,1613424847.516,2021-02-15 21:34:07.516000032
58588140859,r3974592-n172107,0,45.934,28.02,3.601,30322.726,2187.274,16.0,30.481,29.356,44.886,24.394,3.24,31049.17,1460.83,16.0,29.863,28.768,78.61,100.0,6.0,31071.0,32510.0,16.0,31.0,30.0,1614747179.648,2021-03-03 04:52:59.648000002
58602988337,r414303-n303509,0,33.472,0.095,0.033,5522.282,26987.718,16.0,43.619,44.647,148.157,78.46,43.367,29471.449,3038.551,16.0,63.539,69.521,245.65,100.0,62.0,31127.0,32510.0,16.0,72.0,81.0,1612971351.381,2021-02-10 15:35:51.381000042
58602988337,r414303-n303509,1,32.033,1.794,0.35,11468.613,21041.387,16.0,38.645,36.259,138.165,79.454,42.73,29855.326,2654.674,16.0,57.578,60.673,236.25,100.0,62.0,31127.0,32510.0,16.0,69.0,74.0,1612971351.384,2021-02-10 15:35:51.384000063
58660621088,r3974592-n172107,0,59.542,26.467,11.086,29109.753,3400.247,16.0,31.677,31.162,58.355,27.093,11.191,31016.339,1493.661,16.0,31.706,31.055,125.35,47.0,20.0,31071.0,32510.0,16.0,34.0,34.0,1614715744.699,2021-03-02 20:09:04.698999882
58717225052,r3974592-n172107,1,49.343,26.338,7.337,30375.917,2134.083,16.0,30.117,28.891,48.133,25.479,7.055,31051.595,1458.405,16.0,29.943,28.503,106.97,100.0,11.0,31071.0,32510.0,16.0,31.0,30.0,1614747672.305,2021-03-03 05:01:12.305000067
58722090524,r8972851-n303509,0,129.819,50.067,34.109,1855.053,30654.947,16.0,51.254,54.363,216.425,92.843,63.938,3288.757,29221.243,16.0,68.343,74.26,241.5,99.0,70.0,7145.0,32510.0,16.0,73.0,80.0,1613577233.726,2021-02-17 15:53:53.726000071
58729630773,r4506251-n410412,0,57.755,24.815,5.78,985.458,31524.542,16.0,44.946,43.564,75.115,39.487,9.394,1507.805,31002.195,16.0,51.065,49.872,124.72,53.0,14.0,1539.0,32510.0,16.0,53.0,52.0,1613240181.905,2021-02-13 18:16:21.904999971
58739261088,r5051220-n172107,0,42.085,20.97,3.382,29036.133,3473.867,16.0,35.299,31.515,43.361,22.251,3.511,31010.426,1499.574,16.0,37.243,33.692,93.53,40.0,6.0,31071.0,32510.0,16.0,38.0,35.0,1614715475.75,2021-03-02 20:04:35.750000000
58771432131,r9170217-n303509,0,33.444,0.444,0.017,649.814,31860.186,16.0,33.761,30.239,66.053,41.267,10.716,1543.31,30966.69,16.0,44.682,41.019,125.51,58.0,17.0,1605.0,32510.0,16.0,47.0,44.0,1613317428.412,2021-02-14 15:43:48.411999941
58793914423,r810901-n172107,0,26.675,0.0,0.0,0.0,32510.0,16.0,31.0,30.0,26.675,0.0,0.0,0.0,32510.0,16.0,31.0,30.0,26.68,0.0,0.0,0.0,32510.0,16.0,31.0,30.0,1614716594.736,2021-03-02 20:23:14.736000061
58793914423,r810901-n172107,1,25.225,0.0,0.0,0.0,32510.0,16.0,30.0,30.0,25.225,0.0,0.0,0.0,32510.0,16.0,30.0,30.0,25.23,0.0,0.0,0.0,32510.0,16.0,30.0,30.0,1614716594.739,2021-03-02 20:23:14.739000082
58844228286,r4144777-n200569,0,26.541,0.0,0.0,0.004,32509.996,16.0,29.0,27.0,28.124,0.0,0.0,0.0,32510.0,16.0,37.946,36.101,28.86,0.0,0.0,4.0,32510.0,16.0,39.0,38.0,1614723250.151,2021-03-02 22:14:10.151000023
58864514471,r216287-n303509,1,27.298,0.0,0.0,1.697,32508.303,16.0,36.0,34.0,27.298,0.0,0.0,1.697,32508.303,16.0,36.0,34.0,27.49,0.0,0.0,4.0,32510.0,16.0,36.0,34.0,1612829845.83,2021-02-09 00:17:25.829999924
58882659096,r9170217-n303509,0,36.612,1.21,0.296,765.774,31744.226,16.0,40.972,37.305,71.806,37.842,11.395,1562.408,30947.592,16.0,50.845,47.28,116.13,47.0,15.0,1605.0,32510.0,16.0,53.0,50.0,1613057458.21,2021-02-11 15:30:58.210000038
58900688086,r974863-n410412,0,215.375,91.185,61.081,6648.827,25861.173,16.0,64.174,68.842,213.879,90.324,60.555,6667.469,25842.531,16.0,64.655,69.361,259.95,96.0,66.0,6799.0,32510.0,16.0,73.0,78.0,1613455053.071,2021-02-16 05:57:33.071000099
59053931856,r414303-n948219,0,133.699,58.104,38.629,1792.577,30717.423,16.0,52.567,54.195,204.73,95.539,64.043,2869.485,29640.515,16.0,68.383,73.351,237.25,100.0,67.0,4309.0,32510.0,16.0,72.0,78.0,1613948520.181,2021-02-21 23:02:00.180999994
59072553188,r7141590-n948219,0,214.29,89.171,59.637,6633.06,25876.94,16.0,68.459,73.544,214.093,89.172,59.642,6652.432,25857.568,16.0,68.416,73.513,264.1,100.0,65.0,6793.0,32510.0,16.0,72.0,77.0,1613433365.183,2021-02-15 23:56:05.183000088
59077350377,r9480604-n303766,0,28.925,0.0,0.0,2.158,32507.842,16.0,34.844,32.861,28.925,0.0,0.0,2.158,32507.842,16.0,34.844,32.861,44.78,0.0,0.0,4.0,32510.0,16.0,37.0,34.0,1613954907.487,2021-02-22 00:48:27.486999989
59157356526,r4506251-n410412,0,35.642,0.455,0.006,651.096,31858.904,16.0,38.283,36.937,64.091,33.246,7.202,1599.228,30910.772,16.0,46.582,45.171,128.94,53.0,15.0,1605.0,32510.0,16.0,50.0,50.0,1613184838.405,2021-02-13 02:53:58.404999971
59181494040,r4099734-n200569,0,25.681,0.0,0.0,0.0,32510.0,16.0,30.0,29.941,25.681,0.0,0.0,0.0,32510.0,16.0,30.0,29.941,25.85,0.0,0.0,0.0,32510.0,16.0,30.0,30.0,1614716459.413,2021-03-02 20:20:59.413000107
59202725861,r9170217-n303509,0,25.946,0.0,0.0,0.022,32509.978,16.0,31.978,29.0,25.946,0.0,0.0,0.022,32509.978,16.0,31.978,29.0,26.08,0.0,0.0,4.0,32510.0,16.0,32.0,29.0,1614729480.197,2021-03-02 23:58:00.197000027
59202725861,r9170217-n303509,1,24.835,0.0,0.0,0.022,32509.978,16.0,29.0,27.989,24.835,0.0,0.0,0.022,32509.978,16.0,29.0,27.989,24.94,0.0,0.0,4.0,32510.0,16.0,29.0,28.0,1614729480.2,2021-03-02 23:58:00.200000048
59217233317,r7753495-n772143,0,40.461,2.544,0.534,18189.916,14320.084,16.0,31.835,29.709,40.461,2.544,0.534,18189.916,14320.084,16.0,31.835,29.709,202.77,100.0,28.0,27191.0,32510.0,16.0,36.0,33.0,1614726869.538,2021-03-02 23:14:29.538000107
59217233317,r7753495-n772143,1,42.298,2.664,0.589,19784.807,12725.193,16.0,31.717,30.371,42.298,2.664,0.589,19784.807,12725.193,16.0,31.717,30.371,204.54,100.0,28.0,28939.0,32510.0,16.0,36.0,33.0,1614726869.541,2021-03-02 23:14:29.540999889
59259996423,r7141590-n303509,0,33.08,2.985,1.769,1523.413,30986.587,16.0,38.882,38.181,33.08,2.985,1.769,1523.413,30986.587,16.0,38.882,38.181,221.85,75.0,47.0,12133.0,32510.0,16.0,48.0,48.0,1613468114.96,2021-02-16 09:35:14.960000038
59264127443,r8473362-n410412,0,39.499,33.427,0.0,1031.939,31478.061,16.0,39.317,36.763,39.401,33.527,0.0,1039.504,31470.496,16.0,38.782,36.204,44.24,48.0,0.0,1065.0,32510.0,16.0,40.0,38.0,1613789992.492,2021-02-20 02:59:52.492000103
59316328505,r8141575-n303766,0,201.431,89.687,59.622,2711.322,29798.678,16.0,65.924,69.486,215.99,95.722,63.911,2879.932,29630.068,16.0,68.376,72.588,263.71,100.0,67.0,3779.0,32510.0,16.0,73.0,78.0,1613942596.701,2021-02-21 21:23:16.700999975
59333947736,r7462820-n410412,0,208.848,87.366,58.628,6617.639,25892.361,16.0,68.093,74.317,207.336,86.67,58.204,6643.652,25866.348,16.0,68.016,74.208,252.57,94.0,65.0,6801.0,32510.0,16.0,70.0,77.0,1613584689.804,2021-02-17 17:58:09.803999901
59344379228,r7317916-n948219,0,187.903,81.341,54.704,6555.758,25954.242,16.0,67.63,74.861,186.897,80.724,54.332,6606.677,25903.323,16.0,67.592,74.827,240.78,94.0,64.0,6799.0,32510.0,16.0,72.0,80.0,1613483060.279,2021-02-16 13:44:20.279000044
59347859695,r4144777-n303509,0,38.208,3.767,0.641,1581.126,30928.874,16.0,34.126,32.049,38.208,3.767,0.641,1581.126,30928.874,16.0,34.126,32.049,84.67,65.0,27.0,7947.0,32510.0,16.0,36.0,36.0,1614179378.512,2021-02-24 15:09:38.512000083
59366171946,r7269000-n948219,0,27.952,0.0,0.0,0.286,32509.714,16.0,39.0,38.0,27.952,0.0,0.0,0.286,32509.714,16.0,39.0,38.0,28.16,0.0,0.0,4.0,32510.0,16.0,39.0,38.0,1613429800.907,2021-02-15 22:56:40.907000065
59372255496,r8141575-n303766,0,37.165,0.0,0.0,2.534,32507.466,16.0,42.248,41.95,37.165,0.0,0.0,2.534,32507.466,16.0,42.248,41.95,46.12,0.0,0.0,4.0,32510.0,16.0,43.0,42.0,1613942574.982,2021-02-21 21:22:54.982000113
59406591318,r7462820-n410412,0,208.21,86.51,58.031,6585.636,25924.364,16.0,67.965,74.062,206.618,85.876,57.665,6619.981,25890.019,16.0,67.917,73.977,252.05,94.0,65.0,6799.0,32510.0,16.0,70.0,77.0,1613587294.506,2021-02-17 18:41:34.506000042
59469346095,r204106-n200569,0,27.716,0.0,0.0,0.0,32510.0,16.0,32.998,30.998,27.716,0.0,0.0,0.0,32510.0,16.0,32.998,30.998,27.83,0.0,0.0,0.0,32510.0,16.0,33.0,31.0,1614716446.319,2021-03-02 20:20:46.319000006
59469346095,r204106-n200569,1,25.679,0.0,0.0,0.0,32510.0,16.0,30.0,27.818,25.679,0.0,0.0,0.0,32510.0,16.0,30.0,27.818,25.78,0.0,0.0,0.0,32510.0,16.0,30.0,28.0,1614716446.322,2021-03-02 20:20:46.322000027
59497389874,r44132-n410412,0,28.69,0.195,0.006,985.875,31524.125,16.0,31.136,29.153,28.237,0.12,0.003,732.508,31777.492,16.0,31.459,30.034,52.45,91.0,5.0,1403.0,32510.0,16.0,35.0,33.0,1613389813.536,2021-02-15 11:50:13.536000013
59497389874,r44132-n410412,1,28.43,0.238,0.006,2025.111,30484.889,16.0,29.366,29.89,26.669,0.12,0.003,2124.762,30385.238,16.0,28.971,29.668,50.06,93.0,4.0,2791.0,32510.0,16.0,32.0,32.0,1613389813.539,2021-02-15 11:50:13.539000034
59529878515,r4506251-n410412,0,37.328,0.631,0.098,846.105,31663.895,16.0,37.893,36.376,40.162,0.298,0.05,1392.596,31117.404,16.0,38.953,37.016,80.28,60.0,11.0,1407.0,32510.0,16.0,42.0,40.0,1613052635.096,2021-02-11 14:10:35.095999956
59545301890,r8275852-n410412,0,32.115,0.024,0.0,269.461,32240.539,16.0,36.759,37.726,40.449,5.249,0.0,1143.42,31366.58,16.0,38.64,39.208,46.56,47.0,1.0,1145.0,32510.0,16.0,40.0,41.0,1613510486.675,2021-02-16 21:21:26.674999952
59554969100,r4506251-n303766,0,178.712,70.017,46.972,6646.946,25863.054,16.0,65.496,71.161,184.02,72.765,48.874,6692.124,25817.876,16.0,66.295,72.22,255.49,95.0,64.0,6807.0,32510.0,16.0,71.0,79.0,1613465762.273,2021-02-16 08:56:02.273000002
59592122607,r9170217-n303509,1,163.86,64.489,43.304,6484.636,26025.364,16.0,53.826,56.071,172.901,69.185,46.493,6589.76,25920.24,16.0,55.297,57.872,254.65,94.0,64.0,6807.0,32510.0,16.0,62.0,66.0,1613438609.318,2021-02-16 01:23:29.318000078
59630835411,r216287-n303509,1,68.92,43.103,16.692,1278.603,31231.397,16.0,43.369,42.615,68.92,43.103,16.692,1278.603,31231.397,16.0,43.369,42.615,77.63,49.0,19.0,1331.0,32510.0,16.0,44.0,44.0,1612829154.725,2021-02-09 00:05:54.724999905
59633668281,r974863-n410412,1,203.516,90.922,61.095,6648.15,25861.85,16.0,60.079,63.364,202.212,89.984,60.529,6667.253,25842.747,16.0,60.996,64.391,243.12,95.0,65.0,6801.0,32510.0,16.0,70.0,74.0,1613452524.242,2021-02-16 05:15:24.242000103
59643007832,r44132-n303766,0,209.445,88.031,59.066,6628.272,25881.728,16.0,68.543,75.786,208.0,87.267,58.616,6655.029,25854.971,16.0,68.385,75.585,251.67,94.0,66.0,6801.0,32510.0,16.0,72.0,80.0,1613464671.408,2021-02-16 08:37:51.407999992
59684632991,r9170217-n948219,0,36.487,2.404,0.019,416.692,32093.308,16.0,33.846,32.0,36.487,2.404,0.019,416.692,32093.308,16.0,33.846,32.0,39.08,23.0,1.0,1197.0,32510.0,16.0,34.0,32.0,1613429532.245,2021-02-15 22:52:12.244999886
59711965846,r7419443-n948219,0,48.1,21.709,5.489,794.791,31715.209,16.0,34.278,32.764,67.589,40.763,10.516,1498.993,31011.007,16.0,43.011,42.17,115.19,52.0,14.0,1539.0,32510.0,16.0,44.0,44.0,1613251660.716,2021-02-13 21:27:40.716000080
59737574458,r5179276-n948219,0,209.717,90.596,60.78,6649.968,25860.032,16.0,68.635,76.718,207.842,89.786,60.281,6667.616,25842.384,16.0,68.442,76.449,245.78,95.0,69.0,6807.0,32510.0,16.0,71.0,80.0,1613577212.261,2021-02-17 15:53:32.260999918
59773130664,r216287-n303509,1,66.621,39.745,15.402,1302.985,31207.015,16.0,41.557,40.556,66.621,39.745,15.402,1302.985,31207.015,16.0,41.557,40.556,77.58,60.0,20.0,1973.0,32510.0,16.0,42.0,42.0,1612829482.65,2021-02-09 00:11:22.650000095
59783493135,r7269000-n948219,0,202.972,81.041,53.943,6523.857,25986.143,16.0,68.778,71.796,203.213,81.353,54.178,6583.287,25926.713,16.0,68.658,71.668,263.89,94.0,64.0,6807.0,32510.0,16.0,71.0,75.0,1613442430.578,2021-02-16 02:27:10.578000069
59806897251,r8473362-n410412,0,27.06,0.0,0.0,0.0,32510.0,16.0,32.995,30.979,27.067,0.0,0.0,0.295,32509.705,16.0,32.967,30.991,27.22,0.0,0.0,4.0,32510.0,16.0,33.0,31.0,1614735079.593,2021-03-03 01:31:19.592999935
59810146971,r6707841-n200569,1,32.598,0.046,0.0,623.266,31886.734,16.0,30.076,29.573,32.598,0.046,0.0,623.266,31886.734,16.0,30.076,29.573,37.94,21.0,1.0,1039.0,32510.0,16.0,31.0,31.0,1614718435.062,2021-03-02 20:53:55.062000036
59860836210,r5179276-n948219,0,202.566,88.071,59.158,6436.803,26073.197,16.0,64.917,71.223,203.748,88.649,59.546,6485.257,26024.743,16.0,65.418,71.84,248.69,95.0,66.0,6801.0,32510.0,16.0,74.0,82.0,1613435926.969,2021-02-16 00:38:46.969000101
59861894357,r5179276-n948219,0,208.145,90.03,60.43,6639.095,25870.905,16.0,68.512,75.619,206.087,89.001,59.788,6657.922,25852.078,16.0,68.374,75.394,245.89,95.0,67.0,6793.0,32510.0,16.0,72.0,80.0,1613586649.815,2021-02-17 18:30:49.815000057
59866109429,r7753495-n948219,0,43.476,5.29,3.376,4797.867,27712.133,16.0,29.998,27.781,43.476,5.29,3.376,4797.867,27712.133,16.0,29.998,27.781,194.6,100.0,80.0,24091.0,32510.0,16.0,35.0,37.0,1613252694.934,2021-02-13 21:44:54.934000015
59869108874,r8972851-n948219,0,215.255,89.877,60.069,6658.582,25851.418,16.0,68.261,72.615,214.062,89.335,59.772,6677.153,25832.847,16.0,68.153,72.492,258.58,96.0,65.0,6807.0,32510.0,16.0,71.0,76.0,1613524651.519,2021-02-17 01:17:31.519000052
59879861726,r9170217-n948219,0,57.081,50.441,4.824,22682.705,9827.295,16.0,37.83,36.053,70.86,74.606,7.35,30888.152,1621.848,16.0,43.745,41.881,78.4,81.0,8.0,31023.0,32510.0,16.0,44.0,43.0,1613429741.601,2021-02-15 22:55:41.601000071
59891568716,r7269000-n303509,0,217.251,91.114,61.032,6638.59,25871.41,16.0,68.227,73.313,215.665,90.306,60.549,6657.992,25852.008,16.0,68.163,73.192,253.88,95.0,67.0,6793.0,32510.0,16.0,71.0,77.0,1613579104.12,2021-02-17 16:25:04.119999886
59926989789,r44132-n410412,0,43.427,0.865,0.139,1223.613,31286.387,16.0,43.654,41.899,43.537,0.891,0.147,1395.156,31114.844,16.0,40.671,38.786,78.43,59.0,10.0,1407.0,32510.0,16.0,45.0,43.0,1613434115.493,2021-02-16 00:08:35.493000031
59935935599,r7269000-n303509,0,211.615,87.823,58.852,6636.677,25873.323,16.0,67.861,72.613,211.023,87.549,58.744,6659.454,25850.546,16.0,67.926,72.65,254.04,95.0,66.0,6799.0,32510.0,16.0,70.0,76.0,1613581584.858,2021-02-17 17:06:24.858000040
59966371623,r492024-n410412,0,28.093,0.0,0.0,0.0,32510.0,16.0,32.0,30.0,28.093,0.0,0.0,0.0,32510.0,16.0,32.0,30.0,28.13,0.0,0.0,0.0,32510.0,16.0,32.0,30.0,1614734669.018,2021-03-03 01:24:29.017999887
59972771646,r8141575-n303766,0,46.654,19.961,5.905,9135.036,23374.964,16.0,36.147,35.958,59.324,28.844,8.613,26359.102,6150.898,16.0,43.809,43.878,195.66,100.0,54.0,27289.0,32510.0,16.0,47.0,50.0,1613783362.975,2021-02-20 01:09:22.974999905
59972771646,r8141575-n303766,1,47.507,21.063,6.048,9283.665,23226.335,16.0,34.029,32.627,63.843,37.289,10.55,24106.778,8403.222,16.0,42.531,41.217,197.41,100.0,54.0,24751.0,32510.0,16.0,45.0,49.0,1613783362.978,2021-02-20 01:09:22.977999926
60091669056,r8141575-n303766,0,46.304,14.818,2.681,30553.243,1956.757,16.0,38.619,38.024,45.279,13.879,2.414,31022.645,1487.355,16.0,39.069,38.566,61.28,62.0,12.0,31071.0,32510.0,16.0,41.0,41.0,1614174140.318,2021-02-24 13:42:20.318000078
60113370618,r6959555-n750018,0,22.885,0.0,0.0,0.0,32510.0,16.0,28.0,25.958,22.885,0.0,0.0,0.0,32510.0,16.0,28.0,25.958,22.97,0.0,0.0,0.0,32510.0,16.0,28.0,26.0,1614740586.45,2021-03-03 03:03:06.450000048
60117447440,r9515777-n303766,0,29.625,0.333,0.0,101.42,32408.58,16.0,39.754,38.0,29.625,0.333,0.0,101.42,32408.58,16.0,39.754,38.0,38.74,4.0,0.0,457.0,32510.0,16.0,40.0,38.0,1614488135.581,2021-02-28 04:55:35.581000090
60118929987,r8473362-n410412,0,27.068,0.0,0.0,0.0,32510.0,16.0,33.0,30.999,27.068,0.0,0.0,0.0,32510.0,16.0,33.0,30.999,27.21,0.0,0.0,0.0,32510.0,16.0,33.0,31.0,1614734826.704,2021-03-03 01:27:06.703999996
60178411212,r2215649-n410412,0,49.371,24.279,5.702,864.506,31645.494,16.0,39.639,36.869,64.494,38.6,9.604,1513.282,30996.718,16.0,45.646,43.264,128.92,60.0,17.0,1605.0,32510.0,16.0,51.0,50.0,1613478880.392,2021-02-16 12:34:40.391999960
60191442848,r9170217-n948219,0,35.97,2.578,0.022,495.333,32014.667,16.0,34.0,32.0,35.97,2.578,0.022,495.333,32014.667,16.0,34.0,32.0,38.53,12.0,1.0,1197.0,32510.0,16.0,34.0,32.0,1613429539.461,2021-02-15 22:52:19.460999966
60194514781,r7141590-n948219,0,213.517,88.805,59.445,6639.613,25870.387,16.0,68.477,73.563,213.898,89.014,59.613,6662.222,25847.778,16.0,68.454,73.551,263.37,95.0,65.0,6807.0,32510.0,16.0,71.0,77.0,1613438990.18,2021-02-16 01:29:50.180000067
60200437382,r9988778-n303766,1,45.289,9.292,2.436,1406.749,31103.251,16.0,33.755,30.731,63.041,33.459,8.39,1531.257,30978.743,16.0,40.377,38.311,125.78,53.0,17.0,1539.0,32510.0,16.0,42.0,40.0,1613329373.189,2021-02-14 19:02:53.188999891
60248171453,r8473362-n410412,0,33.946,0.405,0.011,560.771,31949.229,16.0,39.01,36.69,48.968,26.991,4.256,1066.118,31443.882,16.0,43.052,41.291,92.78,44.0,8.0,1093.0,32510.0,16.0,45.0,44.0,1614011959.204,2021-02-22 16:39:19.203999996
60262630821,r9170217-n948219,0,167.751,70.911,47.598,6231.004,26278.996,16.0,56.474,59.641,172.113,71.736,48.185,6405.638,26104.362,16.0,59.3,62.855,243.9,94.0,63.0,6799.0,32510.0,16.0,67.0,72.0,1613579939.697,2021-02-17 16:38:59.697000027
60288527547,r9988778-n410412,1,25.226,0.0,0.0,0.0,32510.0,16.0,30.095,28.649,25.226,0.0,0.0,0.0,32510.0,16.0,30.095,28.649,25.36,0.0,0.0,0.0,32510.0,16.0,31.0,29.0,1614734934.241,2021-03-03 01:28:54.240999937
60300348661,r2215649-n303766,0,25.226,0.0,0.0,0.0,32510.0,16.0,32.0,29.933,25.226,0.0,0.0,0.0,32510.0,16.0,32.0,29.933,25.24,0.0,0.0,0.0,32510.0,16.0,32.0,30.0,1614369048.921,2021-02-26 19:50:48.921000004
60312641577,r7269000-n303509,0,214.607,89.59,60.044,6631.132,25878.868,16.0,67.938,72.917,213.388,89.061,59.744,6652.298,25857.702,16.0,67.886,72.819,254.95,95.0,65.0,6799.0,32510.0,16.0,71.0,76.0,1613583805.476,2021-02-17 17:43:25.476000071
60392438741,r2215649-n303766,1,199.277,88.417,58.861,2666.557,29843.443,16.0,61.802,64.277,207.261,93.032,62.074,2783.92,29726.08,16.0,61.713,64.236,237.87,99.0,67.0,3751.0,32510.0,16.0,68.0,71.0,1613934048.303,2021-02-21 19:00:48.302999973
60411283102,r2215649-n303766,1,26.372,0.0,0.0,0.0,32510.0,16.0,30.0,28.308,26.372,0.0,0.0,0.0,32510.0,16.0,30.0,28.308,26.62,0.0,0.0,0.0,32510.0,16.0,30.0,29.0,1613933348.644,2021-02-21 18:49:08.644000053
60436293085,r4099734-n772143,0,50.926,25.698,5.954,30493.749,2016.251,16.0,39.157,35.54,49.243,23.212,5.386,31057.506,1452.494,16.0,39.609,36.095,117.79,100.0,10.0,31071.0,32510.0,16.0,42.0,39.0,1614732939.202,2021-03-03 00:55:39.201999903
60439333610,r3974592-n303509,0,35.952,5.888,0.0,2035.574,30474.426,16.0,32.412,30.567,38.355,7.231,0.0,2485.734,30024.266,16.0,34.727,32.709,39.3,31.0,2.0,2488.0,32510.0,16.0,35.0,34.0,1613180082.778,2021-02-13 01:34:42.778000116
60439333610,r3974592-n303509,1,35.636,0.035,0.0,1019.787,31490.213,16.0,30.192,28.293,37.703,0.0,0.0,1204.068,31305.932,16.0,32.035,30.094,38.09,14.0,1.0,1205.0,32510.0,16.0,33.0,31.0,1613180082.782,2021-02-13 01:34:42.782000065
60477251115,r492024-n303766,0,203.615,85.863,57.632,6629.842,25880.158,16.0,68.544,73.227,204.319,86.272,57.918,6655.62,25854.38,16.0,68.529,73.242,249.56,99.0,64.0,6807.0,32510.0,16.0,72.0,77.0,1613435357.434,2021-02-16 00:29:17.434000015
60489546643,r414303-n303509,0,28.508,0.0,0.0,0.0,32510.0,16.0,41.0,42.0,28.508,0.0,0.0,0.0,32510.0,16.0,41.0,42.0,28.58,0.0,0.0,0.0,32510.0,16.0,41.0,42.0,1613429107.083,2021-02-15 22:45:07.082999945
60491426712,r8024255-n410412,0,197.887,81.89,54.886,6557.578,25952.422,16.0,67.96,71.657,194.066,79.923,53.613,6610.903,25899.097,16.0,67.747,71.396,254.02,94.0,64.0,6799.0,32510.0,16.0,72.0,76.0,1613523565.804,2021-02-17 00:59:25.803999901
60494980846,r9515777-n303766,0,36.308,0.156,0.001,926.214,31583.786,16.0,34.168,31.834,36.308,0.156,0.001,926.214,31583.786,16.0,34.168,31.834,37.46,20.0,1.0,1039.0,32510.0,16.0,35.0,32.0,1614718743.892,2021-03-02 20:59:03.891999960
60512988271,r9170217-n948219,0,187.065,77.964,52.366,6490.656,26019.344,16.0,65.615,70.24,186.595,77.341,51.994,6546.231,25963.769,16.0,66.188,70.874,245.99,99.0,63.0,6793.0,32510.0,16.0,70.0,75.0,1613583322.879,2021-02-17 17:35:22.878999949
60515743394,r9852763-n172107,0,46.301,27.677,4.266,30557.782,1952.218,16.0,36.796,37.118,45.145,23.483,3.585,31054.369,1455.631,16.0,37.426,37.831,74.57,100.0,6.0,31071.0,32510.0,16.0,39.0,40.0,1614747952.903,2021-03-03 05:05:52.903000116
60618560453,r2684277-n772143,1,158.34,74.928,43.69,22550.85,9959.15,16.0,55.565,56.872,176.303,83.633,48.877,25771.513,6738.487,16.0,61.275,63.175,252.97,100.0,64.0,32489.0,32510.0,16.0,74.0,76.0,1614725527.93,2021-03-02 22:52:07.930000067
60618934970,r5179276-n948219,0,209.996,91.057,61.066,6653.707,25856.293,16.0,68.474,74.494,209.692,90.992,61.05,6668.2,25841.8,16.0,68.432,74.453,245.43,95.0,65.0,6807.0,32510.0,16.0,72.0,78.0,1613439760.798,2021-02-16 01:42:40.798000097
60620381790,r414303-n303509,0,27.138,0.0,0.0,0.0,32510.0,16.0,35.0,35.0,27.138,0.0,0.0,0.0,32510.0,16.0,35.0,35.0,27.2,0.0,0.0,0.0,32510.0,16.0,35.0,35.0,1613429328.908,2021-02-15 22:48:48.907999992
60629146533,r7269000-n948219,0,31.515,0.0,0.0,0.0,32510.0,16.0,39.667,38.0,31.515,0.0,0.0,0.0,32510.0,16.0,39.667,38.0,33.39,0.0,0.0,0.0,32510.0,16.0,40.0,38.0,1613430196.136,2021-02-15 23:03:16.135999918
60694595161,r6727430-n948219,0,26.455,0.0,0.0,0.0,32510.0,16.0,32.0,31.0,26.455,0.0,0.0,0.0,32510.0,16.0,32.0,31.0,26.51,0.0,0.0,0.0,32510.0,16.0,32.0,31.0,1613613182.821,2021-02-18 01:53:02.821000099
60720905761,r9515777-n303766,0,216.288,92.144,63.11,3136.121,29373.879,16.0,66.805,72.371,228.204,97.149,66.974,3315.272,29194.728,16.0,68.413,74.588,245.94,99.0,70.0,7147.0,32510.0,16.0,73.0,80.0,1614275429.831,2021-02-25 17:50:29.831000090
60746641727,r5179276-n948219,0,185.759,77.095,51.717,6646.647,25863.353,16.0,67.012,72.831,178.687,73.277,49.191,6689.513,25820.487,16.0,66.407,71.916,246.29,95.0,65.0,6801.0,32510.0,16.0,72.0,80.0,1613587004.11,2021-02-17 18:36:44.109999895
60747732563,r7753495-n772143,0,29.763,0.81,0.167,5710.512,26799.488,16.0,29.462,27.449,29.763,0.81,0.167,5710.512,26799.488,16.0,29.462,27.449,206.15,100.0,28.0,27191.0,32510.0,16.0,35.0,32.0,1614726692.22,2021-03-02 23:11:32.220000029
60747732563,r7753495-n772143,1,32.834,0.848,0.186,6481.105,26028.895,16.0,29.083,27.937,32.834,0.848,0.186,6481.105,26028.895,16.0,29.083,27.937,201.04,100.0,26.0,28939.0,32510.0,16.0,35.0,32.0,1614726692.224,2021-03-02 23:11:32.223999977
60769080055,r8024255-n410412,0,24.955,0.0,0.0,0.0,32510.0,16.0,32.0,30.593,24.957,0.0,0.0,0.292,32509.708,16.0,32.0,30.685,25.07,0.0,0.0,4.0,32510.0,16.0,33.0,31.0,1614735079.585,2021-03-03 01:31:19.585000038
60770293370,r1039410-n948219,0,26.612,10.809,0.0,69.0,32441.0,16.0,33.018,33.001,123.381,54.771,28.354,21765.229,10744.771,16.0,52.729,53.772,260.48,100.0,67.0,31081.0,32441.0,16.0,73.0,76.0,1614090377.807,2021-02-23 14:26:17.806999922
60770662989,r974863-n410412,0,213.849,89.559,60.009,6652.191,25857.809,16.0,67.159,72.157,211.939,88.573,59.401,6672.285,25837.715,16.0,67.204,72.18,263.35,95.0,66.0,6807.0,32510.0,16.0,72.0,77.0,1613448517.352,2021-02-16 04:08:37.351999998
60799285466,r2215649-n303766,0,25.413,0.0,0.0,0.0,32510.0,16.0,33.0,31.0,25.413,0.0,0.0,0.0,32510.0,16.0,33.0,31.0,25.58,0.0,0.0,0.0,32510.0,16.0,33.0,31.0,1614374677.073,2021-02-26 21:24:37.072999954
60804573610,r2215649-n303766,0,25.597,0.0,0.0,3.526,32506.474,16.0,35.201,32.765,69.658,98.862,9.912,17724.766,14785.234,16.0,46.673,43.664,210.75,100.0,69.0,17925.0,32510.0,16.0,56.0,53.0,1613214328.22,2021-02-13 11:05:28.220000029
60804573610,r2215649-n303766,1,26.811,0.0,0.0,3.528,32506.472,16.0,32.619,31.335,71.467,98.845,9.04,19894.113,12615.887,16.0,43.891,41.961,217.08,100.0,69.0,20097.0,32510.0,16.0,53.0,51.0,1613214328.229,2021-02-13 11:05:28.229000092
60804573610,r414303-n948219,0,26.563,0.0,0.0,3.545,32506.455,16.0,33.771,31.875,68.729,98.713,9.928,20480.735,12029.265,16.0,44.605,42.534,204.51,100.0,68.0,20685.0,32510.0,16.0,53.0,53.0,1613214328.207,2021-02-13 11:05:28.207000017
60804573610,r414303-n948219,1,24.481,0.0,0.0,3.545,32506.455,16.0,30.998,31.18,69.461,98.039,9.049,21496.426,11013.574,16.0,42.094,40.472,216.79,100.0,68.0,21699.0,32510.0,16.0,51.0,50.0,1613214328.213,2021-02-13 11:05:28.213000059
60804573610,r9648383-n303766,0,26.831,0.0,0.0,3.527,32506.473,16.0,34.861,33.4,72.493,98.82,9.908,18993.326,13516.674,16.0,46.173,43.654,215.89,100.0,68.0,19193.0,32510.0,16.0,55.0,53.0,1613214328.204,2021-02-13 11:05:28.203999996
60804573610,r9648383-n303766,1,24.674,0.0,0.0,3.527,32506.473,16.0,32.56,30.835,70.303,98.884,9.021,19825.491,12684.509,16.0,44.686,42.883,217.65,100.0,68.0,20025.0,32510.0,16.0,53.0,53.0,1613214328.213,2021-02-13 11:05:28.213000059
60804573610,r974863-n303766,0,26.765,0.0,0.0,3.529,32506.471,16.0,34.804,32.514,68.932,98.844,9.906,20121.477,12388.523,16.0,45.456,42.581,204.04,100.0,68.0,20323.0,32510.0,16.0,54.0,54.0,1613214328.206,2021-02-13 11:05:28.206000090
60804573610,r974863-n303766,1,26.789,0.0,0.0,3.53,32506.47,16.0,31.921,30.171,67.543,98.847,9.044,18070.285,14439.715,16.0,41.18,38.975,199.97,100.0,68.0,18271.0,32510.0,16.0,49.0,48.0,1613214328.213,2021-02-13 11:05:28.213000059
60814351243,r4506251-n303766,0,182.923,71.81,48.128,6460.736,26049.264,16.0,66.797,72.491,177.812,68.945,46.265,6575.459,25934.541,16.0,66.865,72.431,258.54,95.0,65.0,6807.0,32510.0,16.0,73.0,80.0,1613501722.082,2021-02-16 18:55:22.082000017
60854969507,r7141590-n948219,0,213.635,89.095,59.577,6631.973,25878.027,16.0,67.023,72.097,213.545,88.945,59.487,6652.778,25857.222,16.0,67.172,72.27,262.24,96.0,65.0,6799.0,32510.0,16.0,73.0,79.0,1613430865.677,2021-02-15 23:14:25.677000046
60869490370,r6727430-n303509,0,35.147,2.818,0.29,15446.674,17063.326,16.0,33.769,30.288,35.147,2.818,0.29,15446.674,17063.326,16.0,33.769,30.288,77.99,100.0,11.0,31053.0,32510.0,16.0,35.0,32.0,1614709860.873,2021-03-02 18:31:00.872999907
60869490370,r6727430-n303509,1,35.284,2.708,0.292,15308.095,17201.905,16.0,30.225,29.691,35.284,2.708,0.292,15308.095,17201.905,16.0,30.225,29.691,100.93,100.0,11.0,31053.0,32510.0,16.0,32.0,31.0,1614709860.876,2021-03-02 18:31:00.875999928
60943141365,r4605940-n303509,0,36.527,0.246,0.005,1179.753,31330.247,16.0,37.086,35.021,54.245,20.21,6.607,1587.322,30922.678,16.0,40.447,38.863,114.18,46.0,17.0,1605.0,32510.0,16.0,48.0,48.0,1612957459.673,2021-02-10 11:44:19.673000097
60943579544,r9648383-n410412,0,27.934,0.0,0.0,0.0,32510.0,16.0,40.814,39.952,27.934,0.0,0.0,0.0,32510.0,16.0,40.814,39.952,28.3,0.0,0.0,0.0,32510.0,16.0,43.0,42.0,1614162515.848,2021-02-24 10:28:35.848000050
60943579544,r9648383-n410412,1,28.634,0.0,0.0,0.0,32510.0,16.0,40.723,38.508,28.634,0.0,0.0,0.0,32510.0,16.0,40.723,38.508,29.12,0.0,0.0,0.0,32510.0,16.0,43.0,41.0,1614162515.855,2021-02-24 10:28:35.855000019
60944546664,r204106-n200569,1,36.098,0.035,0.0,1010.3,31499.7,16.0,31.88,28.779,36.358,0.003,0.0,1037.093,31472.907,16.0,32.081,28.81,36.71,16.0,1.0,1039.0,32510.0,16.0,33.0,30.0,1614719074.569,2021-03-02 21:04:34.569000006
60973641061,r8972851-n303509,0,190.598,76.921,51.575,6512.387,25997.613,16.0,67.972,72.245,189.815,76.511,51.338,6584.731,25925.269,16.0,67.938,72.217,250.13,94.0,63.0,6801.0,32510.0,16.0,72.0,77.0,1613610588.909,2021-02-18 01:09:48.908999920
60987276066,r9988778-n410412,1,25.225,0.0,0.0,0.0,32510.0,16.0,30.18,28.418,25.224,0.0,0.0,0.295,32509.705,16.0,30.172,28.343,25.36,0.0,0.0,4.0,32510.0,16.0,31.0,29.0,1614735079.645,2021-03-03 01:31:19.644999981
60987871759,r8275852-n303766,0,34.121,0.041,0.0,976.294,31533.706,16.0,32.862,31.345,35.966,0.015,0.0,1226.687,31283.313,16.0,33.734,31.872,39.5,30.0,2.0,2965.0,32510.0,16.0,34.0,33.0,1613660236.306,2021-02-18 14:57:16.305999994
61034640097,r7462820-n410412,1,205.868,86.201,57.834,6481.263,26028.737,16.0,63.906,67.223,205.719,85.865,57.627,6524.504,25985.496,16.0,64.68,67.978,260.77,97.0,65.0,6801.0,32510.0,16.0,73.0,78.0,1613571526.815,2021-02-17 14:18:46.815000057
61059209549,r2215649-n410412,0,34.984,0.598,0.054,816.584,31693.416,16.0,39.934,36.861,36.978,7.864,0.965,4584.631,27925.369,16.0,41.969,39.098,87.26,100.0,20.0,10819.0,32510.0,16.0,46.0,45.0,1613686865.405,2021-02-18 22:21:05.404999971
61085357805,r2215649-n303766,0,37.12,0.051,0.008,1411.71,31098.29,16.0,34.986,32.473,37.307,0.012,0.007,1573.596,30936.404,16.0,34.863,32.069,80.8,31.0,3.0,1577.0,32510.0,16.0,36.0,34.0,1614722119.859,2021-03-02 21:55:19.858999968
61096736278,r5051220-n772143,1,40.071,21.285,0.833,28897.658,3612.342,16.0,34.6,33.073,40.858,20.42,0.797,30994.523,1515.477,16.0,35.564,34.276,54.7,30.0,2.0,31071.0,32510.0,16.0,37.0,36.0,1614721838.821,2021-03-02 21:50:38.821000099
61108149413,r8473362-n410412,1,26.866,0.108,0.001,69.431,32440.569,16.0,32.075,31.028,26.866,0.108,0.001,69.431,32440.569,16.0,32.075,31.028,38.03,24.0,1.0,1205.0,32510.0,16.0,33.0,32.0,1614736398.218,2021-03-03 01:53:18.217999935
61144988574,r9480604-n303766,0,40.284,32.136,0.0,1033.304,31476.696,16.0,37.465,34.878,40.129,33.216,0.0,1040.636,31469.364,16.0,37.268,34.654,46.82,44.0,1.0,1065.0,32510.0,16.0,40.0,38.0,1613794465.018,2021-02-20 04:14:25.017999887
61154835830,r7462820-n410412,1,192.902,78.333,52.645,6503.117,26006.883,16.0,63.668,66.404,192.693,78.057,52.503,6573.753,25936.247,16.0,63.37,66.065,257.86,94.0,64.0,6807.0,32510.0,16.0,71.0,74.0,1613577960.183,2021-02-17 16:06:00.183000088
61156879417,r4506251-n303766,0,31.005,0.0,0.0,0.0,32510.0,16.0,43.015,44.823,31.005,0.0,0.0,0.0,32510.0,16.0,43.015,44.823,32.59,0.0,0.0,0.0,32510.0,16.0,47.0,49.0,1613468520.738,2021-02-16 09:42:00.737999916
61267579994,r9988778-n303766,1,28.214,0.159,0.002,80.584,32429.416,16.0,30.243,27.31,70.337,32.217,9.211,737.446,31772.554,16.0,42.361,40.458,116.68,45.0,14.0,771.0,32510.0,16.0,45.0,44.0,1613402095.874,2021-02-15 15:14:55.874000072
61283098477,r4683026-n172107,0,25.763,0.0,0.0,0.0,32510.0,16.0,29.318,29.554,25.754,0.0,0.0,0.0,32510.0,16.0,29.178,29.611,26.05,0.0,0.0,0.0,32510.0,16.0,30.0,31.0,1614759517.446,2021-03-03 08:18:37.446000099
61283098477,r4683026-n172107,1,24.685,0.0,0.0,0.0,32510.0,16.0,27.35,27.017,24.682,0.0,0.0,0.0,32510.0,16.0,27.231,27.007,25.0,0.0,0.0,0.0,32510.0,16.0,28.0,28.0,1614759517.449,2021-03-03 08:18:37.448999882
61289305514,r2215649-n410412,0,213.155,90.141,60.417,6638.751,25871.249,16.0,68.287,70.906,213.525,90.402,60.614,6655.885,25854.115,16.0,68.357,70.986,253.6,100.0,66.0,6807.0,32510.0,16.0,71.0,73.0,1613435922.632,2021-02-16 00:38:42.631999969
61292109663,r1051355-n200569,0,26.048,0.0,0.0,0.0,32510.0,16.0,29.0,27.892,56.228,13.703,7.93,3732.581,28777.419,16.0,33.914,33.767,235.76,100.0,67.0,10777.0,32510.0,16.0,50.0,58.0,1614725051.032,2021-03-02 22:44:11.032000065
61317737802,r414303-n303509,0,106.853,35.71,11.616,10227.797,22282.203,16.0,54.609,55.765,100.69,31.917,10.382,10634.791,21875.209,16.0,54.265,55.408,261.14,100.0,53.0,14101.0,32510.0,16.0,71.0,76.0,1613126290.406,2021-02-12 10:38:10.405999899
61336032384,r9852763-n200569,1,35.023,0.042,0.0,621.085,31888.915,16.0,30.9,30.076,35.023,0.042,0.0,621.085,31888.915,16.0,30.9,30.076,39.21,21.0,1.0,1039.0,32510.0,16.0,32.0,31.0,1614718435.066,2021-03-02 20:53:55.065999985
61348817500,r2215649-n410412,0,60.065,22.244,17.6,30417.892,2092.108,16.0,40.608,39.256,49.816,11.314,8.473,31051.49,1458.51,16.0,38.806,36.6,130.51,100.0,70.0,31071.0,32510.0,16.0,45.0,48.0,1614166362.579,2021-02-24 11:32:42.578999996
61364155859,r4506251-n303766,0,54.837,0.0,0.0,0.387,32509.613,16.0,57.032,59.129,54.837,0.0,0.0,0.387,32509.613,16.0,57.032,59.129,55.14,0.0,0.0,4.0,32510.0,16.0,58.0,60.0,1613507899.164,2021-02-16 20:38:19.164000034
61371321549,r7419443-n948219,0,35.463,0.453,0.008,1127.741,31382.259,16.0,33.725,31.923,58.921,33.661,8.283,1579.495,30930.505,16.0,39.53,38.397,125.64,54.0,17.0,1605.0,32510.0,16.0,41.0,41.0,1613330145.346,2021-02-14 19:15:45.345999956
61446547862,r8275852-n410412,0,50.981,32.701,4.292,16446.229,16063.771,16.0,39.054,39.771,50.981,32.701,4.292,16446.229,16063.771,16.0,39.054,39.771,81.7,100.0,10.0,31023.0,32510.0,16.0,44.0,44.0,1613689487.351,2021-02-18 23:04:47.351000071
61456898313,r9170217-n948219,0,27.766,0.0,0.0,0.0,32510.0,16.0,34.0,33.0,27.766,0.0,0.0,0.0,32510.0,16.0,34.0,33.0,27.89,0.0,0.0,0.0,32510.0,16.0,34.0,33.0,1613429338.252,2021-02-15 22:48:58.252000092
61482598041,r8275852-n410412,0,34.994,0.446,0.0,249.928,32260.072,16.0,33.072,34.0,34.994,0.446,0.0,249.928,32260.072,16.0,33.072,34.0,38.74,9.0,0.0,459.0,32510.0,16.0,34.0,34.0,1614292418.229,2021-02-25 22:33:38.229000092
61514640269,r4605940-n303509,0,34.426,0.032,0.0,730.551,31779.449,16.0,31.776,29.808,37.551,0.01,0.006,15327.562,17182.438,16.0,33.586,31.504,181.07,100.0,46.0,32011.0,32510.0,16.0,35.0,38.0,1613040924.332,2021-02-11 10:55:24.332000017
61554334955,r9988778-n410412,0,25.259,0.0,0.0,0.0,32510.0,16.0,30.0,29.0,25.259,0.0,0.0,0.0,32510.0,16.0,30.0,29.0,25.34,0.0,0.0,0.0,32510.0,16.0,30.0,29.0,1614734826.713,2021-03-03 01:27:06.713000059
61569077755,r9852763-n200569,1,38.737,0.03,0.0,1008.389,31501.611,16.0,31.675,30.486,39.093,0.003,0.0,1036.972,31473.028,16.0,31.938,30.847,40.65,21.0,1.0,1039.0,32510.0,16.0,33.0,32.0,1614719062.193,2021-03-02 21:04:22.193000078
61634460220,r2215649-n303766,0,38.629,7.232,4.683,255.277,32254.723,16.0,33.158,30.374,84.41,30.587,20.238,941.241,31568.759,16.0,42.002,40.378,264.96,100.0,67.0,4287.0,32510.0,16.0,74.0,78.0,1613933624.577,2021-02-21 18:53:44.576999903
61644808089,r7141590-n303509,0,36.33,0.511,0.013,1502.223,31007.777,16.0,40.459,39.059,72.489,36.823,14.341,4796.676,27713.324,16.0,48.257,46.9,159.68,82.0,30.0,4806.0,32510.0,16.0,51.0,52.0,1613197508.774,2021-02-13 06:25:08.773999929
61683958456,r8141575-n303766,0,55.192,15.634,10.256,522.142,31987.858,16.0,35.054,35.387,157.895,67.732,45.165,2015.534,30494.466,16.0,56.606,59.314,248.63,98.0,67.0,4279.0,32510.0,16.0,73.0,78.0,1613934048.288,2021-02-21 19:00:48.288000107
61772122665,r368967-n200569,0,36.772,0.104,0.004,671.182,31838.818,16.0,41.645,40.368,67.058,21.958,18.398,8457.507,24052.493,16.0,47.675,47.933,163.43,100.0,73.0,17019.0,32510.0,16.0,53.0,58.0,1614743529.099,2021-03-03 03:52:09.098999977
61794451264,r492024-n410412,1,71.914,30.053,4.165,1281.079,31228.921,16.0,45.283,42.514,72.082,29.882,4.129,1304.26,31205.74,16.0,45.294,42.484,130.92,91.0,13.0,1315.0,32510.0,16.0,47.0,44.0,1613861431.056,2021-02-20 22:50:31.055999994
61832040041,r9515777-n303766,0,117.765,60.369,33.0,3763.462,28746.538,16.0,53.785,54.537,120.939,61.287,33.535,3968.114,28541.886,16.0,57.647,59.013,233.51,87.0,57.0,4141.0,32510.0,16.0,63.0,66.0,1614609031.982,2021-03-01 14:30:31.982000113
61837543467,r9170217-n303509,0,34.375,0.397,0.06,643.066,31866.934,16.0,40.782,37.192,42.083,0.884,0.143,1333.307,31176.693,16.0,43.549,39.453,77.41,60.0,10.0,1407.0,32510.0,16.0,46.0,42.0,1613064385.913,2021-02-11 17:26:25.913000107
61846264860,r8473362-n410412,0,27.075,0.0,0.0,0.0,32510.0,16.0,33.0,31.0,27.075,0.0,0.0,0.0,32510.0,16.0,33.0,31.0,27.2,0.0,0.0,0.0,32510.0,16.0,33.0,31.0,1614734934.176,2021-03-03 01:28:54.176000118
61874440916,r9988778-n303766,1,45.457,11.103,2.854,982.099,31527.901,16.0,33.993,31.163,63.874,29.965,8.248,1022.406,31487.594,16.0,40.528,38.504,105.76,42.0,13.0,1027.0,32510.0,16.0,44.0,42.0,1613334768.563,2021-02-14 20:32:48.562999964
61880322013,r9988778-n303766,0,39.967,8.245,1.763,955.792,31554.208,16.0,36.431,35.693,64.311,36.78,8.666,1133.373,31376.627,16.0,43.439,43.044,105.89,51.0,13.0,1159.0,32444.0,16.0,46.0,46.0,1613334197.84,2021-02-14 20:23:17.839999914
61883675384,r7419443-n948219,0,26.963,0.0,0.0,3.199,32506.801,16.0,30.0,28.037,26.963,0.0,0.0,3.199,32506.801,16.0,30.0,28.037,27.1,0.0,0.0,4.0,32510.0,16.0,30.0,29.0,1613684915.952,2021-02-18 21:48:35.951999903
61901206206,r8024255-n410412,0,213.427,90.75,60.908,6644.036,25865.964,16.0,68.265,72.254,211.693,89.898,60.386,6661.896,25848.104,16.0,68.153,72.105,254.45,95.0,65.0,6801.0,32510.0,16.0,71.0,76.0,1613532538.447,2021-02-17 03:28:58.447000027
61927103366,r5198790-n772143,0,40.541,19.969,2.886,28618.112,3891.888,16.0,36.616,34.229,42.375,22.771,3.328,31005.413,1504.587,16.0,38.508,36.082,96.86,40.0,5.0,31071.0,32510.0,16.0,40.0,38.0,1614721838.736,2021-03-02 21:50:38.736000061
61928372834,r4683026-n200569,0,30.539,2.278,0.691,500.718,32009.282,16.0,30.237,28.147,30.539,2.278,0.691,500.718,32009.282,16.0,30.237,28.147,220.2,100.0,60.0,26187.0,32510.0,16.0,37.0,36.0,1614722316.933,2021-03-02 21:58:36.933000088
61936665832,r7462820-n303766,1,204.607,91.145,61.158,6646.733,25863.267,16.0,60.063,64.889,202.098,89.445,60.092,6664.674,25845.326,16.0,60.819,65.54,243.13,95.0,65.0,6799.0,32510.0,16.0,69.0,74.0,1613651173.895,2021-02-18 12:26:13.894999981
61986314506,r7269000-n948219,0,27.913,0.0,0.0,0.426,32509.574,16.0,39.0,38.0,27.913,0.0,0.0,0.426,32509.574,16.0,39.0,38.0,28.07,0.0,0.0,4.0,32510.0,16.0,39.0,38.0,1613429814.638,2021-02-15 22:56:54.638000011
62036077759,r9988778-n303766,1,34.325,0.215,0.001,612.475,31897.525,16.0,31.719,28.725,53.305,22.726,4.852,1005.474,31504.526,16.0,37.934,35.433,98.97,45.0,11.0,1027.0,32510.0,16.0,41.0,39.0,1613373212.732,2021-02-15 07:13:32.732000113
62063930274,r5051220-n772143,1,47.358,24.322,3.776,30461.343,2048.657,16.0,35.885,35.244,47.111,21.44,3.279,31053.025,1456.975,16.0,37.403,36.844,106.5,100.0,6.0,31071.0,32510.0,16.0,39.0,39.0,1614741696.646,2021-03-03 03:21:36.645999908
62074668575,r8972851-n303509,0,29.333,0.0,0.0,0.046,32509.954,16.0,33.0,33.001,80.769,36.792,14.615,21403.698,11106.302,16.0,45.701,46.607,255.12,100.0,58.0,31279.0,32510.0,16.0,73.0,78.0,1613233115.286,2021-02-13 16:18:35.286000013
62121848056,r7419443-n948219,1,25.919,0.0,0.0,0.0,32510.0,16.0,29.0,27.0,25.919,0.0,0.0,0.0,32510.0,16.0,29.0,27.0,25.98,0.0,0.0,0.0,32510.0,16.0,29.0,27.0,1613926488.66,2021-02-21 16:54:48.660000086
62122463578,r7419443-n948219,0,41.794,0.0,0.0,1.937,32508.063,16.0,32.0,29.926,41.794,0.0,0.0,1.937,32508.063,16.0,32.0,29.926,41.93,0.0,0.0,4.0,32510.0,16.0,32.0,30.0,1613942581.792,2021-02-21 21:23:01.792000055
62156551741,r414303-n303509,0,27.334,0.0,0.0,0.0,32510.0,16.0,35.006,35.328,27.334,0.0,0.0,0.0,32510.0,16.0,35.006,35.328,27.51,0.0,0.0,0.0,32510.0,16.0,36.0,36.0,1613429257.471,2021-02-15 22:47:37.470999956
62204565968,r4683026-n303509,1,31.097,1.525,0.392,563.284,31946.716,16.0,31.62,29.826,31.43,1.567,0.413,594.634,31915.366,16.0,31.886,30.134,156.47,37.0,11.0,1905.0,32510.0,16.0,35.0,34.0,1613055997.567,2021-02-11 15:06:37.566999912
62208092813,r4506251-n410412,0,25.976,0.0,0.0,0.0,32510.0,16.0,31.0,30.0,25.976,0.0,0.0,0.0,32510.0,16.0,31.0,30.0,26.02,0.0,0.0,0.0,32510.0,16.0,31.0,30.0,1614735030.121,2021-03-03 01:30:30.121000051
62214765329,r2215649-n303766,0,64.329,23.114,3.968,3217.739,29292.261,16.0,47.54,45.071,127.914,61.3,10.691,7180.797,25329.203,16.0,65.887,63.74,246.38,100.0,22.0,7299.0,32510.0,16.0,74.0,70.0,1614005113.089,2021-02-22 14:45:13.088999987
62214765329,r2215649-n303766,1,68.243,23.336,4.027,3348.81,29161.19,16.0,44.748,42.468,130.407,61.916,10.926,7219.52,25290.48,16.0,64.101,61.829,246.31,100.0,22.0,7335.0,32510.0,16.0,72.0,68.0,1614005113.092,2021-02-22 14:45:13.092000008
62229902689,r6707841-n200569,1,36.278,0.035,0.0,1017.967,31492.033,16.0,30.856,30.258,36.431,0.003,0.0,1037.505,31472.495,16.0,30.751,30.393,36.93,20.0,1.0,1039.0,32510.0,16.0,31.0,31.0,1614719066.258,2021-03-02 21:04:26.257999896
62257252918,r4506251-n303766,0,167.015,83.199,47.288,25413.078,7096.922,16.0,47.551,50.004,167.015,83.199,47.288,25413.078,7096.922,16.0,47.551,50.004,243.98,100.0,62.0,32237.0,32510.0,16.0,57.0,61.0,1614722316.916,2021-03-02 21:58:36.915999889
62300732330,r7141590-n303509,0,198.942,79.133,52.647,6527.211,25982.789,16.0,67.909,69.418,190.121,75.025,49.979,6605.043,25904.957,16.0,67.248,68.633,263.5,94.0,64.0,6807.0,32510.0,16.0,72.0,74.0,1613483060.249,2021-02-16 13:44:20.249000072
62317627697,r4506251-n410412,1,25.911,0.0,0.0,0.0,32510.0,16.0,31.441,28.461,25.911,0.0,0.0,0.0,32510.0,16.0,31.441,28.461,26.02,0.0,0.0,0.0,32510.0,16.0,32.0,29.0,1614734826.701,2021-03-03 01:27:06.700999975
62319208416,r4605940-n948219,1,26.042,0.039,0.0,35.431,32474.569,16.0,30.07,27.006,26.042,0.039,0.0,35.431,32474.569,16.0,30.07,27.006,37.65,9.0,0.0,457.0,32510.0,16.0,31.0,28.0,1614496424.565,2021-02-28 07:13:44.565000057
62384260054,r974863-n410412,0,26.078,0.0,0.0,2.99,32507.01,16.0,37.0,37.0,26.078,0.0,0.0,2.99,32507.01,16.0,37.0,37.0,26.36,0.0,0.0,4.0,32510.0,16.0,37.0,37.0,1613011810.369,2021-02-11 02:50:10.368999958
62445755580,r9515777-n303766,0,25.52,0.0,0.0,0.0,32510.0,16.0,32.0,30.0,25.52,0.0,0.0,0.0,32510.0,16.0,32.0,30.0,25.6,0.0,0.0,0.0,32510.0,16.0,32.0,30.0,1614718322.454,2021-03-02 20:52:02.453999996
62459805335,r5179276-n948219,0,208.139,90.109,60.434,6645.256,25864.744,16.0,68.733,77.331,205.857,88.862,59.632,6646.002,25863.998,16.0,68.602,77.074,245.03,100.0,65.0,6799.0,32510.0,16.0,72.0,81.0,1613574364.577,2021-02-17 15:06:04.576999903
62493970937,r9480604-n303766,0,27.401,0.0,0.0,0.0,32510.0,16.0,31.0,29.0,27.401,0.0,0.0,0.0,32510.0,16.0,31.0,29.0,27.55,0.0,0.0,0.0,32510.0,16.0,31.0,29.0,1613438814.129,2021-02-16 01:26:54.128999949
62534949826,r974863-n410412,0,68.653,33.191,12.67,3842.698,28667.302,16.0,44.829,44.578,88.266,47.308,18.181,13457.58,19052.42,16.0,52.65,53.17,184.8,62.0,31.0,14313.0,32510.0,16.0,55.0,57.0,1612997653.329,2021-02-10 22:54:13.328999996
62546771134,r44132-n410412,0,27.151,0.0,0.0,3.078,32506.922,16.0,31.0,29.036,27.154,0.0,0.0,3.937,32506.063,16.0,31.0,29.032,27.38,0.0,0.0,4.0,32510.0,16.0,31.0,30.0,1613385262.618,2021-02-15 10:34:22.618000031
62546771134,r44132-n410412,1,26.12,0.05,0.001,1059.056,31450.944,16.0,29.013,29.609,25.852,0.006,0.0,1368.514,31141.486,16.0,28.993,29.465,42.72,57.0,3.0,1391.0,32510.0,16.0,30.0,30.0,1613385262.623,2021-02-15 10:34:22.622999907
62551518142,r7317916-n948219,1,207.839,86.66,58.279,6641.76,25868.24,16.0,65.634,71.161,204.6,85.112,57.296,6668.256,25841.744,16.0,65.12,70.52,257.52,95.0,66.0,6807.0,32510.0,16.0,71.0,78.0,1613478268.667,2021-02-16 12:24:28.667000055
62580105957,r9480604-n410412,1,24.252,0.0,0.0,0.0,32510.0,16.0,29.0,27.0,24.252,0.0,0.0,0.0,32510.0,16.0,29.0,27.0,24.4,0.0,0.0,0.0,32510.0,16.0,29.0,27.0,1614734826.704,2021-03-03 01:27:06.703999996
62581353302,r3974592-n303509,1,24.814,0.0,0.0,3.913,32506.087,16.0,28.0,26.993,24.814,0.0,0.0,3.913,32506.087,16.0,28.0,26.993,25.07,0.0,0.0,4.0,32510.0,16.0,28.0,27.0,1613289131.088,2021-02-14 07:52:11.088000059
62624255081,r2215649-n410412,0,42.152,27.353,0.0,968.678,31541.322,16.0,37.261,34.143,42.152,27.353,0.0,968.678,31541.322,16.0,37.261,34.143,44.86,49.0,0.0,1065.0,32510.0,16.0,38.0,35.0,1614114797.649,2021-02-23 21:13:17.648999929
62719979795,r9480604-n303766,1,44.469,10.731,2.969,982.12,31527.88,16.0,33.643,32.356,64.743,30.196,8.981,1022.407,31487.593,16.0,40.678,39.67,107.68,41.0,13.0,1027.0,32510.0,16.0,43.0,42.0,1613331958.348,2021-02-14 19:45:58.348000050
62741042798,r3955005-n772143,0,25.91,0.0,0.0,0.0,32510.0,16.0,32.0,30.017,25.98,0.0,0.0,0.0,32510.0,16.0,32.593,30.665,26.39,0.0,0.0,0.0,32510.0,16.0,34.0,32.0,1614717433.657,2021-03-02 20:37:13.657000065
62741042798,r3955005-n772143,1,25.695,0.0,0.0,0.0,32510.0,16.0,30.998,30.0,25.713,0.0,0.0,0.0,32510.0,16.0,30.732,29.886,26.01,0.0,0.0,0.0,32510.0,16.0,32.0,32.0,1614717433.661,2021-03-02 20:37:13.661000013
62771809017,r414303-n200569,0,25.377,0.0,0.0,0.0,32510.0,16.0,29.0,29.0,25.377,0.0,0.0,0.0,32510.0,16.0,29.0,29.0,25.47,0.0,0.0,0.0,32510.0,16.0,29.0,29.0,1614758538.318,2021-03-03 08:02:18.318000078
62771809017,r414303-n200569,1,24.486,0.0,0.0,0.0,32510.0,16.0,28.0,26.0,24.486,0.0,0.0,0.0,32510.0,16.0,28.0,26.0,24.62,0.0,0.0,0.0,32510.0,16.0,28.0,26.0,1614758538.322,2021-03-03 08:02:18.322000027
62772649360,r9170217-n948219,0,35.796,3.205,0.023,477.205,32032.795,16.0,34.0,32.0,35.796,3.205,0.023,477.205,32032.795,16.0,34.0,32.0,37.95,24.0,1.0,1197.0,32510.0,16.0,34.0,32.0,1613429553.164,2021-02-15 22:52:33.164000034
62799710393,r2215649-n303766,0,37.647,0.045,0.009,1229.265,31280.735,16.0,37.766,35.38,37.475,0.018,0.009,1270.949,31239.051,16.0,35.771,33.531,49.54,10.0,1.0,1285.0,32510.0,16.0,41.0,39.0,1614720920.075,2021-03-02 21:35:20.075000048
62803835224,r8972851-n303509,0,193.795,78.471,52.611,6590.765,25919.235,16.0,67.172,71.602,192.443,77.739,52.168,6640.689,25869.311,16.0,67.327,71.748,248.84,95.0,64.0,6807.0,32510.0,16.0,70.0,76.0,1613608072.481,2021-02-18 00:27:52.480999947
62815764501,r9515777-n303766,1,35.031,0.177,0.001,849.062,31660.938,16.0,32.818,30.081,35.031,0.177,0.001,849.062,31660.938,16.0,32.818,30.081,36.79,21.0,1.0,1039.0,32510.0,16.0,33.0,31.0,1614718743.923,2021-03-02 20:59:03.923000097
62826722126,r9648383-n303766,0,29.035,0.295,0.013,227.281,32282.719,16.0,31.898,30.107,61.57,28.12,8.234,1531.659,30978.341,16.0,40.97,38.608,117.11,48.0,16.0,1621.0,32510.0,16.0,44.0,42.0,1613845200.268,2021-02-20 18:20:00.267999887
62841270682,r9659953-n172107,0,45.184,22.013,3.123,28950.752,3559.248,16.0,34.245,33.72,46.867,23.731,3.455,31011.665,1498.335,16.0,36.484,36.259,101.88,37.0,5.0,31071.0,32510.0,16.0,38.0,38.0,1614715475.634,2021-03-02 20:04:35.634000063
62854863160,r9515777-n303766,0,38.736,0.43,0.013,2314.512,30195.488,16.0,42.425,39.778,68.766,36.136,13.997,4213.801,28296.199,16.0,47.09,46.029,143.45,72.0,24.0,4678.0,32510.0,16.0,52.0,51.0,1614488293.594,2021-02-28 04:58:13.594000101
62917157245,r4099734-n200569,1,32.322,0.054,0.001,641.812,31868.188,16.0,30.159,30.5,32.322,0.054,0.001,641.812,31868.188,16.0,30.159,30.5,37.0,21.0,1.0,1039.0,32510.0,16.0,31.0,32.0,1614718442.852,2021-03-02 20:54:02.851999998
63002258316,r8473362-n410412,1,26.055,0.0,0.0,0.0,32510.0,16.0,32.0,31.001,26.055,0.0,0.0,0.0,32510.0,16.0,32.0,31.001,26.16,0.0,0.0,0.0,32510.0,16.0,32.0,32.0,1614734826.746,2021-03-03 01:27:06.746000051
63023153058,r1900814-n772143,1,40.402,24.929,0.919,30247.596,2262.404,16.0,35.015,33.973,40.086,21.723,0.817,31045.185,1464.815,16.0,34.216,33.099,57.19,100.0,6.0,31071.0,32510.0,16.0,36.0,35.0,1614731017.686,2021-03-03 00:23:37.686000109
63037731536,r2215649-n410412,0,30.601,0.487,0.018,352.581,32157.419,16.0,39.57,36.546,62.108,30.084,8.751,2624.859,29885.141,16.0,48.396,46.01,152.88,63.0,23.0,2630.0,32510.0,16.0,52.0,52.0,1613500882.674,2021-02-16 18:41:22.674000025
63094529300,r5179276-n948219,0,207.929,89.801,60.281,6643.088,25866.912,16.0,68.476,76.212,205.612,88.485,59.465,6664.675,25845.325,16.0,68.36,75.991,244.89,95.0,66.0,6799.0,32510.0,16.0,71.0,80.0,1613578369.694,2021-02-17 16:12:49.694000006
63121076023,r810901-n303509,0,53.516,19.012,5.131,1662.933,30847.067,16.0,39.952,39.455,87.533,54.418,16.104,2751.376,29758.624,16.0,50.52,51.509,139.76,69.0,22.0,2759.0,32444.0,16.0,54.0,55.0,1613104843.006,2021-02-12 04:40:43.006000042
63134290006,r3974592-n303509,0,79.353,38.4,5.388,20546.467,11963.533,16.0,40.399,38.039,120.735,66.492,9.382,31008.167,1501.833,16.0,55.98,53.72,174.65,100.0,16.0,31025.0,32510.0,16.0,59.0,56.0,1612870474.049,2021-02-09 11:34:34.049000025
63136570223,r2684277-n772143,0,157.404,74.978,43.555,22548.411,9961.589,16.0,53.906,56.916,176.661,84.065,48.976,25742.765,6767.235,16.0,60.248,63.922,253.1,100.0,63.0,32465.0,32510.0,16.0,69.0,75.0,1614725527.897,2021-03-02 22:52:07.897000074
63145378110,r8024255-n410412,0,193.728,79.339,53.212,6534.175,25975.825,16.0,67.644,71.165,193.199,79.314,53.261,6596.215,25913.785,16.0,67.717,71.302,253.11,94.0,63.0,6799.0,32510.0,16.0,71.0,76.0,1613529131.53,2021-02-17 02:32:11.529999970
63151730032,r1039410-n948219,0,44.08,24.692,1.686,30285.376,2224.624,16.0,42.245,41.11,42.916,20.289,1.4,31045.189,1464.811,16.0,41.652,40.46,55.45,100.0,6.0,31071.0,32510.0,16.0,44.0,43.0,1614301535.975,2021-02-26 01:05:35.974999905
63164350821,r4144777-n303509,0,68.932,21.543,9.704,14819.793,17690.207,16.0,41.422,39.195,74.995,24.258,10.956,17724.141,14785.859,16.0,45.444,43.704,245.43,100.0,51.0,17729.0,32510.0,16.0,52.0,54.0,1612854730.702,2021-02-09 07:12:10.701999903
63186572670,r7141590-n948219,0,216.438,90.107,60.343,6637.708,25872.292,16.0,68.371,73.587,216.898,90.312,60.495,6655.457,25854.543,16.0,68.38,73.606,262.82,96.0,65.0,6799.0,32510.0,16.0,71.0,77.0,1613434427.605,2021-02-16 00:13:47.605000019
63194635547,r1039410-n948219,0,30.661,2.101,0.0,800.155,31709.845,16.0,30.955,30.6,39.644,6.942,0.0,2463.622,30046.378,16.0,34.964,33.967,40.73,25.0,1.0,2488.0,32510.0,16.0,35.0,35.0,1613435990.832,2021-02-16 00:39:50.832000017
63194635547,r1039410-n948219,1,29.514,0.035,0.0,442.645,32067.355,16.0,30.472,27.236,37.103,0.0,0.0,1199.31,31310.69,16.0,33.956,30.001,38.27,24.0,1.0,1205.0,32510.0,16.0,34.0,31.0,1613435990.841,2021-02-16 00:39:50.841000080
63207838141,r7317916-n948219,1,189.969,77.052,51.727,6533.954,25976.046,16.0,63.26,67.87,189.986,76.992,51.734,6600.644,25909.356,16.0,64.082,68.708,256.82,94.0,63.0,6807.0,32510.0,16.0,73.0,78.0,1613480863.307,2021-02-16 13:07:43.306999922
63224328415,r7269000-n948219,1,202.807,82.954,55.523,6519.12,25990.88,16.0,68.075,72.709,203.082,83.312,55.78,6568.415,25941.585,16.0,67.727,72.383,255.62,94.0,64.0,6793.0,32510.0,16.0,71.0,76.0,1613442381.447,2021-02-16 02:26:21.447000027
63286696673,r8275852-n303766,0,200.649,87.628,58.894,6549.783,25960.217,16.0,67.136,70.799,199.186,86.893,58.423,6577.539,25932.461,16.0,67.203,70.853,241.05,95.0,65.0,6799.0,32510.0,16.0,71.0,76.0,1613667696.483,2021-02-18 17:01:36.483000040
63334603936,r6727430-n948219,0,26.492,0.0,0.0,0.0,32510.0,16.0,32.0,31.0,26.492,0.0,0.0,0.0,32510.0,16.0,32.0,31.0,26.63,0.0,0.0,0.0,32510.0,16.0,32.0,31.0,1613613334.668,2021-02-18 01:55:34.667999983
63338592209,r2215649-n303766,0,37.664,0.477,0.062,791.394,31718.606,16.0,36.696,33.834,37.664,0.477,0.062,791.394,31718.606,16.0,36.696,33.834,250.83,98.0,18.0,5051.0,32510.0,16.0,44.0,37.0,1614366895.101,2021-02-26 19:14:55.101000071
63348892482,r7419443-n948219,1,54.389,27.421,6.958,1087.771,31422.229,16.0,35.372,34.052,65.19,38.557,9.673,1515.701,30994.299,16.0,40.669,40.625,118.3,51.0,14.0,1539.0,32510.0,16.0,42.0,42.0,1613251717.617,2021-02-13 21:28:37.617000103
63365474791,r8024255-n303766,0,28.674,0.039,0.002,4490.964,28019.036,16.0,34.161,32.039,28.674,0.039,0.002,4490.964,28019.036,16.0,34.161,32.039,39.23,28.0,2.0,30591.0,32510.0,16.0,35.0,33.0,1614395750.477,2021-02-27 03:15:50.476999998
63383612146,r3974592-n172107,1,39.472,23.464,1.654,29109.791,3400.209,16.0,28.683,26.803,40.144,24.006,1.651,31009.518,1500.482,16.0,28.635,26.875,50.89,36.0,2.0,31071.0,32510.0,16.0,30.0,28.0,1614715744.741,2021-03-02 20:09:04.740999937
63387247255,r2684277-n948219,0,37.233,0.046,0.0,1191.133,31318.867,16.0,37.899,36.081,38.945,0.005,0.0,1401.277,31108.723,16.0,38.372,36.569,39.64,28.0,2.0,1421.0,32510.0,16.0,40.0,38.0,1614041272.973,2021-02-23 00:47:52.973000050
63425426254,r7462820-n410412,0,176.313,69.477,46.619,6499.41,26010.59,16.0,66.251,71.2,182.064,72.701,48.822,6589.568,25920.432,16.0,66.766,71.943,254.01,94.0,66.0,6807.0,32510.0,16.0,72.0,78.0,1613575119.975,2021-02-17 15:18:39.974999905
63462311872,r7462820-n410412,0,190.303,76.841,51.496,6464.87,26045.13,16.0,67.996,73.6,188.376,76.077,51.022,6553.038,25956.962,16.0,67.845,73.398,253.72,94.0,63.0,6807.0,32510.0,16.0,72.0,79.0,1613574264.267,2021-02-17 15:04:24.266999959
63493028523,r8141575-n303766,0,26.105,0.0,0.0,2.155,32507.845,16.0,32.0,31.999,26.128,0.0,0.0,0.163,32509.837,16.0,32.353,32.184,26.55,0.0,0.0,4.0,32510.0,16.0,33.0,33.0,1613820598.469,2021-02-20 11:29:58.469000101
63521714442,r8972851-n948219,0,36.226,1.262,0.0,1363.811,31146.189,16.0,32.817,31.634,36.226,1.262,0.0,1363.811,31146.189,16.0,32.817,31.634,40.09,11.0,0.0,2245.0,32510.0,16.0,34.0,32.0,1613184280.131,2021-02-13 02:44:40.131000042
63531653660,r7462820-n303766,0,211.198,90.458,60.704,6654.565,25855.435,16.0,68.584,74.166,209.573,89.798,60.314,6671.549,25838.451,16.0,68.52,74.048,250.42,95.0,65.0,6807.0,32510.0,16.0,73.0,78.0,1613650751.718,2021-02-18 12:19:11.717999935
63540181843,r5179276-n948219,0,210.153,91.017,61.066,6640.009,25869.991,16.0,68.596,75.641,207.686,89.792,60.262,6639.615,25870.385,16.0,68.463,75.396,245.78,98.0,68.0,6793.0,32510.0,16.0,72.0,80.0,1613588255.343,2021-02-17 18:57:35.342999935
63552092226,r8024255-n410412,0,24.961,0.0,0.0,0.0,32510.0,16.0,32.008,30.561,24.961,0.0,0.0,0.0,32510.0,16.0,32.008,30.561,25.07,0.0,0.0,0.0,32510.0,16.0,33.0,31.0,1614734826.692,2021-03-03 01:27:06.691999912
63588701189,r7141590-n200569,0,25.724,0.0,0.0,0.0,32510.0,16.0,30.0,29.286,25.724,0.0,0.0,0.0,32510.0,16.0,30.0,29.286,25.75,0.0,0.0,0.0,32510.0,16.0,30.0,30.0,1614724738.938,2021-03-02 22:38:58.937999964
63588701189,r7141590-n200569,1,27.86,0.0,0.0,0.0,32510.0,16.0,30.0,29.0,27.86,0.0,0.0,0.0,32510.0,16.0,30.0,29.0,27.92,0.0,0.0,0.0,32510.0,16.0,30.0,29.0,1614724738.942,2021-03-02 22:38:58.941999912
63613489074,r8275852-n410412,0,162.08,75.373,19.002,12560.365,19949.635,16.0,58.443,58.44,190.08,88.445,22.157,15163.207,17346.793,16.0,67.943,68.663,285.58,100.0,37.0,15271.0,32510.0,16.0,74.0,75.0,1613099091.155,2021-02-12 03:04:51.154999971
63642753973,r7269000-n303509,0,180.094,69.335,46.519,6642.741,25867.259,16.0,66.978,70.497,179.318,68.867,46.25,6683.677,25826.323,16.0,67.219,70.748,256.48,95.0,65.0,6799.0,32510.0,16.0,72.0,78.0,1613578292.21,2021-02-17 16:11:32.210000038
63644708748,r8024255-n303766,0,42.013,16.117,9.011,9036.401,23473.599,16.0,36.189,34.72,69.595,41.166,24.027,28248.654,4261.346,16.0,47.049,46.952,214.78,100.0,100.0,31701.0,32510.0,16.0,51.0,57.0,1614221945.265,2021-02-25 02:59:05.265000105
63644708748,r8024255-n303766,1,43.03,16.21,8.784,9113.071,23396.929,16.0,34.571,33.193,75.8,47.324,25.541,27292.344,5217.656,16.0,46.897,46.732,227.28,100.0,100.0,31835.0,32510.0,16.0,50.0,55.0,1614221945.273,2021-02-25 02:59:05.273000002
63666397100,r492024-n303766,0,211.962,90.263,60.751,6645.475,25864.525,16.0,68.206,73.248,212.094,90.425,60.873,6661.509,25848.491,16.0,68.239,73.29,249.65,95.0,65.0,6807.0,32510.0,16.0,71.0,76.0,1613441344.2,2021-02-16 02:09:04.200000048
63695843192,r44132-n303766,0,99.728,56.081,14.434,1088.019,31421.981,16.0,43.853,43.025,165.187,81.189,20.875,1519.846,30990.154,16.0,64.254,64.618,209.36,97.0,26.0,1579.0,32510.0,16.0,71.0,72.0,1613299540.286,2021-02-14 10:45:40.286000013
63730698952,r8024255-n303766,0,123.635,46.225,17.843,15969.293,16540.707,16.0,49.738,48.022,180.089,74.811,29.358,23055.95,9454.05,16.0,67.81,68.814,273.11,100.0,66.0,23071.0,32510.0,16.0,74.0,78.0,1614475191.638,2021-02-28 01:19:51.638000011
63732356304,r8972851-n303509,0,188.577,77.531,51.941,6517.383,25992.617,16.0,66.322,70.675,188.25,76.955,51.609,6587.895,25922.105,16.0,66.694,71.056,251.46,94.0,63.0,6799.0,32510.0,16.0,73.0,78.0,1613599431.196,2021-02-17 22:03:51.196000099
63774828086,r2215649-n410412,0,40.164,25.633,0.0,871.576,31638.424,16.0,36.32,33.099,40.164,25.633,0.0,871.576,31638.424,16.0,36.32,33.099,45.33,50.0,0.0,1065.0,32510.0,16.0,37.0,34.0,1614113712.009,2021-02-23 20:55:12.009000063
63793043215,r204106-n772143,0,46.98,22.897,5.31,28843.061,3666.939,16.0,35.037,34.15,47.894,22.214,5.127,31022.049,1487.951,16.0,37.465,36.666,121.63,41.0,9.0,31071.0,32510.0,16.0,42.0,42.0,1614721838.832,2021-03-02 21:50:38.832000017
63828831486,r6707841-n200569,0,26.07,0.0,0.0,0.0,32510.0,16.0,32.0,29.006,26.07,0.0,0.0,0.0,32510.0,16.0,32.0,29.006,26.14,0.0,0.0,0.0,32510.0,16.0,32.0,30.0,1614716436.255,2021-03-02 20:20:36.255000114
63854493412,r2684277-n948219,0,34.456,0.301,0.013,597.136,31912.864,16.0,37.482,35.924,63.387,30.869,7.192,1055.489,31454.511,16.0,46.067,44.607,107.46,48.0,12.0,1093.0,32510.0,16.0,49.0,48.0,1614058171.397,2021-02-23 05:29:31.397000074
63960567705,r9170217-n948219,0,92.193,44.954,18.759,24458.875,8051.125,16.0,43.536,42.919,105.095,53.153,22.34,28536.919,3973.081,16.0,51.517,51.953,256.37,100.0,73.0,28581.0,32510.0,16.0,59.0,62.0,1613241288.214,2021-02-13 18:34:48.213999987
63973617650,r8275852-n410412,0,40.819,5.055,3.865,7849.97,24660.03,16.0,38.536,39.666,72.352,23.742,18.816,28540.937,3969.063,16.0,45.572,47.2,192.0,100.0,88.0,28781.0,32510.0,16.0,50.0,55.0,1613441149.883,2021-02-16 02:05:49.882999897
63993222363,r7419443-n948219,0,26.964,0.0,0.0,0.0,32510.0,16.0,30.0,28.35,26.964,0.0,0.0,0.0,32510.0,16.0,30.0,28.35,27.12,0.0,0.0,0.0,32510.0,16.0,30.0,29.0,1613942302.221,2021-02-21 21:18:22.220999956
64002617439,r6707841-n172107,1,42.083,25.345,3.943,30310.804,2199.196,16.0,35.493,33.635,41.695,23.915,3.663,31046.219,1463.781,16.0,35.84,33.884,62.19,36.0,5.0,31071.0,32510.0,16.0,36.0,35.0,1614725540.5,2021-03-02 22:52:20.500000000
64028243734,r2684277-n303509,0,27.06,0.0,0.0,0.0,32510.0,16.0,31.998,31.999,27.06,0.0,0.0,0.0,32510.0,16.0,31.998,31.999,27.23,0.0,0.0,0.0,32510.0,16.0,32.0,32.0,1612542588.837,2021-02-05 16:29:48.836999893
64065082681,r44132-n410412,0,27.184,0.0,0.0,0.0,32510.0,16.0,31.0,29.0,27.184,0.0,0.0,0.0,32510.0,16.0,31.0,29.0,27.25,0.0,0.0,0.0,32510.0,16.0,31.0,29.0,1614734566.622,2021-03-03 01:22:46.621999979
64071931342,r6707841-n200569,0,36.578,0.247,0.003,889.763,31620.237,16.0,34.167,30.814,36.578,0.247,0.003,889.763,31620.237,16.0,34.167,30.814,38.39,21.0,1.0,1039.0,32510.0,16.0,35.0,32.0,1614718754.397,2021-03-02 20:59:14.397000074
64169195883,r5051220-n172107,1,40.626,25.391,0.926,30471.949,2038.051,16.0,34.726,33.954,40.429,22.953,0.834,31050.864,1459.136,16.0,34.253,33.788,53.23,100.0,6.0,31071.0,32510.0,16.0,35.0,34.0,1614724232.797,2021-03-02 22:30:32.796999931
64219558446,r9988778-n303766,0,34.284,0.346,0.015,841.4,31668.6,16.0,36.955,36.216,58.342,34.113,6.778,1074.512,31435.488,16.0,42.58,42.157,96.46,45.0,10.0,1093.0,32510.0,16.0,45.0,45.0,1613388090.112,2021-02-15 11:21:30.111999989
64237406198,r2215649-n410412,0,213.702,90.33,60.506,6647.132,25862.868,16.0,68.423,70.96,214.013,90.523,60.647,6665.482,25844.518,16.0,68.452,71.003,252.6,95.0,65.0,6807.0,32510.0,16.0,71.0,74.0,1613435578.594,2021-02-16 00:32:58.594000101
64249433600,r9170217-n303509,0,25.945,0.0,0.0,0.003,32509.997,16.0,32.001,29.002,32.86,1.655,0.045,823.055,31686.945,16.0,34.975,31.489,179.74,93.0,60.0,1483.0,32510.0,16.0,47.0,46.0,1613392069.923,2021-02-15 12:27:49.923000097
64294879306,r8532701-n172107,1,44.129,25.158,1.762,30429.174,2080.826,16.0,35.866,33.311,43.64,22.666,1.569,31051.233,1458.767,16.0,36.147,33.314,80.08,100.0,6.0,31071.0,32510.0,16.0,37.0,35.0,1614743648.212,2021-03-03 03:54:08.211999893
64330434132,r9170217-n172107,0,27.552,0.0,0.0,0.0,32510.0,16.0,31.163,29.964,27.514,0.0,0.0,0.112,32509.888,16.0,31.088,29.813,27.78,0.0,0.0,4.0,32510.0,16.0,32.0,30.0,1614736398.123,2021-03-03 01:53:18.122999907
64370383329,r2215649-n410412,0,30.499,3.636,2.195,1264.77,31245.23,16.0,33.419,31.389,56.133,27.785,16.785,22344.119,10165.881,16.0,39.44,37.677,204.93,97.0,73.0,28561.0,32510.0,16.0,43.0,44.0,1614161149.827,2021-02-24 10:05:49.826999903
64372657077,r2215649-n410412,1,38.131,0.611,0.057,953.402,31556.598,16.0,36.002,32.111,55.83,26.538,5.05,1025.098,31484.902,16.0,41.412,37.688,105.79,46.0,10.0,1027.0,32510.0,16.0,43.0,40.0,1613468501.795,2021-02-16 09:41:41.795000076
64408339578,r4683026-n303509,0,28.748,0.221,0.004,47.361,32462.639,16.0,31.06,29.052,28.748,0.221,0.004,47.361,32462.639,16.0,31.06,29.052,40.39,29.0,1.0,2437.0,32510.0,16.0,32.0,30.0,1613055644.932,2021-02-11 15:00:44.931999922
64414857128,r8024255-n410412,0,199.443,82.325,55.283,6549.022,25960.978,16.0,67.947,71.618,197.84,81.571,54.822,6599.119,25910.881,16.0,67.815,71.486,252.83,94.0,63.0,6793.0,32510.0,16.0,71.0,75.0,1613526734.216,2021-02-17 01:52:14.216000080
64424726136,r9988778-n303766,0,25.867,0.35,0.012,94.588,32415.412,16.0,30.335,30.126,67.35,40.313,9.539,1094.987,31415.013,16.0,44.55,44.276,114.81,54.0,13.0,1159.0,32510.0,16.0,48.0,48.0,1613402095.847,2021-02-15 15:14:55.846999884
64433720229,r8024255-n410412,0,196.08,80.928,54.326,6556.779,25953.221,16.0,67.777,71.46,193.007,79.256,53.26,6613.269,25896.731,16.0,67.593,71.228,253.51,94.0,64.0,6807.0,32510.0,16.0,71.0,75.0,1613525545.645,2021-02-17 01:32:25.644999981
64456834861,r204106-n200569,1,32.08,0.052,0.001,638.91,31871.09,16.0,31.146,27.796,32.08,0.052,0.001,638.91,31871.09,16.0,31.146,27.796,37.34,21.0,1.0,1039.0,32510.0,16.0,32.0,29.0,1614718442.83,2021-03-02 20:54:02.829999924
64487820326,r8972851-n948219,0,27.926,0.165,0.0,88.278,32421.722,16.0,32.108,30.999,27.926,0.165,0.0,88.278,32421.722,16.0,32.108,30.999,40.09,8.0,0.0,1231.0,32510.0,16.0,33.0,31.0,1613183624.936,2021-02-13 02:33:44.936000109
64502897236,r5179276-n948219,0,208.167,90.093,60.314,6638.391,25871.609,16.0,68.535,75.721,206.239,89.229,59.785,6657.771,25852.229,16.0,68.356,75.491,246.06,95.0,65.0,6793.0,32510.0,16.0,72.0,80.0,1613584172.028,2021-02-17 17:49:32.028000116
64559601038,r5198790-n172107,1,44.003,25.386,3.743,30023.434,2486.566,16.0,35.608,35.274,43.39,23.76,3.465,31041.328,1468.672,16.0,35.256,34.676,93.85,100.0,6.0,31071.0,32510.0,16.0,37.0,37.0,1614723796.179,2021-03-02 22:23:16.178999901
64578521934,r8275852-n410412,0,177.958,72.586,48.707,6539.455,25970.545,16.0,64.806,69.735,176.369,71.647,48.124,6620.375,25889.625,16.0,65.193,70.201,247.02,96.0,68.0,6807.0,32510.0,16.0,72.0,79.0,1613496678.099,2021-02-16 17:31:18.098999977
64587567781,r44132-n303766,0,185.017,75.347,50.535,6621.89,25888.11,16.0,64.847,70.804,178.47,71.513,48.034,6675.985,25834.015,16.0,65.433,71.171,251.72,95.0,66.0,6799.0,32510.0,16.0,72.0,80.0,1613454249.366,2021-02-16 05:44:09.365999937
64625464584,r6727430-n303509,0,27.129,0.0,0.0,3.037,32506.963,16.0,36.914,33.759,27.129,0.0,0.0,3.037,32506.963,16.0,36.914,33.759,27.28,0.0,0.0,4.0,32510.0,16.0,37.0,34.0,1613012732.189,2021-02-11 03:05:32.188999891
64650442535,r414303-n948219,0,31.696,6.658,0.0,598.845,31911.155,16.0,31.278,29.161,37.489,18.922,0.0,1280.018,31229.982,16.0,34.32,31.801,41.49,32.0,1.0,1285.0,32510.0,16.0,36.0,34.0,1614593171.805,2021-03-01 10:06:11.805000067
64655012194,r8275852-n303766,0,25.824,0.0,0.0,3.994,32506.006,16.0,30.925,31.0,25.731,0.0,0.0,4.0,32506.0,16.0,30.486,30.787,26.06,0.0,0.0,4.0,32510.0,16.0,31.0,32.0,1614716120.579,2021-03-02 20:15:20.578999996
64655012194,r8275852-n303766,1,27.412,0.0,0.0,3.995,32506.005,16.0,30.985,27.62,27.168,0.0,0.0,4.0,32506.0,16.0,30.107,26.93,27.67,0.0,0.0,4.0,32510.0,16.0,31.0,28.0,1614716120.582,2021-03-02 20:15:20.582000017
64693659176,r8024255-n410412,0,195.686,80.179,53.793,6509.655,26000.345,16.0,67.878,71.49,193.96,79.378,53.298,6577.554,25932.446,16.0,67.824,71.426,253.99,94.0,63.0,6807.0,32510.0,16.0,71.0,75.0,1613525150.606,2021-02-17 01:25:50.605999947
64694626392,r5179276-n948219,0,204.805,88.266,59.118,6646.568,25863.432,16.0,68.053,75.595,202.618,87.273,58.505,6671.352,25838.648,16.0,67.885,75.332,246.0,99.0,68.0,6807.0,32510.0,16.0,72.0,80.0,1613579436.074,2021-02-17 16:30:36.073999882
64716423232,r974863-n303766,0,51.736,26.224,16.287,12147.226,20362.774,16.0,39.741,38.62,67.531,49.335,30.456,25896.8,6613.2,16.0,46.13,45.298,203.82,100.0,79.0,28563.0,32510.0,16.0,49.0,52.0,1614121454.301,2021-02-23 23:04:14.301000118
64724376030,r2215649-n303766,0,39.719,0.064,0.002,896.167,31613.833,16.0,41.714,39.293,38.221,0.009,0.003,1027.678,31482.322,16.0,39.129,36.941,85.83,55.0,44.0,5127.0,32510.0,16.0,44.0,42.0,1614742946.75,2021-03-03 03:42:26.750000000
64752859304,r414303-n948219,0,37.068,1.376,0.094,958.652,31551.348,16.0,33.686,31.162,51.407,30.354,3.436,1087.557,31422.443,16.0,38.249,35.391,84.02,47.0,6.0,1093.0,32510.0,16.0,39.0,37.0,1614424238.9,2021-02-27 11:10:38.900000095
64755108381,r810901-n303509,0,27.422,0.0,0.0,0.0,32510.0,16.0,33.0,31.881,27.422,0.0,0.0,0.0,32510.0,16.0,33.0,31.881,27.57,0.0,0.0,0.0,32510.0,16.0,33.0,32.0,1613069021.892,2021-02-11 18:43:41.891999960
64773882351,r7462820-n410412,1,191.924,77.633,52.189,6503.634,26006.366,16.0,61.946,64.531,192.152,77.36,52.026,6578.861,25931.139,16.0,63.434,66.058,259.62,94.0,63.0,6807.0,32510.0,16.0,73.0,77.0,1613573487.804,2021-02-17 14:51:27.803999901
64885743764,r6959555-n172107,0,41.46,26.252,1.758,30525.672,1984.328,16.0,38.0,34.369,40.739,23.257,1.561,31053.718,1456.282,16.0,37.332,33.591,69.72,100.0,6.0,31071.0,32510.0,16.0,38.0,35.0,1614746916.995,2021-03-03 04:48:36.994999886
64913013875,r414303-n303509,0,28.752,0.0,0.0,0.0,32510.0,16.0,42.0,43.0,28.752,0.0,0.0,0.0,32510.0,16.0,42.0,43.0,28.85,0.0,0.0,0.0,32510.0,16.0,42.0,43.0,1613429098.512,2021-02-15 22:44:58.512000083
64929954057,r7141590-n303509,0,26.853,0.0,0.0,0.0,32510.0,16.0,39.0,38.0,26.853,0.0,0.0,0.0,32510.0,16.0,39.0,38.0,27.08,0.0,0.0,0.0,32510.0,16.0,39.0,38.0,1613145181.998,2021-02-12 15:53:01.997999907
64933720210,r9480604-n410412,0,35.354,0.32,0.015,1582.695,30927.305,16.0,39.258,37.173,73.513,38.613,14.188,2622.953,29887.047,16.0,50.07,47.787,132.05,50.0,21.0,2631.0,32510.0,16.0,52.0,50.0,1613786458.917,2021-02-20 02:00:58.917000055
64994765893,r7269000-n303509,0,207.615,85.128,57.014,6592.533,25917.467,16.0,68.062,72.697,205.451,84.003,56.295,6603.69,25906.31,16.0,67.959,72.532,254.48,99.0,64.0,6793.0,32510.0,16.0,71.0,76.0,1613582313.762,2021-02-17 17:18:33.762000084
65075341916,r4683026-n948219,0,27.283,0.0,0.0,0.0,32510.0,16.0,39.225,39.383,117.969,53.956,28.951,17940.916,14569.084,16.0,55.174,59.043,250.57,100.0,68.0,31079.0,32510.0,16.0,73.0,82.0,1614084169.315,2021-02-23 12:42:49.315000057
65149598448,r44132-n303766,0,42.891,4.699,1.15,5025.449,27484.551,16.0,36.035,34.82,54.152,8.491,2.038,8136.753,24373.247,16.0,38.113,37.148,222.12,100.0,33.0,8195.0,32510.0,16.0,45.0,44.0,1613336701.178,2021-02-14 21:05:01.177999973
65163746407,r7462820-n410412,0,196.113,79.905,53.658,6514.456,25995.544,16.0,68.008,73.651,194.261,79.107,53.168,6581.119,25928.881,16.0,67.875,73.469,253.85,94.0,63.0,6801.0,32510.0,16.0,71.0,78.0,1613576349.775,2021-02-17 15:39:09.775000095
65230418109,r9480604-n303766,0,39.883,0.099,0.019,1776.214,30733.786,16.0,36.647,34.06,38.926,0.084,0.027,2883.524,29626.476,16.0,35.319,32.837,89.35,53.0,10.0,2897.0,32510.0,16.0,39.0,37.0,1613411085.959,2021-02-15 17:44:45.959000111
65412844964,r8473362-n410412,0,26.916,0.0,0.0,0.0,32510.0,16.0,32.0,30.64,27.565,0.0,0.0,3.874,32506.126,16.0,36.963,35.221,28.28,0.0,0.0,4.0,32510.0,16.0,39.0,37.0,1613128912.065,2021-02-12 11:21:52.065000057
65412844964,r8473362-n410412,1,25.898,0.0,0.0,0.0,32510.0,16.0,32.0,30.639,92.529,57.558,35.707,1503.642,31006.358,16.0,58.285,60.443,142.03,86.0,59.0,1555.0,32510.0,16.0,66.0,70.0,1613128912.069,2021-02-12 11:21:52.069000006
65445115259,r6727430-n303509,0,208.035,89.331,60.01,6649.633,25860.367,16.0,68.403,73.502,208.371,89.589,60.206,6668.507,25841.493,16.0,68.464,73.528,247.19,95.0,65.0,6807.0,32510.0,16.0,72.0,77.0,1613432694.801,2021-02-15 23:44:54.801000118
65487618795,r974863-n410412,0,26.048,0.0,0.0,2.943,32507.057,16.0,37.0,36.885,26.048,0.0,0.0,2.943,32507.057,16.0,37.0,36.885,26.43,0.0,0.0,4.0,32510.0,16.0,37.0,37.0,1613011502.697,2021-02-11 02:45:02.697000027
65520335121,r1039410-n948219,0,57.236,21.551,2.969,945.366,31564.634,16.0,36.935,35.553,66.942,27.306,3.762,1210.767,31299.233,16.0,42.97,41.29,126.07,92.0,13.0,1315.0,32510.0,16.0,47.0,45.0,1613860851.699,2021-02-20 22:40:51.698999882
65545121228,r8275852-n410412,0,55.97,36.022,3.533,23034.044,9475.956,16.0,38.04,38.683,66.648,52.019,5.016,30788.702,1721.298,16.0,41.073,41.24,80.17,100.0,7.0,31023.0,32510.0,16.0,44.0,44.0,1614439413.127,2021-02-27 15:23:33.127000093
65574685541,r8024255-n303766,1,26.663,0.0,0.0,0.0,32510.0,16.0,31.0,29.033,26.663,0.0,0.0,0.0,32510.0,16.0,31.0,29.033,26.81,0.0,0.0,0.0,32510.0,16.0,31.0,30.0,1614754882.919,2021-03-03 07:01:22.918999910
65646176711,r9170217-n948219,0,88.404,53.754,19.641,2401.702,30108.298,16.0,47.073,47.039,75.336,37.448,14.392,4369.526,28140.474,16.0,42.214,41.629,147.58,68.0,28.0,4611.0,32510.0,16.0,51.0,52.0,1613572345.193,2021-02-17 14:32:25.193000078
65739405221,r7753495-n200569,0,37.065,0.034,0.0,1002.714,31507.286,16.0,31.791,29.768,37.191,0.003,0.002,1074.181,31435.819,16.0,31.512,29.398,93.67,56.0,43.0,8273.0,32510.0,16.0,32.0,34.0,1614725289.925,2021-03-02 22:48:09.924999952
65753935607,r2215649-n410412,0,26.756,0.0,0.0,0.0,32510.0,16.0,35.0,32.0,26.756,0.0,0.0,0.0,32510.0,16.0,35.0,32.0,26.85,0.0,0.0,0.0,32510.0,16.0,35.0,32.0,1614113457.061,2021-02-23 20:50:57.061000109
65776802327,r1900814-n772143,1,40.141,21.467,1.585,28926.066,3583.934,16.0,33.856,32.637,41.02,20.909,1.489,31000.624,1509.376,16.0,35.499,34.371,73.2,31.0,3.0,31071.0,32510.0,16.0,37.0,36.0,1614721838.821,2021-03-02 21:50:38.821000099
65779944849,r6727430-n303509,0,208.626,89.476,60.11,6650.662,25859.338,16.0,68.383,73.449,208.358,89.55,60.147,6660.65,25849.35,16.0,68.384,73.45,246.86,94.0,64.0,6801.0,32510.0,16.0,71.0,76.0,1613442054.353,2021-02-16 02:20:54.352999926
65862503108,r9480604-n410412,0,26.934,0.0,0.0,0.188,32509.812,16.0,36.0,34.188,26.934,0.0,0.0,0.188,32509.812,16.0,36.0,34.188,27.05,0.0,0.0,4.0,32510.0,16.0,36.0,35.0,1614112279.551,2021-02-23 20:31:19.551000118
65886237088,r9988778-n303766,0,35.584,1.979,0.328,913.576,31596.424,16.0,34.952,34.049,55.941,30.765,5.983,1081.767,31428.233,16.0,40.303,39.779,109.86,47.0,11.0,1093.0,32510.0,16.0,42.0,42.0,1613286711.482,2021-02-14 07:11:51.482000113
65944058813,r414303-n172107,0,60.229,27.95,12.453,29872.535,2637.465,16.0,40.176,38.669,57.101,26.904,11.854,31038.916,1471.084,16.0,39.446,37.861,113.79,100.0,22.0,31071.0,32510.0,16.0,41.0,40.0,1614727050.822,2021-03-02 23:17:30.822000027
65961819979,r414303-n303509,0,29.442,0.0,0.0,0.0,32510.0,16.0,44.458,46.0,29.442,0.0,0.0,0.0,32510.0,16.0,44.458,46.0,29.63,0.0,0.0,0.0,32510.0,16.0,45.0,46.0,1613429075.799,2021-02-15 22:44:35.799000025
66025599285,r7753495-n948219,0,213.881,90.434,60.736,6643.777,25866.223,16.0,67.995,71.172,212.196,89.574,60.209,6662.432,25847.568,16.0,67.898,71.076,253.74,95.0,65.0,6801.0,32510.0,16.0,71.0,74.0,1613568560.119,2021-02-17 13:29:20.118999958
66035905926,r6707841-n772143,0,47.694,23.988,3.858,30461.556,2048.444,16.0,39.804,37.754,46.189,20.788,3.321,31053.784,1456.216,16.0,38.835,36.678,112.52,100.0,6.0,31071.0,32510.0,16.0,41.0,39.0,1614744601.168,2021-03-03 04:10:01.167999983
66039169444,r4506251-n410412,0,25.723,0.0,0.0,0.0,32510.0,16.0,31.0,29.999,25.723,0.0,0.0,0.0,32510.0,16.0,31.0,29.999,25.93,0.0,0.0,0.0,32510.0,16.0,31.0,30.0,1613395284.574,2021-02-15 13:21:24.573999882
66137607703,r8972851-n948219,0,37.118,0.77,0.01,1351.51,31158.49,16.0,33.779,31.98,37.118,0.77,0.01,1351.51,31158.49,16.0,33.779,31.98,40.06,15.0,1.0,2041.0,32510.0,16.0,34.0,32.0,1613184461.85,2021-02-13 02:47:41.849999905
66137941226,r1900814-n772143,1,45.847,26.153,3.871,30461.573,2048.427,16.0,35.453,34.397,44.699,22.858,3.344,31054.404,1455.596,16.0,36.632,35.645,112.72,37.0,5.0,31071.0,32510.0,16.0,38.0,37.0,1614740713.918,2021-03-03 03:05:13.917999983
66143374045,r8275852-n410412,0,202.18,87.664,58.803,6407.574,26102.426,16.0,64.084,69.734,202.33,87.542,58.764,6467.245,26042.755,16.0,64.681,70.413,248.33,95.0,66.0,6807.0,32510.0,16.0,72.0,79.0,1613495898.37,2021-02-16 17:18:18.369999886
66150948784,r8141575-n303766,0,57.964,21.589,13.24,30590.95,1919.05,16.0,41.591,41.761,53.586,16.529,9.628,31042.518,1467.482,16.0,41.395,41.364,126.15,77.0,50.0,31071.0,32510.0,16.0,44.0,46.0,1614183170.799,2021-02-24 16:12:50.799000025
66159271324,r492024-n410412,1,72.242,30.935,4.272,1281.385,31228.615,16.0,44.92,42.156,72.78,30.936,4.257,1303.997,31206.003,16.0,45.331,42.489,129.9,91.0,13.0,1315.0,32510.0,16.0,47.0,44.0,1613862405.292,2021-02-20 23:06:45.292000055
66169541541,r4683026-n948219,0,47.027,24.475,7.386,13535.512,18974.488,16.0,42.483,42.94,54.984,33.428,9.721,25417.847,7092.153,16.0,45.724,46.592,198.59,100.0,47.0,26905.0,32510.0,16.0,48.0,52.0,1614270301.527,2021-02-25 16:25:01.526999950
66203008529,r5179276-n948219,0,160.826,64.518,43.279,6543.13,25966.87,16.0,62.099,66.566,165.044,66.827,44.863,6631.971,25878.029,16.0,62.991,67.692,245.43,95.0,69.0,6799.0,32510.0,16.0,72.0,79.0,1613587431.751,2021-02-17 18:43:51.750999928
66230162863,r9170217-n948219,0,173.826,70.797,47.552,6378.887,26131.113,16.0,62.687,66.709,174.955,71.559,48.096,6504.168,26005.832,16.0,63.718,67.86,244.75,100.0,66.0,6793.0,32510.0,16.0,68.0,74.0,1613582884.951,2021-02-17 17:28:04.950999975
66236266674,r6727430-n303509,0,207.681,89.075,59.823,6630.494,25879.506,16.0,68.423,73.407,207.274,88.932,59.716,6643.454,25866.546,16.0,68.39,73.375,246.87,95.0,64.0,6793.0,32510.0,16.0,71.0,77.0,1613434777.153,2021-02-16 00:19:37.153000116
66278117244,r8141575-n303766,0,26.022,0.0,0.0,0.127,32509.873,16.0,32.0,32.0,26.022,0.0,0.0,0.127,32509.873,16.0,32.0,32.0,26.12,0.0,0.0,4.0,32510.0,16.0,32.0,32.0,1613922605.626,2021-02-21 15:50:05.625999928
66278117244,r8141575-n303766,1,25.203,0.0,0.0,0.111,32509.889,16.0,29.0,27.984,25.203,0.0,0.0,0.111,32509.889,16.0,29.0,27.984,25.33,0.0,0.0,4.0,32510.0,16.0,29.0,28.0,1613922605.632,2021-02-21 15:50:05.631999969
66289603663,r4144777-n303509,0,35.874,16.028,0.399,18959.708,13550.292,16.0,37.587,35.133,40.388,21.637,0.605,30015.296,2494.704,16.0,38.846,36.115,41.88,38.0,2.0,30709.0,32510.0,16.0,40.0,37.0,1614314993.708,2021-02-26 04:49:53.707999945
66300105115,r4506251-n303766,0,179.514,72.756,48.83,6123.012,26386.988,16.0,62.072,67.357,178.285,71.315,47.902,6336.232,26173.768,16.0,63.754,69.267,255.82,95.0,68.0,6799.0,32510.0,16.0,72.0,79.0,1613462922.766,2021-02-16 08:08:42.766000032
66322116641,r8141575-n410412,1,26.661,0.0,0.0,0.0,32510.0,16.0,31.0,29.495,71.82,36.336,15.032,2554.181,29955.819,16.0,44.589,44.607,136.43,52.0,25.0,2563.0,32510.0,16.0,47.0,48.0,1614443288.573,2021-02-27 16:28:08.572999954
66358256638,r7269000-n303509,0,215.331,90.1,60.31,6644.197,25865.803,16.0,68.12,73.24,214.051,89.458,59.936,6664.459,25845.541,16.0,68.039,73.123,255.28,95.0,65.0,6807.0,32510.0,16.0,71.0,76.0,1613577241.603,2021-02-17 15:54:01.602999926
66361629090,r8972851-n948219,0,28.472,0.0,0.0,3.876,32506.124,16.0,41.404,40.278,28.472,0.0,0.0,3.876,32506.124,16.0,41.404,40.278,28.73,0.0,0.0,4.0,32510.0,16.0,42.0,41.0,1613478389.982,2021-02-16 12:26:29.982000113
66386470180,r492024-n410412,0,27.878,0.0,0.0,0.0,32510.0,16.0,32.0,31.0,27.887,0.0,0.0,0.0,32510.0,16.0,32.152,30.969,28.25,0.0,0.0,0.0,32510.0,16.0,33.0,32.0,1613826759.621,2021-02-20 13:12:39.621000051
66403727045,r4683026-n948219,1,47.949,11.864,2.647,978.33,31531.67,16.0,38.015,35.495,61.492,30.891,7.09,1022.677,31487.323,16.0,43.959,41.829,102.13,42.0,10.0,1027.0,32510.0,16.0,46.0,44.0,1613981949.519,2021-02-22 08:19:09.519000052
66418866339,r2684277-n948219,0,36.019,1.384,0.193,801.786,31708.214,16.0,32.979,31.17,60.157,34.217,5.96,1075.134,31434.866,16.0,43.755,42.009,106.36,48.0,10.0,1093.0,32510.0,16.0,49.0,48.0,1613315776.531,2021-02-14 15:16:16.530999899
66422868102,r4506251-n410412,0,25.979,0.0,0.0,0.0,32510.0,16.0,31.0,30.0,25.979,0.0,0.0,0.0,32510.0,16.0,31.0,30.0,26.02,0.0,0.0,0.0,32510.0,16.0,31.0,30.0,1614734934.112,2021-03-03 01:28:54.111999989
66493348181,r7462820-n303766,1,118.135,42.327,28.451,6094.164,26415.836,16.0,50.119,51.485,119.974,43.275,29.139,6502.355,26007.645,16.0,51.529,53.005,238.69,95.0,64.0,6801.0,32510.0,16.0,61.0,66.0,1613654526.527,2021-02-18 13:22:06.526999950
66515703919,r4099734-n172107,1,40.109,21.007,0.85,29046.829,3463.171,16.0,33.899,31.959,40.429,21.115,0.83,30998.281,1511.719,16.0,34.578,32.891,52.23,30.0,2.0,31071.0,32510.0,16.0,36.0,34.0,1614715475.814,2021-03-02 20:04:35.813999891
66570373422,r7753495-n303509,0,26.061,0.009,0.0,17.416,32492.584,16.0,37.038,35.183,26.213,0.015,0.0,23.829,32486.171,16.0,37.049,35.193,39.11,9.0,1.0,589.0,32510.0,16.0,38.0,36.0,1613371906.537,2021-02-15 06:51:46.536999941
66636218154,r4506251-n410412,1,25.916,0.0,0.0,0.0,32510.0,16.0,31.402,28.588,25.916,0.0,0.0,0.295,32509.705,16.0,31.53,28.664,26.02,0.0,0.0,4.0,32510.0,16.0,32.0,29.0,1614735079.604,2021-03-03 01:31:19.604000092
66694925370,r9659953-n172107,0,54.767,24.028,6.259,30225.964,2284.036,16.0,38.484,38.625,52.974,22.251,5.723,31049.835,1460.165,16.0,38.607,38.742,127.43,87.0,11.0,31071.0,32510.0,16.0,40.0,41.0,1614739032.114,2021-03-03 02:37:12.114000082
66724057006,r4683026-n948219,0,66.071,24.34,9.739,1103.677,31406.323,16.0,40.492,40.724,70.289,26.912,10.745,1163.927,31346.073,16.0,42.942,43.397,134.01,47.0,20.0,1313.0,32510.0,16.0,50.0,52.0,1614649220.348,2021-03-02 01:40:20.348000050
66734143158,r5179276-n948219,0,208.793,89.977,60.413,6638.944,25871.056,16.0,68.471,75.971,206.793,89.004,59.825,6657.466,25852.534,16.0,68.299,75.73,245.55,95.0,64.0,6793.0,32510.0,16.0,71.0,80.0,1613580863.831,2021-02-17 16:54:23.831000090
66782578179,r7419443-n948219,0,28.081,0.207,0.041,114.125,32395.875,16.0,30.099,28.113,28.081,0.207,0.041,114.125,32395.875,16.0,30.099,28.113,146.08,100.0,27.0,2413.0,32510.0,16.0,32.0,32.0,1613942355.113,2021-02-21 21:19:15.112999916
66827493850,r4506251-n303766,0,29.15,0.011,0.0,14.666,32495.334,16.0,35.031,35.66,61.165,31.705,7.394,1520.046,30989.954,16.0,43.464,44.467,124.8,50.0,15.0,1605.0,32510.0,16.0,45.0,48.0,1613456884.6,2021-02-16 06:28:04.599999905
66897823595,r6727430-n948219,0,26.497,0.0,0.0,0.0,32510.0,16.0,32.0,31.0,26.497,0.0,0.0,0.0,32510.0,16.0,32.0,31.0,26.5,0.0,0.0,0.0,32510.0,16.0,32.0,31.0,1613613413.252,2021-02-18 01:56:53.252000092
66913462180,r8972851-n172107,1,46.39,27.901,7.001,30418.656,2091.344,16.0,35.195,35.354,46.066,26.362,6.569,31054.044,1455.956,16.0,36.918,36.903,100.09,40.0,10.0,31071.0,32510.0,16.0,38.0,39.0,1614736252.205,2021-03-03 01:50:52.204999924
66937116434,r492024-n303766,0,25.026,0.0,0.0,0.0,32510.0,16.0,33.0,31.036,71.761,41.368,10.748,1107.238,31402.762,16.0,50.183,49.99,124.13,61.0,17.0,1159.0,32510.0,16.0,55.0,56.0,1613401919.568,2021-02-15 15:11:59.568000078
66953742736,r9988778-n303766,0,45.379,11.34,4.001,1274.624,31235.376,16.0,35.184,34.914,96.855,48.136,17.549,3069.347,29440.653,16.0,47.481,47.635,221.09,74.0,31.0,3391.0,32510.0,16.0,52.0,52.0,1613165449.684,2021-02-12 21:30:49.684000015
66976381889,r414303-n948219,0,26.325,0.0,0.0,0.0,32510.0,16.0,32.0,29.967,26.325,0.0,0.0,0.0,32510.0,16.0,32.0,29.967,26.45,0.0,0.0,0.0,32510.0,16.0,32.0,30.0,1614076014.998,2021-02-23 10:26:54.997999907
66993331552,r7419443-n948219,0,94.422,85.62,0.87,338.088,32171.912,16.0,44.424,41.565,103.295,92.943,0.944,378.943,32131.057,16.0,50.836,48.408,114.53,99.0,1.0,379.0,32510.0,16.0,53.0,51.0,1613346522.799,2021-02-14 23:48:42.799000025
67028347857,r8024255-n410412,0,213.516,90.699,60.878,6646.827,25863.173,16.0,67.745,71.672,211.561,89.741,60.262,6654.752,25855.248,16.0,67.732,71.636,254.53,95.0,65.0,6801.0,32510.0,16.0,71.0,76.0,1613531124.732,2021-02-17 03:05:24.732000113
67038945587,r5198790-n772143,1,38.406,20.43,1.595,28619.124,3890.876,16.0,35.133,31.194,39.626,21.653,1.529,30999.581,1510.419,16.0,36.573,32.571,69.16,33.0,3.0,31071.0,32510.0,16.0,38.0,34.0,1614721838.777,2021-03-02 21:50:38.776999950
67048347122,r9170217-n948219,0,27.629,0.0,0.0,0.0,32510.0,16.0,34.0,32.722,27.629,0.0,0.0,0.0,32510.0,16.0,34.0,32.722,27.75,0.0,0.0,0.0,32510.0,16.0,34.0,33.0,1613429363.79,2021-02-15 22:49:23.789999962
67093604368,r2215649-n303766,0,26.318,0.0,0.0,2.133,32507.867,16.0,40.0,37.7,26.318,0.0,0.0,2.133,32507.867,16.0,40.0,37.7,26.53,0.0,0.0,4.0,32510.0,16.0,40.0,38.0,1613954827.226,2021-02-22 00:47:07.226000071
67104715508,r492024-n303766,0,199.417,83.153,56.001,6642.259,25867.741,16.0,68.363,72.936,199.98,83.559,56.287,6669.012,25840.988,16.0,68.309,72.892,250.27,95.0,64.0,6801.0,32510.0,16.0,71.0,77.0,1613431142.337,2021-02-15 23:19:02.336999893
