id_job,node_id,gpu_index,early_power_draw_W,early_utilization_gpu_pct,early_utilization_memory_pct,early_memory_used_MiB,early_memory_free_MiB,early_pcie_link_width_current,early_temperature_gpu,early_temperature_memory,full_power_draw_W_avg,full_utilization_gpu_pct_avg,full_utilization_memory_pct_avg,full_memory_used_MiB_avg,full_memory_free_MiB_avg,full_pcie_link_width_current_avg,full_temperature_gpu_avg,full_temperature_memory_avg,full_power_draw_W_peak,full_utilization_gpu_pct_peak,full_utilization_memory_pct_peak,full_memory_used_MiB_peak,full_memory_free_MiB_peak,full_pcie_link_width_current_peak,full_temperature_gpu_peak,full_temperature_memory_peak,job_start_ts,job_start_date
17860694,r8024255-n303766,0,26.781,0.0,0.0,0.0,32510.0,16.0,33.0,31.001,29.403,4.858,0.383,120.832,32389.168,16.0,34.677,32.611,103.74,100.0,16.0,1645.0,32510.0,16.0,45.0,43.0,1614178685.907,2021-02-24 14:58:05.907000065
17860694,r8024255-n303766,1,26.546,0.0,0.0,0.0,32510.0,16.0,31.0,29.251,29.31,2.632,0.376,120.901,32389.099,16.0,32.831,31.485,108.07,100.0,16.0,1645.0,32510.0,16.0,45.0,43.0,1614178685.909,2021-02-24 14:58:05.908999920
40428213,r9988778-n410412,0,25.282,0.0,0.0,0.0,32510.0,16.0,30.0,29.0,25.282,0.0,0.0,0.0,32510.0,16.0,30.0,29.0,25.31,0.0,0.0,0.0,32510.0,16.0,30.0,29.0,1614734669.029,2021-03-03 01:24:29.029000044
43780609,r8275852-n410412,0,27.749,0.0,0.0,0.0,32510.0,16.0,31.0,32.019,27.801,0.0,0.0,0.0,32510.0,16.0,31.179,32.37,28.33,0.0,0.0,0.0,32510.0,16.0,32.0,34.0,1614451970.354,2021-02-27 18:52:50.354000092
50418741,r368967-n172107,0,24.94,0.0,0.0,0.0,32510.0,16.0,30.0,28.0,24.94,0.0,0.0,0.0,32510.0,16.0,30.0,28.0,24.99,0.0,0.0,0.0,32510.0,16.0,30.0,28.0,1614711723.401,2021-03-02 19:02:03.401000023
50418741,r368967-n172107,1,25.69,0.0,0.0,0.0,32510.0,16.0,29.0,30.0,25.69,0.0,0.0,0.0,32510.0,16.0,29.0,30.0,25.69,0.0,0.0,0.0,32510.0,16.0,29.0,30.0,1614711723.409,2021-03-02 19:02:03.408999920
69233266,r2215649-n303766,1,150.608,62.374,41.231,2404.738,30105.262,16.0,53.82,54.262,196.412,87.124,58.353,2849.553,29660.447,16.0,59.353,61.296,245.32,98.0,67.0,4279.0,32510.0,16.0,63.0,66.0,1613935364.779,2021-02-21 19:22:44.779000044
83483961,r492024-n303766,0,204.955,86.439,58.025,6401.633,26108.367,16.0,68.219,73.09,211.887,90.369,60.77,6661.363,25848.637,16.0,68.327,73.427,249.83,98.0,65.0,6807.0,32510.0,16.0,71.0,76.0,1613443086.865,2021-02-16 02:38:06.865000010
162581525,r2215649-n410412,0,27.576,0.0,0.0,0.0,32510.0,16.0,39.453,36.623,67.548,34.643,8.196,765.805,31744.195,16.0,49.836,47.184,113.61,49.0,12.0,837.0,32510.0,16.0,53.0,51.0,1613491517.254,2021-02-16 16:05:17.253999949
164578513,r8972851-n948219,0,36.566,1.276,0.0,1413.65,31096.35,16.0,32.84,31.595,36.566,1.276,0.0,1413.65,31096.35,16.0,32.84,31.595,40.23,9.0,0.0,2245.0,32510.0,16.0,34.0,32.0,1613184217.548,2021-02-13 02:43:37.548000097
197545461,r2215649-n410412,0,31.95,5.897,0.034,424.657,32085.343,16.0,38.761,36.096,72.812,37.13,15.177,2567.646,29942.354,16.0,48.4,46.721,127.7,56.0,24.0,2695.0,32510.0,16.0,51.0,50.0,1613427522.896,2021-02-15 22:18:42.895999908
222085474,r974863-n410412,1,25.601,0.0,0.0,0.0,32510.0,16.0,31.025,27.501,58.341,30.985,8.371,1499.717,31010.283,16.0,40.386,36.978,126.06,56.0,17.0,1539.0,32510.0,16.0,43.0,40.0,1613457271.001,2021-02-16 06:34:31.000999928
235847952,r4099734-n172107,0,51.174,24.039,6.145,29760.596,2749.404,16.0,40.686,38.978,49.275,22.621,5.85,31057.373,1452.627,16.0,40.138,38.402,115.37,100.0,11.0,31071.0,32510.0,16.0,42.0,41.0,1614746551.094,2021-03-03 04:42:31.094000101
261128277,r8141575-n410412,0,43.697,0.238,0.007,1200.816,31309.184,16.0,51.125,50.263,74.531,22.737,6.133,5704.794,26805.206,16.0,47.108,45.583,257.12,100.0,45.0,26395.0,32510.0,16.0,67.0,71.0,1614638748.181,2021-03-01 22:45:48.180999994
333437599,r4683026-n948219,1,64.424,25.799,3.597,1227.927,31282.073,16.0,43.364,40.502,68.292,29.633,4.062,1304.116,31205.884,16.0,45.843,43.138,120.07,90.0,13.0,1315.0,32510.0,16.0,48.0,45.0,1613861563.507,2021-02-20 22:52:43.506999969
342247359,r6707841-n200569,1,35.227,0.223,0.003,873.731,31636.269,16.0,30.757,30.223,35.227,0.223,0.003,873.731,31636.269,16.0,30.757,30.223,36.71,20.0,1.0,1039.0,32510.0,16.0,31.0,31.0,1614718754.429,2021-03-02 20:59:14.428999901
343004389,r7753495-n303509,0,24.685,0.0,0.0,0.0,32510.0,16.0,31.0,29.014,56.31,20.785,5.132,1474.877,31035.123,16.0,39.453,37.496,145.59,65.0,18.0,1605.0,32510.0,16.0,56.0,54.0,1613491517.311,2021-02-16 16:05:17.311000109
346594617,r6727430-n303509,0,203.807,86.488,57.96,6393.56,26116.44,16.0,68.284,72.882,208.208,89.42,60.086,6651.843,25858.157,16.0,68.142,73.164,246.98,95.0,65.0,6793.0,32510.0,16.0,71.0,77.0,1613444890.882,2021-02-16 03:08:10.881999969
379212017,r414303-n172107,1,35.845,16.918,1.421,26407.235,6102.765,16.0,32.469,30.473,37.795,22.292,1.614,31007.298,1502.702,16.0,34.266,32.515,47.13,32.0,2.0,31071.0,32510.0,16.0,35.0,34.0,1614715744.698,2021-03-02 20:09:04.697999954
383286615,r4605940-n948219,0,36.865,1.152,0.035,986.301,31523.699,16.0,32.985,30.498,59.977,39.158,6.102,1157.2,31352.8,16.0,42.374,40.42,92.33,48.0,8.0,1159.0,32510.0,16.0,44.0,42.0,1614499663.544,2021-02-28 08:07:43.543999910
451841228,r8024255-n410412,0,206.602,86.704,58.155,6414.951,26095.049,16.0,68.272,72.011,211.985,89.903,60.431,6665.023,25844.977,16.0,68.154,72.118,255.19,95.0,65.0,6801.0,32510.0,16.0,72.0,76.0,1613532185.136,2021-02-17 03:23:05.135999918
487837768,r2215649-n303766,1,26.386,0.0,0.0,0.0,32510.0,16.0,30.0,28.675,85.67,30.445,20.148,939.845,31570.155,16.0,40.132,39.568,242.88,98.0,66.0,4287.0,32510.0,16.0,73.0,76.0,1613933624.592,2021-02-21 18:53:44.592000008
488923354,r6727430-n303509,0,186.219,81.396,54.073,6018.826,26491.174,16.0,58.365,61.271,203.54,88.02,58.899,6535.842,25974.158,16.0,65.45,69.975,249.02,100.0,65.0,6807.0,32510.0,16.0,73.0,78.0,1613431645.425,2021-02-15 23:27:25.424999952
499152276,r6727430-n303509,0,27.042,0.0,0.0,2.996,32507.004,16.0,36.0,33.039,27.042,0.0,0.0,2.996,32507.004,16.0,36.0,33.039,27.25,0.0,0.0,4.0,32510.0,16.0,36.0,34.0,1613013041.051,2021-02-11 03:10:41.051000118
502029246,r7317916-n948219,0,174.826,74.063,49.703,6200.922,26309.078,16.0,65.559,72.076,185.772,79.803,53.62,6612.761,25897.239,16.0,67.368,74.589,241.59,94.0,63.0,6799.0,32510.0,16.0,72.0,80.0,1613484354.884,2021-02-16 14:05:54.884000063
527918486,r8972851-n303509,0,179.206,72.0,48.212,6105.192,26404.808,16.0,64.688,68.547,189.822,77.289,51.905,6585.779,25924.221,16.0,67.304,71.737,251.47,97.0,63.0,6793.0,32510.0,16.0,72.0,78.0,1613600711.979,2021-02-17 22:25:11.979000092
540249413,r7269000-n303509,0,199.706,80.968,54.185,6323.056,26186.944,16.0,67.496,71.662,194.16,77.794,52.153,6654.392,25855.608,16.0,67.693,71.754,256.17,96.0,69.0,6799.0,32510.0,16.0,72.0,78.0,1613582691.312,2021-02-17 17:24:51.312000036
541213864,r4506251-n303766,0,55.416,0.0,0.0,0.324,32509.676,16.0,58.081,60.243,55.416,0.0,0.0,0.324,32509.676,16.0,58.081,60.243,55.73,0.0,0.0,4.0,32510.0,16.0,59.0,61.0,1613504959.73,2021-02-16 19:49:19.730000019
544575336,r44132-n303766,0,203.494,84.051,56.305,6326.346,26183.654,16.0,68.233,75.284,208.653,87.59,58.844,6632.417,25877.583,16.0,68.158,75.531,250.74,95.0,66.0,6793.0,32510.0,16.0,71.0,80.0,1613453819.35,2021-02-16 05:36:59.349999905
566295061,r4605940-n948219,1,37.689,0.675,0.002,861.673,31648.327,16.0,32.436,29.079,59.775,34.001,6.096,1026.495,31483.505,16.0,40.68,37.8,96.8,42.0,8.0,1027.0,32510.0,16.0,42.0,40.0,1614499663.548,2021-02-28 08:07:43.548000097
583841283,r6727430-n303509,0,26.216,0.0,0.0,0.003,32509.997,16.0,32.0,29.0,37.299,0.004,0.0,1017.938,31492.062,16.0,35.621,31.947,42.51,23.0,1.0,1025.0,32510.0,16.0,36.0,33.0,1613118511.465,2021-02-12 08:28:31.464999914
588635955,r1039410-n303509,0,36.654,0.62,0.029,785.1,31724.9,16.0,39.931,37.475,68.862,35.4,9.681,1086.08,31423.92,16.0,46.58,45.076,109.22,47.0,13.0,1093.0,32510.0,16.0,48.0,47.0,1613057311.328,2021-02-11 15:28:31.328000069
623371232,r7753495-n303509,0,38.531,0.791,0.03,949.307,31560.693,16.0,39.914,37.731,38.749,0.47,0.018,1001.242,31508.758,16.0,40.315,38.12,57.32,27.0,2.0,1093.0,32510.0,16.0,41.0,39.0,1613372681.686,2021-02-15 07:04:41.686000109
634354636,r9170217-n303509,1,201.015,83.875,56.197,6343.334,26166.666,16.0,61.098,64.729,208.047,88.2,59.241,6636.353,25873.647,16.0,60.84,64.631,255.37,95.0,64.0,6793.0,32510.0,16.0,65.0,70.0,1613439411.423,2021-02-16 01:36:51.423000097
709677586,r216287-n303509,1,27.737,0.0,0.0,2.37,32507.63,16.0,38.0,36.0,27.737,0.0,0.0,2.37,32507.63,16.0,38.0,36.0,27.99,0.0,0.0,4.0,32510.0,16.0,38.0,36.0,1612829827.214,2021-02-09 00:17:07.213999987
728321298,r7141590-n303509,0,26.901,0.0,0.0,0.0,32510.0,16.0,39.0,38.0,26.901,0.0,0.0,0.0,32510.0,16.0,39.0,38.0,27.0,0.0,0.0,0.0,32510.0,16.0,39.0,38.0,1613144868.448,2021-02-12 15:47:48.447999954
740960243,r7141590-n303509,0,34.378,1.128,0.046,579.861,31930.139,16.0,39.248,37.982,65.384,34.597,8.486,1582.049,30927.951,16.0,46.611,44.68,132.94,57.0,17.0,1605.0,32510.0,16.0,49.0,47.0,1613341331.456,2021-02-14 22:22:11.456000090
749924962,r8972851-n948219,0,210.346,87.207,58.283,6416.364,26093.636,16.0,68.023,72.06,214.49,89.774,60.163,6664.076,25845.924,16.0,68.204,72.487,258.57,96.0,66.0,6799.0,32510.0,16.0,71.0,76.0,1613525860.724,2021-02-17 01:37:40.723999977
788697483,r8473362-n410412,0,26.703,0.0,0.0,0.004,32509.996,16.0,32.974,31.0,27.562,0.0,0.0,23.728,32486.272,16.0,32.975,31.056,38.99,6.0,0.0,313.0,32510.0,16.0,41.0,38.0,1613040952.457,2021-02-11 10:55:52.457000017
788697483,r8473362-n410412,1,25.627,0.0,0.0,0.004,32509.996,16.0,32.0,31.0,30.741,3.744,1.804,2392.293,30117.707,16.0,33.681,32.786,181.76,100.0,54.0,31445.0,32510.0,16.0,70.0,76.0,1613040952.46,2021-02-11 10:55:52.460000038
809781065,r7419443-n172107,0,27.003,0.0,0.0,3.008,32506.992,16.0,30.0,30.0,27.003,0.0,0.0,3.008,32506.992,16.0,30.0,30.0,27.14,0.0,0.0,4.0,32510.0,16.0,30.0,30.0,1614716725.049,2021-03-02 20:25:25.049000025
809781065,r7419443-n172107,1,33.368,0.66,0.008,722.012,31787.988,16.0,29.032,29.652,33.368,0.66,0.008,722.012,31787.988,16.0,29.032,29.652,36.17,23.0,1.0,1177.0,32510.0,16.0,30.0,30.0,1614716725.052,2021-03-02 20:25:25.052000046
855087189,r492024-n303766,0,185.668,76.079,51.044,6360.773,26149.227,16.0,68.071,72.193,194.959,81.005,54.455,6663.599,25846.401,16.0,68.346,72.777,249.88,94.0,64.0,6807.0,32510.0,16.0,71.0,76.0,1613436073.83,2021-02-16 00:41:13.829999924
879181917,r9170217-n948219,0,173.616,71.021,47.663,6066.695,26443.305,16.0,62.87,66.908,183.754,75.391,50.693,6589.428,25920.572,16.0,66.262,70.828,246.63,94.0,64.0,6807.0,32510.0,16.0,70.0,76.0,1613587041.908,2021-02-17 18:37:21.907999992
897068570,r8024255-n303766,0,26.821,0.0,0.0,0.0,32510.0,16.0,33.162,31.017,26.767,0.0,0.0,3.958,32506.042,16.0,33.152,31.012,27.16,0.0,0.0,4.0,32510.0,16.0,34.0,32.0,1614373454.364,2021-02-26 21:04:14.364000082
913003833,r5051220-n772143,0,41.732,24.593,1.703,29491.445,3018.555,16.0,35.862,32.742,41.801,21.58,1.527,31052.551,1457.449,16.0,37.156,34.141,71.93,100.0,6.0,31071.0,32510.0,16.0,39.0,36.0,1614743636.721,2021-03-03 03:53:56.720999956
1002943407,r8141575-n410412,0,112.805,90.835,61.157,18369.484,14140.516,16.0,49.019,55.474,119.24,94.81,63.476,19043.854,13466.146,16.0,56.367,63.723,154.13,100.0,79.0,19047.0,32510.0,16.0,58.0,67.0,1614552692.067,2021-02-28 22:51:32.066999911
1006145741,r414303-n303509,0,35.759,2.447,0.0,475.128,32034.872,16.0,35.0,34.021,35.759,2.447,0.0,475.128,32034.872,16.0,35.0,34.021,38.95,9.0,0.0,1197.0,32510.0,16.0,35.0,35.0,1613429546.275,2021-02-15 22:52:26.275000095
1037709649,r492024-n303766,0,188.608,76.935,51.628,6345.997,26164.003,16.0,67.337,71.376,200.643,83.521,56.14,6654.915,25855.085,16.0,68.435,72.884,250.2,94.0,68.0,6807.0,32510.0,16.0,71.0,76.0,1613438285.709,2021-02-16 01:18:05.709000111
1049380997,r492024-n410412,0,28.115,0.0,0.0,0.0,32510.0,16.0,32.0,30.0,28.115,0.0,0.0,0.0,32510.0,16.0,32.0,30.0,28.17,0.0,0.0,0.0,32510.0,16.0,32.0,30.0,1614734934.195,2021-03-03 01:28:54.194999933
1136013514,r7141590-n303509,0,151.687,56.143,37.348,5825.721,26684.279,16.0,65.089,65.56,175.585,67.43,44.966,6545.22,25964.78,16.0,67.374,68.478,266.68,100.0,64.0,6799.0,32510.0,16.0,73.0,75.0,1613480718.42,2021-02-16 13:05:18.420000076
1142616489,r7141590-n303509,0,33.488,1.119,0.003,299.458,32210.542,16.0,40.421,39.162,61.087,31.762,5.604,1074.953,31435.047,16.0,45.949,43.748,109.79,46.0,10.0,1093.0,32510.0,16.0,48.0,45.0,1613327804.535,2021-02-14 18:36:44.535000086
1172243386,r7462820-n410412,1,184.122,72.701,48.728,6023.058,26486.942,16.0,64.63,66.97,195.076,78.97,53.036,6556.85,25953.15,16.0,65.832,68.65,259.46,100.0,64.0,6793.0,32510.0,16.0,70.0,74.0,1613577164.049,2021-02-17 15:52:44.049000025
1180598145,r8275852-n410412,0,200.476,87.4,58.586,6423.513,26086.487,16.0,62.473,67.645,208.693,90.001,60.436,6666.988,25843.012,16.0,66.904,72.857,249.45,95.0,66.0,6801.0,32510.0,16.0,73.0,80.0,1613491937.327,2021-02-16 16:12:17.326999903
1183688588,r2215649-n410412,1,32.087,0.848,0.01,528.323,31981.677,16.0,32.781,29.544,59.988,32.961,7.478,1536.609,30973.391,16.0,41.525,37.962,127.29,51.0,15.0,1539.0,32510.0,16.0,44.0,41.0,1613185328.023,2021-02-13 03:02:08.023000002
1184953827,r216287-n303509,1,32.191,0.0,0.0,0.12,32509.88,16.0,46.96,45.16,32.191,0.0,0.0,0.12,32509.88,16.0,46.96,45.16,33.62,0.0,0.0,3.0,32510.0,16.0,47.0,46.0,1612825373.979,2021-02-08 23:02:53.979000092
1198345028,r4506251-n410412,0,32.796,0.0,0.0,0.0,32510.0,16.0,44.245,43.755,32.796,0.0,0.0,0.0,32510.0,16.0,44.245,43.755,49.61,0.0,0.0,0.0,32510.0,16.0,50.0,49.0,1613390607.648,2021-02-15 12:03:27.648000002
1198345028,r4506251-n410412,1,29.753,0.0,0.0,0.0,32510.0,16.0,42.384,40.664,29.753,0.0,0.0,0.0,32510.0,16.0,42.384,40.664,47.37,0.0,0.0,0.0,32510.0,16.0,48.0,46.0,1613390607.651,2021-02-15 12:03:27.651000023
1226443139,r7141590-n303509,0,26.853,0.0,0.0,0.522,32509.478,16.0,39.0,38.0,26.853,0.0,0.0,0.522,32509.478,16.0,39.0,38.0,27.06,0.0,0.0,4.0,32510.0,16.0,39.0,38.0,1613145956.489,2021-02-12 16:05:56.489000082
1249860628,r5179276-n948219,0,204.197,87.247,58.406,6419.157,26090.843,16.0,68.951,74.789,207.141,89.675,60.115,6663.127,25846.873,16.0,68.399,74.436,245.97,100.0,65.0,6799.0,32510.0,16.0,72.0,79.0,1613438388.074,2021-02-16 01:19:48.073999882
1262769788,r7753495-n948219,0,25.479,0.0,0.0,0.0,32510.0,16.0,29.0,27.335,25.454,0.0,0.0,0.0,32510.0,16.0,29.028,27.179,25.83,0.0,0.0,0.0,32510.0,16.0,30.0,28.0,1613655065.707,2021-02-18 13:31:05.707000017
1270169180,r5179276-n948219,0,163.066,63.969,42.851,6402.609,26107.391,16.0,65.511,70.517,174.552,71.041,47.813,6653.343,25856.657,16.0,65.975,71.596,245.97,100.0,66.0,6799.0,32510.0,16.0,72.0,80.0,1613581593.6,2021-02-17 17:06:33.599999905
1271334514,r1039410-n303509,0,30.977,1.142,0.02,248.375,32261.625,16.0,38.744,36.606,64.828,39.302,10.102,1588.89,30921.11,16.0,45.386,44.181,126.84,55.0,16.0,1605.0,32510.0,16.0,48.0,47.0,1613099458.619,2021-02-12 03:10:58.618999958
1293929395,r1039410-n948219,0,25.771,0.0,0.0,2.361,32507.639,16.0,29.813,30.102,27.167,0.0,0.0,3.991,32506.009,16.0,37.894,37.606,27.68,0.0,0.0,4.0,32510.0,16.0,38.0,38.0,1613907110.534,2021-02-21 11:31:50.533999919
1293929395,r1039410-n948219,1,68.133,22.985,10.437,3099.318,29410.682,16.0,35.201,32.443,200.728,95.174,43.939,6225.067,26284.933,16.0,68.188,69.08,249.72,100.0,52.0,6243.0,32510.0,16.0,72.0,73.0,1613907110.54,2021-02-21 11:31:50.539999962
1305047232,r9515777-n303766,0,26.576,0.079,0.0,84.936,32425.064,16.0,32.085,30.013,32.607,0.042,0.0,622.128,31887.872,16.0,33.11,30.949,38.68,21.0,1.0,1039.0,32510.0,16.0,34.0,32.0,1614718435.031,2021-03-02 20:53:55.030999899
1342447198,r7269000-n303509,0,210.309,86.847,58.005,6407.426,26102.574,16.0,68.726,73.539,215.158,90.113,60.428,6657.245,25852.755,16.0,68.393,73.395,256.32,95.0,69.0,6793.0,32510.0,16.0,71.0,77.0,1613583095.674,2021-02-17 17:31:35.674000025
1374227304,r7462820-n303766,1,188.147,81.854,54.847,6416.864,26093.136,16.0,58.272,62.475,200.437,88.417,59.424,6665.924,25844.076,16.0,60.753,65.325,244.1,95.0,66.0,6799.0,32510.0,16.0,68.0,73.0,1613651876.241,2021-02-18 12:37:56.240999937
1391489598,r368967-n750018,0,87.912,37.457,21.412,11681.338,20828.662,16.0,38.837,38.179,172.481,82.145,47.845,25481.878,7028.122,16.0,61.575,64.428,252.11,100.0,64.0,32489.0,32510.0,16.0,72.0,77.0,1614721180.796,2021-03-02 21:39:40.796000004
1393104981,r7141590-n948219,0,208.442,85.345,56.978,6380.469,26129.531,16.0,68.598,73.396,215.11,89.435,59.8,6653.428,25856.572,16.0,68.473,73.591,262.8,96.0,65.0,6801.0,32510.0,16.0,71.0,77.0,1613436534.707,2021-02-16 00:48:54.707000017
1455662346,r7141590-n172107,0,59.574,24.967,10.186,28719.647,3790.353,16.0,38.561,38.225,61.384,26.526,11.01,31045.182,1464.818,16.0,41.215,40.967,144.44,100.0,20.0,31071.0,32510.0,16.0,44.0,44.0,1614736440.713,2021-03-03 01:54:00.713000059
1470125554,r7753495-n303509,0,33.296,0.111,0.0,676.223,31833.777,16.0,38.262,36.517,44.7,6.141,0.885,1819.121,30690.879,16.0,40.795,38.668,120.79,84.0,12.0,5877.0,32510.0,16.0,47.0,45.0,1613680818.422,2021-02-18 20:40:18.421999931
1492584817,r4683026-n948219,1,26.079,0.0,0.0,0.0,32510.0,16.0,31.0,29.001,65.858,31.235,10.089,2462.771,30047.229,16.0,45.099,43.212,133.89,54.0,18.0,2627.0,32510.0,16.0,48.0,46.0,1613978055.287,2021-02-22 07:14:15.286999941
1495559714,r810901-n303509,0,35.595,0.187,0.011,0.0,32510.0,16.0,42.312,42.503,88.718,38.587,24.193,15118.89,17391.11,16.0,47.199,49.876,195.78,100.0,61.0,31079.0,32510.0,16.0,68.0,76.0,1612958553.778,2021-02-10 12:02:33.778000116
1595355944,r4506251-n303766,0,207.36,87.469,58.585,6414.325,26095.675,16.0,64.666,70.256,214.045,90.294,60.637,6658.412,25851.588,16.0,67.177,73.744,261.55,96.0,66.0,6793.0,32510.0,16.0,73.0,81.0,1613507179.428,2021-02-16 20:26:19.427999973
1611722775,r7269000-n948219,1,182.638,76.176,50.921,6098.69,26411.31,16.0,52.054,55.124,196.648,81.89,54.819,6583.692,25926.308,16.0,62.974,67.257,256.85,94.0,64.0,6807.0,32510.0,16.0,73.0,78.0,1613444536.66,2021-02-16 03:02:16.660000086
1617608594,r8275852-n303766,0,28.343,0.0,0.0,0.0,32510.0,16.0,37.101,35.609,67.27,38.811,23.066,26527.713,5982.287,16.0,45.103,44.702,243.26,100.0,100.0,32371.0,32510.0,16.0,50.0,55.0,1613531845.521,2021-02-17 03:17:25.520999907
1617608594,r8275852-n303766,1,29.43,0.0,0.0,0.0,32510.0,16.0,35.969,32.65,75.416,45.369,25.172,25982.367,6527.633,16.0,45.534,45.139,253.28,100.0,100.0,31907.0,32510.0,16.0,49.0,55.0,1613531845.524,2021-02-17 03:17:25.523999929
1643579300,r974863-n303766,0,26.79,0.0,0.0,0.0,32510.0,16.0,35.0,32.999,38.904,4.647,0.192,3143.847,29366.153,16.0,38.175,35.293,172.55,96.0,21.0,3230.0,32510.0,16.0,49.0,46.0,1614130914.211,2021-02-24 01:41:54.210999966
1654306808,r8024255-n410412,0,205.899,86.219,57.684,6410.359,26099.641,16.0,68.67,72.525,210.243,89.069,59.785,6661.722,25848.278,16.0,68.213,72.176,254.48,95.0,66.0,6799.0,32510.0,16.0,72.0,76.0,1613532887.328,2021-02-17 03:34:47.328000069
1664167053,r4506251-n303766,0,204.971,85.256,57.148,6416.775,26093.225,16.0,65.584,71.459,212.213,88.516,59.498,6663.824,25846.176,16.0,67.514,74.161,258.3,95.0,68.0,6793.0,32510.0,16.0,73.0,81.0,1613500578.264,2021-02-16 18:36:18.263999939
1681955750,r414303-n303509,0,27.133,0.0,0.0,0.0,32510.0,16.0,34.944,34.944,27.133,0.0,0.0,0.0,32510.0,16.0,34.944,34.944,27.21,0.0,0.0,0.0,32510.0,16.0,35.0,35.0,1613429331.872,2021-02-15 22:48:51.871999979
1683117090,r4506251-n410412,0,27.006,0.0,0.0,0.0,32510.0,16.0,38.0,37.0,48.028,5.567,5.388,22410.876,10099.124,16.0,43.013,41.949,145.92,62.0,69.0,29515.0,32510.0,16.0,47.0,50.0,1613257435.509,2021-02-13 23:03:55.509000063
1780163880,r6727430-n303509,0,203.735,86.571,58.014,6408.264,26101.736,16.0,68.573,73.291,208.935,89.774,60.207,6659.064,25850.936,16.0,68.281,73.298,246.86,95.0,65.0,6799.0,32510.0,16.0,71.0,76.0,1613436617.735,2021-02-16 00:50:17.734999895
1796397984,r7462820-n410412,0,178.277,74.332,49.821,5766.721,26743.279,16.0,54.622,59.104,187.787,76.56,51.432,6493.148,26016.852,16.0,64.861,70.562,256.08,95.0,65.0,6799.0,32510.0,16.0,74.0,82.0,1613571526.805,2021-02-17 14:18:46.805000067
1813763172,r7462820-n410412,0,183.966,73.46,49.263,6093.744,26416.256,16.0,64.668,69.774,194.95,79.108,53.152,6577.895,25932.105,16.0,67.631,73.306,253.61,94.0,63.0,6793.0,32510.0,16.0,72.0,78.0,1613579225.107,2021-02-17 16:27:05.107000113
1830102668,r7141590-n948219,0,42.461,21.906,2.907,28313.748,4196.252,16.0,37.354,35.862,42.538,21.63,2.878,31043.235,1466.765,16.0,39.877,38.354,67.69,50.0,5.0,31071.0,32510.0,16.0,45.0,44.0,1613418478.459,2021-02-15 19:47:58.459000111
1830596030,r6727430-n303509,0,201.632,85.637,57.46,6409.755,26100.245,16.0,68.601,73.363,207.324,89.238,59.936,6636.475,25873.525,16.0,68.423,73.462,246.94,100.0,64.0,6801.0,32510.0,16.0,71.0,77.0,1613443118.52,2021-02-16 02:38:38.519999981
1848338097,r2215649-n410412,0,26.189,0.0,0.0,0.0,32510.0,16.0,32.0,29.783,26.189,0.0,0.0,0.0,32510.0,16.0,32.0,29.783,26.41,0.0,0.0,0.0,32510.0,16.0,32.0,30.0,1613314921.257,2021-02-14 15:02:01.256999969
1848338097,r2215649-n410412,1,26.002,0.0,0.0,0.0,32510.0,16.0,31.82,28.998,26.002,0.0,0.0,0.0,32510.0,16.0,31.82,28.998,26.18,0.0,0.0,0.0,32510.0,16.0,32.0,29.0,1613314921.26,2021-02-14 15:02:01.259999990
1993937195,r1039410-n303509,0,25.885,0.0,0.0,0.0,32510.0,16.0,32.0,30.531,25.885,0.0,0.0,0.0,32510.0,16.0,32.0,30.531,25.9,0.0,0.0,0.0,32510.0,16.0,32.0,31.0,1614708448.153,2021-03-02 18:07:28.153000116
1993937195,r1039410-n303509,1,27.55,0.0,0.0,0.0,32510.0,16.0,32.0,31.109,27.55,0.0,0.0,0.0,32510.0,16.0,32.0,31.109,27.65,0.0,0.0,0.0,32510.0,16.0,32.0,32.0,1614708448.157,2021-03-02 18:07:28.157000065
2019949846,r7462820-n410412,0,174.686,67.576,45.259,6077.885,26432.115,16.0,67.363,72.071,182.764,72.675,48.819,6601.528,25908.472,16.0,68.19,73.376,254.85,94.0,67.0,6807.0,32510.0,16.0,72.0,79.0,1613577155.24,2021-02-17 15:52:35.240000010
2067157326,r4683026-n948219,0,27.972,0.0,0.0,2.207,32507.793,16.0,41.844,42.364,60.95,25.532,3.42,1132.488,31377.512,16.0,46.511,46.499,114.79,89.0,12.0,1315.0,32510.0,16.0,50.0,50.0,1613862458.351,2021-02-20 23:07:38.351000071
2072956784,r7269000-n303509,0,210.217,86.774,57.934,6403.176,26106.824,16.0,68.296,73.09,214.803,89.837,60.198,6664.861,25845.139,16.0,68.15,73.239,254.56,96.0,69.0,6807.0,32510.0,16.0,71.0,77.0,1613576543.122,2021-02-17 15:42:23.121999979
2122471258,r414303-n303509,0,35.771,2.3,0.0,473.66,32036.34,16.0,35.0,34.58,35.771,2.3,0.0,473.66,32036.34,16.0,35.0,34.58,40.15,10.0,0.0,1197.0,32510.0,16.0,35.0,35.0,1613429553.171,2021-02-15 22:52:33.171000004
2137432275,r414303-n948219,0,26.278,0.0,0.0,0.0,32510.0,16.0,31.506,29.807,26.933,0.014,0.0,28.169,32481.831,16.0,31.353,29.736,37.81,3.0,0.0,531.0,32510.0,16.0,33.0,30.0,1614423640.545,2021-02-27 11:00:40.545000076
2149744380,r2215649-n303766,0,26.373,0.0,0.0,2.333,32507.667,16.0,40.0,38.0,26.373,0.0,0.0,2.333,32507.667,16.0,40.0,38.0,26.67,0.0,0.0,4.0,32510.0,16.0,40.0,38.0,1613954813.519,2021-02-22 00:46:53.519000052
2159983735,r2684277-n303509,0,27.087,0.0,0.0,0.0,32510.0,16.0,31.998,31.999,27.084,0.0,0.0,0.0,32510.0,16.0,31.991,32.0,27.23,0.0,0.0,0.0,32510.0,16.0,32.0,32.0,1612542915.306,2021-02-05 16:35:15.305999994
2202004500,r8972851-n303509,0,190.002,78.225,52.424,6213.679,26296.321,16.0,65.197,69.445,198.759,82.536,55.439,6609.256,25900.744,16.0,67.275,72.025,250.12,95.0,63.0,6799.0,32510.0,16.0,71.0,76.0,1613602006.987,2021-02-17 22:46:46.986999989
2210296610,r810901-n172107,0,36.859,0.084,0.0,985.114,31524.886,16.0,31.259,30.258,37.529,0.003,0.0,1037.477,31472.523,16.0,32.024,31.084,38.82,21.0,1.0,1039.0,32510.0,16.0,33.0,32.0,1614719062.148,2021-03-02 21:04:22.148000002
2266658930,r974863-n410412,0,210.66,87.378,58.387,6409.183,26100.817,16.0,68.469,73.424,215.125,90.201,60.42,6660.865,25849.135,16.0,68.278,73.472,261.08,96.0,65.0,6799.0,32510.0,16.0,71.0,77.0,1613450374.549,2021-02-16 04:39:34.549000025
2283761193,r8024255-n410412,0,176.172,69.535,46.587,6161.553,26348.447,16.0,66.402,69.462,189.612,76.977,51.692,6595.749,25914.251,16.0,67.501,71.056,254.35,94.0,63.0,6807.0,32510.0,16.0,71.0,76.0,1613524343.173,2021-02-17 01:12:23.173000097
2284228052,r9852763-n200569,0,27.456,0.0,0.0,0.0,32510.0,16.0,33.0,30.996,27.456,0.0,0.0,0.0,32510.0,16.0,33.0,30.996,27.58,0.0,0.0,0.0,32510.0,16.0,33.0,31.0,1614716436.26,2021-03-02 20:20:36.259999990
2284228052,r9852763-n200569,1,29.066,0.0,0.0,0.0,32510.0,16.0,30.0,29.999,29.066,0.0,0.0,0.0,32510.0,16.0,30.0,29.997,29.18,0.0,0.0,0.0,32510.0,16.0,30.0,30.0,1614716436.266,2021-03-02 20:20:36.266000032
2316134126,r7141590-n303509,0,28.796,0.0,0.0,0.245,32509.755,16.0,48.802,47.849,28.796,0.0,0.0,0.245,32509.755,16.0,48.802,47.849,29.25,0.0,0.0,4.0,32510.0,16.0,50.0,49.0,1613484414.756,2021-02-16 14:06:54.756000042
2327546471,r8972851-n303509,0,189.104,75.602,50.627,6155.332,26354.668,16.0,67.421,71.717,196.576,80.708,54.206,6591.801,25918.199,16.0,67.968,72.638,249.3,94.0,63.0,6793.0,32510.0,16.0,71.0,76.0,1613605628.57,2021-02-17 23:47:08.569999933
2359089029,r8141575-n303766,0,47.041,1.932,0.35,465.679,32044.321,16.0,42.778,42.021,47.041,1.932,0.35,465.679,32044.321,16.0,42.778,42.021,190.41,99.0,33.0,2359.0,32510.0,16.0,45.0,44.0,1613942501.771,2021-02-21 21:21:41.770999908
2396713562,r7462820-n410412,0,183.862,72.766,48.779,6096.731,26413.269,16.0,67.483,72.896,192.388,78.039,52.416,6581.308,25928.692,16.0,67.944,73.808,253.57,92.0,63.0,6799.0,32510.0,16.0,71.0,78.0,1613573415.909,2021-02-17 14:50:15.908999920
2440960569,r9170217-n948219,0,155.481,63.317,42.453,5764.251,26745.749,16.0,59.117,62.33,174.482,71.708,48.197,6509.843,26000.157,16.0,63.713,67.788,245.26,93.0,63.0,6799.0,32510.0,16.0,68.0,74.0,1613582048.611,2021-02-17 17:14:08.611000061
2469020948,r2215649-n303766,0,34.235,2.406,0.916,5056.495,27453.505,16.0,33.914,31.268,146.765,58.224,25.418,30420.352,2089.648,16.0,62.82,62.507,287.85,100.0,69.0,30437.0,32510.0,16.0,74.0,77.0,1614382903.27,2021-02-26 23:41:43.269999981
2502652461,r492024-n303766,0,201.295,83.688,56.122,6315.755,26194.245,16.0,68.71,73.245,209.33,88.393,59.371,6626.066,25883.934,16.0,68.478,73.315,250.49,94.0,64.0,6793.0,32510.0,16.0,72.0,77.0,1613433941.844,2021-02-16 00:05:41.844000101
2520438258,r7462820-n303766,0,203.295,86.589,58.117,6404.615,26105.385,16.0,68.946,74.139,209.724,89.971,60.425,6658.67,25851.33,16.0,68.53,73.896,246.02,95.0,69.0,6799.0,32510.0,16.0,72.0,78.0,1613651814.927,2021-02-18 12:36:54.927000046
2563161140,r4506251-n410412,0,25.829,0.0,0.0,1.998,32508.002,16.0,31.996,30.018,35.828,0.031,0.0,854.001,31655.999,16.0,34.13,32.151,42.45,15.0,1.0,1123.0,32510.0,16.0,35.0,34.0,1613397640.868,2021-02-15 14:00:40.868000031
2568688845,r7462820-n410412,0,205.417,84.86,56.842,6380.996,26129.004,16.0,67.634,73.533,210.155,87.98,59.071,6649.241,25860.759,16.0,67.977,74.214,253.19,95.0,65.0,6793.0,32510.0,16.0,71.0,77.0,1613582853.655,2021-02-17 17:27:33.654999971
2580759627,r6707841-n200569,0,27.111,0.083,0.0,84.135,32425.865,16.0,32.068,29.023,33.441,0.051,0.001,623.368,31886.632,16.0,33.1,30.025,38.83,21.0,1.0,1039.0,32510.0,16.0,34.0,31.0,1614718435.031,2021-03-02 20:53:55.030999899
2608433278,r1039410-n303509,0,37.974,6.148,0.0,296.389,32213.611,16.0,38.87,36.481,37.974,6.148,0.0,296.389,32213.611,16.0,38.87,36.481,54.75,75.0,0.0,732.0,32510.0,16.0,40.0,37.0,1613082176.112,2021-02-11 22:22:56.111999989
2624390842,r6959555-n172107,1,45.532,23.634,3.421,29546.262,2963.738,16.0,35.512,32.782,45.537,23.462,3.481,31054.036,1455.964,16.0,35.587,32.746,106.08,100.0,6.0,31071.0,32510.0,16.0,37.0,34.0,1614746701.128,2021-03-03 04:45:01.128000020
2648125933,r2684277-n948219,0,31.293,1.373,0.0,235.305,32274.695,16.0,36.305,35.0,31.293,1.373,0.0,235.305,32274.695,16.0,36.305,35.0,39.32,12.0,0.0,991.0,32510.0,16.0,37.0,35.0,1614067336.635,2021-02-23 08:02:16.634999990
2702470905,r8275852-n410412,0,28.798,0.0,0.0,0.0,32510.0,16.0,35.0,37.0,28.798,0.0,0.0,0.0,32510.0,16.0,35.0,37.0,28.99,0.0,0.0,0.0,32510.0,16.0,35.0,37.0,1613356778.684,2021-02-15 02:39:38.684000015
2714263211,r7462820-n410412,1,204.74,84.939,57.058,6402.547,26107.453,16.0,61.923,64.672,210.041,88.081,59.294,6665.266,25844.734,16.0,63.526,66.457,256.46,95.0,65.0,6801.0,32510.0,16.0,71.0,74.0,1613572347.773,2021-02-17 14:32:27.773000002
2717438121,r4683026-n948219,0,73.444,27.833,12.397,1463.026,31046.974,16.0,39.468,39.707,90.56,35.47,16.738,1530.29,30979.71,16.0,53.946,55.732,150.24,71.0,30.0,1533.0,32510.0,16.0,57.0,59.0,1614651262.862,2021-03-02 02:14:22.861999989
2777581995,r974863-n410412,1,193.072,83.345,55.864,6203.197,26306.803,16.0,62.504,65.175,204.086,89.032,59.835,6596.803,25913.197,16.0,66.582,70.431,245.89,100.0,69.0,6807.0,32510.0,16.0,73.0,78.0,1613450704.848,2021-02-16 04:45:04.848000050
2794073484,r7317916-n948219,0,195.566,86.377,58.149,6391.965,26118.035,16.0,68.256,76.216,190.348,83.711,56.516,6667.826,25842.174,16.0,67.983,75.811,238.24,95.0,67.0,6801.0,32510.0,16.0,72.0,81.0,1613477503.413,2021-02-16 12:11:43.413000107
2839751274,r2684277-n948219,0,37.692,0.734,0.031,572.5,31937.5,16.0,47.664,46.736,66.435,34.859,7.305,1074.48,31435.52,16.0,47.837,46.238,103.9,46.0,10.0,1093.0,32510.0,16.0,60.0,59.0,1614076033.326,2021-02-23 10:27:13.325999975
2879535954,r9988778-n303766,0,25.469,0.551,0.015,53.843,32456.157,16.0,31.042,30.103,59.121,38.185,7.204,1123.479,31386.521,16.0,41.473,41.012,98.33,52.0,11.0,1159.0,32510.0,16.0,44.0,44.0,1613373212.68,2021-02-15 07:13:32.680000067
2884706565,r6727430-n948219,0,179.474,75.197,50.416,6056.544,26453.456,16.0,60.166,63.76,193.728,81.086,54.486,6541.708,25968.292,16.0,65.735,70.322,248.31,94.0,64.0,6793.0,32510.0,16.0,70.0,76.0,1613650511.527,2021-02-18 12:15:11.526999950
2909784697,r2215649-n410412,0,205.829,86.077,57.562,6410.875,26099.125,16.0,68.266,70.596,213.486,90.193,60.445,6665.178,25844.822,16.0,68.332,70.936,252.58,95.0,65.0,6807.0,32510.0,16.0,71.0,74.0,1613436955.606,2021-02-16 00:55:55.605999947
2912790922,r9648383-n410412,0,26.258,0.0,0.0,0.0,32510.0,16.0,33.0,32.995,60.037,20.24,7.669,16471.053,16038.947,16.0,40.523,39.85,151.35,52.0,22.0,23559.0,32510.0,16.0,49.0,49.0,1614349897.677,2021-02-26 14:31:37.677000046
2919104239,r9480604-n410412,0,27.437,0.0,0.0,0.0,32510.0,16.0,38.0,36.881,61.503,19.91,7.943,14873.017,17636.983,16.0,45.394,43.266,153.29,100.0,24.0,32493.0,32510.0,16.0,53.0,51.0,1614254524.528,2021-02-25 12:02:04.528000115
3044351741,r8275852-n410412,0,171.056,73.353,49.234,5469.006,27040.994,16.0,56.325,60.705,199.098,85.47,57.42,6337.772,26172.228,16.0,65.106,70.771,246.89,98.0,64.0,6793.0,32510.0,16.0,72.0,78.0,1613490560.514,2021-02-16 15:49:20.513999938
3067544405,r4099734-n772143,1,38.812,20.47,0.861,29333.77,3176.23,16.0,31.731,31.192,39.581,20.288,0.8,31046.858,1463.142,16.0,32.684,31.952,53.13,34.0,2.0,31071.0,32510.0,16.0,33.0,33.0,1614731994.242,2021-03-03 00:39:54.242000103
3081441555,r8024255-n303766,0,50.802,28.704,15.347,1643.671,30866.329,16.0,36.216,34.686,54.276,32.791,17.484,1849.063,30660.937,16.0,37.908,36.56,71.38,56.0,32.0,2131.0,32510.0,16.0,41.0,41.0,1614754882.887,2021-03-03 07:01:22.887000084
3099583129,r8275852-n410412,0,27.536,0.0,0.0,0.0,32510.0,16.0,30.0,31.517,27.536,0.0,0.0,0.0,32510.0,16.0,30.0,31.517,27.71,0.0,0.0,0.0,32510.0,16.0,30.0,32.0,1613922739.861,2021-02-21 15:52:19.861000061
3100229904,r8275852-n303766,0,25.811,0.0,0.0,0.0,32510.0,16.0,31.0,30.0,25.811,0.0,0.0,0.0,32510.0,16.0,31.0,30.0,25.91,0.0,0.0,0.0,32510.0,16.0,31.0,30.0,1613165433.182,2021-02-12 21:30:33.181999922
3100229904,r8275852-n303766,1,27.475,0.0,0.0,0.0,32510.0,16.0,31.0,28.0,27.475,0.0,0.0,0.0,32510.0,16.0,31.0,28.0,27.59,0.0,0.0,0.0,32510.0,16.0,31.0,28.0,1613165433.185,2021-02-12 21:30:33.184999943
3119613840,r9170217-n948219,0,180.101,73.502,49.3,6126.855,26383.145,16.0,64.344,68.629,188.009,77.429,52.02,6585.434,25924.566,16.0,67.34,72.129,247.01,94.0,63.0,6799.0,32510.0,16.0,70.0,76.0,1613586637.374,2021-02-17 18:30:37.374000072
3152220526,r7419443-n948219,0,27.104,0.0,0.0,0.0,32510.0,16.0,30.665,29.006,27.021,0.0,0.0,0.0,32510.0,16.0,30.223,28.957,27.22,0.0,0.0,0.0,32510.0,16.0,31.0,30.0,1613934724.416,2021-02-21 19:12:04.415999889
3162548193,r492024-n303766,0,38.408,2.193,0.034,723.912,31786.088,16.0,42.913,41.041,71.073,41.24,9.614,1130.823,31379.177,16.0,51.986,51.726,116.35,55.0,14.0,1159.0,32444.0,16.0,54.0,55.0,1613409851.328,2021-02-15 17:24:11.328000069
3206904286,r974863-n410412,0,30.591,0.674,0.032,198.227,32311.773,16.0,35.745,35.055,64.457,32.802,8.042,1115.794,31394.206,16.0,43.232,42.859,109.74,48.0,13.0,1159.0,32510.0,16.0,46.0,46.0,1613426850.993,2021-02-15 22:07:30.993000031
3214936740,r9170217-n948219,0,175.856,71.684,48.07,6054.986,26455.014,16.0,62.223,66.189,189.517,78.2,52.532,6577.921,25932.079,16.0,66.655,71.38,247.47,94.0,63.0,6807.0,32510.0,16.0,71.0,76.0,1613581200.082,2021-02-17 17:00:00.082000017
3277108223,r6727430-n948219,0,181.342,76.049,51.012,6157.515,26352.485,16.0,59.182,62.762,193.611,80.901,54.373,6589.003,25920.997,16.0,65.283,69.814,248.09,94.0,63.0,6799.0,32510.0,16.0,70.0,76.0,1613651349.513,2021-02-18 12:29:09.513000011
3318577498,r7269000-n303509,0,210.877,87.151,58.293,6423.367,26086.633,16.0,67.753,72.346,215.206,90.019,60.38,6672.616,25837.384,16.0,68.06,73.004,253.47,95.0,66.0,6807.0,32510.0,16.0,71.0,76.0,1613585397.733,2021-02-17 18:09:57.733000040
3328773521,r9170217-n948219,0,27.324,0.0,0.0,0.0,32510.0,16.0,31.89,30.0,86.515,54.233,17.639,2576.359,29933.641,16.0,47.11,46.851,136.68,69.0,24.0,2693.0,32510.0,16.0,50.0,50.0,1613401917.531,2021-02-15 15:11:57.530999899
3343356803,r44132-n303766,0,180.364,71.97,48.284,5447.749,27062.251,16.0,66.134,71.842,200.272,83.238,55.963,6363.371,26146.629,16.0,67.656,74.388,251.23,95.0,65.0,6799.0,32510.0,16.0,72.0,80.0,1613463917.884,2021-02-16 08:25:17.884000063
3389423627,r974863-n410412,0,209.055,86.766,58.029,6419.653,26090.347,16.0,68.457,73.279,214.237,89.737,60.174,6666.576,25843.424,16.0,68.153,73.383,260.28,96.0,67.0,6801.0,32510.0,16.0,71.0,77.0,1613448117.038,2021-02-16 04:01:57.038000107
3409390841,r8275852-n410412,0,38.863,0.078,0.005,0.0,32510.0,16.0,48.141,49.26,29.371,0.011,0.0,2.708,32507.292,16.0,36.513,37.567,56.76,89.0,6.0,1353.0,32510.0,16.0,61.0,63.0,1613492285.12,2021-02-16 16:18:05.119999886
3430773196,r9480604-n410412,0,27.292,0.0,0.0,0.235,32509.765,16.0,38.0,36.0,27.292,0.0,0.0,0.235,32509.765,16.0,38.0,36.0,27.55,0.0,0.0,4.0,32510.0,16.0,38.0,36.0,1613786350.417,2021-02-20 01:59:10.417000055
3432049699,r7753495-n303509,0,27.122,0.023,0.0,58.106,32451.894,16.0,35.694,34.637,50.134,14.663,4.592,1590.316,30919.684,16.0,37.832,36.039,126.17,46.0,16.0,1603.0,32510.0,16.0,52.0,51.0,1613514207.82,2021-02-16 22:23:27.819999933
3442758129,r2684277-n948219,0,46.7,18.116,3.092,27731.793,4778.207,16.0,40.989,39.227,46.75,14.915,2.452,30931.016,1578.984,16.0,42.1,40.214,60.45,100.0,11.0,31071.0,32510.0,16.0,43.0,42.0,1614079401.136,2021-02-23 11:23:21.135999918
3443456262,r8972851-n303509,0,181.515,71.083,47.595,6064.433,26445.567,16.0,66.969,70.881,194.424,78.945,52.96,6571.221,25938.779,16.0,67.875,72.312,249.31,95.0,64.0,6799.0,32510.0,16.0,71.0,76.0,1613611000.127,2021-02-18 01:16:40.127000093
3463616645,r414303-n172107,0,51.702,21.687,9.466,26380.958,6129.042,16.0,33.993,32.629,56.541,26.674,11.592,31020.712,1489.288,16.0,39.251,37.627,114.61,58.0,21.0,31071.0,32510.0,16.0,41.0,41.0,1614715744.666,2021-03-02 20:09:04.665999889
3470677188,r8972851-n948219,0,42.86,2.233,1.476,13433.135,19076.865,16.0,41.686,40.422,87.314,29.523,24.533,26714.214,5795.786,16.0,50.273,50.682,217.38,100.0,91.0,26757.0,32510.0,16.0,57.0,63.0,1613478490.762,2021-02-16 12:28:10.762000084
3500409546,r44132-n303766,0,173.217,73.553,49.074,5530.917,26979.083,16.0,54.634,58.958,195.371,82.339,55.119,6397.371,26112.629,16.0,64.2,70.472,251.12,95.0,65.0,6799.0,32510.0,16.0,71.0,79.0,1613463165.175,2021-02-16 08:12:45.174999952
3516563303,r7141590-n303509,0,37.704,0.744,0.04,1070.908,31439.092,16.0,41.193,39.87,98.577,57.627,18.241,2625.438,29884.562,16.0,53.49,51.875,156.11,71.0,23.0,2693.0,32510.0,16.0,56.0,55.0,1613418535.404,2021-02-15 19:48:55.404000044
3523623386,r4605940-n303509,0,33.622,5.261,1.57,416.222,32093.778,16.0,31.699,29.908,71.219,33.546,10.907,1659.519,30850.481,16.0,40.368,38.614,141.97,73.0,26.0,1687.0,32510.0,16.0,51.0,51.0,1612884513.82,2021-02-09 15:28:33.819999933
3544789315,r6727430-n948219,0,26.474,0.0,0.0,0.0,32510.0,16.0,32.0,31.0,26.474,0.0,0.0,0.0,32510.0,16.0,32.0,31.0,26.52,0.0,0.0,0.0,32510.0,16.0,32.0,31.0,1613613180.667,2021-02-18 01:53:00.667000055
3579125299,r4683026-n948219,0,28.315,0.0,0.0,0.0,32510.0,16.0,40.718,41.267,38.159,0.002,0.0,30238.143,2271.857,16.0,40.951,40.822,45.99,100.0,6.0,30707.0,32510.0,16.0,44.0,44.0,1614273381.636,2021-02-25 17:16:21.635999918
3579199314,r7141590-n772143,0,26.708,0.0,0.0,0.0,32510.0,16.0,29.679,28.089,26.671,0.0,0.0,0.0,32510.0,16.0,29.18,27.988,26.85,0.0,0.0,0.0,32510.0,16.0,30.0,29.0,1614723131.245,2021-03-02 22:12:11.244999886
3579199314,r7141590-n772143,1,26.985,0.0,0.0,0.0,32510.0,16.0,29.314,28.739,26.928,0.0,0.0,0.0,32510.0,16.0,29.09,28.232,27.23,0.0,0.0,0.0,32510.0,16.0,30.0,29.0,1614723131.256,2021-03-02 22:12:11.256000041
3596043845,r8141575-n303766,0,27.573,0.0,0.0,0.0,32510.0,16.0,39.0,39.0,27.573,0.0,0.0,0.0,32510.0,16.0,39.0,39.0,27.65,0.0,0.0,0.0,32510.0,16.0,39.0,39.0,1613942297.458,2021-02-21 21:18:17.457999945
3601240052,r2215649-n410412,0,27.359,0.0,0.0,0.362,32509.638,16.0,38.0,35.378,40.008,4.595,0.225,3107.957,29402.043,16.0,40.837,37.723,148.09,74.0,18.0,3183.0,32510.0,16.0,45.0,42.0,1613832667.63,2021-02-20 14:51:07.630000114
3656588335,r9170217-n948219,0,27.616,0.0,0.0,0.0,32510.0,16.0,34.0,32.0,27.616,0.0,0.0,0.0,32510.0,16.0,34.0,32.0,27.86,0.0,0.0,0.0,32510.0,16.0,34.0,32.0,1613429372.884,2021-02-15 22:49:32.884000063
3755469783,r4683026-n948219,1,28.248,0.1,0.0,42.2,32467.8,16.0,39.053,37.782,63.444,26.628,3.558,1179.332,31330.668,16.0,44.675,42.029,120.58,89.0,12.0,1315.0,32510.0,16.0,47.0,44.0,1613862538.275,2021-02-20 23:08:58.275000095
3789578506,r7269000-n303509,0,203.503,83.328,55.681,6413.115,26096.885,16.0,66.874,71.176,213.172,88.907,59.602,6665.994,25844.006,16.0,67.789,72.615,253.66,95.0,66.0,6799.0,32510.0,16.0,71.0,76.0,1613583451.667,2021-02-17 17:37:31.667000055
3792599087,r7753495-n948219,0,30.672,3.504,0.705,228.669,32281.331,16.0,28.604,26.421,67.35,39.647,10.037,1511.799,30998.201,16.0,39.684,37.888,118.39,55.0,15.0,1539.0,32510.0,16.0,42.0,40.0,1613245467.713,2021-02-13 19:44:27.713000059
3794348780,r44132-n303766,0,200.015,82.093,54.997,6354.173,26155.827,16.0,68.504,75.618,186.234,75.328,50.577,6668.424,25841.576,16.0,67.334,73.886,251.95,95.0,67.0,6801.0,32510.0,16.0,72.0,80.0,1613452308.888,2021-02-16 05:11:48.888000011
3829393025,r7141590-n948219,0,201.751,81.868,54.596,6272.501,26237.499,16.0,68.894,73.439,204.168,83.339,55.745,6621.596,25888.404,16.0,68.434,73.045,261.04,96.0,65.0,6799.0,32510.0,16.0,72.0,78.0,1613431931.01,2021-02-15 23:32:11.009999990
3904282188,r2215649-n303766,0,32.775,0.125,0.0,756.554,31753.446,16.0,33.196,30.214,156.542,93.998,20.535,19492.589,13017.411,16.0,66.903,65.005,277.24,100.0,55.0,19959.0,32510.0,16.0,74.0,74.0,1613990825.024,2021-02-22 10:47:05.023999929
3904282188,r2215649-n303766,1,33.516,0.104,0.0,757.327,31752.673,16.0,31.308,29.43,156.35,94.208,20.542,20697.623,11812.377,16.0,62.393,60.106,275.56,100.0,55.0,21192.0,32510.0,16.0,71.0,70.0,1613990825.027,2021-02-22 10:47:05.026999950
3904282188,r414303-n948219,0,32.553,0.109,0.0,762.902,31747.098,16.0,31.968,29.563,152.428,93.898,20.599,19496.241,13013.759,16.0,66.589,65.158,265.65,100.0,55.0,19959.0,32510.0,16.0,74.0,74.0,1613990825.023,2021-02-22 10:47:05.023000002
3904282188,r414303-n948219,1,31.885,0.121,0.0,763.35,31746.65,16.0,30.588,30.433,152.835,79.961,20.37,20701.003,11808.997,16.0,61.198,58.868,274.14,100.0,55.0,21192.0,32510.0,16.0,71.0,70.0,1613990825.026,2021-02-22 10:47:05.026000023
3915353637,r7419443-n948219,0,133.327,60.514,36.76,2331.199,30178.801,16.0,52.742,55.208,190.49,87.579,53.853,3320.916,29189.084,16.0,67.767,73.197,206.94,91.0,56.0,4293.0,32510.0,16.0,70.0,76.0,1613938913.707,2021-02-21 20:21:53.707000017
3920101496,r974863-n410412,1,36.379,0.388,0.005,895.621,31614.379,16.0,34.808,30.552,58.886,30.941,9.652,1519.702,30990.298,16.0,41.085,38.095,104.89,41.0,14.0,1539.0,32510.0,16.0,44.0,41.0,1613429755.858,2021-02-15 22:55:55.858000040
3943041189,r8141575-n410412,0,27.371,0.0,0.0,0.0,32510.0,16.0,32.998,31.39,41.906,5.524,1.963,3108.213,29401.787,16.0,37.108,35.358,162.47,89.0,35.0,7736.0,32510.0,16.0,45.0,48.0,1614181447.962,2021-02-24 15:44:07.961999893
3943041189,r8141575-n410412,1,26.676,0.0,0.0,0.0,32510.0,16.0,31.64,29.948,39.046,0.0,0.0,1203.542,31306.458,16.0,35.42,33.35,39.69,24.0,1.0,1205.0,32510.0,16.0,37.0,35.0,1614181447.97,2021-02-24 15:44:07.970000029
3959072825,r6707841-n172107,0,48.393,19.857,7.927,26193.908,6316.092,16.0,34.49,32.483,56.885,26.584,10.775,31017.009,1492.991,16.0,40.084,38.201,116.09,45.0,19.0,31071.0,32510.0,16.0,42.0,41.0,1614715744.612,2021-03-02 20:09:04.611999989
3961143424,r7141590-n948219,0,207.603,85.616,57.137,6360.967,26149.033,16.0,68.733,73.533,214.271,88.955,59.501,6649.272,25860.728,16.0,68.306,73.426,262.35,96.0,65.0,6801.0,32510.0,16.0,71.0,77.0,1613432659.632,2021-02-15 23:44:19.631999969
3975864097,r9988778-n303766,0,155.232,64.696,43.158,4900.142,27609.858,16.0,50.951,55.923,195.936,82.755,55.367,6195.116,26314.884,16.0,63.566,69.822,256.17,95.0,65.0,6865.0,32510.0,16.0,73.0,80.0,1613462091.101,2021-02-16 07:54:51.101000071
4020149119,r7269000-n948219,0,177.054,68.146,45.246,6101.961,26408.039,16.0,67.391,69.944,182.742,71.136,47.401,6605.837,25904.163,16.0,66.788,69.281,263.87,95.0,64.0,6799.0,32510.0,16.0,73.0,76.0,1613441986.25,2021-02-16 02:19:46.250000000
4029987869,r8972851-n948219,0,48.96,6.08,1.741,5373.612,27136.388,16.0,36.589,34.784,50.815,6.131,1.833,16818.493,15691.507,16.0,38.535,36.636,181.28,85.0,46.0,32509.0,32510.0,16.0,41.0,41.0,1613184579.279,2021-02-13 02:49:39.279000044
4183482750,r216287-n303509,1,99.793,63.858,20.822,1638.23,30871.77,16.0,49.627,48.875,99.825,63.505,20.623,1683.362,30826.638,16.0,50.379,49.485,134.82,75.0,26.0,1699.0,32510.0,16.0,51.0,51.0,1612824719.369,2021-02-08 22:51:59.368999958
4187240798,r4506251-n410412,0,29.653,0.518,0.018,109.536,32400.464,16.0,34.232,32.982,29.653,0.518,0.018,109.536,32400.464,16.0,34.232,32.982,38.93,9.0,1.0,457.0,32510.0,16.0,35.0,33.0,1613016520.849,2021-02-11 04:08:40.848999977
4220860779,r6727430-n303509,0,203.825,86.351,57.841,6424.759,26085.241,16.0,68.588,73.318,208.807,89.686,60.224,6670.296,25839.704,16.0,68.433,73.431,246.73,95.0,65.0,6807.0,32510.0,16.0,71.0,77.0,1613438435.287,2021-02-16 01:20:35.286999941
4267788194,r7141590-n303509,0,159.643,59.448,39.584,5951.794,26558.206,16.0,67.221,67.865,179.03,68.29,45.58,6578.639,25931.361,16.0,67.884,69.011,269.03,94.0,64.0,6801.0,32510.0,16.0,73.0,75.0,1613486273.746,2021-02-16 14:37:53.746000051
4332385915,r4683026-n200569,0,195.838,90.562,52.254,26290.45,6219.55,16.0,56.549,57.293,208.654,94.323,54.714,28830.746,3679.254,16.0,65.96,68.248,278.67,100.0,63.0,32489.0,32510.0,16.0,73.0,76.0,1614722453.304,2021-03-02 22:00:53.303999901
4337085376,r7141590-n172107,0,43.736,21.068,5.94,26220.112,6289.888,16.0,32.928,32.551,46.352,26.236,7.291,31015.448,1494.552,16.0,36.221,35.526,88.4,40.0,11.0,31071.0,32510.0,16.0,38.0,38.0,1614715744.723,2021-03-02 20:09:04.723000050
4421064049,r810901-n948219,0,26.205,0.0,0.0,0.0,32510.0,16.0,30.75,31.0,26.205,0.0,0.0,0.0,32510.0,16.0,30.75,31.0,26.27,0.0,0.0,0.0,32510.0,16.0,31.0,31.0,1613749604.241,2021-02-19 15:46:44.240999937
4421064049,r810901-n948219,1,25.862,0.0,0.0,0.0,32510.0,16.0,29.0,29.0,25.862,0.0,0.0,0.0,32510.0,16.0,29.0,29.0,25.91,0.0,0.0,0.0,32510.0,16.0,29.0,29.0,1613749604.245,2021-02-19 15:46:44.244999886
4435464308,r6727430-n303509,0,203.116,86.246,57.84,6412.236,26097.764,16.0,68.9,73.637,208.79,89.786,60.378,6663.943,25846.057,16.0,68.531,73.511,248.27,98.0,65.0,6801.0,32510.0,16.0,71.0,77.0,1613436271.956,2021-02-16 00:44:31.956000090
4495460559,r414303-n303509,0,26.821,0.0,0.0,0.011,32509.989,16.0,33.0,32.999,38.923,0.558,0.248,26048.942,6461.058,16.0,37.293,36.872,197.63,100.0,47.0,26864.0,32510.0,16.0,57.0,62.0,1613040267.138,2021-02-11 10:44:27.138000011
4546004941,r492024-n303766,0,198.479,82.745,55.429,6351.798,26158.202,16.0,68.666,73.257,206.22,87.301,58.627,6647.887,25862.113,16.0,68.476,73.288,249.51,95.0,64.0,6801.0,32510.0,16.0,72.0,77.0,1613435000.265,2021-02-16 00:23:20.265000105
4566641654,r8141575-n303766,1,25.727,0.0,0.0,0.0,32510.0,16.0,33.0,31.0,25.727,0.0,0.0,0.0,32510.0,16.0,33.0,31.0,25.75,0.0,0.0,0.0,32510.0,16.0,33.0,31.0,1614081808.69,2021-02-23 12:03:28.690000057
4653567009,r8972851-n303509,0,189.361,76.868,51.441,6184.524,26325.476,16.0,66.536,70.904,193.966,79.538,53.345,6613.895,25896.105,16.0,67.555,72.175,250.35,94.0,63.0,6807.0,32510.0,16.0,71.0,76.0,1613604412.327,2021-02-17 23:26:52.326999903
4682289870,r2215649-n303766,0,25.285,0.0,0.0,0.0,32510.0,16.0,32.0,29.952,25.382,0.0,0.0,0.0,32510.0,16.0,32.84,30.39,25.69,0.0,0.0,0.0,32510.0,16.0,33.0,31.0,1614348642.319,2021-02-26 14:10:42.319000006
4722135196,r7141590-n772143,0,26.805,0.0,0.0,0.0,32510.0,16.0,30.0,28.709,32.297,3.293,0.571,389.804,32120.196,16.0,32.304,31.102,217.35,100.0,22.0,7629.0,32510.0,16.0,57.0,52.0,1614723650.471,2021-03-02 22:20:50.470999956
4722135196,r7141590-n772143,1,27.122,0.0,0.0,0.0,32510.0,16.0,30.0,29.105,27.314,0.0,0.0,0.0,32510.0,16.0,30.935,30.045,27.53,0.0,0.0,0.0,32510.0,16.0,31.0,31.0,1614723650.481,2021-03-02 22:20:50.480999947
4744021226,r7141590-n948219,0,206.335,84.342,56.316,6320.704,26189.296,16.0,68.939,73.584,215.062,89.129,59.67,6632.965,25877.035,16.0,68.515,73.592,262.45,96.0,65.0,6799.0,32510.0,16.0,73.0,78.0,1613435834.375,2021-02-16 00:37:14.375000000
4774237816,r44132-n303766,0,37.158,0.643,0.037,1376.758,31133.242,16.0,35.746,34.905,65.389,31.142,10.496,1597.27,30912.73,16.0,42.011,42.205,113.13,43.0,16.0,1605.0,32510.0,16.0,44.0,45.0,1613332657.39,2021-02-14 19:57:37.390000105
4856307055,r7419443-n948219,0,26.924,0.0,0.0,0.0,32510.0,16.0,30.0,28.781,26.924,0.0,0.0,0.0,32510.0,16.0,30.0,28.781,27.02,0.0,0.0,0.0,32510.0,16.0,30.0,29.0,1613935082.593,2021-02-21 19:18:02.592999935
4887943013,r8141575-n303766,1,25.275,0.0,0.0,3.818,32506.182,16.0,29.598,28.0,65.232,23.101,4.948,2182.184,30327.816,16.0,40.199,37.448,220.76,58.0,16.0,2769.0,32510.0,16.0,45.0,42.0,1613936156.435,2021-02-21 19:35:56.434999943
4912762340,r9988778-n410412,0,25.247,0.0,0.0,0.0,32510.0,16.0,30.0,29.0,25.255,0.0,0.0,0.295,32509.705,16.0,30.0,29.0,25.39,0.0,0.0,4.0,32510.0,16.0,30.0,29.0,1614735079.605,2021-03-03 01:31:19.605000019
4918105912,r8532701-n772143,1,45.442,19.904,4.69,29067.081,3442.919,16.0,36.193,31.924,46.516,21.741,5.015,31053.656,1456.344,16.0,37.427,33.439,117.52,42.0,9.0,31071.0,32510.0,16.0,40.0,36.0,1614744290.077,2021-03-03 04:04:50.076999903
4963257496,r8275852-n410412,0,43.469,19.927,2.939,29026.517,3483.483,16.0,38.693,39.641,42.189,11.713,1.731,31057.88,1452.12,16.0,39.428,40.289,64.76,100.0,6.0,31071.0,32510.0,16.0,40.0,41.0,1613418194.735,2021-02-15 19:43:14.734999895
5004147219,r9170217-n303509,1,198.38,83.335,55.772,6348.997,26161.003,16.0,54.794,57.602,207.855,87.909,58.953,6642.183,25867.817,16.0,58.816,62.472,255.29,95.0,64.0,6799.0,32510.0,16.0,65.0,69.0,1613437199.31,2021-02-16 00:59:59.309999943
5010297257,r974863-n410412,0,205.396,87.273,58.45,6403.909,26106.091,16.0,57.243,60.77,213.676,90.251,60.462,6659.258,25850.742,16.0,65.089,69.814,260.93,96.0,66.0,6799.0,32510.0,16.0,73.0,78.0,1613450023.773,2021-02-16 04:33:43.773000002
5040839751,r9988778-n303766,1,26.386,0.0,0.0,0.0,32510.0,16.0,30.0,28.0,26.386,0.0,0.0,0.0,32510.0,16.0,30.0,28.0,26.51,0.0,0.0,0.0,32510.0,16.0,30.0,28.0,1614755008.145,2021-03-03 07:03:28.144999981
5089315542,r44132-n303766,0,172.719,71.517,47.932,5658.755,26851.245,16.0,56.81,61.282,192.903,79.944,53.688,6449.179,26060.821,16.0,65.21,71.701,253.11,94.0,64.0,6801.0,32510.0,16.0,73.0,82.0,1613451915.181,2021-02-16 05:05:15.180999994
5111850289,r8275852-n410412,0,32.209,0.7,0.007,268.741,32241.259,16.0,31.409,32.354,59.94,26.867,6.533,1054.374,31455.626,16.0,38.052,38.62,112.99,52.0,13.0,1093.0,32510.0,16.0,40.0,41.0,1614060680.96,2021-02-23 06:11:20.960000038
5194298959,r8972851-n303509,0,191.894,77.103,51.607,6188.368,26321.632,16.0,67.102,71.468,196.032,80.048,53.694,6612.659,25897.341,16.0,67.939,72.53,251.04,95.0,67.0,6807.0,32510.0,16.0,72.0,78.0,1613594493.378,2021-02-17 20:41:33.378000021
5231649935,r4683026-n948219,0,30.764,0.105,0.0,526.006,31983.994,16.0,33.709,33.327,36.25,0.03,0.002,1241.258,31268.742,16.0,35.8,35.072,56.02,35.0,6.0,3515.0,32510.0,16.0,39.0,37.0,1613971579.496,2021-02-22 05:26:19.496000051
5307833186,r216287-n303509,1,67.39,40.519,15.655,1292.342,31217.658,16.0,41.945,41.382,67.185,40.262,15.578,1302.799,31207.201,16.0,41.913,41.211,78.74,56.0,20.0,1331.0,32510.0,16.0,43.0,42.0,1612829313.064,2021-02-09 00:08:33.063999891
5316285025,r1039410-n303509,0,26.705,0.0,0.0,2.315,32507.685,16.0,38.749,36.898,26.705,0.0,0.0,2.315,32507.685,16.0,38.749,36.898,27.09,0.0,0.0,4.0,32510.0,16.0,39.0,37.0,1613081594.357,2021-02-11 22:13:14.357000113
5327290306,r8275852-n303766,0,26.461,0.019,0.0,26.757,32483.243,16.0,31.371,30.542,92.808,50.865,22.271,8539.19,23970.81,16.0,48.034,47.556,167.99,100.0,38.0,8903.0,32510.0,16.0,56.0,58.0,1613738198.655,2021-02-19 12:36:38.654999971
5368658252,r9170217-n303509,0,203.617,84.155,56.487,6368.129,26141.871,16.0,68.807,70.378,210.464,88.211,59.281,6647.952,25862.048,16.0,68.378,70.103,255.76,95.0,64.0,6799.0,32510.0,16.0,72.0,74.0,1613436533.872,2021-02-16 00:48:53.871999979
5371942709,r4506251-n303766,0,30.436,0.0,0.0,0.0,32510.0,16.0,39.633,40.839,70.152,42.717,11.058,1484.832,31025.168,16.0,45.712,47.188,125.21,61.0,18.0,1539.0,32510.0,16.0,47.0,50.0,1613473392.193,2021-02-16 11:03:12.193000078
5416113298,r7753495-n303509,0,30.612,0.852,0.019,258.731,32251.269,16.0,37.599,36.04,76.318,40.3,11.91,1568.666,30941.334,16.0,47.638,46.203,140.69,54.0,17.0,1637.0,32510.0,16.0,50.0,49.0,1613676483.745,2021-02-18 19:28:03.744999886
5420242366,r6707841-n172107,0,43.341,25.348,3.258,29521.271,2988.729,16.0,36.182,33.905,43.537,24.201,3.065,31053.135,1456.865,16.0,37.239,35.011,71.63,39.0,5.0,31071.0,32510.0,16.0,39.0,37.0,1614736392.659,2021-03-03 01:53:12.658999920
5433951839,r216287-n303509,1,44.518,20.697,6.662,799.952,31710.048,16.0,31.221,29.841,44.518,20.697,6.662,799.952,31710.048,16.0,31.221,29.841,68.26,41.0,14.0,1327.0,32510.0,16.0,33.0,32.0,1612830300.678,2021-02-09 00:25:00.677999973
5448968019,r216287-n303509,1,27.637,0.0,0.0,2.308,32507.692,16.0,37.0,35.615,27.637,0.0,0.0,2.308,32507.692,16.0,37.0,35.615,27.95,0.0,0.0,4.0,32510.0,16.0,37.0,36.0,1612829832.126,2021-02-09 00:17:12.125999928
5486075855,r4605940-n303509,0,54.997,18.228,2.011,15794.925,16715.075,16.0,39.986,37.975,86.883,44.676,4.97,31008.153,1501.847,16.0,46.01,43.302,154.07,100.0,11.0,31025.0,32510.0,16.0,49.0,46.0,1613303614.337,2021-02-14 11:53:34.336999893
5524269537,r7269000-n303509,0,208.012,86.128,57.589,6329.044,26180.956,16.0,67.92,72.53,213.803,89.582,60.087,6634.187,25875.813,16.0,68.09,73.063,253.94,100.0,69.0,6801.0,32510.0,16.0,71.0,76.0,1613579812.65,2021-02-17 16:36:52.650000095
5530265350,r7462820-n410412,0,158.935,59.214,39.691,6017.652,26492.348,16.0,66.076,70.221,180.702,70.843,47.605,6582.998,25927.002,16.0,67.743,72.92,253.86,93.0,63.0,6801.0,32510.0,16.0,73.0,79.0,1613574677.249,2021-02-17 15:11:17.249000072
5532128467,r4099734-n200569,1,121.925,58.766,32.777,16112.263,16397.737,16.0,34.811,36.274,121.925,58.766,32.777,16112.263,16397.737,16.0,34.811,36.274,226.62,100.0,61.0,32163.0,32510.0,16.0,41.0,44.0,1614719736.296,2021-03-02 21:15:36.296000004
5564081895,r6959555-n750018,0,22.88,0.0,0.0,0.0,32510.0,16.0,28.0,25.576,22.883,0.0,0.0,0.0,32510.0,16.0,28.0,25.647,22.97,0.0,0.0,0.0,32510.0,16.0,28.0,26.0,1614737637.602,2021-03-03 02:13:57.601999998
5586399448,r8972851-n303509,0,174.13,72.972,48.87,6030.365,26479.635,16.0,56.326,59.688,188.176,78.079,52.375,6560.117,25949.883,16.0,65.204,69.478,252.48,95.0,64.0,6793.0,32510.0,16.0,73.0,79.0,1613611960.384,2021-02-18 01:32:40.384000063
5604055465,r7269000-n948219,0,27.804,0.0,0.0,0.294,32509.706,16.0,38.206,37.132,27.804,0.0,0.0,0.294,32509.706,16.0,38.206,37.132,28.12,0.0,0.0,4.0,32510.0,16.0,39.0,38.0,1613430000.058,2021-02-15 23:00:00.058000088
5667158307,r492024-n303766,0,31.31,0.104,0.0,653.411,31856.589,16.0,33.918,32.113,31.814,0.122,0.002,696.453,31813.547,16.0,34.018,32.176,37.03,16.0,1.0,1271.0,32510.0,16.0,35.0,33.0,1613351621.8,2021-02-15 01:13:41.799999952
5699209944,r8141575-n303766,0,54.03,24.042,8.713,29924.675,2585.325,16.0,39.365,38.977,49.989,15.548,5.375,31028.392,1481.608,16.0,43.144,42.824,81.62,100.0,26.0,31071.0,32510.0,16.0,48.0,49.0,1614196605.552,2021-02-24 19:56:45.552000046
5767305669,r7269000-n303509,0,211.05,87.264,58.308,6426.822,26083.178,16.0,68.124,72.829,215.636,90.139,60.389,6671.845,25838.155,16.0,68.164,73.15,253.57,95.0,66.0,6807.0,32510.0,16.0,70.0,76.0,1613581236.195,2021-02-17 17:00:36.194999933
5788768981,r44132-n303766,0,26.403,0.0,0.0,0.0,32510.0,16.0,37.0,37.0,26.403,0.0,0.0,0.0,32510.0,16.0,37.0,37.0,26.59,0.0,0.0,0.0,32510.0,16.0,37.0,37.0,1613472827.207,2021-02-16 10:53:47.207000017
5791101525,r8024255-n303766,0,27.091,0.0,0.0,0.0,32510.0,16.0,34.614,32.083,38.434,9.774,0.062,29019.397,3490.603,16.0,36.888,34.244,41.17,19.0,1.0,30709.0,32510.0,16.0,38.0,36.0,1614337124.358,2021-02-26 10:58:44.358000040
5801687419,r7462820-n303766,0,30.012,0.065,0.0,159.889,32350.111,16.0,33.172,31.187,38.796,0.264,0.037,1251.1,31258.9,16.0,38.34,36.198,57.4,40.0,6.0,1407.0,32510.0,16.0,43.0,41.0,1613435279.718,2021-02-16 00:27:59.717999935
5805000493,r5179276-n948219,0,200.727,85.49,57.393,6391.358,26118.642,16.0,67.726,74.939,204.649,87.883,59.119,6663.102,25846.898,16.0,68.262,75.726,245.05,95.0,66.0,6807.0,32510.0,16.0,71.0,79.0,1613579802.574,2021-02-17 16:36:42.573999882
5858243261,r6707841-n172107,0,41.653,20.98,1.536,28665.563,3844.437,16.0,38.312,35.972,40.26,23.554,1.642,31041.062,1468.938,16.0,36.065,33.904,50.19,100.0,6.0,31071.0,32510.0,16.0,40.0,38.0,1614726630.704,2021-03-02 23:10:30.703999996
5873165395,r7317916-n948219,1,181.55,72.483,48.584,6187.426,26322.574,16.0,62.786,66.947,195.05,79.775,53.635,6614.162,25895.838,16.0,64.208,69.097,255.08,94.0,64.0,6807.0,32510.0,16.0,70.0,76.0,1613483934.762,2021-02-16 13:58:54.762000084
5882838115,r8473362-n410412,1,26.051,0.0,0.0,0.0,32510.0,16.0,32.0,31.0,26.051,0.0,0.0,0.0,32510.0,16.0,32.0,31.0,26.15,0.0,0.0,0.0,32510.0,16.0,32.0,31.0,1614734934.216,2021-03-03 01:28:54.216000080
5905324570,r4506251-n410412,0,26.228,0.0,0.0,2.898,32507.102,16.0,34.0,32.945,26.192,0.0,0.0,3.97,32506.03,16.0,33.113,32.042,26.59,0.0,0.0,4.0,32510.0,16.0,34.0,33.0,1613016581.613,2021-02-11 04:09:41.612999916
5930469845,r7753495-n303509,0,24.708,0.0,0.0,0.0,32510.0,16.0,30.982,29.0,47.54,14.214,3.254,1065.367,31444.633,16.0,37.505,35.615,117.37,50.0,13.0,1093.0,32510.0,16.0,50.0,49.0,1613554842.035,2021-02-17 09:40:42.035000086
6004233796,r4099734-n200569,0,133.481,60.765,34.319,16194.59,16315.41,16.0,36.994,37.47,133.481,60.765,34.319,16194.59,16315.41,16.0,36.994,37.47,250.12,100.0,63.0,29667.0,32510.0,16.0,44.0,45.0,1614720036.182,2021-03-02 21:20:36.181999922
6023478204,r3974592-n948219,0,26.98,0.0,0.0,0.0,32510.0,16.0,30.0,31.026,53.265,10.471,5.546,30605.441,1904.559,16.0,39.482,39.575,221.12,100.0,88.0,32501.0,32510.0,16.0,48.0,51.0,1613699102.468,2021-02-19 01:45:02.467999935
6023478204,r3974592-n948219,1,25.297,0.0,0.0,0.0,32510.0,16.0,29.0,27.0,53.84,10.454,5.533,30642.181,1867.819,16.0,37.91,36.014,234.49,100.0,88.0,32449.0,32510.0,16.0,47.0,50.0,1613699102.472,2021-02-19 01:45:02.471999884
6023478204,r8024255-n303766,0,26.97,0.0,0.0,0.0,32510.0,16.0,33.0,31.0,53.898,10.254,5.36,30682.495,1827.505,16.0,41.786,39.755,224.39,100.0,89.0,32463.0,32510.0,16.0,50.0,53.0,1613699102.454,2021-02-19 01:45:02.453999996
6023478204,r8024255-n303766,1,26.624,0.0,0.0,0.0,32510.0,16.0,31.0,29.998,55.798,10.53,5.581,29667.17,2842.83,16.0,40.535,38.846,237.3,100.0,85.0,32489.0,32510.0,16.0,52.0,54.0,1613699102.458,2021-02-19 01:45:02.457999945
6023478204,r8141575-n410412,0,27.018,0.0,0.0,0.0,32510.0,16.0,31.0,29.941,55.525,10.509,5.579,30538.905,1971.095,16.0,40.921,39.752,231.93,100.0,89.0,32489.0,32510.0,16.0,51.0,54.0,1613699102.455,2021-02-19 01:45:02.454999924
6023478204,r8141575-n410412,1,26.45,0.0,0.0,0.0,32510.0,16.0,30.073,28.981,55.295,10.516,5.582,30325.093,2184.907,16.0,39.623,38.309,236.21,100.0,91.0,32471.0,32510.0,16.0,50.0,53.0,1613699102.46,2021-02-19 01:45:02.460000038
6023478204,r9515777-n410412,0,24.394,0.0,0.0,0.0,32510.0,16.0,33.0,31.0,55.623,10.779,5.785,30943.958,1566.042,16.0,44.46,42.115,249.27,100.0,90.0,32483.0,32510.0,16.0,55.0,56.0,1613699102.49,2021-02-19 01:45:02.490000010
6023478204,r9515777-n410412,1,27.395,0.0,0.0,0.0,32510.0,16.0,34.0,32.075,56.071,10.532,5.6,29934.714,2575.286,16.0,45.083,43.862,228.61,100.0,88.0,32495.0,32510.0,16.0,56.0,60.0,1613699102.495,2021-02-19 01:45:02.494999886
6023478204,r9648383-n410412,0,26.286,0.0,0.0,0.0,32510.0,16.0,33.0,32.0,57.12,10.399,5.494,29864.212,2645.788,16.0,43.898,42.701,247.5,100.0,86.0,32505.0,32510.0,16.0,54.0,57.0,1613699102.476,2021-02-19 01:45:02.476000071
6023478204,r9648383-n410412,1,26.815,0.0,0.0,0.0,32510.0,16.0,32.0,29.575,57.964,10.504,5.575,30221.518,2288.482,16.0,44.139,41.591,242.87,100.0,88.0,32505.0,32510.0,16.0,56.0,57.0,1613699102.479,2021-02-19 01:45:02.479000092
6077102607,r1039410-n303509,0,31.853,1.142,0.045,323.174,32186.826,16.0,39.078,36.92,59.093,30.434,7.43,1592.545,30917.455,16.0,44.463,42.963,127.33,56.0,17.0,1605.0,32510.0,16.0,47.0,46.0,1613109637.586,2021-02-12 06:00:37.585999966
6109657438,r5179276-n948219,0,33.715,0.833,0.032,394.918,32115.082,16.0,38.944,37.838,60.603,33.945,6.783,1071.62,31438.38,16.0,43.913,42.736,97.33,47.0,10.0,1093.0,32510.0,16.0,46.0,45.0,1613388006.213,2021-02-15 11:20:06.213000059
6122765730,r4099734-n772143,1,49.414,25.173,5.636,29521.236,2988.764,16.0,33.631,33.457,48.609,22.839,5.181,31056.63,1453.37,16.0,35.825,35.765,117.31,100.0,9.0,31071.0,32510.0,16.0,38.0,38.0,1614740766.248,2021-03-03 03:06:06.247999907
6154646895,r6727430-n303509,0,27.301,0.0,0.0,2.967,32507.033,16.0,37.146,34.571,27.301,0.0,0.0,2.967,32507.033,16.0,37.146,34.571,27.49,0.0,0.0,4.0,32510.0,16.0,38.0,35.0,1613012486.173,2021-02-11 03:01:26.173000097
6167723078,r4605940-n948219,0,60.491,47.898,7.187,12318.89,20191.11,16.0,35.042,32.83,101.242,99.11,14.782,31601.587,908.413,16.0,56.372,54.682,259.72,100.0,49.0,31641.0,32510.0,16.0,64.0,64.0,1614558342.11,2021-03-01 00:25:42.109999895
6167723078,r4605940-n948219,1,62.49,47.874,6.736,9263.799,23246.201,16.0,34.677,31.214,104.679,99.086,13.761,21328.597,11181.403,16.0,54.502,51.571,268.63,100.0,50.0,21363.0,32510.0,16.0,62.0,60.0,1614558342.113,2021-03-01 00:25:42.112999916
6181980570,r8141575-n410412,0,27.397,0.0,0.0,0.0,32510.0,16.0,32.992,31.061,37.498,0.003,0.0,1082.307,31427.693,16.0,35.588,33.645,40.13,24.0,1.0,1211.0,32510.0,16.0,37.0,35.0,1614616238.077,2021-03-01 16:30:38.076999903
6181980570,r8141575-n410412,1,26.682,0.0,0.0,0.0,32510.0,16.0,31.622,29.969,31.996,0.004,0.0,525.441,31984.559,16.0,33.16,31.164,40.68,24.0,1.0,1211.0,32510.0,16.0,36.0,34.0,1614616238.08,2021-03-01 16:30:38.079999924
6211581001,r9170217-n772143,0,25.586,0.0,0.0,0.0,32510.0,16.0,27.0,26.0,51.873,16.767,3.004,4200.126,28309.874,16.0,35.49,34.368,268.32,100.0,33.0,31537.0,32510.0,16.0,64.0,63.0,1614723302.331,2021-03-02 22:15:02.331000090
6216255734,r2215649-n303766,0,77.099,31.566,23.177,9284.479,23225.521,16.0,44.05,43.487,165.052,81.028,60.055,23647.769,8862.231,16.0,66.292,71.17,227.88,100.0,86.0,23709.0,32510.0,16.0,72.0,79.0,1613954845.163,2021-02-22 00:47:25.163000107
6256917154,r8972851-n303509,0,182.189,72.174,48.271,6121.617,26388.383,16.0,66.318,70.359,190.26,77.564,51.994,6595.464,25914.536,16.0,67.688,72.221,250.57,94.0,63.0,6801.0,32510.0,16.0,72.0,77.0,1613599850.667,2021-02-17 22:10:50.667000055
6329102851,r8972851-n303509,0,179.61,71.003,47.555,6101.342,26408.658,16.0,65.913,69.754,190.045,76.601,51.442,6595.437,25914.563,16.0,67.676,72.014,250.7,94.0,64.0,6807.0,32510.0,16.0,72.0,77.0,1613608904.704,2021-02-18 00:41:44.703999996
6330262721,r4099734-n772143,1,38.032,17.748,1.336,25524.661,6985.339,16.0,31.243,30.688,41.089,22.491,1.528,31004.299,1505.701,16.0,33.738,33.366,69.09,34.0,3.0,31071.0,32510.0,16.0,35.0,35.0,1614721838.85,2021-03-02 21:50:38.849999905
6343563000,r492024-n303766,0,206.166,86.615,58.177,6399.002,26110.998,16.0,68.487,73.387,212.716,90.434,60.864,6656.968,25853.032,16.0,68.35,73.474,250.12,95.0,65.0,6799.0,32510.0,16.0,71.0,77.0,1613442744.107,2021-02-16 02:32:24.107000113
6360907349,r7419443-n948219,0,27.026,0.0,0.0,0.0,32510.0,16.0,30.0,28.971,196.77,90.203,53.94,3910.138,28599.862,16.0,66.27,71.716,248.79,100.0,60.0,5797.0,32510.0,16.0,73.0,79.0,1613926509.003,2021-02-21 16:55:09.003000021
6363155951,r5179276-n948219,0,201.733,85.574,57.278,6320.842,26189.158,16.0,68.94,75.59,204.66,88.141,59.142,6641.209,25868.791,16.0,68.245,75.176,246.52,95.0,66.0,6807.0,32510.0,16.0,72.0,80.0,1613585939.371,2021-02-17 18:18:59.371000051
6449825823,r4683026-n948219,1,47.32,13.668,4.882,795.59,31714.41,16.0,32.703,30.044,69.725,26.433,10.186,1157.183,31352.817,16.0,41.254,38.595,117.53,45.0,19.0,1303.0,32510.0,16.0,49.0,47.0,1614649220.357,2021-03-02 01:40:20.357000113
6496962082,r8275852-n410412,0,201.726,87.409,58.609,6432.532,26077.468,16.0,63.894,69.137,209.517,90.237,60.598,6674.397,25835.603,16.0,67.416,73.425,246.73,95.0,65.0,6807.0,32510.0,16.0,71.0,78.0,1613496318.651,2021-02-16 17:25:18.651000023
6512007437,r1039410-n948219,0,26.219,0.0,0.0,0.0,32510.0,16.0,33.0,32.986,67.147,30.877,11.004,2625.286,29884.714,16.0,43.778,43.113,131.31,53.0,20.0,2700.0,32510.0,16.0,49.0,50.0,1614035493.142,2021-02-22 23:11:33.141999960
6607218738,r6959555-n172107,0,38.758,22.617,0.844,28906.488,3603.512,16.0,36.926,32.995,38.847,21.308,0.825,31039.296,1470.704,16.0,36.948,32.99,50.91,31.0,2.0,31071.0,32510.0,16.0,37.0,34.0,1614725520.179,2021-03-02 22:52:00.178999901
6610958728,r9988778-n303766,1,26.478,0.0,0.0,0.0,32510.0,16.0,30.035,27.983,59.016,30.55,5.921,967.96,31542.04,16.0,39.722,37.493,107.24,46.0,10.0,1027.0,32510.0,16.0,42.0,40.0,1613456886.916,2021-02-16 06:28:06.915999889
6624525513,r1039410-n948219,0,25.926,0.0,0.0,0.007,32509.993,16.0,31.0,30.739,26.071,0.0,0.0,0.0,32510.0,16.0,31.872,31.739,27.17,0.0,0.0,4.0,32510.0,16.0,36.0,36.0,1613948956.406,2021-02-21 23:09:16.405999899
6660432361,r6727430-n948219,0,187.628,77.036,51.667,6185.46,26324.54,16.0,64.316,68.589,196.364,81.457,54.732,6577.055,25932.945,16.0,67.263,72.114,248.54,97.0,64.0,6807.0,32510.0,16.0,70.0,76.0,1613651736.506,2021-02-18 12:35:36.506000042
6684682909,r9170217-n303509,0,27.116,0.036,0.001,19.828,32490.172,16.0,35.399,32.111,62.591,37.387,8.852,1562.266,30947.734,16.0,43.636,40.054,126.73,56.0,16.0,1605.0,32510.0,16.0,46.0,42.0,1613328231.105,2021-02-14 18:43:51.105000019
6691194418,r974863-n410412,0,25.139,0.0,0.0,0.0,32510.0,16.0,30.0,29.962,25.139,0.0,0.0,0.0,32510.0,16.0,30.0,29.962,25.24,0.0,0.0,0.0,32510.0,16.0,30.0,30.0,1614734527.452,2021-03-03 01:22:07.451999903
6691194418,r974863-n410412,1,25.669,0.0,0.0,0.0,32510.0,16.0,31.0,28.0,25.669,0.0,0.0,0.0,32510.0,16.0,31.0,28.0,25.82,0.0,0.0,0.0,32510.0,16.0,31.0,28.0,1614734527.459,2021-03-03 01:22:07.459000111
6700157728,r492024-n410412,0,27.713,0.0,0.0,0.01,32509.99,16.0,31.282,30.008,27.919,0.0,0.0,0.0,32510.0,16.0,32.266,30.975,28.27,0.0,0.0,4.0,32510.0,16.0,33.0,32.0,1613783362.968,2021-02-20 01:09:22.967999935
6700157728,r492024-n410412,1,25.323,0.0,0.0,0.007,32509.993,16.0,29.0,28.963,25.461,0.0,0.0,0.0,32510.0,16.0,29.985,29.883,25.83,0.0,0.0,4.0,32510.0,16.0,31.0,30.0,1613783362.971,2021-02-20 01:09:22.970999956
6708529726,r216287-n303509,1,52.069,24.29,7.983,974.22,31535.78,16.0,36.71,35.257,52.069,24.29,7.983,974.22,31535.78,16.0,36.71,35.257,67.48,43.0,14.0,1327.0,32510.0,16.0,37.0,36.0,1612830007.834,2021-02-09 00:20:07.834000111
6758464640,r4506251-n303766,0,206.618,85.256,57.106,6398.037,26111.963,16.0,68.3,75.01,211.428,88.159,59.258,6660.786,25849.214,16.0,68.239,75.221,255.34,95.0,65.0,6801.0,32510.0,16.0,71.0,78.0,1613464272.67,2021-02-16 08:31:12.670000076
6783172991,r9515777-n303766,0,25.728,0.0,0.0,0.0,32510.0,16.0,34.0,32.054,39.136,21.11,0.46,29948.447,2561.553,16.0,39.223,36.711,41.15,33.0,2.0,30709.0,32510.0,16.0,42.0,40.0,1614270301.463,2021-02-25 16:25:01.463000059
6854439245,r1900814-n172107,0,47.664,20.12,5.193,28129.165,4380.835,16.0,36.844,36.794,48.189,22.368,5.732,31041.585,1468.415,16.0,38.246,38.274,107.28,45.0,10.0,31071.0,32510.0,16.0,40.0,41.0,1614728190.259,2021-03-02 23:36:30.259000063
6890100323,r8024255-n410412,0,178.715,71.718,48.102,6151.818,26358.182,16.0,66.502,69.532,194.27,79.818,53.672,6603.071,25906.929,16.0,67.731,71.279,254.73,94.0,64.0,6807.0,32510.0,16.0,71.0,75.0,1613535623.817,2021-02-17 04:20:23.816999912
6891662484,r6727430-n303509,0,41.174,4.308,1.157,29250.984,3259.016,16.0,36.614,33.395,40.346,4.841,1.341,31039.542,1470.458,16.0,37.12,33.884,118.63,100.0,22.0,31071.0,32510.0,16.0,41.0,40.0,1613424596.886,2021-02-15 21:29:56.885999918
6954428232,r1039410-n303509,0,26.855,0.0,0.0,0.0,32510.0,16.0,38.998,36.694,26.855,0.0,0.0,0.0,32510.0,16.0,38.998,36.694,27.07,0.0,0.0,0.0,32510.0,16.0,39.0,37.0,1613057085.784,2021-02-11 15:24:45.783999920
6961405327,r5354770-n750018,0,31.833,0.091,0.003,506.134,32003.866,16.0,31.646,30.681,33.805,0.098,0.004,714.376,31795.624,16.0,32.11,31.152,46.3,25.0,1.0,1283.0,32510.0,16.0,34.0,33.0,1614720672.441,2021-03-02 21:31:12.440999985
6971154432,r2215649-n410412,0,27.867,0.0,0.0,0.0,32510.0,16.0,41.0,38.0,27.867,0.0,0.0,0.0,32510.0,16.0,41.0,38.0,27.96,0.0,0.0,0.0,32510.0,16.0,41.0,38.0,1613500647.412,2021-02-16 18:37:27.411999941
7005791315,r9648383-n410412,0,27.255,0.111,0.0,43.876,32466.124,16.0,34.053,33.064,228.68,94.125,64.968,3242.279,29267.721,16.0,67.453,72.038,268.09,99.0,70.0,7147.0,32510.0,16.0,74.0,79.0,1614253736.825,2021-02-25 11:48:56.825000048
7106754466,r4683026-n948219,0,26.82,0.0,0.0,3.197,32506.803,16.0,36.844,36.864,53.752,18.14,6.057,16885.672,15624.328,16.0,44.479,45.146,133.8,100.0,20.0,32285.0,32510.0,16.0,53.0,55.0,1614163787.374,2021-02-24 10:49:47.374000072
7107377039,r7753495-n948219,0,203.731,84.457,56.628,6413.973,26096.027,16.0,66.825,69.636,210.601,88.716,59.643,6668.825,25841.175,16.0,67.744,70.913,253.48,95.0,66.0,6807.0,32510.0,16.0,71.0,74.0,1613568204.808,2021-02-17 13:23:24.808000088
7166496290,r8972851-n303509,0,180.888,70.734,47.371,6066.444,26443.556,16.0,67.191,71.174,190.66,76.987,51.678,6578.339,25931.661,16.0,67.924,72.338,250.19,94.0,64.0,6801.0,32510.0,16.0,71.0,76.0,1613594883.846,2021-02-17 20:48:03.845999956
7170057274,r1039410-n303509,0,26.73,0.0,0.0,0.0,32510.0,16.0,38.0,36.1,26.73,0.0,0.0,0.0,32510.0,16.0,38.0,36.1,27.02,0.0,0.0,0.0,32510.0,16.0,38.0,37.0,1613051738.689,2021-02-11 13:55:38.688999891
7202966210,r492024-n303766,0,198.392,86.108,57.882,6393.582,26116.418,16.0,57.519,61.034,208.235,89.252,60.106,6660.315,25849.685,16.0,65.263,70.147,250.89,95.0,65.0,6807.0,32510.0,16.0,73.0,79.0,1613444536.443,2021-02-16 03:02:16.443000078
7205584860,r216287-n303509,0,27.951,0.0,0.0,2.972,32507.028,16.0,30.974,30.0,27.951,0.0,0.0,2.972,32507.028,16.0,30.974,30.0,28.16,0.0,0.0,4.0,32510.0,16.0,31.0,30.0,1613099493.457,2021-02-12 03:11:33.457000017
7233182433,r4506251-n303766,0,36.356,0.0,0.0,0.007,32509.993,16.0,46.387,47.951,30.243,0.0,0.0,0.001,32509.999,16.0,39.283,40.236,52.74,0.0,0.0,4.0,32510.0,16.0,55.0,57.0,1613493905.008,2021-02-16 16:45:05.007999897
7264797489,r974863-n410412,0,31.852,0.857,0.056,692.094,31817.906,16.0,37.721,36.66,111.688,69.014,24.826,8954.864,23555.136,16.0,55.405,56.683,186.15,100.0,32.0,8966.0,32510.0,16.0,63.0,65.0,1613244902.485,2021-02-13 19:35:02.484999895
7270115381,r9170217-n948219,0,27.706,0.0,0.0,0.0,32510.0,16.0,34.0,32.833,27.706,0.0,0.0,0.0,32510.0,16.0,34.0,32.833,27.82,0.0,0.0,0.0,32510.0,16.0,34.0,33.0,1613429358.741,2021-02-15 22:49:18.740999937
7300440737,r492024-n410412,0,27.914,0.0,0.0,3.433,32506.567,16.0,32.002,31.0,85.911,25.077,5.525,3387.031,29122.969,16.0,51.276,49.656,205.66,71.0,14.0,3419.0,32510.0,16.0,55.0,53.0,1613791451.435,2021-02-20 03:24:11.434999943
7306611376,r8024255-n410412,0,24.942,0.0,0.0,2.315,32507.685,16.0,32.0,30.708,25.745,0.084,0.0,67.288,32442.712,16.0,32.107,30.738,37.98,10.0,0.0,1205.0,32510.0,16.0,34.0,31.0,1614736398.178,2021-03-03 01:53:18.177999973
7306789463,r9480604-n410412,0,26.155,0.0,0.0,0.0,32510.0,16.0,31.0,29.75,26.155,0.0,0.0,0.0,32510.0,16.0,31.0,29.75,26.19,0.0,0.0,0.0,32510.0,16.0,31.0,30.0,1614734566.641,2021-03-03 01:22:46.641000032
7333700279,r44132-n303766,0,25.29,0.0,0.0,0.0,32510.0,16.0,30.0,29.014,51.578,26.601,3.969,1120.55,31389.45,16.0,38.363,37.682,103.0,46.0,8.0,1159.0,32510.0,16.0,40.0,40.0,1613312388.672,2021-02-14 14:19:48.671999931
7351007570,r204106-n772143,1,37.171,18.822,0.685,25520.012,6989.988,16.0,31.797,30.127,39.94,21.925,0.805,31000.577,1509.423,16.0,33.911,32.138,54.44,32.0,2.0,31071.0,32510.0,16.0,35.0,34.0,1614721838.863,2021-03-02 21:50:38.862999916
7411786693,r492024-n410412,0,29.458,0.0,0.0,1.298,32508.702,16.0,38.429,37.584,31.396,0.109,0.008,946.744,31563.256,16.0,36.155,34.879,50.84,98.0,6.0,6545.0,32510.0,16.0,44.0,44.0,1614121251.458,2021-02-23 23:00:51.457999945
7422739601,r492024-n303766,0,32.011,0.854,0.374,1227.508,31282.492,16.0,36.822,35.461,102.208,34.008,17.399,5256.715,27253.285,16.0,58.204,58.682,259.63,100.0,62.0,5327.0,32510.0,16.0,65.0,68.0,1613423236.273,2021-02-15 21:07:16.273000002
7446995639,r7317916-n948219,0,31.001,0.836,0.061,1214.157,31295.843,16.0,35.475,35.164,96.433,62.717,22.493,8961.284,23548.716,16.0,50.95,53.171,168.77,100.0,33.0,8966.0,32510.0,16.0,61.0,64.0,1613241445.211,2021-02-13 18:37:25.210999966
7459099283,r974863-n410412,1,193.957,86.571,58.109,6425.134,26084.866,16.0,54.059,55.948,200.99,89.643,60.304,6673.0,25837.0,16.0,59.702,62.832,239.96,95.0,65.0,6807.0,32510.0,16.0,64.0,68.0,1613446377.351,2021-02-16 03:32:57.351000071
7468861049,r5179276-n948219,0,202.332,85.686,57.508,6402.407,26107.593,16.0,68.804,76.316,201.736,86.115,58.001,6663.357,25846.643,16.0,67.939,75.394,245.63,95.0,66.0,6799.0,32510.0,16.0,72.0,80.0,1613579073.702,2021-02-17 16:24:33.701999903
7502892552,r44132-n303766,0,201.503,83.37,55.839,6392.615,26117.385,16.0,68.827,75.568,201.643,84.034,56.457,6669.421,25840.579,16.0,68.426,75.238,251.28,95.0,67.0,6807.0,32510.0,16.0,72.0,80.0,1613467063.44,2021-02-16 09:17:43.440000057
7523917627,r8024255-n303766,0,27.02,0.0,0.0,0.0,32510.0,16.0,34.0,32.0,215.87,94.542,65.186,3304.816,29205.184,16.0,68.215,74.24,238.42,99.0,71.0,7147.0,32510.0,16.0,73.0,80.0,1614341892.209,2021-02-26 12:18:12.209000111
7539408726,r4605940-n717709,0,35.157,2.437,0.109,20410.514,12099.486,16.0,36.472,34.963,28.959,0.387,0.052,4966.308,27543.692,16.0,31.313,29.418,54.14,100.0,6.0,30707.0,32510.0,16.0,39.0,38.0,1614723756.522,2021-03-02 22:22:36.522000074
7564863102,r7462820-n410412,0,172.321,67.049,44.907,5977.273,26532.727,16.0,63.932,68.536,187.607,75.343,50.57,6541.684,25968.316,16.0,66.981,72.327,253.12,94.0,64.0,6799.0,32510.0,16.0,71.0,78.0,1613582051.076,2021-02-17 17:14:11.075999975
7573416698,r414303-n303509,0,27.071,0.0,0.0,0.0,32510.0,16.0,34.0,34.0,27.071,0.0,0.0,0.0,32510.0,16.0,34.0,34.0,27.12,0.0,0.0,0.0,32510.0,16.0,34.0,34.0,1613429363.788,2021-02-15 22:49:23.788000107
7598600885,r44132-n303766,0,201.747,83.508,56.073,6338.363,26171.637,16.0,68.533,75.209,204.137,85.193,57.331,6644.677,25865.323,16.0,67.966,74.911,251.68,94.0,64.0,6799.0,32510.0,16.0,72.0,79.0,1613467794.009,2021-02-16 09:29:54.009000063
7602490771,r810901-n303509,0,84.72,37.738,17.173,2192.876,30317.124,16.0,38.369,37.63,126.228,62.863,28.663,3609.883,28900.117,16.0,48.018,48.715,233.63,100.0,56.0,5581.0,32510.0,16.0,66.0,71.0,1612969042.083,2021-02-10 14:57:22.082999945
7617832847,r6727430-n948219,0,194.884,81.069,54.36,6325.142,26184.858,16.0,66.479,70.833,201.425,84.574,56.836,6643.835,25866.165,16.0,67.706,72.652,248.48,94.0,65.0,6799.0,32510.0,16.0,71.0,77.0,1613603185.417,2021-02-17 23:06:25.417000055
7672104505,r4506251-n410412,1,25.912,0.0,0.0,2.306,32507.694,16.0,31.605,28.763,26.711,0.106,0.001,70.341,32439.659,16.0,31.678,28.786,37.77,24.0,1.0,1205.0,32510.0,16.0,33.0,29.0,1614736398.184,2021-03-03 01:53:18.184000015
7698982393,r8473362-n410412,0,26.71,0.0,0.0,0.0,32510.0,16.0,33.0,30.987,37.196,0.001,0.0,12412.956,20097.044,16.0,35.331,32.892,45.21,100.0,6.0,12427.0,32510.0,16.0,40.0,38.0,1613400133.842,2021-02-15 14:42:13.842000008
7723237089,r2684277-n948219,0,28.826,0.645,0.005,77.183,32432.817,16.0,37.022,35.957,28.826,0.645,0.005,77.183,32432.817,16.0,37.022,35.957,39.88,20.0,1.0,991.0,32510.0,16.0,38.0,36.0,1614067144.459,2021-02-23 07:59:04.459000111
7762935508,r1051355-n200569,1,35.266,0.08,0.0,975.494,31534.506,16.0,28.51,26.486,35.967,0.003,0.0,1037.257,31472.743,16.0,29.365,27.328,36.35,21.0,1.0,1039.0,32510.0,16.0,30.0,28.0,1614719074.546,2021-03-02 21:04:34.546000004
7796440403,r1900814-n172107,0,41.499,23.151,0.902,29574.308,2935.692,16.0,37.001,37.0,41.251,20.509,0.807,31049.75,1460.25,16.0,37.367,37.076,55.44,100.0,6.0,31071.0,32510.0,16.0,38.0,38.0,1614740307.349,2021-03-03 02:58:27.348999977
7839029647,r4683026-n948219,0,27.473,0.027,0.0,24.564,32485.436,16.0,37.655,37.739,54.841,28.111,7.829,1562.846,30947.154,16.0,43.392,44.179,104.43,44.0,13.0,1605.0,32510.0,16.0,46.0,48.0,1613669662.531,2021-02-18 17:34:22.530999899
7886294256,r9648383-n303766,1,26.908,1.49,0.812,338.164,32171.836,16.0,30.198,28.254,68.268,52.394,32.106,25901.313,6608.687,16.0,42.496,42.05,202.44,100.0,79.0,32427.0,32510.0,16.0,45.0,46.0,1614121454.289,2021-02-23 23:04:14.289000034
7950780746,r216287-n303509,1,27.565,0.0,0.0,2.385,32507.615,16.0,37.0,35.077,27.565,0.0,0.0,2.385,32507.615,16.0,37.0,35.077,27.68,0.0,0.0,4.0,32510.0,16.0,37.0,36.0,1612829834.918,2021-02-09 00:17:14.917999983
7978181999,r368967-n772143,0,25.609,0.0,0.0,0.0,32510.0,16.0,32.0,30.0,25.656,0.0,0.0,0.0,32510.0,16.0,32.12,30.557,25.96,0.0,0.0,0.0,32510.0,16.0,33.0,32.0,1614717433.654,2021-03-02 20:37:13.654000044
7978181999,r368967-n772143,1,26.347,0.0,0.0,0.0,32510.0,16.0,31.0,27.998,26.38,0.0,0.0,0.0,32510.0,16.0,30.796,27.983,26.69,0.0,0.0,0.0,32510.0,16.0,32.0,29.0,1614717433.657,2021-03-02 20:37:13.657000065
8003264391,r8024255-n410412,0,181.604,72.283,48.435,6016.237,26493.763,16.0,67.081,70.307,190.95,77.835,52.264,6552.2,25957.8,16.0,67.655,71.225,253.13,94.0,63.0,6807.0,32510.0,16.0,71.0,76.0,1613527899.006,2021-02-17 02:11:39.006000042
8019788470,r9170217-n948219,0,27.297,0.0,0.0,0.0,32510.0,16.0,31.0,29.96,57.163,32.865,5.95,1037.12,31472.88,16.0,39.039,37.504,99.1,44.0,9.0,1093.0,32510.0,16.0,41.0,40.0,1613277219.151,2021-02-14 04:33:39.151000023
8046636288,r9480604-n410412,0,26.531,0.0,0.0,0.0,32510.0,16.0,33.46,31.778,26.149,0.0,0.0,0.0,32510.0,16.0,31.102,29.637,26.81,0.0,0.0,0.0,32510.0,16.0,35.0,33.0,1614475068.436,2021-02-28 01:17:48.436000109
8046636288,r9480604-n410412,1,24.468,0.0,0.0,0.0,32510.0,16.0,31.468,29.554,24.119,0.0,0.0,0.0,32510.0,16.0,29.108,27.13,24.69,0.0,0.0,0.0,32510.0,16.0,33.0,32.0,1614475068.444,2021-02-28 01:17:48.444000006
8047101416,r2684277-n948219,0,39.879,1.021,0.04,795.741,31714.259,16.0,47.245,46.33,58.412,31.192,5.401,1132.909,31377.091,16.0,42.647,41.019,108.31,51.0,10.0,1159.0,32510.0,16.0,59.0,59.0,1614031184.519,2021-02-22 21:59:44.519000052
8073510172,r2215649-n303766,0,45.583,3.391,1.381,14379.793,18130.207,16.0,36.176,33.404,45.583,3.391,1.381,14379.793,18130.207,16.0,36.176,33.404,249.01,100.0,58.0,27529.0,32510.0,16.0,46.0,44.0,1614738577.545,2021-03-03 02:29:37.545000076
8148414670,r3974592-n172107,1,63.028,27.852,12.131,28906.683,3603.317,16.0,31.544,30.313,60.333,25.442,11.102,31048.644,1461.356,16.0,32.384,31.046,144.21,100.0,21.0,31071.0,32510.0,16.0,35.0,34.0,1614735760.96,2021-03-03 01:42:40.960000038
8182770269,r9170217-n303509,0,204.807,84.862,56.924,6396.346,26113.654,16.0,68.776,70.295,209.742,87.837,59.005,6663.511,25846.489,16.0,68.46,70.051,254.0,94.0,64.0,6807.0,32510.0,16.0,72.0,74.0,1613438723.332,2021-02-16 01:25:23.332000017
8188196463,r5179276-n948219,0,202.92,86.688,58.15,6413.445,26096.555,16.0,68.887,74.702,205.799,88.624,59.61,6665.027,25844.973,16.0,68.335,74.192,245.33,95.0,64.0,6799.0,32510.0,16.0,71.0,78.0,1613440102.43,2021-02-16 01:48:22.430000067
8206930725,r810901-n948219,0,30.817,0.13,0.0,455.214,32054.786,16.0,32.517,32.318,37.349,0.005,0.0,1182.101,31327.899,16.0,34.532,34.065,37.87,24.0,1.0,1205.0,32510.0,16.0,35.0,35.0,1613662540.923,2021-02-18 15:35:40.923000097
8206930725,r810901-n948219,1,36.36,0.126,0.0,478.518,32031.482,16.0,33.0,31.998,36.372,0.005,0.0,1182.794,31327.206,16.0,33.0,31.998,36.67,23.0,1.0,1205.0,32510.0,16.0,33.0,32.0,1613662540.932,2021-02-18 15:35:40.931999922
8214132759,r7462820-n303766,1,189.956,83.691,56.112,6417.547,26092.453,16.0,55.842,59.817,179.663,76.664,51.552,6679.99,25830.01,16.0,58.724,62.531,243.03,100.0,64.0,6799.0,32510.0,16.0,67.0,73.0,1613654117.534,2021-02-18 13:15:17.533999919
8332914031,r2215649-n410412,0,28.382,1.034,0.0,86.597,32423.403,16.0,33.739,31.054,58.159,35.804,5.397,1146.693,31363.307,16.0,42.562,39.771,99.11,48.0,8.0,1159.0,32510.0,16.0,45.0,43.0,1613178307.6,2021-02-13 01:05:07.599999905
8392228217,r8473362-n410412,0,70.123,54.775,9.505,13717.77,18792.23,16.0,37.366,35.408,62.735,80.817,6.128,23603.735,8906.265,16.0,41.72,39.627,235.62,100.0,49.0,32271.0,32510.0,16.0,54.0,53.0,1613126843.802,2021-02-12 10:47:23.802000046
8392228217,r8473362-n410412,1,70.444,54.829,9.104,14192.646,18317.354,16.0,36.444,35.08,62.818,80.858,5.652,24615.842,7894.158,16.0,41.894,40.397,249.77,100.0,49.0,32455.0,32510.0,16.0,54.0,53.0,1613126843.805,2021-02-12 10:47:23.805000067
8400198810,r9480604-n303766,0,89.758,41.855,17.328,21753.023,10756.977,16.0,39.212,37.726,109.644,54.046,22.649,28550.178,3959.822,16.0,50.008,49.734,265.23,100.0,73.0,28581.0,32510.0,16.0,57.0,60.0,1613264905.202,2021-02-14 01:08:25.201999903
8478790205,r4605940-n303509,1,25.478,0.0,0.0,0.0,32510.0,16.0,29.0,29.0,25.486,0.0,0.0,0.0,32510.0,16.0,29.001,29.011,25.72,0.0,0.0,0.0,32510.0,16.0,30.0,30.0,1613416804.509,2021-02-15 19:20:04.509000063
8489090885,r492024-n303766,0,25.173,0.0,0.0,3.827,32506.173,16.0,34.867,33.479,25.166,0.0,0.0,3.836,32506.164,16.0,34.675,33.153,25.45,0.0,0.0,4.0,32510.0,16.0,36.0,35.0,1613396836.221,2021-02-15 13:47:16.220999956
8489090885,r492024-n303766,1,25.585,0.0,0.0,3.829,32506.171,16.0,31.663,30.953,25.563,0.0,0.0,3.837,32506.163,16.0,31.517,30.788,25.83,0.0,0.0,4.0,32510.0,16.0,32.0,31.0,1613396836.231,2021-02-15 13:47:16.230999947
8489090885,r8473362-n410412,0,26.758,0.0,0.0,3.833,32506.167,16.0,32.885,30.894,26.739,0.0,0.0,3.843,32506.157,16.0,32.693,30.707,27.0,0.0,0.0,4.0,32510.0,16.0,33.0,31.0,1613396836.22,2021-02-15 13:47:16.220000029
8489090885,r8473362-n410412,1,25.702,0.0,0.0,3.833,32506.167,16.0,32.0,30.929,25.683,0.0,0.0,3.843,32506.157,16.0,32.0,30.742,25.95,0.0,0.0,4.0,32510.0,16.0,32.0,31.0,1613396836.223,2021-02-15 13:47:16.223000050
8501975806,r216287-n303509,0,53.049,11.393,6.151,24687.488,7822.512,16.0,33.861,32.864,48.415,6.6,3.578,30168.266,2341.734,16.0,36.087,34.907,218.79,100.0,76.0,31021.0,32510.0,16.0,43.0,48.0,1612820391.515,2021-02-08 21:39:51.515000105
8530984210,r7269000-n303509,0,206.207,84.893,56.717,6406.266,26103.734,16.0,68.049,72.512,213.645,89.36,59.89,6661.618,25848.382,16.0,68.199,73.025,254.75,96.0,68.0,6799.0,32510.0,16.0,71.0,77.0,1613588810.473,2021-02-17 19:06:50.473000050
8531312561,r7462820-n410412,1,147.291,53.822,36.083,5618.074,26891.926,16.0,56.305,57.3,178.079,70.317,47.293,6478.64,26031.36,16.0,60.544,62.588,256.1,98.0,64.0,6801.0,32510.0,16.0,65.0,68.0,1613576717.369,2021-02-17 15:45:17.368999958
8532312908,r9659953-n772143,0,26.689,0.0,0.0,0.0,32510.0,16.0,31.998,29.22,26.785,0.0,0.0,0.0,32510.0,16.0,32.045,29.809,27.11,0.0,0.0,0.0,32510.0,16.0,33.0,31.0,1614717433.682,2021-03-02 20:37:13.681999922
8532312908,r9659953-n772143,1,25.38,0.0,0.0,0.0,32510.0,16.0,29.026,28.0,25.439,0.0,0.0,0.0,32510.0,16.0,29.637,28.492,25.72,0.0,0.0,0.0,32510.0,16.0,31.0,30.0,1614717433.69,2021-03-02 20:37:13.690000057
8541180711,r5354770-n772143,0,25.835,0.0,0.0,0.0,32510.0,16.0,31.0,30.919,25.878,0.0,0.0,0.0,32510.0,16.0,31.041,31.058,26.23,0.0,0.0,0.0,32510.0,16.0,33.0,33.0,1614717433.659,2021-03-02 20:37:13.658999920
8541180711,r5354770-n772143,1,27.893,0.0,0.0,0.0,32510.0,16.0,31.0,30.967,27.917,0.0,0.0,0.0,32510.0,16.0,31.175,30.688,28.36,0.0,0.0,0.0,32510.0,16.0,33.0,32.0,1614717433.662,2021-03-02 20:37:13.661999941
8590312590,r4683026-n948219,1,52.325,62.746,3.808,3909.115,28600.885,16.0,35.886,32.776,70.592,98.782,6.902,11493.802,21016.198,16.0,44.734,41.941,179.3,100.0,51.0,11496.0,32510.0,16.0,52.0,53.0,1613991439.609,2021-02-22 10:57:19.608999968
8607926066,r9170217-n948219,0,162.552,66.747,44.784,6080.045,26429.955,16.0,59.92,63.401,181.449,75.245,50.537,6581.548,25928.452,16.0,64.805,69.201,245.9,96.0,63.0,6807.0,32510.0,16.0,69.0,74.0,1613580376.808,2021-02-17 16:46:16.808000088
8614090220,r7317916-n948219,0,172.126,75.321,50.681,6155.757,26354.243,16.0,62.454,69.032,177.068,75.781,51.07,6601.288,25908.712,16.0,67.351,74.412,240.8,100.0,64.0,6799.0,32510.0,16.0,73.0,81.0,1613479075.941,2021-02-16 12:37:55.940999985
8644310129,r8972851-n948219,0,200.982,82.384,55.06,6409.464,26100.536,16.0,67.728,71.454,211.976,88.591,59.363,6663.872,25846.128,16.0,67.954,72.165,257.86,96.0,65.0,6799.0,32510.0,16.0,70.0,75.0,1613528389.329,2021-02-17 02:19:49.328999996
8662301724,r9480604-n410412,0,27.123,0.0,0.0,0.0,32510.0,16.0,36.775,35.076,40.74,12.876,0.961,29807.672,2702.328,16.0,41.043,38.754,46.45,30.0,2.0,30709.0,32510.0,16.0,42.0,40.0,1614371633.612,2021-02-26 20:33:53.611999989
8663901075,r5179276-n948219,0,192.042,83.007,55.772,6189.367,26320.633,16.0,62.589,70.352,204.498,88.056,59.184,6568.094,25941.906,16.0,67.446,76.227,248.58,95.0,66.0,6793.0,32510.0,16.0,75.0,85.0,1613573649.998,2021-02-17 14:54:09.997999907
8680685699,r7269000-n303509,0,209.15,86.53,57.878,6375.016,26134.984,16.0,68.055,72.879,214.596,89.946,60.361,6648.502,25861.498,16.0,68.113,73.196,253.66,95.0,66.0,6799.0,32510.0,16.0,70.0,76.0,1613577594.035,2021-02-17 15:59:54.035000086
8681122340,r7141590-n948219,0,207.464,85.309,56.904,6372.911,26137.089,16.0,68.634,73.397,214.979,89.59,59.918,6654.283,25855.717,16.0,68.456,73.581,262.26,100.0,65.0,6807.0,32510.0,16.0,71.0,77.0,1613436185.075,2021-02-16 00:43:05.075000048
8720853166,r6707841-n200569,0,26.041,0.0,0.0,0.0,32510.0,16.0,32.0,29.0,26.041,0.0,0.0,0.0,32510.0,16.0,32.0,29.0,26.14,0.0,0.0,0.0,32510.0,16.0,32.0,29.0,1614718322.472,2021-03-02 20:52:02.471999884
8752028267,r8275852-n410412,0,33.693,0.0,0.0,0.0,32510.0,16.0,42.754,43.787,64.861,17.91,10.096,16217.289,16292.711,16.0,43.613,44.493,182.23,100.0,61.0,17081.0,32510.0,16.0,53.0,54.0,1613497126.54,2021-02-16 17:38:46.539999962
8795293423,r8972851-n303509,0,189.118,75.996,50.819,6225.859,26284.141,16.0,67.223,71.505,196.284,80.508,53.969,6618.421,25891.579,16.0,67.952,72.586,249.55,94.0,63.0,6799.0,32510.0,16.0,72.0,77.0,1613602390.876,2021-02-17 22:53:10.875999928
8828095786,r414303-n948219,0,26.412,0.0,0.0,0.0,32510.0,16.0,32.0,30.0,26.411,0.0,0.0,0.0,32510.0,16.0,32.0,30.0,26.56,0.0,0.0,0.0,32510.0,16.0,32.0,30.0,1614085867.132,2021-02-23 13:11:07.131999969
8846382421,r4506251-n303766,0,205.196,84.128,56.351,6399.064,26110.936,16.0,68.584,75.21,210.522,87.661,58.934,6664.231,25845.769,16.0,68.434,75.305,254.29,95.0,65.0,6801.0,32510.0,16.0,72.0,79.0,1613466192.685,2021-02-16 09:03:12.684999943
8903845002,r4506251-n303766,0,32.354,0.0,0.0,0.55,32509.45,16.0,47.0,48.85,32.354,0.0,0.0,0.55,32509.45,16.0,47.0,48.85,32.43,0.0,0.0,4.0,32510.0,16.0,47.0,49.0,1613505019.859,2021-02-16 19:50:19.858999968
8907983500,r44132-n410412,0,31.839,0.771,0.048,795.181,31714.819,16.0,33.585,31.918,88.651,44.815,28.986,4736.992,27773.008,16.0,49.685,51.941,161.35,61.0,43.0,4742.0,32510.0,16.0,54.0,58.0,1613177402.258,2021-02-13 00:50:02.257999896
8916268168,r810901-n303509,1,32.432,0.438,0.008,513.937,31996.063,16.0,34.698,34.323,87.659,46.4,15.034,2617.206,29892.794,16.0,51.595,53.025,151.08,62.0,22.0,2627.0,32510.0,16.0,54.0,56.0,1613136214.653,2021-02-12 13:23:34.653000116
8959452085,r4605940-n948219,0,27.251,0.023,0.0,35.876,32474.124,16.0,30.615,28.987,27.251,0.023,0.0,35.876,32474.124,16.0,30.615,28.987,37.05,4.0,0.0,457.0,32510.0,16.0,32.0,29.0,1614496424.572,2021-02-28 07:13:44.572000027
8968783541,r974863-n303766,0,39.64,25.899,0.822,29568.885,2941.115,16.0,36.835,33.924,39.378,19.42,0.827,31035.358,1474.642,16.0,36.653,33.828,54.77,100.0,6.0,31071.0,32510.0,16.0,38.0,36.0,1614269637.101,2021-02-25 16:13:57.101000071
8989922077,r8972851-n948219,0,36.52,0.995,0.0,1263.304,31246.696,16.0,32.783,31.054,36.52,0.995,0.0,1263.304,31246.696,16.0,32.783,31.054,38.95,11.0,0.0,1737.0,32510.0,16.0,33.0,32.0,1613184112.66,2021-02-13 02:41:52.660000086
9062796784,r216287-n303509,1,69.207,44.901,17.321,1287.366,31222.634,16.0,41.34,40.753,69.573,45.354,17.52,1295.248,31214.752,16.0,41.473,40.985,77.29,51.0,20.0,1331.0,32510.0,16.0,42.0,42.0,1612829659.298,2021-02-09 00:14:19.298000097
9072970286,r8024255-n303766,0,26.932,0.0,0.0,0.0,32510.0,16.0,34.0,31.98,46.965,18.392,3.536,1029.98,31480.02,16.0,38.257,35.87,101.14,49.0,11.0,1093.0,32510.0,16.0,43.0,42.0,1614362612.448,2021-02-26 18:03:32.447999954
9080223847,r44132-n410412,0,27.166,0.0,0.0,0.0,32510.0,16.0,31.0,29.045,27.166,0.0,0.0,0.0,32510.0,16.0,31.0,29.045,27.25,0.0,0.0,0.0,32510.0,16.0,31.0,30.0,1613385116.323,2021-02-15 10:31:56.322999954
9080223847,r44132-n410412,1,25.796,0.0,0.0,0.0,32510.0,16.0,29.0,29.455,25.796,0.0,0.0,0.0,32510.0,16.0,29.0,29.455,25.9,0.0,0.0,0.0,32510.0,16.0,29.0,30.0,1613385116.327,2021-02-15 10:31:56.326999903
9105750754,r7269000-n303509,0,195.479,78.973,52.757,5915.837,26594.163,16.0,66.52,70.66,210.318,87.432,58.617,6499.272,26010.728,16.0,67.692,72.468,255.74,100.0,65.0,6799.0,32510.0,16.0,71.0,76.0,1613579453.044,2021-02-17 16:30:53.043999910
9118660063,r4506251-n410412,0,33.584,1.581,0.957,1471.34,31038.66,16.0,38.633,37.432,35.344,2.281,1.457,2025.565,30484.435,16.0,38.842,37.633,216.37,100.0,78.0,24091.0,32510.0,16.0,46.0,48.0,1613257074.934,2021-02-13 22:57:54.934000015
9246094982,r8024255-n410412,0,185.388,74.085,49.697,6136.23,26373.77,16.0,66.956,70.214,192.984,78.739,52.935,6591.552,25918.448,16.0,67.808,71.397,255.5,94.0,63.0,6793.0,32510.0,16.0,71.0,76.0,1613524752.072,2021-02-17 01:19:12.072000027
9247037017,r9170217-n303509,1,29.284,0.384,0.004,238.231,32271.769,16.0,31.864,30.463,67.121,31.88,9.122,1023.653,31486.347,16.0,41.234,40.136,110.82,43.0,13.0,1027.0,32510.0,16.0,43.0,42.0,1613096811.847,2021-02-12 02:26:51.846999884
9325253079,r6707841-n172107,1,39.487,25.947,1.717,29494.236,3015.764,16.0,35.0,33.027,39.119,23.58,1.553,31051.209,1458.791,16.0,35.156,33.218,52.3,100.0,6.0,31071.0,32510.0,16.0,36.0,34.0,1614734874.155,2021-03-03 01:27:54.154999971
9339507837,r9659953-n172107,1,38.172,16.378,1.348,25788.013,6721.987,16.0,31.696,28.746,41.032,22.769,1.59,31006.152,1503.848,16.0,34.401,31.555,68.43,37.0,3.0,31071.0,32510.0,16.0,36.0,33.0,1614715475.665,2021-03-02 20:04:35.664999962
9356633671,r974863-n303766,0,26.193,0.0,0.0,0.0,32510.0,16.0,31.019,29.217,62.629,34.906,9.583,1569.285,30940.715,16.0,41.343,39.332,110.22,50.0,15.0,1671.0,32510.0,16.0,44.0,42.0,1613845200.252,2021-02-20 18:20:00.252000092
9373450357,r9170217-n303509,0,25.899,0.0,0.0,0.0,32510.0,16.0,32.0,29.0,25.98,0.0,0.0,3.876,32506.124,16.0,32.555,29.449,26.33,0.0,0.0,4.0,32510.0,16.0,33.0,30.0,1613339447.153,2021-02-14 21:50:47.153000116
9373450357,r9170217-n303509,1,24.712,0.0,0.0,0.0,32510.0,16.0,29.0,28.0,37.398,10.448,0.0,1041.094,31468.906,16.0,32.887,31.004,40.14,22.0,1.0,1075.0,32510.0,16.0,34.0,32.0,1613339447.156,2021-02-14 21:50:47.155999899
9435791875,r9480604-n303766,0,33.19,1.093,0.009,490.826,32019.174,16.0,34.407,31.863,60.834,33.595,8.064,1581.878,30928.122,16.0,40.318,38.276,125.56,55.0,16.0,1605.0,32510.0,16.0,43.0,42.0,1613317793.685,2021-02-14 15:49:53.684999943
9447043637,r2215649-n303766,0,25.244,0.0,0.0,0.0,32510.0,16.0,32.0,30.0,25.244,0.0,0.0,0.0,32510.0,16.0,32.0,30.0,25.32,0.0,0.0,0.0,32510.0,16.0,32.0,30.0,1614369044.601,2021-02-26 19:50:44.601000071
9494291120,r3974592-n948219,0,36.323,0.079,0.0,275.346,32234.654,16.0,43.912,43.405,37.11,0.014,0.008,23414.1,9095.9,16.0,33.735,33.877,197.46,100.0,75.0,23517.0,32510.0,16.0,54.0,53.0,1614230852.8,2021-02-25 05:27:32.799999952
9495132542,r8275852-n410412,0,28.783,0.0,0.0,2.726,32507.274,16.0,35.0,36.965,76.715,27.283,21.599,28587.341,3922.659,16.0,45.417,47.661,195.6,100.0,89.0,32447.0,32510.0,16.0,50.0,57.0,1613356806.111,2021-02-15 02:40:06.111000061
9510202800,r414303-n303509,0,27.101,0.0,0.0,0.0,32510.0,16.0,34.0,34.0,27.101,0.0,0.0,0.0,32510.0,16.0,34.0,34.0,27.2,0.0,0.0,0.0,32510.0,16.0,34.0,34.0,1613429368.711,2021-02-15 22:49:28.710999966
9518030121,r7269000-n303509,0,209.568,86.993,58.229,6397.024,26112.976,16.0,68.143,72.984,214.869,90.08,60.457,6658.401,25851.599,16.0,68.094,73.214,254.75,96.0,66.0,6801.0,32510.0,16.0,71.0,76.0,1613575474.584,2021-02-17 15:24:34.584000111
9522793344,r414303-n303509,0,28.679,0.0,0.0,0.0,32510.0,16.0,42.0,43.0,28.679,0.0,0.0,0.0,32510.0,16.0,42.0,43.0,28.76,0.0,0.0,0.0,32510.0,16.0,42.0,43.0,1613429100.782,2021-02-15 22:45:00.782000065
9530319113,r368967-n200569,0,25.247,0.0,0.0,0.0,32510.0,16.0,30.0,29.0,25.247,0.0,0.0,0.0,32510.0,16.0,30.0,29.0,25.29,0.0,0.0,0.0,32510.0,16.0,30.0,29.0,1614725051.038,2021-03-02 22:44:11.038000107
9530319113,r368967-n200569,1,25.759,0.0,0.0,0.0,32510.0,16.0,29.0,28.0,25.759,0.0,0.0,0.0,32510.0,16.0,29.0,28.0,25.8,0.0,0.0,0.0,32510.0,16.0,29.0,28.0,1614725051.042,2021-03-02 22:44:11.042000055
9558546730,r9988778-n303766,0,35.182,0.636,0.031,978.165,31531.835,16.0,33.767,32.828,65.477,34.629,9.381,1088.239,31421.761,16.0,43.674,43.344,107.81,47.0,13.0,1093.0,32510.0,16.0,48.0,48.0,1613337731.061,2021-02-14 21:22:11.061000109
9679735414,r7462820-n303766,0,37.493,0.635,0.004,805.828,31704.172,16.0,34.704,32.505,47.469,17.967,4.167,1090.078,31419.922,16.0,37.63,35.858,83.72,39.0,10.0,1093.0,32510.0,16.0,39.0,38.0,1613422377.095,2021-02-15 20:52:57.095000029
9683410591,r6727430-n303509,0,27.479,0.0,0.0,2.945,32507.055,16.0,38.0,35.293,27.479,0.0,0.0,2.945,32507.055,16.0,38.0,35.293,27.69,0.0,0.0,4.0,32510.0,16.0,38.0,36.0,1613012422.547,2021-02-11 03:00:22.546999931
9740928447,r8972851-n303509,0,35.497,4.22,1.188,283.223,32226.777,16.0,33.633,33.49,78.76,36.742,14.122,4530.41,27979.59,16.0,46.05,46.807,156.6,72.0,30.0,4611.0,32510.0,16.0,53.0,56.0,1613569553.193,2021-02-17 13:45:53.193000078
9782546756,r204106-n200569,0,29.234,0.085,0.0,151.172,32358.828,16.0,32.183,30.493,33.988,0.05,0.001,639.288,31870.712,16.0,33.193,31.203,38.07,13.0,1.0,1039.0,32510.0,16.0,34.0,32.0,1614718442.8,2021-03-02 20:54:02.799999952
9805567093,r5179276-n948219,0,200.963,86.381,57.857,6423.959,26086.041,16.0,66.962,73.93,197.153,83.647,56.101,6644.767,25865.233,16.0,68.134,74.912,246.03,95.0,65.0,6807.0,32510.0,16.0,72.0,80.0,1613582033.256,2021-02-17 17:13:53.256000041
9841422966,r7141590-n172107,1,48.069,22.435,6.239,28265.596,4244.404,16.0,37.82,37.543,47.57,25.143,6.922,31039.808,1470.192,16.0,36.731,36.436,100.32,40.0,12.0,31071.0,32510.0,16.0,39.0,39.0,1614735511.578,2021-03-03 01:38:31.578000069
9885518494,r7269000-n303509,0,210.546,87.233,58.336,6404.465,26105.535,16.0,68.133,73.031,215.712,90.17,60.46,6664.591,25845.409,16.0,68.265,73.346,253.94,95.0,66.0,6807.0,32510.0,16.0,70.0,76.0,1613576893.376,2021-02-17 15:48:13.375999928
9890999195,r8024255-n303766,0,40.508,2.852,1.811,9742.818,22767.182,16.0,35.411,32.729,40.667,2.924,1.897,10407.873,22102.127,16.0,35.514,32.822,197.09,100.0,92.0,31537.0,32510.0,16.0,38.0,43.0,1613365807.892,2021-02-15 05:10:07.891999960
9934802831,r8972851-n303509,0,181.644,71.848,48.099,6087.392,26422.608,16.0,67.031,71.06,190.521,77.204,51.79,6578.852,25931.148,16.0,67.945,72.392,250.83,94.0,63.0,6793.0,32510.0,16.0,71.0,76.0,1613598139.709,2021-02-17 21:42:19.709000111
9943229958,r8275852-n303766,0,25.782,0.0,0.0,0.0,32510.0,16.0,31.0,30.0,25.779,0.0,0.0,0.0,32510.0,16.0,31.0,30.0,25.93,0.0,0.0,0.0,32510.0,16.0,31.0,30.0,1613168531.249,2021-02-12 22:22:11.249000072
9943229958,r8275852-n303766,1,27.384,0.0,0.0,0.0,32510.0,16.0,31.0,27.957,27.388,0.0,0.0,0.0,32510.0,16.0,31.0,27.965,27.6,0.0,0.0,0.0,32510.0,16.0,31.0,28.0,1613168531.252,2021-02-12 22:22:11.252000092
9996807389,r8024255-n410412,0,28.075,3.101,1.75,1064.851,31445.149,16.0,32.282,30.264,64.455,34.446,20.526,28267.75,4242.25,16.0,45.795,44.978,223.33,100.0,100.0,32379.0,32510.0,16.0,52.0,55.0,1613063173.518,2021-02-11 17:06:13.517999887
9996807389,r8024255-n410412,1,29.4,3.265,1.866,1205.652,31304.348,16.0,29.764,29.394,67.836,39.938,22.232,27361.785,5148.215,16.0,43.211,43.606,220.77,100.0,100.0,32083.0,32510.0,16.0,47.0,54.0,1613063173.521,2021-02-11 17:06:13.520999907
10045588334,r7269000-n948219,0,37.283,1.652,0.022,380.438,32129.562,16.0,39.483,38.0,37.283,1.652,0.022,380.438,32129.562,16.0,39.483,38.0,42.72,23.0,1.0,1197.0,32510.0,16.0,40.0,38.0,1613430165.498,2021-02-15 23:02:45.497999907
10063782380,r8532701-n172107,1,43.304,23.501,1.662,29225.664,3284.336,16.0,34.941,32.408,43.194,21.763,1.609,31045.714,1464.286,16.0,35.642,32.906,73.62,100.0,6.0,31071.0,32510.0,16.0,36.0,34.0,1614725212.351,2021-03-02 22:46:52.351000071
10086618948,r414303-n303509,0,28.858,0.0,0.0,0.0,32510.0,16.0,42.444,44.0,28.858,0.0,0.0,0.0,32510.0,16.0,42.444,44.0,28.95,0.0,0.0,0.0,32510.0,16.0,43.0,44.0,1613429094.09,2021-02-15 22:44:54.089999914
10115911544,r4683026-n948219,0,27.056,0.0,0.0,0.0,32510.0,16.0,38.0,38.0,207.989,91.695,63.089,3290.381,29219.619,16.0,68.141,76.901,239.92,98.0,69.0,7145.0,32510.0,16.0,74.0,84.0,1614603061.855,2021-03-01 12:51:01.855000019
10119419143,r6727430-n303509,0,32.939,0.68,0.029,352.058,32157.942,16.0,37.073,34.191,69.158,38.881,9.577,1071.239,31438.761,16.0,45.034,42.866,112.96,52.0,13.0,1093.0,32510.0,16.0,47.0,45.0,1613409092.738,2021-02-15 17:11:32.737999916
10128645794,r8141575-n303766,0,27.429,0.0,0.0,0.0,32510.0,16.0,39.0,39.0,27.429,0.0,0.0,0.0,32510.0,16.0,39.0,39.0,27.56,0.0,0.0,0.0,32510.0,16.0,39.0,39.0,1613942302.241,2021-02-21 21:18:22.240999937
10145569962,r4506251-n303766,0,172.627,67.9,45.509,6408.825,26101.175,16.0,63.207,68.012,177.992,69.12,46.361,6692.946,25817.054,16.0,67.202,72.791,257.49,95.0,67.0,6799.0,32510.0,16.0,73.0,80.0,1613506578.575,2021-02-16 20:16:18.575000048
10163629406,r7462820-n303766,0,32.079,0.994,0.038,237.486,32272.514,16.0,34.031,32.211,72.27,40.949,11.606,2127.63,30382.37,16.0,46.217,45.37,130.7,57.0,17.0,2629.0,32510.0,16.0,49.0,49.0,1613383839.161,2021-02-15 10:10:39.161000013
10178754402,r7141590-n303509,0,139.164,51.498,34.435,5061.454,27448.546,16.0,54.443,54.437,168.585,64.392,42.982,6368.309,26141.691,16.0,65.053,66.064,268.1,93.0,63.0,6807.0,32510.0,16.0,73.0,75.0,1613480221.743,2021-02-16 12:57:01.743000031
10181979328,r7141590-n303509,0,27.314,0.0,0.0,0.0,32510.0,16.0,39.817,38.835,91.913,49.592,16.05,2665.722,29844.278,16.0,51.992,50.292,159.61,68.0,23.0,2757.0,32510.0,16.0,56.0,54.0,1613408518.106,2021-02-15 17:01:58.105999947
10236941197,r2215649-n303766,0,180.356,77.33,51.169,2379.424,30130.576,16.0,65.981,67.989,210.752,93.165,62.163,2784.005,29725.995,16.0,68.138,71.183,239.7,99.0,67.0,3751.0,32510.0,16.0,72.0,75.0,1613934048.286,2021-02-21 19:00:48.286000013
10252200029,r7462820-n410412,0,202.128,83.366,55.922,6369.688,26140.312,16.0,67.362,73.234,207.149,86.482,58.153,6659.199,25850.801,16.0,67.961,74.11,253.19,94.0,64.0,6807.0,32510.0,16.0,70.0,76.0,1613587662.925,2021-02-17 18:47:42.924999952
10256084280,r8024255-n410412,0,186.078,75.539,50.626,6150.767,26359.233,16.0,67.398,70.703,194.269,80.263,53.887,6601.705,25908.295,16.0,67.891,71.491,251.0,92.0,62.0,6807.0,32510.0,16.0,71.0,75.0,1613534422.05,2021-02-17 04:00:22.049999952
10265951174,r6727430-n948219,0,27.287,0.27,0.002,70.039,32439.961,16.0,32.075,31.0,27.287,0.27,0.002,70.039,32439.961,16.0,32.075,31.0,37.27,25.0,1.0,1253.0,32510.0,16.0,33.0,31.0,1613614076.194,2021-02-18 02:07:56.194000006
10330541552,r7419443-n948219,0,26.995,0.0,0.0,3.875,32506.125,16.0,30.0,28.728,26.999,0.0,0.0,3.904,32506.096,16.0,30.0,28.8,27.19,0.0,0.0,4.0,32510.0,16.0,30.0,29.0,1613685139.327,2021-02-18 21:52:19.326999903
10337607085,r810901-n948219,0,26.125,0.0,0.0,0.0,32510.0,16.0,31.0,31.0,26.125,0.0,0.0,0.0,32510.0,16.0,31.0,31.0,26.27,0.0,0.0,0.0,32510.0,16.0,31.0,31.0,1614024575.703,2021-02-22 20:09:35.703000069
10338231040,r7141590-n948219,0,205.135,83.809,55.888,6325.484,26184.516,16.0,68.62,73.432,209.191,86.453,57.842,6639.784,25870.216,16.0,68.272,73.317,262.61,95.0,65.0,6799.0,32510.0,16.0,72.0,77.0,1613445672.555,2021-02-16 03:21:12.555000067
10374380294,r8141575-n410412,1,85.025,29.096,7.605,4580.713,27929.287,16.0,36.936,34.122,85.025,29.096,7.605,4580.713,27929.287,16.0,36.936,34.122,257.8,100.0,31.0,8429.0,32510.0,16.0,48.0,45.0,1614620739.551,2021-03-01 17:45:39.551000118
10409432669,r6727430-n948219,0,178.257,73.735,49.515,6058.22,26451.78,16.0,62.542,66.017,168.51,66.764,44.939,6612.605,25897.395,16.0,65.606,69.327,249.43,95.0,64.0,6807.0,32510.0,16.0,72.0,77.0,1613600509.963,2021-02-17 22:21:49.963000059
10422743425,r4506251-n303766,0,134.44,46.154,30.86,4062.195,28447.805,16.0,60.147,64.318,184.514,73.06,49.117,6021.871,26488.129,16.0,66.128,72.063,255.96,95.0,65.0,6793.0,32510.0,16.0,71.0,79.0,1613467277.788,2021-02-16 09:21:17.788000107
10424156569,r4683026-n948219,0,68.958,27.716,3.857,1230.955,31279.045,16.0,52.624,53.19,67.218,29.111,4.005,1304.687,31205.313,16.0,49.055,49.108,121.57,91.0,13.0,1315.0,32510.0,16.0,56.0,57.0,1613861453.883,2021-02-20 22:50:53.882999897
10564472974,r9170217-n303509,0,25.883,0.0,0.0,2.185,32507.815,16.0,32.0,28.88,26.059,0.0,0.0,3.999,32506.001,16.0,33.243,30.03,26.54,0.0,0.0,4.0,32510.0,16.0,34.0,32.0,1613128889.77,2021-02-12 11:21:29.769999981
10564472974,r9170217-n303509,1,32.437,9.777,0.081,553.948,31956.052,16.0,30.311,28.709,42.4,12.783,3.101,1375.732,31134.268,16.0,34.576,32.903,85.57,41.0,10.0,1377.0,32510.0,16.0,37.0,36.0,1613128889.773,2021-02-12 11:21:29.773000002
10566394288,r8141575-n410412,0,94.938,73.915,50.778,21040.693,11469.307,16.0,41.847,46.976,119.495,96.423,66.418,27328.764,5181.236,16.0,55.619,63.12,162.56,100.0,83.0,28049.0,32510.0,16.0,59.0,68.0,1614550952.434,2021-02-28 22:22:32.434000015
10577630989,r6727430-n303509,0,202.878,86.257,57.779,6407.463,26102.537,16.0,68.545,73.328,208.104,89.56,60.102,6640.83,25869.17,16.0,68.345,73.403,246.63,95.0,65.0,6799.0,32510.0,16.0,71.0,76.0,1613433040.901,2021-02-15 23:50:40.901000023
10666807260,r5179276-n948219,0,203.22,86.192,57.698,6412.524,26097.476,16.0,68.912,75.766,207.313,89.02,59.711,6659.563,25850.437,16.0,68.394,75.551,246.59,100.0,66.0,6793.0,32510.0,16.0,72.0,79.0,1613582761.52,2021-02-17 17:26:01.519999981
10674034828,r810901-n303509,0,28.825,0.533,0.0,165.808,32344.192,16.0,31.637,30.618,35.522,5.482,0.0,1101.745,31408.255,16.0,33.728,32.626,41.08,23.0,0.0,1497.0,32510.0,16.0,35.0,34.0,1612905412.483,2021-02-09 21:16:52.483000040
10682722497,r7753495-n303509,0,31.413,6.668,0.08,628.542,31881.458,16.0,34.503,32.808,75.089,42.066,16.026,4671.803,27838.197,16.0,49.492,48.696,159.24,83.0,31.0,4744.0,32510.0,16.0,55.0,55.0,1613218897.733,2021-02-13 12:21:37.733000040
10718180860,r4144777-n303509,0,27.357,0.165,0.026,49.632,32460.368,16.0,32.991,30.964,71.16,40.81,23.633,31452.095,1057.905,16.0,47.0,46.361,223.02,100.0,100.0,31725.0,32510.0,16.0,51.0,57.0,1614336585.083,2021-02-26 10:49:45.082999945
10718180860,r4144777-n303509,1,29.565,0.156,0.022,195.296,32314.704,16.0,32.179,29.218,74.124,46.944,25.13,27926.844,4583.156,16.0,45.602,44.376,216.19,100.0,100.0,31761.0,32510.0,16.0,49.0,52.0,1614336585.087,2021-02-26 10:49:45.086999893
10735000684,r7462820-n303766,0,27.931,0.0,0.0,0.1,32509.9,16.0,31.918,29.987,27.939,0.0,0.0,0.004,32509.996,16.0,31.811,29.982,28.34,0.0,0.0,4.0,32510.0,16.0,32.0,30.0,1613355712.995,2021-02-15 02:21:52.994999886
10735000684,r7462820-n303766,1,25.267,0.0,0.0,0.1,32509.9,16.0,28.994,27.396,25.278,0.0,0.0,0.004,32509.996,16.0,28.998,27.651,25.69,0.0,0.0,4.0,32510.0,16.0,29.0,28.0,1613355713.001,2021-02-15 02:21:53.000999928
10750476782,r8972851-n948219,0,211.475,87.728,58.633,6426.294,26083.706,16.0,67.703,71.652,216.369,90.422,60.576,6662.098,25847.902,16.0,68.163,72.447,257.77,96.0,67.0,6793.0,32510.0,16.0,70.0,75.0,1613527623.883,2021-02-17 02:07:03.882999897
10771625308,r9480604-n410412,0,26.162,0.0,0.0,2.414,32507.586,16.0,31.0,29.139,27.001,0.104,0.001,67.295,32442.705,16.0,31.068,29.185,38.61,24.0,1.0,1205.0,32510.0,16.0,32.0,30.0,1614736398.166,2021-03-03 01:53:18.165999889
10797251294,r2215649-n303766,0,93.638,37.454,21.553,11782.186,20727.814,16.0,39.249,37.745,182.026,82.386,48.175,25481.253,7028.747,16.0,62.313,63.64,267.46,100.0,64.0,32465.0,32510.0,16.0,74.0,77.0,1614720255.072,2021-03-02 21:24:15.072000027
10806428309,r4506251-n303766,0,210.009,86.429,57.914,6401.708,26108.292,16.0,68.838,75.543,214.199,89.467,60.123,6655.038,25854.962,16.0,68.39,75.348,258.29,95.0,66.0,6793.0,32510.0,16.0,72.0,80.0,1613500939.256,2021-02-16 18:42:19.256000041
10814999757,r8141575-n303766,0,49.779,24.396,4.098,29926.645,2583.355,16.0,39.148,38.509,45.697,15.079,2.427,31028.651,1481.349,16.0,38.775,38.179,60.83,100.0,11.0,31071.0,32510.0,16.0,40.0,40.0,1614193198.459,2021-02-24 18:59:58.459000111
10834538387,r4683026-n948219,0,27.253,0.026,0.0,276.501,32233.499,16.0,37.9,37.8,39.632,24.748,0.116,29885.957,2624.043,16.0,41.748,41.217,40.78,33.0,1.0,30709.0,32510.0,16.0,42.0,42.0,1614261523.6,2021-02-25 13:58:43.599999905
10854592093,r7141590-n303509,0,181.498,70.421,46.841,5968.838,26541.162,16.0,67.511,68.601,196.748,79.043,52.703,6552.531,25957.469,16.0,68.0,69.516,267.26,93.0,64.0,6807.0,32510.0,16.0,73.0,75.0,1613482638.339,2021-02-16 13:37:18.338999987
10869996635,r1039410-n303509,0,30.475,1.084,0.0,156.204,32353.796,16.0,39.56,37.552,53.987,28.962,5.172,1074.233,31435.767,16.0,43.929,42.094,115.68,46.0,10.0,1093.0,32510.0,16.0,46.0,44.0,1613341573.193,2021-02-14 22:26:13.193000078
10871698161,r4506251-n303766,0,29.997,0.0,0.0,0.0,32510.0,16.0,39.0,40.0,72.887,37.596,9.038,980.641,31529.359,16.0,49.36,50.543,121.08,52.0,13.0,1093.0,32510.0,16.0,52.0,54.0,1613496384.285,2021-02-16 17:26:24.285000086
10875221935,r9480604-n303766,0,36.892,0.105,0.0,1081.969,31428.031,16.0,32.77,29.844,38.42,0.028,0.0,1248.703,31261.297,16.0,33.999,31.174,39.31,14.0,1.0,1249.0,32510.0,16.0,35.0,33.0,1613439268.587,2021-02-16 01:34:28.586999893
10900277452,r4506251-n410412,0,25.909,0.0,0.0,0.0,32510.0,16.0,31.0,30.0,87.12,26.174,14.97,7116.272,25393.728,16.0,50.164,49.541,250.92,99.0,62.0,8559.0,32510.0,16.0,64.0,66.0,1613388731.058,2021-02-15 11:32:11.058000088
10900277452,r4506251-n410412,1,25.936,0.0,0.0,0.0,32510.0,16.0,32.0,29.0,83.203,32.453,15.32,7539.193,24970.807,16.0,48.34,47.115,236.68,100.0,66.0,9381.0,32510.0,16.0,60.0,63.0,1613388731.068,2021-02-15 11:32:11.068000078
10944923261,r2684277-n948219,0,26.372,0.0,0.0,0.0,32510.0,16.0,30.0,29.0,26.372,0.0,0.0,0.0,32510.0,16.0,30.0,29.0,26.43,0.0,0.0,0.0,32510.0,16.0,30.0,29.0,1613331526.891,2021-02-14 19:38:46.891000032
10944923261,r2684277-n948219,1,26.724,0.0,0.0,0.0,32510.0,16.0,29.409,28.0,26.724,0.0,0.0,0.0,32510.0,16.0,29.409,28.0,26.81,0.0,0.0,0.0,32510.0,16.0,30.0,28.0,1613331526.894,2021-02-14 19:38:46.894000053
10946239729,r7269000-n948219,0,27.348,0.0,0.0,0.0,32510.0,16.0,34.777,33.829,235.193,97.114,66.987,3283.302,29226.698,16.0,68.067,71.574,259.76,99.0,70.0,7145.0,32510.0,16.0,73.0,77.0,1613407214.232,2021-02-15 16:40:14.232000113
10965380282,r7419443-n948219,0,26.95,0.0,0.0,0.0,32510.0,16.0,30.0,28.0,26.95,0.0,0.0,0.0,32510.0,16.0,30.0,28.0,27.01,0.0,0.0,0.0,32510.0,16.0,30.0,28.0,1613942299.837,2021-02-21 21:18:19.836999893
10969022550,r1039410-n948219,0,118.294,71.954,62.228,19824.178,12685.822,16.0,44.77,48.931,130.958,73.229,63.389,21641.478,10868.522,16.0,65.116,69.378,185.12,100.0,89.0,21643.0,32510.0,16.0,71.0,78.0,1613477429.597,2021-02-16 12:10:29.596999884
10969022550,r1039410-n948219,1,112.998,72.067,62.38,19784.993,12725.007,16.0,42.944,45.611,122.459,73.226,63.447,21641.464,10868.536,16.0,58.638,62.155,176.35,100.0,86.0,21643.0,32510.0,16.0,64.0,71.0,1613477429.6,2021-02-16 12:10:29.599999905
10969022550,r2684277-n948219,0,114.533,72.188,62.489,19840.723,12669.277,16.0,44.038,46.497,128.233,73.25,63.446,21641.157,10868.843,16.0,65.081,68.89,181.15,100.0,88.0,21643.0,32510.0,16.0,71.0,77.0,1613477429.644,2021-02-16 12:10:29.644000053
10969022550,r2684277-n948219,1,117.134,72.662,62.843,19840.306,12669.694,16.0,43.515,48.451,126.879,73.283,63.441,21641.17,10868.83,16.0,57.912,63.831,179.2,100.0,88.0,21643.0,32510.0,16.0,63.0,72.0,1613477429.653,2021-02-16 12:10:29.653000116
10998208221,r44132-n303766,0,199.297,83.013,55.551,6350.157,26159.843,16.0,66.852,73.317,206.666,87.136,58.42,6641.739,25868.261,16.0,67.858,74.87,250.79,95.0,65.0,6793.0,32510.0,16.0,71.0,79.0,1613465967.322,2021-02-16 08:59:27.322000027
11027974286,r6727430-n303509,0,28.101,0.0,0.0,1.762,32508.238,16.0,40.669,38.305,28.101,0.0,0.0,1.762,32508.238,16.0,40.669,38.305,30.8,0.0,0.0,4.0,32510.0,16.0,45.0,43.0,1613012302.708,2021-02-11 02:58:22.707999945
11046373326,r9480604-n303766,0,69.184,31.034,4.329,1234.886,31275.114,16.0,43.519,41.168,69.627,31.678,4.368,1256.99,31253.01,16.0,43.717,41.264,119.92,90.0,13.0,1315.0,32510.0,16.0,45.0,43.0,1613795525.536,2021-02-20 04:32:05.536000013
11056891962,r4506251-n303766,0,173.315,70.603,47.285,6091.028,26418.972,16.0,57.699,62.036,203.142,84.577,56.807,6570.49,25939.51,16.0,65.15,71.305,258.59,95.0,65.0,6807.0,32510.0,16.0,73.0,80.0,1613508018.401,2021-02-16 20:40:18.401000023
11122448293,r9648383-n303766,0,26.366,0.0,0.0,3.839,32506.161,16.0,32.0,30.266,161.165,64.034,10.925,25564.626,6945.374,16.0,65.258,63.459,273.16,100.0,54.0,29181.0,32510.0,16.0,75.0,74.0,1614298116.421,2021-02-26 00:08:36.421000004
11142155590,r368967-n750018,0,33.701,0.086,0.005,762.231,31747.769,16.0,33.177,31.669,34.327,0.092,0.007,832.362,31677.638,16.0,33.465,31.883,40.05,25.0,1.0,1285.0,32510.0,16.0,35.0,33.0,1614720696.585,2021-03-02 21:31:36.585000038
11145356724,r2215649-n410412,0,26.405,0.0,0.0,0.0,32510.0,16.0,32.0,29.913,26.405,0.0,0.0,0.0,32510.0,16.0,32.0,29.913,26.49,0.0,0.0,0.0,32510.0,16.0,32.0,30.0,1614734634.946,2021-03-03 01:23:54.946000099
11145356724,r2215649-n410412,1,26.118,0.0,0.0,0.0,32510.0,16.0,31.0,28.998,26.118,0.0,0.0,0.0,32510.0,16.0,31.0,28.998,26.22,0.0,0.0,0.0,32510.0,16.0,31.0,29.0,1614734634.956,2021-03-03 01:23:54.956000090
11149245646,r7141590-n303509,0,35.21,0.643,0.039,719.531,31790.469,16.0,40.788,39.342,71.652,31.539,10.733,1575.509,30934.491,16.0,47.89,46.057,125.1,46.0,16.0,1605.0,32510.0,16.0,51.0,49.0,1613333139.835,2021-02-14 20:05:39.835000038
11177719926,r7269000-n948219,1,26.982,0.0,0.0,0.0,32510.0,16.0,36.688,36.232,226.776,96.656,66.716,3295.275,29214.725,16.0,66.113,72.172,250.49,99.0,70.0,7145.0,32510.0,16.0,75.0,82.0,1613407214.247,2021-02-15 16:40:14.246999979
11212463388,r7141590-n948219,0,207.924,85.216,56.884,6377.052,26132.948,16.0,68.793,73.515,214.782,89.242,59.697,6646.68,25863.32,16.0,68.503,73.585,262.51,95.0,65.0,6793.0,32510.0,16.0,71.0,77.0,1613438287.77,2021-02-16 01:18:07.769999981
11215228029,r3974592-n303509,0,24.841,0.015,0.001,2.402,32507.598,16.0,31.182,29.746,24.585,0.003,0.0,3.704,32506.296,16.0,31.033,29.624,37.97,16.0,1.0,4.0,32510.0,16.0,33.0,31.0,1613178563.274,2021-02-13 01:09:23.273999929
11215228029,r3974592-n303509,1,32.149,0.411,0.012,2134.715,30375.285,16.0,30.137,28.467,27.772,0.397,0.008,3093.759,29416.241,16.0,29.456,27.883,49.51,71.0,4.0,4181.0,32510.0,16.0,32.0,30.0,1613178563.279,2021-02-13 01:09:23.279000044
11280749183,r9852763-n772143,0,27.203,0.0,0.0,0.0,32510.0,16.0,33.997,31.0,27.207,0.0,0.0,0.0,32510.0,16.0,33.757,30.926,27.48,0.0,0.0,0.0,32510.0,16.0,34.0,32.0,1614722471.865,2021-03-02 22:01:11.865000010
11334444881,r8275852-n303766,0,26.159,0.0,0.0,3.225,32506.775,16.0,32.838,31.639,73.3,22.458,6.765,5965.931,26544.069,16.0,43.628,41.146,192.01,68.0,21.0,6233.0,32510.0,16.0,50.0,48.0,1613654740.928,2021-02-18 13:25:40.927999973
11398270447,r9480604-n303766,0,27.4,0.0,0.0,0.0,32510.0,16.0,31.0,29.0,27.4,0.0,0.0,0.0,32510.0,16.0,31.0,29.0,27.47,0.0,0.0,0.0,32510.0,16.0,31.0,29.0,1613439095.762,2021-02-16 01:31:35.762000084
11402284709,r7141590-n948219,0,204.873,84.612,56.54,6365.684,26144.316,16.0,65.267,69.476,213.874,88.996,59.54,6647.229,25862.771,16.0,67.442,72.449,262.18,95.0,65.0,6799.0,32510.0,16.0,73.0,79.0,1613441552.57,2021-02-16 02:12:32.569999933
11464926378,r2684277-n948219,0,45.507,7.391,4.905,5204.557,27305.443,16.0,33.348,31.955,45.507,7.391,4.905,5204.557,27305.443,16.0,33.348,31.955,198.95,100.0,78.0,24091.0,32510.0,16.0,37.0,41.0,1613257594.795,2021-02-13 23:06:34.795000076
11517655417,r7462820-n303766,0,206.023,86.256,57.84,6372.043,26137.957,16.0,68.528,73.629,210.795,89.618,60.236,6652.282,25857.718,16.0,68.305,73.711,250.34,95.0,67.0,6807.0,32510.0,16.0,73.0,78.0,1613651115.676,2021-02-18 12:25:15.676000118
11553531224,r8024255-n410412,0,190.362,77.337,51.782,6205.461,26304.539,16.0,67.261,70.731,197.546,81.373,54.681,6615.589,25894.411,16.0,67.826,71.549,252.96,94.0,63.0,6807.0,32510.0,16.0,71.0,76.0,1613523958.394,2021-02-17 01:05:58.394000053
11558517414,r7141590-n172107,0,61.826,25.923,10.495,29574.629,2935.371,16.0,40.745,40.488,61.303,27.028,11.2,31054.192,1455.808,16.0,40.987,40.588,142.04,100.0,20.0,31071.0,32510.0,16.0,43.0,44.0,1614747499.853,2021-03-03 04:58:19.852999926
11560972682,r4099734-n172107,0,43.791,17.824,4.589,26006.051,6503.949,16.0,34.984,33.119,47.443,22.775,5.829,31019.89,1490.11,16.0,38.871,37.124,106.09,48.0,10.0,31071.0,32510.0,16.0,41.0,39.0,1614715475.783,2021-03-02 20:04:35.782999992
11580353383,r2684277-n948219,0,36.713,0.066,0.0,800.449,31709.551,16.0,36.023,34.202,38.611,2.353,0.093,3066.793,29443.207,16.0,34.28,32.565,67.82,54.0,4.0,3071.0,32510.0,16.0,39.0,37.0,1614086167.821,2021-02-23 13:16:07.821000099
11582298739,r7317916-n948219,1,178.418,73.025,49.037,6161.725,26348.275,16.0,57.559,60.863,194.815,79.43,53.39,6605.907,25904.093,16.0,65.167,70.144,258.83,100.0,63.0,6807.0,32510.0,16.0,71.0,78.0,1613479109.307,2021-02-16 12:38:29.306999922
11588325402,r7141590-n948219,0,208.325,85.546,57.124,6381.806,26128.194,16.0,68.667,73.417,215.302,89.351,59.777,6653.056,25856.944,16.0,68.399,73.489,262.4,96.0,65.0,6807.0,32510.0,16.0,72.0,77.0,1613437237.337,2021-02-16 01:00:37.336999893
11627880106,r2684277-n948219,0,41.902,3.759,2.35,8747.516,23762.484,16.0,32.962,31.289,41.902,3.759,2.35,8747.516,23762.484,16.0,32.962,31.289,191.92,100.0,80.0,27771.0,32510.0,16.0,37.0,40.0,1613258737.662,2021-02-13 23:25:37.661999941
11628119649,r4144777-n303509,0,28.482,0.583,0.035,0.874,32509.126,16.0,37.037,35.014,44.862,19.444,2.519,29572.773,2937.227,16.0,39.879,37.468,52.62,100.0,6.0,30709.0,32510.0,16.0,41.0,38.0,1614311568.971,2021-02-26 03:52:48.970999956
11648119859,r6727430-n303509,0,46.512,12.735,2.181,30002.147,2507.853,16.0,38.991,35.986,39.738,5.85,0.859,31042.107,1467.893,16.0,36.993,33.839,79.1,51.0,10.0,31071.0,32510.0,16.0,40.0,37.0,1613419922.384,2021-02-15 20:12:02.384000063
11655077566,r5179276-n948219,0,198.816,84.372,56.548,6295.808,26214.192,16.0,68.315,74.765,204.76,88.407,59.365,6625.051,25884.949,16.0,68.222,75.168,245.18,95.0,65.0,6799.0,32510.0,16.0,72.0,79.0,1613586295.415,2021-02-17 18:24:55.414999962
11662732043,r7462820-n410412,0,199.131,81.771,54.793,6379.025,26130.975,16.0,68.062,74.201,198.41,80.83,54.265,6661.15,25848.85,16.0,68.1,74.217,255.07,95.0,64.0,6793.0,32510.0,16.0,72.0,79.0,1613573025.912,2021-02-17 14:43:45.911999941
11732428116,r7317916-n948219,0,168.611,77.769,52.38,5775.021,26734.979,16.0,52.694,58.721,189.429,84.656,57.033,6461.446,26048.554,16.0,63.481,71.343,241.92,95.0,66.0,6799.0,32510.0,16.0,73.0,83.0,1613476742.243,2021-02-16 11:59:02.243000031
11782132545,r8141575-n410412,0,27.179,0.0,0.0,0.0,32510.0,16.0,32.0,30.476,73.163,43.336,15.544,3396.12,29113.88,16.0,46.945,46.518,137.54,59.0,24.0,4746.0,32510.0,16.0,50.0,50.0,1614443288.57,2021-02-27 16:28:08.569999933
11789619435,r7419443-n948219,0,34.449,1.895,0.399,474.939,32035.061,16.0,31.215,29.136,34.449,1.895,0.399,474.939,32035.061,16.0,31.215,29.136,160.56,90.0,37.0,3311.0,32510.0,16.0,33.0,32.0,1613942557.731,2021-02-21 21:22:37.730999947
11801866722,r4506251-n303766,0,210.401,87.084,58.213,6416.659,26093.341,16.0,68.504,74.942,214.645,90.02,60.325,6666.98,25843.02,16.0,68.227,74.996,256.09,95.0,65.0,6801.0,32510.0,16.0,72.0,79.0,1613507539.567,2021-02-16 20:32:19.566999912
11838527759,r8473362-n410412,0,165.429,72.588,49.346,2555.469,29954.531,16.0,52.079,54.859,212.01,93.702,64.192,3182.925,29327.075,16.0,65.84,71.831,240.53,99.0,69.0,7145.0,32510.0,16.0,74.0,80.0,1613398066.552,2021-02-15 14:07:46.552000046
11879244524,r1039410-n948219,1,25.139,0.0,0.0,0.0,32510.0,16.0,30.433,27.151,207.316,92.074,64.689,4670.007,27839.993,16.0,59.245,63.101,258.62,97.0,70.0,7145.0,32510.0,16.0,70.0,75.0,1613928464.363,2021-02-21 17:27:44.362999916
11917448100,r216287-n303509,1,54.44,28.707,9.483,1085.117,31424.883,16.0,36.756,35.537,54.44,28.707,9.483,1085.117,31424.883,16.0,36.756,35.537,68.61,39.0,14.0,1327.0,32510.0,16.0,37.0,37.0,1612830036.775,2021-02-09 00:20:36.775000095
11971239882,r414303-n303509,0,27.182,0.0,0.0,0.0,32510.0,16.0,35.0,35.0,27.182,0.0,0.0,0.0,32510.0,16.0,35.0,35.0,27.29,0.0,0.0,0.0,32510.0,16.0,35.0,35.0,1613429323.818,2021-02-15 22:48:43.818000078
11983359824,r5179276-n948219,0,41.437,18.976,1.499,28514.938,3995.062,16.0,39.942,38.591,42.469,20.834,1.479,31042.127,1467.873,16.0,40.454,39.0,71.35,34.0,3.0,31071.0,32510.0,16.0,41.0,40.0,1613414117.776,2021-02-15 18:35:17.776000023
12009210842,r8972851-n948219,0,169.482,65.03,43.582,6198.463,26311.537,16.0,63.176,65.484,174.674,67.637,45.364,6648.01,25861.99,16.0,66.342,69.196,258.87,96.0,67.0,6807.0,32510.0,16.0,72.0,77.0,1613524185.753,2021-02-17 01:09:45.753000021
12009867050,r7269000-n303509,0,210.004,86.501,58.009,6386.268,26123.732,16.0,67.908,72.488,214.39,89.615,60.164,6633.538,25876.462,16.0,67.964,72.875,253.97,95.0,68.0,6793.0,32510.0,16.0,70.0,76.0,1613587291.757,2021-02-17 18:41:31.756999969
12061302814,r6727430-n948219,0,26.52,0.0,0.0,0.0,32510.0,16.0,32.0,31.0,26.52,0.0,0.0,0.0,32510.0,16.0,32.0,31.0,26.59,0.0,0.0,0.0,32510.0,16.0,32.0,31.0,1613613415.675,2021-02-18 01:56:55.674999952
12124003268,r4506251-n303766,0,189.874,78.504,52.607,5896.443,26613.557,16.0,61.723,66.713,208.215,86.689,58.248,6493.937,26016.063,16.0,66.375,72.688,257.28,95.0,67.0,6801.0,32510.0,16.0,73.0,81.0,1613500155.801,2021-02-16 18:29:15.801000118
12145345242,r8024255-n410412,0,30.946,0.72,0.045,944.496,31565.504,16.0,32.858,30.442,77.369,38.02,19.277,3032.583,29477.417,16.0,49.494,48.817,140.07,89.0,28.0,4742.0,32510.0,16.0,53.0,53.0,1613110999.369,2021-02-12 06:23:19.368999958
12171829542,r6727430-n303509,0,197.513,85.669,57.48,6401.104,26108.896,16.0,63.229,66.702,206.617,89.455,60.156,6664.459,25845.541,16.0,66.86,71.558,248.68,95.0,65.0,6807.0,32510.0,16.0,73.0,79.0,1613435205.149,2021-02-16 00:26:45.148999929
12190933994,r7462820-n303766,1,35.968,0.518,0.005,886.143,31623.857,16.0,31.034,29.285,40.471,8.251,1.699,961.652,31548.348,16.0,32.13,30.489,88.26,43.0,11.0,1027.0,32510.0,16.0,36.0,35.0,1613372691.745,2021-02-15 07:04:51.744999886
12299370945,r216287-n303509,0,27.936,0.0,0.0,1.553,32508.447,16.0,30.513,29.972,27.936,0.0,0.0,1.553,32508.447,16.0,30.513,29.972,28.14,0.0,0.0,4.0,32510.0,16.0,31.0,30.0,1613099371.496,2021-02-12 03:09:31.496000051
12390826279,r810901-n303509,0,41.467,3.378,0.584,22535.994,9974.006,16.0,36.925,36.033,58.423,15.948,9.302,28007.563,4502.437,16.0,38.406,38.341,249.88,100.0,84.0,31079.0,32510.0,16.0,58.0,65.0,1612958040.944,2021-02-10 11:54:00.944000006
12431525495,r492024-n410412,0,27.912,0.0,0.0,0.0,32510.0,16.0,32.832,31.024,72.333,39.655,22.916,29598.302,2911.698,16.0,46.902,47.362,226.13,100.0,100.0,31507.0,32510.0,16.0,52.0,58.0,1614327627.234,2021-02-26 08:20:27.233999968
12431525495,r492024-n410412,1,25.445,0.0,0.0,0.0,32510.0,16.0,30.006,29.999,75.217,45.919,24.49,31082.672,1427.328,16.0,45.726,45.268,239.94,100.0,100.0,31623.0,32510.0,16.0,50.0,54.0,1614327627.243,2021-02-26 08:20:27.243000031
12448065857,r6707841-n772143,1,36.834,14.934,0.699,25702.652,6807.348,16.0,33.493,29.13,39.714,20.381,0.81,30996.528,1513.472,16.0,35.899,31.614,53.71,32.0,2.0,31071.0,32510.0,16.0,37.0,33.0,1614721838.914,2021-03-02 21:50:38.914000034
12490711639,r414303-n303509,0,30.633,0.704,0.031,170.774,32339.226,16.0,35.285,35.082,75.616,41.861,11.658,1070.647,31439.353,16.0,48.002,49.35,121.49,58.0,17.0,1093.0,32510.0,16.0,50.0,52.0,1613084101.749,2021-02-11 22:55:01.749000072
12539656636,r216287-n303509,1,26.0,0.0,0.0,1.223,32508.777,16.0,28.212,27.0,26.004,0.0,0.0,1.337,32508.663,16.0,28.266,27.001,26.34,0.0,0.0,4.0,32510.0,16.0,29.0,28.0,1613099177.772,2021-02-12 03:06:17.772000074
12545459612,r6727430-n948219,0,26.533,0.0,0.0,0.0,32510.0,16.0,32.0,31.0,26.533,0.0,0.0,0.0,32510.0,16.0,32.0,31.0,26.63,0.0,0.0,0.0,32510.0,16.0,32.0,31.0,1613613332.312,2021-02-18 01:55:32.312000036
12559188102,r8141575-n303766,0,43.07,1.883,0.3,465.883,32044.117,16.0,41.846,41.029,43.07,1.883,0.3,465.883,32044.117,16.0,41.846,41.029,124.71,70.0,32.0,2413.0,32510.0,16.0,43.0,43.0,1613942425.905,2021-02-21 21:20:25.904999971
12562498309,r4099734-n200569,0,25.667,0.0,0.0,0.0,32510.0,16.0,30.0,29.444,26.694,0.072,0.0,74.897,32435.103,16.0,30.08,29.488,38.74,9.0,0.0,1077.0,32510.0,16.0,31.0,30.0,1614719351.167,2021-03-02 21:09:11.167000055
12591718262,r9170217-n303509,0,202.593,83.796,56.125,6312.631,26197.369,16.0,68.632,70.162,210.382,88.379,59.319,6630.63,25879.37,16.0,68.26,70.002,253.83,97.0,64.0,6801.0,32510.0,16.0,71.0,73.0,1613438370.393,2021-02-16 01:19:30.392999887
12602788715,r8024255-n410412,0,24.962,0.0,0.0,0.0,32510.0,16.0,32.0,31.0,24.962,0.0,0.0,0.0,32510.0,16.0,32.0,31.0,25.03,0.0,0.0,0.0,32510.0,16.0,32.0,31.0,1614734566.638,2021-03-03 01:22:46.638000011
12634738497,r4144777-n303509,0,30.435,0.338,0.017,9184.404,23325.596,16.0,32.543,30.348,41.003,12.976,0.883,30590.924,1919.076,16.0,37.458,34.878,46.06,26.0,2.0,30709.0,32510.0,16.0,39.0,36.0,1614380725.041,2021-02-26 23:05:25.040999889
12636019465,r44132-n303766,0,189.807,77.326,51.718,6009.744,26500.256,16.0,66.864,73.178,203.128,84.669,56.84,6545.258,25964.742,16.0,67.605,74.674,251.63,95.0,65.0,6807.0,32510.0,16.0,72.0,80.0,1613452725.336,2021-02-16 05:18:45.335999966
12711230048,r6727430-n948219,0,182.673,77.138,51.761,6171.575,26338.425,16.0,59.463,63.042,195.218,81.942,55.074,6582.004,25927.996,16.0,65.473,70.057,248.19,100.0,64.0,6799.0,32510.0,16.0,70.0,76.0,1613650933.404,2021-02-18 12:22:13.404000044
12722451996,r8141575-n410412,0,27.18,0.0,0.0,0.0,32510.0,16.0,32.0,30.184,27.18,0.0,0.0,0.0,32510.0,16.0,32.0,30.184,27.31,0.0,0.0,0.0,32510.0,16.0,32.0,31.0,1614620584.524,2021-03-01 17:43:04.523999929
12722451996,r8141575-n410412,1,26.601,0.0,0.0,0.0,32510.0,16.0,31.0,29.011,26.601,0.0,0.0,0.0,32510.0,16.0,31.0,29.011,26.75,0.0,0.0,0.0,32510.0,16.0,31.0,30.0,1614620584.527,2021-03-01 17:43:04.526999950
12729471273,r9170217-n303509,0,28.167,1.086,0.039,116.575,32393.425,16.0,31.329,28.177,59.568,35.773,6.509,1067.695,31442.305,16.0,42.62,38.695,106.28,49.0,10.0,1093.0,32510.0,16.0,45.0,41.0,1613323427.558,2021-02-14 17:23:47.558000088
12749192034,r8024255-n410412,0,27.344,0.016,0.0,9.51,32500.49,16.0,46.857,46.62,45.058,19.968,3.362,1300.418,31209.582,16.0,38.636,36.741,106.74,53.0,11.0,1539.0,32510.0,16.0,57.0,58.0,1613478238.437,2021-02-16 12:23:58.437000036
12793446324,r9480604-n303766,0,35.218,0.232,0.006,850.527,31659.473,16.0,32.182,29.572,35.218,0.232,0.006,850.527,31659.473,16.0,32.182,29.572,39.74,13.0,1.0,1239.0,32510.0,16.0,33.0,30.0,1613439154.806,2021-02-16 01:32:34.805999994
12802890069,r6727430-n948219,0,31.505,1.284,0.0,254.642,32255.358,16.0,32.947,31.0,31.505,1.284,0.0,254.642,32255.358,16.0,32.947,31.0,39.55,10.0,0.0,1253.0,32510.0,16.0,33.0,31.0,1613614131.758,2021-02-18 02:08:51.757999897
12806739009,r8275852-n410412,0,33.217,1.129,0.044,259.855,32250.145,16.0,36.581,37.626,54.522,25.106,4.465,1078.728,31431.272,16.0,41.052,41.869,99.98,49.0,10.0,1093.0,32510.0,16.0,43.0,44.0,1613317615.321,2021-02-14 15:46:55.321000099
12825144153,r6727430-n303509,0,186.807,76.929,51.581,6305.979,26204.021,16.0,67.963,72.077,195.89,82.26,55.267,6643.624,25866.376,16.0,68.324,72.789,248.62,95.0,66.0,6807.0,32510.0,16.0,71.0,77.0,1613437337.999,2021-02-16 01:02:17.999000072
12830398734,r4605940-n303509,0,29.442,0.619,0.02,82.299,32427.701,16.0,35.512,33.937,54.113,20.697,6.722,1588.953,30921.047,16.0,40.231,38.649,114.88,46.0,17.0,1605.0,32510.0,16.0,48.0,48.0,1612964793.099,2021-02-10 13:46:33.098999977
12830636202,r7753495-n303509,0,25.491,0.0,0.0,1.849,32508.151,16.0,36.025,35.0,25.541,0.0,0.0,3.705,32506.295,16.0,36.784,35.571,25.84,0.0,0.0,4.0,32510.0,16.0,37.0,36.0,1613367371.176,2021-02-15 05:36:11.176000118
12847892878,r7269000-n303509,0,208.145,85.568,57.326,6374.659,26135.341,16.0,68.242,73.0,212.897,88.693,59.547,6642.803,25867.197,16.0,68.143,73.135,253.91,95.0,67.0,6807.0,32510.0,16.0,71.0,76.0,1613578748.37,2021-02-17 16:19:08.369999886
12869263330,r6727430-n948219,0,180.988,73.8,49.514,6266.45,26243.55,16.0,63.748,67.458,198.45,83.198,55.982,6622.14,25887.86,16.0,66.88,71.7,248.97,94.0,64.0,6793.0,32510.0,16.0,70.0,76.0,1613601409.026,2021-02-17 22:36:49.026000023
12876590570,r492024-n303766,0,25.18,0.0,0.0,1.601,32508.399,16.0,33.0,31.634,25.18,0.0,0.0,1.601,32508.399,16.0,33.0,31.634,25.31,0.0,0.0,4.0,32510.0,16.0,33.0,32.0,1614715535.863,2021-03-02 20:05:35.862999916
12931749510,r2684277-n948219,0,26.335,0.0,0.0,0.184,32509.816,16.0,30.0,29.015,50.482,16.844,6.882,4108.08,28401.92,16.0,38.284,37.247,163.52,100.0,34.0,8766.0,32510.0,16.0,43.0,46.0,1613435978.552,2021-02-16 00:39:38.552000046
12931749510,r2684277-n948219,1,26.605,0.0,0.0,0.184,32509.816,16.0,29.0,27.999,38.827,0.0,0.0,1200.98,31309.02,16.0,33.547,31.934,39.93,24.0,1.0,1207.0,32510.0,16.0,34.0,32.0,1613435978.555,2021-02-16 00:39:38.555000067
12999750316,r7269000-n303509,0,197.126,79.104,52.883,6334.328,26175.672,16.0,67.372,71.49,177.505,68.212,45.703,6660.484,25849.516,16.0,66.306,69.685,254.26,95.0,66.0,6799.0,32510.0,16.0,71.0,76.0,1613584937.024,2021-02-17 18:02:17.023999929
13020252091,r1051355-n172107,1,39.193,20.819,2.772,26166.806,6343.194,16.0,33.567,30.088,41.337,25.86,3.381,31010.708,1499.292,16.0,35.494,32.365,61.43,36.0,5.0,31071.0,32510.0,16.0,37.0,34.0,1614715744.628,2021-03-02 20:09:04.628000021
13033695440,r8275852-n410412,0,28.983,0.0,0.0,0.509,32509.491,16.0,36.0,37.0,28.983,0.0,0.0,0.509,32509.491,16.0,36.0,37.0,29.14,0.0,0.0,4.0,32510.0,16.0,36.0,37.0,1613317216.01,2021-02-14 15:40:16.009999990
13054575682,r44132-n303766,0,85.442,39.635,16.381,20471.791,12038.209,16.0,43.265,43.948,110.29,54.68,22.941,28542.272,3967.728,16.0,52.643,54.667,271.24,100.0,73.0,28581.0,32510.0,16.0,59.0,65.0,1613267792.441,2021-02-14 01:56:32.440999985
13120485570,r2215649-n303766,0,28.314,0.0,0.0,0.0,32510.0,16.0,34.556,32.597,41.607,4.04,2.478,1614.415,30895.585,16.0,39.636,37.336,106.65,51.0,37.0,4263.0,32510.0,16.0,47.0,48.0,1614738790.377,2021-03-03 02:33:10.377000093
13190269177,r8275852-n410412,0,32.952,0.58,0.02,140.44,32369.56,16.0,33.0,34.0,32.952,0.58,0.02,140.44,32369.56,16.0,33.0,34.0,38.86,9.0,1.0,459.0,32510.0,16.0,33.0,34.0,1614292478.419,2021-02-25 22:34:38.418999910
13242310818,r4506251-n410412,0,29.248,1.068,0.566,418.901,32091.099,16.0,35.266,34.336,94.651,41.714,25.522,8944.11,23565.89,16.0,46.493,46.797,263.69,91.0,69.0,10919.0,32510.0,16.0,55.0,58.0,1612965754.615,2021-02-10 14:02:34.615000010
13279273680,r7141590-n948219,0,207.191,85.447,56.987,6381.119,26128.881,16.0,68.77,73.453,214.047,89.084,59.563,6614.221,25895.779,16.0,68.424,73.464,262.82,96.0,65.0,6807.0,32510.0,16.0,72.0,77.0,1613436885.518,2021-02-16 00:54:45.517999887
13343504985,r4506251-n303766,0,205.954,84.611,56.716,6339.131,26170.869,16.0,68.023,74.333,211.006,87.865,59.02,6642.268,25867.732,16.0,68.031,74.748,258.23,95.0,67.0,6801.0,32510.0,16.0,72.0,79.0,1613503216.558,2021-02-16 19:20:16.558000088
13359503988,r5179276-n948219,0,202.403,86.347,57.814,6416.113,26093.887,16.0,68.504,75.675,206.322,89.049,59.823,6669.455,25840.545,16.0,68.359,75.862,245.14,95.0,68.0,6807.0,32510.0,16.0,71.0,79.0,1613580158.317,2021-02-17 16:42:38.316999912
13383583486,r9480604-n410412,0,27.321,0.0,0.0,0.176,32509.824,16.0,38.0,36.0,27.321,0.0,0.0,0.176,32509.824,16.0,38.0,36.0,27.56,0.0,0.0,4.0,32510.0,16.0,38.0,36.0,1613786336.041,2021-02-20 01:58:56.040999889
13417365489,r9170217-n948219,0,179.114,73.771,49.443,6081.983,26428.017,16.0,62.863,66.924,191.487,79.548,53.437,6575.982,25934.018,16.0,67.099,71.952,248.38,94.0,63.0,6799.0,32510.0,16.0,71.0,77.0,1613587460.285,2021-02-17 18:44:20.285000086
13422383895,r810901-n948219,0,26.377,0.0,0.0,3.382,32506.618,16.0,32.0,31.972,59.778,13.983,3.079,2776.96,29733.04,16.0,40.298,39.752,193.17,62.0,14.0,3417.0,32510.0,16.0,46.0,45.0,1613666158.232,2021-02-18 16:35:58.232000113
13438824856,r9170217-n948219,0,173.233,71.139,47.689,6085.344,26424.656,16.0,62.241,66.237,184.594,75.792,50.935,6587.101,25922.899,16.0,65.79,70.399,245.82,100.0,63.0,6799.0,32510.0,16.0,69.0,75.0,1613584131.49,2021-02-17 17:48:51.490000010
13466664906,r974863-n410412,0,199.725,81.65,54.535,6411.694,26098.306,16.0,67.671,72.346,191.761,77.323,51.767,6681.972,25828.028,16.0,67.587,71.965,259.24,96.0,66.0,6799.0,32510.0,16.0,72.0,78.0,1613449242.69,2021-02-16 04:20:42.690000057
13506398254,r414303-n303509,0,35.881,2.69,0.034,449.414,32060.586,16.0,35.0,34.966,35.881,2.69,0.034,449.414,32060.586,16.0,35.0,34.966,38.69,24.0,1.0,1197.0,32510.0,16.0,35.0,35.0,1613429559.868,2021-02-15 22:52:39.868000031
13507117425,r8972851-n303509,0,152.608,58.319,39.096,6050.729,26459.271,16.0,59.666,62.645,136.6,48.96,32.89,6657.268,25852.732,16.0,59.487,62.049,247.72,100.0,63.0,6801.0,32510.0,16.0,69.0,74.0,1613596163.806,2021-02-17 21:09:23.805999994
13528340621,r1039410-n172107,0,26.668,0.0,0.0,0.0,32510.0,16.0,31.637,30.0,26.321,0.0,0.0,0.0,32510.0,16.0,29.656,28.34,26.9,0.0,0.0,0.0,32510.0,16.0,32.0,31.0,1614717433.651,2021-03-02 20:37:13.651000023
13528340621,r1039410-n172107,1,24.672,0.0,0.0,0.0,32510.0,16.0,29.0,27.995,24.445,0.0,0.0,0.0,32510.0,16.0,27.206,25.771,24.92,0.0,0.0,0.0,32510.0,16.0,30.0,29.0,1614717433.654,2021-03-02 20:37:13.654000044
13572502771,r7141590-n948219,0,207.543,85.183,56.847,6364.227,26145.773,16.0,68.774,73.496,214.667,89.139,59.622,6642.512,25867.488,16.0,68.5,73.591,262.07,95.0,65.0,6793.0,32510.0,16.0,71.0,77.0,1613440403.671,2021-02-16 01:53:23.671000004
13583564547,r7141590-n948219,0,28.67,0.047,0.004,0.0,32510.0,16.0,48.327,47.756,28.422,0.042,0.003,0.0,32510.0,16.0,47.509,46.861,51.54,27.0,2.0,0.0,32510.0,16.0,62.0,62.0,1613430729.124,2021-02-15 23:12:09.124000072
13612704365,r8141575-n410412,0,50.784,22.57,7.516,26420.019,6089.981,16.0,36.644,35.077,53.77,22.661,7.372,31012.242,1497.758,16.0,39.641,38.14,123.2,50.0,16.0,31071.0,32510.0,16.0,42.0,41.0,1614355471.603,2021-02-26 16:04:31.602999926
13633423646,r7462820-n410412,0,203.702,84.449,56.541,6396.637,26113.363,16.0,68.609,75.04,208.919,87.769,58.873,6653.938,25856.062,16.0,68.315,75.065,254.28,95.0,65.0,6807.0,32510.0,16.0,72.0,79.0,1613572306.974,2021-02-17 14:31:46.973999977
13678312743,r974863-n303766,0,26.168,0.0,0.0,3.293,32506.707,16.0,31.0,29.0,37.469,12.185,0.0,1279.967,31230.033,16.0,34.79,32.074,41.54,31.0,1.0,1285.0,32510.0,16.0,37.0,34.0,1614593181.838,2021-03-01 10:06:21.838000059
13699878551,r8972851-n303509,0,183.173,73.007,48.888,6199.729,26310.271,16.0,66.833,71.022,192.248,78.29,52.521,6595.784,25914.216,16.0,67.524,72.145,249.59,94.0,63.0,6799.0,32510.0,16.0,71.0,76.0,1613594093.587,2021-02-17 20:34:53.586999893
13721089124,r9988778-n410412,1,25.245,0.0,0.0,0.0,32510.0,16.0,30.894,28.818,25.245,0.0,0.0,0.0,32510.0,16.0,30.894,28.818,25.36,0.0,0.0,0.0,32510.0,16.0,31.0,29.0,1614734669.069,2021-03-03 01:24:29.069000006
13730063568,r8972851-n303509,0,181.387,70.904,47.453,6087.152,26422.848,16.0,67.729,71.686,189.484,76.409,51.282,6584.558,25925.442,16.0,68.124,72.417,249.86,100.0,63.0,6799.0,32510.0,16.0,71.0,76.0,1613610178.355,2021-02-18 01:02:58.355000019
13737209642,r974863-n410412,1,194.881,86.537,58.131,6420.063,26089.937,16.0,55.137,57.173,201.889,89.793,60.386,6661.398,25848.602,16.0,60.467,63.755,241.79,95.0,66.0,6793.0,32510.0,16.0,67.0,71.0,1613453073.765,2021-02-16 05:24:33.765000105
13747531195,r9515777-n303766,0,30.408,0.423,0.0,104.31,32405.69,16.0,40.183,38.0,30.408,0.423,0.0,104.31,32405.69,16.0,40.183,38.0,40.18,9.0,0.0,457.0,32510.0,16.0,41.0,38.0,1614488155.141,2021-02-28 04:55:55.141000032
13777816958,r7317916-n948219,1,183.264,75.887,50.916,6134.53,26375.47,16.0,57.809,61.074,196.65,81.213,54.6,6586.72,25923.28,16.0,63.342,68.172,260.19,100.0,64.0,6801.0,32510.0,16.0,73.0,79.0,1613483514.886,2021-02-16 13:51:54.885999918
13786852744,r9170217-n303509,1,203.037,84.622,56.716,6370.958,26139.042,16.0,62.124,65.794,210.669,88.316,59.265,6650.952,25859.048,16.0,65.674,69.981,259.35,95.0,65.0,6801.0,32510.0,16.0,74.0,78.0,1613437904.332,2021-02-16 01:11:44.332000017
13815071560,r492024-n410412,1,25.45,0.0,0.0,0.0,32510.0,16.0,29.995,29.029,25.45,0.0,0.0,0.0,32510.0,16.0,29.995,29.029,25.56,0.0,0.0,0.0,32510.0,16.0,30.0,30.0,1614734934.238,2021-03-03 01:28:54.237999916
13823042574,r5179276-n948219,0,201.274,85.45,57.384,6366.721,26143.279,16.0,68.479,76.703,204.537,87.788,59.07,6651.582,25858.418,16.0,68.445,76.945,246.18,95.0,66.0,6799.0,32510.0,16.0,72.0,81.0,1613574008.334,2021-02-17 15:00:08.334000111
13870546883,r492024-n303766,0,25.058,0.0,0.0,3.836,32506.164,16.0,33.0,31.619,25.058,0.0,0.0,3.836,32506.164,16.0,33.0,31.619,25.23,0.0,0.0,4.0,32510.0,16.0,33.0,32.0,1613399593.847,2021-02-15 14:33:13.846999884
13870546883,r492024-n303766,1,25.59,0.0,0.0,3.836,32506.164,16.0,31.0,30.998,25.59,0.0,0.0,3.836,32506.164,16.0,31.0,30.998,25.71,0.0,0.0,4.0,32510.0,16.0,31.0,31.0,1613399593.851,2021-02-15 14:33:13.851000071
13870546883,r9988778-n303766,0,24.243,0.0,0.0,3.74,32506.26,16.0,30.198,30.0,24.243,0.0,0.0,3.74,32506.26,16.0,30.198,30.0,24.35,0.0,0.0,4.0,32510.0,16.0,31.0,30.0,1613399593.888,2021-02-15 14:33:13.888000011
13870546883,r9988778-n303766,1,26.483,0.0,0.0,3.742,32506.258,16.0,30.0,27.175,26.483,0.0,0.0,3.742,32506.258,16.0,30.0,27.175,26.59,0.0,0.0,4.0,32510.0,16.0,30.0,28.0,1613399593.892,2021-02-15 14:33:13.891999960
13951179598,r8972851-n200569,0,24.915,0.0,0.0,0.0,32510.0,16.0,29.0,27.007,24.903,0.0,0.0,0.0,32510.0,16.0,28.994,27.001,25.16,0.0,0.0,0.0,32510.0,16.0,29.0,28.0,1614759517.476,2021-03-03 08:18:37.476000071
13951179598,r8972851-n200569,1,25.353,0.0,0.0,0.0,32510.0,16.0,27.428,26.981,25.327,0.0,0.0,0.0,32510.0,16.0,27.084,26.901,25.6,0.0,0.0,0.0,32510.0,16.0,28.0,27.0,1614759517.48,2021-03-03 08:18:37.480000019
13965423737,r44132-n410412,0,27.795,0.063,0.0,19.18,32490.82,16.0,32.022,30.467,41.72,0.509,0.083,1272.333,31237.667,16.0,41.493,39.515,78.3,59.0,10.0,1407.0,32510.0,16.0,45.0,44.0,1613432691.831,2021-02-15 23:44:51.831000090
13999154842,r414303-n172107,0,41.198,19.11,1.574,28021.893,4488.107,16.0,37.35,34.866,40.385,21.235,1.537,31031.301,1478.699,16.0,35.915,33.614,53.84,100.0,6.0,31071.0,32510.0,16.0,39.0,37.0,1614738361.256,2021-03-03 02:26:01.256000041
14069203384,r9170217-n948219,0,171.122,70.597,47.351,6087.867,26422.133,16.0,61.667,65.54,184.987,76.421,51.353,6588.808,25921.192,16.0,65.591,70.191,245.72,93.0,63.0,6801.0,32510.0,16.0,69.0,75.0,1613585392.109,2021-02-17 18:09:52.108999968
14085046830,r216287-n303509,1,26.136,0.0,0.0,1.235,32508.765,16.0,29.0,27.935,26.137,0.0,0.0,1.325,32508.675,16.0,29.0,27.938,26.38,0.0,0.0,4.0,32510.0,16.0,29.0,28.0,1613099360.619,2021-02-12 03:09:20.618999958
14086549871,r7317916-n948219,1,46.089,0.0,0.0,0.545,32509.455,16.0,48.455,48.045,46.089,0.0,0.0,0.545,32509.455,16.0,48.455,48.045,46.3,0.0,0.0,4.0,32510.0,16.0,49.0,49.0,1613477854.359,2021-02-16 12:17:34.358999968
14110182116,r2215649-n303766,0,32.048,4.121,1.831,429.928,32080.072,16.0,35.142,32.77,84.948,33.69,16.362,8222.411,24287.589,16.0,50.331,48.531,220.03,100.0,56.0,8373.0,32510.0,16.0,60.0,59.0,1613860520.326,2021-02-20 22:35:20.325999975
14110182116,r2215649-n303766,1,40.747,5.029,2.002,672.669,31837.331,16.0,33.734,32.065,86.894,40.026,16.904,8357.868,24152.132,16.0,47.184,45.608,218.16,100.0,56.0,8591.0,32510.0,16.0,57.0,55.0,1613860520.329,2021-02-20 22:35:20.328999996
14110602678,r7317916-n948219,1,191.198,77.104,51.684,6207.53,26302.47,16.0,64.971,69.501,199.302,81.696,54.909,6597.34,25912.66,16.0,66.302,71.617,257.72,94.0,64.0,6801.0,32510.0,16.0,74.0,80.0,1613483015.597,2021-02-16 13:43:35.596999884
14179939723,r9170217-n948219,0,160.577,64.94,43.557,5767.772,26742.228,16.0,59.276,62.672,178.158,72.953,49.018,6510.991,25999.009,16.0,64.403,68.729,246.13,94.0,63.0,6807.0,32510.0,16.0,69.0,74.0,1613584545.027,2021-02-17 17:55:45.026999950
14181610272,r4099734-n200569,1,25.36,0.0,0.0,0.0,32510.0,16.0,29.0,29.998,25.36,0.0,0.0,0.0,32510.0,16.0,29.0,29.998,25.5,0.0,0.0,0.0,32510.0,16.0,29.0,30.0,1614718332.656,2021-03-02 20:52:12.655999899
14257419657,r4605940-n303509,1,41.448,11.445,3.503,1170.286,31339.714,16.0,33.03,33.292,41.448,11.445,3.503,1170.286,31339.714,16.0,33.03,33.292,55.97,35.0,10.0,1327.0,32510.0,16.0,34.0,34.0,1612830055.523,2021-02-09 00:20:55.523000001
14301040267,r7317916-n948219,0,173.98,75.642,50.803,6123.838,26386.162,16.0,62.205,68.561,187.331,80.955,54.457,6585.438,25924.562,16.0,66.957,74.211,243.17,94.0,63.0,6799.0,32510.0,16.0,74.0,82.0,1613483514.862,2021-02-16 13:51:54.861999989
14303198507,r2215649-n303766,0,39.297,9.514,0.415,1068.757,31441.243,16.0,35.028,31.929,39.297,9.514,0.415,1068.757,31441.243,16.0,35.028,31.929,44.4,25.0,1.0,1149.0,32510.0,16.0,36.0,33.0,1614375708.647,2021-02-26 21:41:48.647000074
14355591524,r9480604-n410412,0,27.316,0.0,0.0,0.091,32509.909,16.0,38.0,36.0,27.316,0.0,0.0,0.091,32509.909,16.0,38.0,36.0,27.58,0.0,0.0,4.0,32510.0,16.0,38.0,36.0,1613786322.656,2021-02-20 01:58:42.655999899
14406186231,r414303-n948219,0,27.058,0.024,0.0,34.957,32475.043,16.0,31.072,29.006,27.058,0.024,0.0,34.957,32475.043,16.0,31.072,29.006,36.71,3.0,0.0,457.0,32510.0,16.0,32.0,30.0,1614496429.581,2021-02-28 07:13:49.581000090
14417170390,r44132-n303766,0,25.521,0.0,0.0,0.0,32510.0,16.0,31.0,30.988,32.214,1.299,0.0,551.067,31958.933,16.0,34.666,33.964,39.68,24.0,1.0,1117.0,32510.0,16.0,38.0,38.0,1613436439.32,2021-02-16 00:47:19.319999933
14457497083,r2215649-n303766,0,181.424,77.785,51.516,2400.256,30109.744,16.0,65.704,67.942,206.587,90.981,60.688,2727.039,29782.961,16.0,67.546,70.684,239.01,98.0,67.0,4279.0,32510.0,16.0,72.0,76.0,1613934873.73,2021-02-21 19:14:33.730000019
14497098511,r8024255-n303766,0,36.754,0.096,0.008,1150.14,31359.86,16.0,34.698,32.029,37.751,0.013,0.008,1277.307,31232.693,16.0,36.123,33.507,49.04,10.0,1.0,1285.0,32510.0,16.0,37.0,35.0,1614720920.084,2021-03-02 21:35:20.084000111
14516593920,r2215649-n410412,0,29.838,1.453,0.074,124.514,32385.486,16.0,34.575,32.018,54.433,25.749,8.723,2620.947,29889.053,16.0,39.509,37.456,129.27,100.0,19.0,2631.0,32510.0,16.0,48.0,48.0,1614184216.282,2021-02-24 16:30:16.282000065
14518806465,r492024-n303766,0,191.632,78.858,52.863,6287.371,26222.629,16.0,68.377,72.49,198.073,82.542,55.457,6638.282,25871.718,16.0,68.12,72.465,249.96,94.0,65.0,6807.0,32510.0,16.0,72.0,77.0,1613439008.993,2021-02-16 01:30:08.993000031
14532759428,r5179276-n948219,0,200.931,84.862,56.996,6406.881,26103.119,16.0,68.74,75.388,205.514,88.111,59.235,6658.761,25851.239,16.0,68.564,75.44,246.08,95.0,66.0,6793.0,32510.0,16.0,72.0,79.0,1613584879.931,2021-02-17 18:01:19.930999994
14538291701,r9659953-n750018,0,27.208,0.0,0.0,0.0,32510.0,16.0,29.0,28.518,27.223,0.0,0.0,0.0,32510.0,16.0,29.0,28.794,27.34,0.0,0.0,0.0,32510.0,16.0,29.0,29.0,1614757767.117,2021-03-03 07:49:27.117000103
14572815385,r7419443-n948219,1,52.39,14.188,9.525,527.818,31982.182,16.0,33.963,33.969,210.982,95.549,65.999,3267.625,29242.375,16.0,62.456,77.912,246.85,99.0,70.0,7147.0,32510.0,16.0,70.0,86.0,1614206559.47,2021-02-24 22:42:39.470000029
14586851898,r4506251-n303766,0,205.317,84.503,56.64,6407.236,26102.764,16.0,67.5,74.051,210.879,88.046,59.149,6670.506,25839.494,16.0,68.037,74.904,254.95,95.0,69.0,6807.0,32510.0,16.0,71.0,78.0,1613465393.201,2021-02-16 08:49:53.200999975
14603920991,r5198790-n772143,0,38.913,20.917,0.906,29227.082,3282.918,16.0,36.958,33.997,39.335,22.41,0.816,31046.89,1463.11,16.0,36.964,34.008,53.37,100.0,6.0,31071.0,32510.0,16.0,37.0,35.0,1614733099.873,2021-03-03 00:58:19.872999907
14622807964,r9988778-n410412,1,25.219,0.0,0.0,2.312,32507.688,16.0,30.862,28.247,26.086,0.119,0.002,69.847,32440.153,16.0,30.927,28.291,38.28,19.0,1.0,1205.0,32510.0,16.0,32.0,29.0,1614736398.229,2021-03-03 01:53:18.229000092
14630226170,r3974592-n772143,0,25.111,0.0,0.0,0.0,32510.0,16.0,30.0,29.0,25.061,0.0,0.0,0.0,32510.0,16.0,30.714,28.939,25.44,0.0,0.0,0.0,32510.0,16.0,31.0,30.0,1614722476.13,2021-03-02 22:01:16.130000114
14656002386,r7317916-n948219,1,183.02,74.46,49.959,6141.823,26368.177,16.0,58.828,62.443,192.758,78.895,53.047,6590.294,25919.706,16.0,63.57,68.257,257.26,94.0,63.0,6793.0,32510.0,16.0,71.0,77.0,1613480433.562,2021-02-16 13:00:33.562000036
14741180619,r9852763-n172107,0,49.778,28.43,7.873,29841.526,2668.474,16.0,38.293,39.188,48.559,25.791,7.226,31056.93,1453.07,16.0,39.144,40.031,107.14,100.0,12.0,31071.0,32510.0,16.0,41.0,42.0,1614737229.885,2021-03-03 02:07:09.884999990
14768473984,r7141590-n303509,0,26.882,0.0,0.0,0.0,32510.0,16.0,39.0,38.0,26.882,0.0,0.0,0.0,32510.0,16.0,39.0,38.0,27.01,0.0,0.0,0.0,32510.0,16.0,39.0,38.0,1613144279.858,2021-02-12 15:37:59.858000040
14788719891,r204106-n200569,0,27.693,0.0,0.0,0.0,32510.0,16.0,32.882,30.97,27.693,0.0,0.0,0.0,32510.0,16.0,32.882,30.97,27.83,0.0,0.0,0.0,32510.0,16.0,33.0,31.0,1614718332.608,2021-03-02 20:52:12.608000040
14797735302,r414303-n303509,0,36.584,2.34,0.0,459.2,32050.8,16.0,35.0,34.02,36.584,2.34,0.0,459.2,32050.8,16.0,35.0,34.02,38.66,10.0,0.0,1197.0,32510.0,16.0,35.0,35.0,1613429539.464,2021-02-15 22:52:19.463999987
14809359722,r9480604-n410412,0,26.954,0.0,0.0,0.0,32510.0,16.0,36.0,35.0,26.954,0.0,0.0,0.0,32510.0,16.0,36.0,35.0,27.01,0.0,0.0,0.0,32510.0,16.0,36.0,35.0,1614113657.571,2021-02-23 20:54:17.571000099
14875709926,r44132-n303766,0,186.998,75.052,50.315,6371.726,26138.274,16.0,68.114,74.245,201.502,83.528,56.114,6657.903,25852.097,16.0,68.366,75.237,251.95,94.0,68.0,6799.0,32510.0,16.0,72.0,80.0,1613464296.891,2021-02-16 08:31:36.891000032
14878907816,r44132-n303766,0,25.483,0.0,0.0,0.0,32510.0,16.0,32.0,31.079,50.278,29.535,4.577,1057.559,31452.441,16.0,38.199,37.696,97.7,43.0,8.0,1093.0,32510.0,16.0,40.0,40.0,1613323603.541,2021-02-14 17:26:43.540999889
14883074578,r9988778-n303766,0,24.266,0.0,0.0,0.0,32510.0,16.0,30.0,29.774,24.266,0.0,0.0,0.0,32510.0,16.0,30.0,29.774,24.39,0.0,0.0,0.0,32510.0,16.0,30.0,30.0,1613372902.915,2021-02-15 07:08:22.914999962
14887690901,r492024-n303766,0,42.549,3.219,2.003,10030.096,22479.904,16.0,44.235,43.34,42.549,3.219,2.003,10030.096,22479.904,16.0,44.235,43.34,197.86,100.0,80.0,27723.0,32510.0,16.0,48.0,53.0,1613357324.762,2021-02-15 02:48:44.762000084
14908322975,r7462820-n410412,0,205.789,85.16,57.045,6383.385,26126.615,16.0,68.663,75.102,209.147,87.937,58.985,6636.083,25873.917,16.0,68.166,74.893,254.49,95.0,65.0,6793.0,32510.0,16.0,72.0,79.0,1613572667.56,2021-02-17 14:37:47.559999943
14938501161,r9480604-n303766,0,37.299,2.256,0.455,541.645,31968.355,16.0,36.23,33.975,41.868,5.317,1.089,1292.143,31217.857,16.0,36.026,33.662,101.32,69.0,10.0,1345.0,32510.0,16.0,38.0,35.0,1613953090.641,2021-02-22 00:18:10.641000032
14940720778,r9480604-n410412,0,26.182,0.0,0.0,0.0,32510.0,16.0,31.0,29.381,26.182,0.0,0.0,0.0,32510.0,16.0,31.0,29.381,26.3,0.0,0.0,0.0,32510.0,16.0,31.0,30.0,1614735030.142,2021-03-03 01:30:30.141999960
14959803412,r974863-n410412,0,204.996,86.526,57.868,6331.857,26178.143,16.0,59.901,63.497,213.624,90.03,60.276,6635.031,25874.969,16.0,65.646,70.452,260.65,96.0,66.0,6799.0,32510.0,16.0,73.0,78.0,1613453899.482,2021-02-16 05:38:19.482000113
14972303903,r9659953-n200569,0,31.451,0.078,0.0,479.409,32030.591,16.0,30.748,27.572,36.982,0.003,0.0,1026.254,31483.746,16.0,32.624,29.379,38.41,21.0,1.0,1039.0,32510.0,16.0,34.0,31.0,1614719062.139,2021-03-02 21:04:22.138999939
14972455166,r7462820-n410412,0,182.093,73.563,49.273,6060.065,26449.935,16.0,65.331,70.372,194.11,79.181,53.177,6568.219,25941.781,16.0,67.658,73.281,252.85,94.0,64.0,6793.0,32510.0,16.0,71.0,78.0,1613581224.732,2021-02-17 17:00:24.732000113
14998728370,r8972851-n948219,0,210.038,87.461,58.422,6416.911,26093.089,16.0,68.052,72.137,211.571,88.295,59.152,6666.581,25843.419,16.0,67.985,72.118,259.6,98.0,66.0,6799.0,32510.0,16.0,70.0,76.0,1613523823.339,2021-02-17 01:03:43.338999987
15030454283,r6707841-n172107,1,46.962,27.575,6.793,29252.503,3257.497,16.0,37.003,35.476,45.802,26.725,6.716,31051.816,1458.184,16.0,37.2,35.712,98.68,100.0,11.0,31071.0,32510.0,16.0,39.0,38.0,1614744604.012,2021-03-03 04:10:04.012000084
15038973500,r216287-n303509,0,27.957,0.0,0.0,2.988,32507.012,16.0,30.986,30.0,27.957,0.0,0.0,2.988,32507.012,16.0,30.986,30.0,28.16,0.0,0.0,4.0,32510.0,16.0,31.0,30.0,1613099544.425,2021-02-12 03:12:24.424999952
15069575251,r4683026-n303509,0,28.537,0.0,0.0,0.0,32510.0,16.0,33.0,30.932,45.049,3.753,2.136,30649.324,1860.676,16.0,36.289,33.933,248.22,100.0,66.0,31127.0,32510.0,16.0,72.0,77.0,1612966228.331,2021-02-10 14:10:28.331000090
15069575251,r4683026-n303509,1,26.537,0.0,0.0,0.0,32510.0,16.0,31.431,29.995,41.146,3.709,2.049,30809.925,1700.075,16.0,34.622,33.364,230.09,100.0,64.0,31127.0,32510.0,16.0,67.0,76.0,1612966228.335,2021-02-10 14:10:28.335000038
15072284581,r414303-n948219,0,26.753,0.018,0.0,680.36,31829.64,16.0,31.91,29.623,172.162,85.691,48.974,27517.278,4992.722,16.0,64.04,66.774,252.96,100.0,85.0,31079.0,32510.0,16.0,73.0,78.0,1614023296.982,2021-02-22 19:48:16.982000113
15126691726,r5051220-n200569,0,25.54,0.0,0.0,0.0,32510.0,16.0,31.005,28.999,25.54,0.0,0.0,0.0,32510.0,16.0,31.005,28.999,25.67,0.0,0.0,0.0,32510.0,16.0,32.0,29.0,1614716469.456,2021-03-02 20:21:09.456000090
15166267648,r2215649-n410412,0,26.478,0.0,0.0,0.0,32510.0,16.0,33.0,30.0,57.416,33.7,5.288,1126.43,31383.57,16.0,43.162,40.362,95.9,47.0,9.0,1159.0,32510.0,16.0,45.0,42.0,1613457268.976,2021-02-16 06:34:28.976000071
15172155404,r5198790-n172107,0,44.073,23.81,0.913,29813.642,2696.358,16.0,37.997,35.991,43.355,21.166,0.812,31052.621,1457.379,16.0,37.277,34.854,57.46,100.0,6.0,31071.0,32510.0,16.0,38.0,36.0,1614746633.271,2021-03-03 04:43:53.270999908
15235900597,r6727430-n303509,0,26.242,0.0,0.0,0.01,32509.99,16.0,32.699,29.011,33.841,0.011,0.0,679.361,31830.639,16.0,34.682,31.175,42.17,30.0,1.0,1025.0,32510.0,16.0,36.0,33.0,1613031500.314,2021-02-11 08:18:20.313999891
15243173369,r492024-n303766,0,196.406,81.371,54.524,6345.818,26164.182,16.0,68.451,72.856,201.79,84.841,56.977,6646.975,25863.025,16.0,68.267,72.861,249.94,95.0,64.0,6799.0,32510.0,16.0,71.0,76.0,1613437917.384,2021-02-16 01:11:57.384000063
15295377710,r5051220-n172107,1,38.399,17.755,1.354,26006.318,6503.682,16.0,32.042,31.535,40.997,22.008,1.847,31001.309,1508.691,16.0,34.643,33.893,65.24,33.0,3.0,31071.0,32510.0,16.0,36.0,35.0,1614715475.793,2021-03-02 20:04:35.792999983
15298418793,r492024-n303766,0,199.332,83.115,55.759,6371.905,26138.095,16.0,68.659,73.211,206.299,87.338,58.638,6655.823,25854.177,16.0,68.35,73.138,249.77,95.0,64.0,6807.0,32510.0,16.0,71.0,77.0,1613435718.966,2021-02-16 00:35:18.966000080
15315926539,r4506251-n303766,0,156.341,61.272,41.008,4955.825,27554.175,16.0,59.118,63.684,196.336,80.988,54.381,6231.697,26278.303,16.0,65.582,71.932,256.86,95.0,65.0,6807.0,32510.0,16.0,72.0,79.0,1613454641.63,2021-02-16 05:50:41.630000114
15383334251,r7269000-n303509,0,210.853,87.496,58.578,6411.105,26098.895,16.0,67.836,72.429,215.527,90.385,60.653,6658.3,25851.7,16.0,68.177,73.031,254.27,95.0,66.0,6793.0,32510.0,16.0,70.0,76.0,1613587646.379,2021-02-17 18:47:26.378999949
15398977310,r2215649-n303766,0,26.353,0.0,0.0,2.0,32508.0,16.0,40.0,38.0,26.353,0.0,0.0,2.0,32508.0,16.0,40.0,38.0,26.5,0.0,0.0,4.0,32510.0,16.0,40.0,38.0,1613954816.126,2021-02-22 00:46:56.125999928
15420382161,r9852763-n772143,1,26.223,0.0,0.0,0.0,32510.0,16.0,32.0,31.445,26.168,0.0,0.0,0.0,32510.0,16.0,31.771,31.319,26.42,0.0,0.0,0.0,32510.0,16.0,32.0,32.0,1614722472.334,2021-03-02 22:01:12.334000111
15434182406,r6727430-n948219,0,29.89,0.104,0.0,388.864,32121.136,16.0,32.461,31.109,37.172,0.081,0.025,2886.711,29623.289,16.0,33.961,31.998,88.01,28.0,8.0,2899.0,32510.0,16.0,35.0,33.0,1613614693.907,2021-02-18 02:18:13.907000065
15441848635,r7462820-n303766,1,35.955,0.539,0.003,887.619,31622.381,16.0,31.236,29.472,59.683,32.219,7.201,1022.643,31487.357,16.0,39.147,38.03,98.85,44.0,11.0,1027.0,32510.0,16.0,41.0,40.0,1613373212.69,2021-02-15 07:13:32.690000057
15447621010,r974863-n410412,0,26.065,0.0,0.0,1.467,32508.533,16.0,37.0,36.991,26.065,0.0,0.0,1.467,32508.533,16.0,37.0,36.991,26.39,0.0,0.0,4.0,32510.0,16.0,37.0,37.0,1613011256.463,2021-02-11 02:40:56.463000059
15471828784,r974863-n410412,0,210.098,86.893,58.123,6410.528,26099.472,16.0,68.772,73.702,214.626,89.905,60.28,6661.71,25848.29,16.0,68.189,73.396,262.78,96.0,67.0,6799.0,32510.0,16.0,72.0,77.0,1613452787.71,2021-02-16 05:19:47.710000038
15499148803,r9988778-n303766,0,24.595,0.0,0.0,0.0,32510.0,16.0,31.0,30.008,24.595,0.0,0.0,0.0,32510.0,16.0,31.0,30.008,24.63,0.0,0.0,0.0,32510.0,16.0,31.0,31.0,1614754882.924,2021-03-03 07:01:22.924000025
15509866713,r6727430-n303509,0,202.404,85.564,57.39,6371.614,26138.386,16.0,68.363,73.174,208.108,89.167,59.866,6643.521,25866.479,16.0,68.432,73.458,246.28,95.0,64.0,6793.0,32510.0,16.0,71.0,76.0,1613433387.167,2021-02-15 23:56:27.167000055
15534988863,r9648383-n410412,1,26.465,0.0,0.0,3.358,32506.642,16.0,30.754,27.992,49.615,15.183,5.248,10412.712,22097.288,16.0,36.092,33.418,141.66,100.0,19.0,32509.0,32510.0,16.0,44.0,43.0,1614261197.989,2021-02-25 13:53:17.989000082
15536174705,r492024-n303766,0,204.451,86.426,57.947,6394.152,26115.848,16.0,68.444,73.066,209.744,89.26,59.977,6660.551,25849.449,16.0,68.254,73.099,250.09,95.0,65.0,6807.0,32510.0,16.0,71.0,76.0,1613432887.583,2021-02-15 23:48:07.582999945
15539238348,r4605940-n303509,1,49.024,22.2,8.023,1248.146,31261.854,16.0,34.321,34.462,50.305,25.612,9.227,1287.349,31222.651,16.0,34.492,34.931,74.31,45.0,18.0,1333.0,32510.0,16.0,36.0,37.0,1612829381.4,2021-02-09 00:09:41.400000095
15549105442,r4683026-n948219,0,28.863,0.098,0.0,45.778,32464.222,16.0,41.761,42.167,68.93,34.039,10.472,2389.399,30120.601,16.0,47.409,48.426,127.85,49.0,16.0,2563.0,32510.0,16.0,50.0,52.0,1613574649.068,2021-02-17 15:10:49.068000078
15549656278,r9480604-n410412,0,42.444,27.496,0.002,940.865,31569.135,16.0,39.305,36.873,42.444,27.496,0.002,940.865,31569.135,16.0,39.305,36.873,45.99,48.0,1.0,1065.0,32510.0,16.0,40.0,38.0,1614114421.503,2021-02-23 21:07:01.503000020
15564408469,r492024-n410412,0,28.259,0.0,0.0,0.0,32510.0,16.0,33.0,31.834,28.036,0.0,0.0,3.623,32506.377,16.0,32.197,30.802,28.64,0.0,0.0,4.0,32510.0,16.0,33.0,32.0,1614371420.72,2021-02-26 20:30:20.720000029
15573471990,r8275852-n410412,0,28.833,0.0,0.0,0.0,32510.0,16.0,35.418,37.0,28.605,0.0,0.0,0.0,32510.0,16.0,34.578,35.851,29.63,0.0,0.0,0.0,32510.0,16.0,37.0,39.0,1613699769.018,2021-02-19 01:56:09.017999887
15632906244,r8473362-n410412,0,27.072,0.0,0.0,0.0,32510.0,16.0,33.0,30.995,27.072,0.0,0.0,0.0,32510.0,16.0,33.0,30.995,27.18,0.0,0.0,0.0,32510.0,16.0,33.0,31.0,1614735030.196,2021-03-03 01:30:30.196000099
15658911897,r974863-n410412,0,208.325,87.626,58.606,6423.819,26086.181,16.0,62.297,66.142,214.561,90.492,60.622,6669.087,25840.913,16.0,66.156,71.112,260.01,96.0,66.0,6801.0,32510.0,16.0,73.0,78.0,1613451078.103,2021-02-16 04:51:18.102999926
15715237812,r2215649-n410412,0,116.865,42.557,10.773,4709.75,27800.25,16.0,56.113,52.559,94.277,39.644,10.048,4980.942,27529.058,16.0,55.002,51.639,240.54,99.0,26.0,4999.0,32510.0,16.0,69.0,66.0,1613301154.742,2021-02-14 11:12:34.742000103
15721980679,r9480604-n410412,1,24.269,0.0,0.0,2.407,32507.593,16.0,29.0,27.017,25.133,0.098,0.0,69.792,32440.208,16.0,29.067,27.049,37.47,10.0,0.0,1205.0,32510.0,16.0,30.0,28.0,1614736398.207,2021-03-03 01:53:18.207000017
15749658853,r7141590-n303509,0,27.13,0.018,0.0,6.421,32503.579,16.0,39.001,38.001,75.432,36.351,12.394,1510.316,30999.684,16.0,48.596,46.986,127.98,51.0,19.0,1605.0,32510.0,16.0,52.0,50.0,1613336792.213,2021-02-14 21:06:32.213000059
15753662504,r974863-n303766,0,27.721,0.0,0.0,3.888,32506.112,16.0,40.487,38.41,29.919,0.115,0.013,582.089,31927.911,16.0,40.304,38.067,54.49,41.0,10.0,3111.0,32510.0,16.0,42.0,40.0,1613853104.807,2021-02-20 20:31:44.806999922
15782974012,r4099734-n200569,1,25.372,0.0,0.0,0.0,32510.0,16.0,29.0,29.995,25.372,0.0,0.0,0.0,32510.0,16.0,29.0,29.995,25.5,0.0,0.0,0.0,32510.0,16.0,29.0,30.0,1614716469.449,2021-03-02 20:21:09.448999882
15800877200,r8141575-n410412,0,36.994,0.101,0.0,1027.822,31482.178,16.0,33.911,31.985,37.929,0.047,0.0,1131.643,31378.357,16.0,34.58,32.634,38.68,24.0,1.0,1203.0,32510.0,16.0,35.0,34.0,1614615842.573,2021-03-01 16:24:02.572999954
15800877200,r8141575-n410412,1,26.645,0.0,0.0,3.601,32506.399,16.0,31.0,29.835,26.647,0.0,0.0,3.833,32506.167,16.0,31.0,29.854,26.85,0.0,0.0,4.0,32510.0,16.0,31.0,30.0,1614615842.577,2021-03-01 16:24:02.576999903
15809461733,r2215649-n303766,0,56.451,15.567,3.309,1338.35,31171.65,16.0,43.609,40.426,58.041,16.295,3.46,1429.206,31080.794,16.0,44.603,41.386,115.1,72.0,14.0,1439.0,32510.0,16.0,47.0,43.0,1613952225.713,2021-02-22 00:03:45.713000059
15840561184,r974863-n303766,0,27.079,0.04,0.0,15.958,32494.042,16.0,35.009,32.948,105.053,38.946,23.209,5116.425,27393.575,16.0,54.806,54.325,227.84,100.0,67.0,5475.0,32510.0,16.0,72.0,76.0,1614109394.796,2021-02-23 19:43:14.796000004
15841438908,r9170217-n948219,0,199.312,87.459,58.658,6412.186,26097.814,16.0,63.81,68.543,207.797,90.25,60.623,6657.693,25852.307,16.0,67.044,72.495,246.39,95.0,66.0,6793.0,32510.0,16.0,73.0,80.0,1613459471.649,2021-02-16 07:11:11.648999929
15860965020,r7141590-n948219,0,204.319,83.495,55.783,6369.259,26140.741,16.0,68.591,73.212,206.746,84.851,56.806,6653.858,25856.142,16.0,68.508,73.196,262.33,100.0,65.0,6793.0,32510.0,16.0,72.0,77.0,1613442274.539,2021-02-16 02:24:34.539000034
15884192811,r492024-n410412,0,28.128,0.0,0.0,0.0,32510.0,16.0,32.0,30.0,28.135,0.0,0.0,0.295,32509.705,16.0,32.0,30.0,28.17,0.0,0.0,4.0,32510.0,16.0,32.0,30.0,1614735079.597,2021-03-03 01:31:19.596999884
15908490766,r7419443-n948219,1,25.869,0.0,0.0,0.0,32510.0,16.0,29.0,27.04,208.743,94.232,65.052,3238.723,29271.277,16.0,62.317,77.523,234.1,99.0,69.0,7145.0,32510.0,16.0,70.0,86.0,1614248258.39,2021-02-25 10:17:38.390000105
15942222997,r414303-n172107,1,40.307,26.281,3.38,27995.781,4514.219,16.0,34.41,32.924,40.037,25.586,3.342,31033.633,1476.367,16.0,34.854,33.177,61.06,100.0,6.0,31071.0,32510.0,16.0,35.0,34.0,1614724570.867,2021-03-02 22:36:10.867000103
15957381908,r7753495-n200569,0,27.03,0.0,0.0,0.942,32509.058,16.0,29.81,28.142,27.029,0.0,0.0,1.001,32508.999,16.0,29.8,28.139,27.3,0.0,0.0,4.0,32510.0,16.0,30.0,29.0,1614738816.526,2021-03-03 02:33:36.526000023
15978106786,r7419443-n948219,0,26.96,0.0,0.0,0.0,32510.0,16.0,30.0,28.318,26.96,0.0,0.0,0.0,32510.0,16.0,30.0,28.318,27.1,0.0,0.0,0.0,32510.0,16.0,30.0,29.0,1613942293.008,2021-02-21 21:18:13.007999897
16012870343,r5354770-n750018,0,38.367,0.091,0.008,1146.83,31363.17,16.0,33.415,32.429,38.896,0.054,0.008,1210.445,31299.555,16.0,33.92,33.002,47.29,10.0,1.0,1285.0,32510.0,16.0,35.0,34.0,1614720926.151,2021-03-02 21:35:26.151000023
16084023210,r8141575-n410412,1,32.229,5.253,0.337,10359.542,22150.458,16.0,33.902,32.182,42.137,21.178,1.448,30528.163,1981.837,16.0,36.055,34.089,45.95,26.0,2.0,30709.0,32510.0,16.0,37.0,35.0,1614549314.695,2021-02-28 21:55:14.694999933
16123462897,r7141590-n948219,0,203.373,84.934,56.443,6205.775,26304.225,16.0,61.567,65.81,214.169,89.524,59.794,6592.253,25917.747,16.0,66.976,72.26,264.39,100.0,65.0,6799.0,32510.0,16.0,73.0,79.0,1613430378.842,2021-02-15 23:06:18.842000008
16124738953,r9515777-n303766,0,26.817,0.0,0.0,0.0,32510.0,16.0,40.0,38.023,26.817,0.0,0.0,0.0,32510.0,16.0,40.0,38.023,27.05,0.0,0.0,0.0,32510.0,16.0,40.0,39.0,1614608195.247,2021-03-01 14:16:35.246999979
16134055238,r4506251-n303766,0,28.052,0.0,0.0,0.0,32510.0,16.0,31.0,31.0,28.052,0.0,0.0,0.0,32510.0,16.0,31.0,31.0,28.12,0.0,0.0,0.0,32510.0,16.0,31.0,31.0,1614724777.055,2021-03-02 22:39:37.055000067
16145765785,r974863-n410412,0,26.453,0.0,0.0,2.987,32507.013,16.0,39.16,38.918,26.453,0.0,0.0,2.987,32507.013,16.0,39.16,38.918,26.84,0.0,0.0,4.0,32510.0,16.0,40.0,40.0,1613010887.513,2021-02-11 02:34:47.513000011
16186303335,r1039410-n948219,0,25.91,2.968,0.0,69.0,32441.0,16.0,30.998,31.0,65.416,60.005,8.137,11381.452,21128.548,16.0,42.842,41.426,142.84,100.0,54.0,11564.0,32510.0,16.0,56.0,56.0,1614162559.602,2021-02-24 10:29:19.601999998
16197045990,r4683026-n948219,0,27.631,0.019,0.0,4.351,32505.649,16.0,40.0,39.99,206.551,93.715,65.937,4779.879,27730.121,16.0,68.345,78.281,231.04,97.0,71.0,7145.0,32510.0,16.0,74.0,85.0,1613822261.531,2021-02-20 11:57:41.530999899
16211153742,r44132-n410412,0,33.417,0.772,0.363,774.939,31735.061,16.0,37.836,36.375,69.655,19.191,9.077,3943.562,28566.438,16.0,47.134,46.281,253.64,99.0,50.0,5537.0,32510.0,16.0,66.0,69.0,1612978890.275,2021-02-10 17:41:30.275000095
16250023616,r9515777-n303766,1,27.554,0.082,0.002,85.287,32424.713,16.0,31.09,29.001,32.652,0.043,0.001,622.512,31887.488,16.0,32.124,29.562,37.05,20.0,1.0,1039.0,32510.0,16.0,33.0,30.0,1614718435.073,2021-03-02 20:53:55.072999954
16262954922,r6707841-n200569,0,37.659,0.09,0.0,980.245,31529.755,16.0,34.181,30.692,38.39,0.003,0.0,1037.367,31472.633,16.0,34.719,31.616,40.12,21.0,1.0,1039.0,32510.0,16.0,35.0,32.0,1614719066.224,2021-03-02 21:04:26.223999977
16284627315,r8024255-n410412,0,168.239,69.937,46.89,5626.04,26883.96,16.0,52.541,53.646,191.927,79.877,53.676,6439.45,26070.55,16.0,63.716,66.775,254.54,94.0,63.0,6807.0,32510.0,16.0,71.0,76.0,1613521817.259,2021-02-17 00:30:17.259000063
16285697235,r9480604-n303766,0,27.344,0.0,0.0,0.0,32510.0,16.0,32.014,29.776,87.333,27.73,15.81,8522.438,23987.562,16.0,48.536,47.988,229.44,100.0,65.0,9169.0,32510.0,16.0,59.0,62.0,1613388743.98,2021-02-15 11:32:23.980000019
16285697235,r9480604-n303766,1,25.984,0.0,0.0,0.0,32510.0,16.0,30.0,29.0,87.303,34.468,16.201,8837.838,23672.162,16.0,45.549,45.505,234.73,100.0,65.0,8955.0,32510.0,16.0,56.0,60.0,1613388743.983,2021-02-15 11:32:23.983000040
16357285829,r4605940-n303509,1,42.392,13.346,4.034,1077.57,31432.43,16.0,33.923,33.751,42.392,13.346,4.034,1077.57,31432.43,16.0,33.923,33.751,58.04,29.0,9.0,1327.0,32510.0,16.0,34.0,35.0,1612829976.804,2021-02-09 00:19:36.803999901
16368752428,r9480604-n410412,1,24.098,0.0,0.0,0.0,32510.0,16.0,29.0,27.0,24.098,0.0,0.0,0.0,32510.0,16.0,29.0,27.0,24.27,0.0,0.0,0.0,32510.0,16.0,29.0,27.0,1614634543.475,2021-03-01 21:35:43.474999905
16376218419,r4144777-n303509,0,32.283,0.659,0.029,352.317,32157.683,16.0,36.38,34.175,68.747,37.046,8.786,1136.922,31373.078,16.0,45.741,43.265,107.61,48.0,12.0,1159.0,32510.0,16.0,48.0,46.0,1613097281.895,2021-02-12 02:34:41.894999981
16381859005,r8024255-n410412,0,181.026,72.571,48.71,6182.315,26327.685,16.0,66.129,69.168,195.861,80.548,54.169,6601.223,25908.777,16.0,67.751,71.377,253.93,94.0,65.0,6793.0,32510.0,16.0,72.0,76.0,1613536404.72,2021-02-17 04:33:24.720000029
16419239562,r9170217-n948219,0,27.671,0.0,0.0,0.0,32510.0,16.0,34.0,33.0,27.671,0.0,0.0,0.0,32510.0,16.0,34.0,33.0,27.79,0.0,0.0,0.0,32510.0,16.0,34.0,33.0,1613429356.533,2021-02-15 22:49:16.532999992
16430084958,r8972851-n303509,0,188.831,76.118,50.951,6154.888,26355.112,16.0,66.138,70.326,196.513,80.681,54.12,6595.913,25914.087,16.0,67.581,72.138,249.54,94.0,64.0,6799.0,32510.0,16.0,71.0,76.0,1613607669.314,2021-02-18 00:21:09.313999891
16479844939,r7141590-n948219,0,205.97,84.575,56.433,6366.334,26143.666,16.0,68.743,73.475,213.807,88.862,59.459,6648.936,25861.064,16.0,68.48,73.561,263.63,100.0,65.0,6801.0,32510.0,16.0,71.0,77.0,1613441107.422,2021-02-16 02:05:07.421999931
16492836911,r8972851-n303509,0,187.88,75.241,50.407,6128.129,26381.871,16.0,67.406,71.813,197.033,80.627,54.143,6588.075,25921.925,16.0,67.937,72.655,250.14,94.0,64.0,6801.0,32510.0,16.0,71.0,76.0,1613592527.428,2021-02-17 20:08:47.427999973
16539592589,r8141575-n303766,0,62.361,25.486,14.412,29765.573,2744.427,16.0,47.443,47.651,56.0,16.615,8.899,31041.481,1468.519,16.0,47.682,47.775,129.41,75.0,45.0,31071.0,32510.0,16.0,50.0,52.0,1614200669.933,2021-02-24 21:04:29.933000088
16553178033,r974863-n410412,0,26.023,0.0,0.0,2.983,32507.017,16.0,37.0,36.27,26.023,0.0,0.0,2.983,32507.017,16.0,37.0,36.27,26.29,0.0,0.0,4.0,32510.0,16.0,37.0,37.0,1613011133.359,2021-02-11 02:38:53.358999968
16580496612,r1039410-n948219,1,31.65,0.454,0.009,440.249,32069.751,16.0,36.291,33.41,46.161,12.116,4.622,2559.259,29950.741,16.0,35.221,32.527,125.72,48.0,20.0,2563.0,32510.0,16.0,46.0,45.0,1614075567.986,2021-02-23 10:19:27.986000061
16622750806,r6727430-n303509,0,27.097,0.0,0.0,3.182,32506.818,16.0,36.009,33.291,27.097,0.0,0.0,3.182,32506.818,16.0,36.009,33.291,27.25,0.0,0.0,4.0,32510.0,16.0,37.0,34.0,1613012916.668,2021-02-11 03:08:36.667999983
16639294675,r4506251-n410412,0,34.298,1.1,0.021,398.424,32111.576,16.0,37.468,36.054,62.777,36.022,5.619,1083.316,31426.684,16.0,43.648,41.927,104.05,50.0,8.0,1093.0,32510.0,16.0,45.0,44.0,1613096187.938,2021-02-12 02:16:27.937999964
16645933129,r492024-n303766,0,44.949,17.453,1.426,28378.428,4131.572,16.0,44.65,43.216,42.301,9.515,0.777,30940.764,1569.236,16.0,43.134,41.546,63.85,49.0,5.0,31075.0,32510.0,16.0,45.0,44.0,1613416537.875,2021-02-15 19:15:37.875000000
16674857998,r7141590-n303509,0,28.621,0.744,0.028,50.387,32459.613,16.0,39.765,38.668,80.861,41.501,16.98,2552.7,29957.3,16.0,49.994,48.771,136.31,54.0,23.0,2629.0,32510.0,16.0,53.0,52.0,1613427431.839,2021-02-15 22:17:11.838999987
16696229599,r4683026-n948219,0,26.901,0.0,0.0,0.0,32510.0,16.0,37.019,37.223,61.378,39.132,23.862,21488.319,11021.681,16.0,47.891,49.824,201.55,96.0,68.0,28561.0,32510.0,16.0,53.0,57.0,1614161149.823,2021-02-24 10:05:49.822999954
16739299928,r2684277-n948219,0,41.731,2.304,1.545,19616.643,12893.357,16.0,39.424,38.093,41.613,2.234,1.49,20617.197,11892.803,16.0,39.126,37.763,202.19,93.0,71.0,28997.0,32510.0,16.0,43.0,47.0,1613259472.865,2021-02-13 23:37:52.865000010
16769813087,r7462820-n303766,1,198.356,87.473,58.656,6430.108,26079.892,16.0,58.977,63.484,203.97,90.194,60.589,6665.949,25844.051,16.0,61.03,65.748,243.62,95.0,68.0,6807.0,32510.0,16.0,69.0,74.0,1613653284.024,2021-02-18 13:01:24.023999929
16772751059,r5179276-n948219,0,203.32,87.367,58.549,6432.07,26077.93,16.0,67.47,73.414,209.313,90.865,61.02,6672.897,25837.103,16.0,68.548,74.885,248.26,95.0,65.0,6807.0,32510.0,16.0,74.0,81.0,1613436877.463,2021-02-16 00:54:37.463000059
16842511695,r7141590-n303509,0,27.202,0.0,0.0,1.004,32508.996,16.0,40.162,39.055,56.23,12.102,7.312,8938.389,23571.611,16.0,44.895,43.474,228.31,80.0,50.0,12133.0,32510.0,16.0,62.0,62.0,1613466885.543,2021-02-16 09:14:45.542999983
16862122248,r7317916-n948219,0,179.712,77.165,51.821,6135.101,26374.899,16.0,66.232,72.969,190.405,82.021,55.132,6565.426,25944.574,16.0,67.802,75.172,242.11,94.0,64.0,6793.0,32510.0,16.0,73.0,81.0,1613482638.428,2021-02-16 13:37:18.427999973
16863803581,r7419443-n172107,0,26.935,0.0,0.0,0.0,32510.0,16.0,30.0,30.0,26.935,0.0,0.0,0.0,32510.0,16.0,30.0,30.0,26.94,0.0,0.0,0.0,32510.0,16.0,30.0,30.0,1614716687.955,2021-03-02 20:24:47.954999924
16863803581,r7419443-n172107,1,24.435,0.0,0.0,0.0,32510.0,16.0,28.0,29.0,24.435,0.0,0.0,0.0,32510.0,16.0,28.0,29.0,24.44,0.0,0.0,0.0,32510.0,16.0,28.0,29.0,1614716687.958,2021-03-02 20:24:47.957999945
16873047566,r3955005-n172107,0,41.029,20.893,0.819,27808.359,4701.641,16.0,39.017,36.069,41.694,21.283,0.846,31022.97,1487.03,16.0,39.395,36.567,54.88,100.0,6.0,31071.0,32510.0,16.0,41.0,38.0,1614728559.408,2021-03-02 23:42:39.407999992
16887931678,r7269000-n303509,0,209.73,86.912,58.11,6382.108,26127.892,16.0,67.922,72.493,214.404,89.809,60.193,6631.495,25878.505,16.0,68.048,72.942,254.26,95.0,68.0,6799.0,32510.0,16.0,70.0,76.0,1613589163.741,2021-02-17 19:12:43.740999937
16917882059,r7141590-n948219,0,209.522,85.982,57.496,6366.813,26143.187,16.0,68.622,73.566,215.945,89.823,60.125,6637.94,25872.06,16.0,68.5,73.628,263.48,96.0,66.0,6801.0,32510.0,16.0,71.0,77.0,1613435126.797,2021-02-16 00:25:26.796999931
16940427283,r492024-n303766,0,204.738,86.482,57.837,6398.271,26111.729,16.0,68.057,72.62,210.686,89.806,60.131,6647.819,25862.181,16.0,68.32,73.138,249.76,100.0,65.0,6799.0,32510.0,16.0,71.0,76.0,1613430795.522,2021-02-15 23:13:15.522000074
17040552927,r9480604-n303766,0,32.519,0.639,0.03,487.839,32022.161,16.0,33.423,30.809,70.712,36.81,12.483,1576.072,30933.928,16.0,42.457,40.832,116.61,54.0,18.0,1671.0,32510.0,16.0,46.0,46.0,1613329495.514,2021-02-14 19:04:55.513999938
17119927401,r8275852-n410412,0,28.991,0.0,0.0,0.0,32510.0,16.0,35.988,37.513,67.154,71.406,9.557,11374.851,21135.149,16.0,42.901,43.516,147.75,100.0,54.0,11496.0,32510.0,16.0,50.0,54.0,1614162559.577,2021-02-24 10:29:19.576999903
17126751428,r6727430-n303509,0,201.773,86.454,58.028,6423.241,26086.759,16.0,66.82,71.208,207.566,89.524,60.139,6660.976,25849.024,16.0,67.753,72.703,246.97,95.0,65.0,6799.0,32510.0,16.0,71.0,76.0,1613442422.948,2021-02-16 02:27:02.947999954
17200905928,r216287-n772143,0,27.797,0.0,0.0,0.004,32509.996,16.0,31.0,27.287,33.847,1.583,0.45,3691.761,28818.239,16.0,32.257,28.471,241.23,100.0,56.0,28685.0,32510.0,16.0,39.0,39.0,1614725937.684,2021-03-02 22:58:57.684000015
17200905928,r216287-n772143,1,26.703,0.0,0.0,0.014,32509.986,16.0,29.0,28.001,36.762,1.634,0.506,4337.061,28172.939,16.0,31.083,29.856,255.39,100.0,75.0,29289.0,32510.0,16.0,39.0,39.0,1614725937.688,2021-03-02 22:58:57.687999964
17267929476,r2215649-n303766,1,94.112,37.812,21.521,11732.755,20777.245,16.0,36.919,35.861,181.403,82.515,48.141,25463.889,7046.111,16.0,57.84,58.047,266.82,100.0,63.0,32465.0,32510.0,16.0,73.0,74.0,1614720255.105,2021-03-02 21:24:15.105000019
17276164510,r7462820-n303766,0,205.332,87.205,58.498,6424.252,26085.748,16.0,68.926,74.173,210.353,90.03,60.463,6652.317,25857.683,16.0,68.442,73.845,246.97,95.0,67.0,6807.0,32510.0,16.0,72.0,78.0,1613652861.706,2021-02-18 12:54:21.706000090
17406687754,r974863-n303766,0,26.696,0.0,0.0,0.0,32510.0,16.0,35.0,32.714,26.696,0.0,0.0,0.0,32510.0,16.0,35.0,32.714,26.75,0.0,0.0,0.0,32510.0,16.0,35.0,33.0,1614121305.087,2021-02-23 23:01:45.086999893
17429784992,r2215649-n303766,0,180.49,78.377,51.874,2412.824,30097.176,16.0,63.091,64.718,215.491,95.668,64.059,2852.744,29657.256,16.0,68.578,71.679,239.6,100.0,67.0,4279.0,32510.0,16.0,72.0,76.0,1613935364.776,2021-02-21 19:22:44.776000023
17433240845,r9170217-n948219,0,35.614,2.741,0.034,385.259,32124.741,16.0,33.983,32.0,35.614,2.741,0.034,385.259,32124.741,16.0,33.983,32.0,38.72,23.0,1.0,1197.0,32510.0,16.0,34.0,32.0,1613429559.869,2021-02-15 22:52:39.868999958
17447637746,r8972851-n303509,0,158.372,59.366,39.736,5457.431,27052.569,16.0,64.407,67.597,176.199,68.701,46.123,6441.526,26068.474,16.0,67.173,70.978,250.03,94.0,66.0,6799.0,32510.0,16.0,71.0,76.0,1613609723.254,2021-02-18 00:55:23.253999949
17466186893,r8972851-n772143,0,25.625,0.0,0.0,0.0,32510.0,16.0,31.0,30.0,25.534,0.0,0.0,0.0,32510.0,16.0,30.87,29.667,25.79,0.0,0.0,0.0,32510.0,16.0,32.0,30.0,1614722474.548,2021-03-02 22:01:14.548000097
17600724557,r5179276-n948219,0,62.727,14.366,6.386,13150.193,19359.807,16.0,47.7,46.787,126.703,48.625,21.45,30452.464,2057.536,16.0,58.056,59.065,277.6,100.0,69.0,30473.0,32510.0,16.0,73.0,79.0,1613441341.402,2021-02-16 02:09:01.401999950
17624741072,r810901-n172107,0,27.465,0.079,0.0,84.08,32425.92,16.0,29.889,29.049,33.137,0.05,0.001,621.188,31888.812,16.0,30.947,29.959,38.88,21.0,1.0,1039.0,32510.0,16.0,32.0,31.0,1614718435.022,2021-03-02 20:53:55.022000074
17694973436,r8972851-n303509,0,175.155,68.77,46.09,5879.66,26630.34,16.0,64.15,67.828,192.755,78.583,52.76,6520.694,25989.306,16.0,67.196,71.682,250.47,95.0,64.0,6807.0,32510.0,16.0,72.0,77.0,1613601574.443,2021-02-17 22:39:34.443000078
17782187080,r5179276-n948219,0,204.429,87.479,58.536,6414.366,26095.634,16.0,68.935,74.84,209.158,90.729,60.85,6660.392,25849.608,16.0,68.563,74.576,245.44,100.0,65.0,6799.0,32510.0,16.0,71.0,78.0,1613439418.036,2021-02-16 01:36:58.036000013
17814642047,r8024255-n303766,0,32.558,0.058,0.0,366.816,32143.184,16.0,34.86,32.505,33.572,0.067,0.001,431.541,32078.459,16.0,35.08,32.784,37.99,14.0,1.0,713.0,32510.0,16.0,36.0,34.0,1614184362.177,2021-02-24 16:32:42.177000046
17820483380,r7269000-n948219,0,28.82,0.021,0.0,67.904,32442.096,16.0,33.552,32.47,39.004,0.002,0.0,424.905,32085.095,16.0,36.317,34.565,40.8,9.0,0.0,457.0,32510.0,16.0,37.0,36.0,1613405780.342,2021-02-15 16:16:20.342000008
17820483380,r7269000-n948219,1,27.866,0.109,0.034,4257.393,28252.607,16.0,31.853,31.177,66.241,67.201,6.899,28815.665,3694.335,16.0,42.688,41.022,75.26,100.0,8.0,31023.0,32510.0,16.0,45.0,44.0,1613405780.345,2021-02-15 16:16:20.345000029
17910370799,r8275852-n303766,0,25.769,0.0,0.0,0.0,32510.0,16.0,31.0,30.0,25.761,0.0,0.0,0.0,32510.0,16.0,31.0,30.0,25.93,0.0,0.0,0.0,32510.0,16.0,31.0,30.0,1613168807.45,2021-02-12 22:26:47.450000048
17910370799,r8275852-n303766,1,27.395,0.0,0.0,0.0,32510.0,16.0,31.0,27.851,27.385,0.0,0.0,0.0,32510.0,16.0,31.0,27.808,27.58,0.0,0.0,0.0,32510.0,16.0,31.0,28.0,1613168807.456,2021-02-12 22:26:47.456000090
17925767766,r492024-n303766,0,27.097,0.053,0.0,82.489,32427.511,16.0,33.197,31.603,83.013,31.306,25.907,29129.791,3380.209,16.0,49.92,51.478,204.02,100.0,93.0,30811.0,32510.0,16.0,54.0,61.0,1613354305.542,2021-02-15 01:58:25.542000055
17930747747,r6727430-n303509,0,197.05,82.128,55.096,6407.476,26102.524,16.0,68.661,73.202,203.543,86.313,57.995,6662.421,25847.579,16.0,68.614,73.348,247.67,95.0,64.0,6793.0,32510.0,16.0,71.0,76.0,1613440996.773,2021-02-16 02:03:16.773000002
17940589856,r5354770-n750018,0,26.335,0.0,0.0,0.0,32510.0,16.0,31.445,31.176,38.611,0.899,0.0,1078.895,31431.105,16.0,34.128,33.203,40.76,10.0,0.0,1153.0,32510.0,16.0,36.0,35.0,1614738400.896,2021-03-03 02:26:40.895999908
18018074802,r8532701-n172107,0,40.439,17.053,2.51,25810.13,6699.87,16.0,32.821,31.38,44.293,23.601,3.481,31013.158,1496.842,16.0,36.582,35.445,99.52,40.0,5.0,31071.0,32510.0,16.0,38.0,37.0,1614715475.716,2021-03-02 20:04:35.716000080
18088427764,r9170217-n948219,0,171.327,69.507,46.625,5928.314,26581.686,16.0,60.287,63.909,182.173,75.071,50.419,6548.814,25961.186,16.0,64.582,68.942,245.17,100.0,63.0,6807.0,32510.0,16.0,69.0,74.0,1613584973.954,2021-02-17 18:02:53.953999996
18101168527,r4683026-n948219,0,29.828,2.913,0.066,4162.61,28347.39,16.0,39.735,39.866,39.654,25.418,0.559,29977.047,2532.953,16.0,41.473,41.053,45.71,100.0,6.0,30709.0,32510.0,16.0,42.0,42.0,1614265952.665,2021-02-25 15:12:32.664999962
18106398720,r7462820-n410412,0,186.461,74.039,49.548,6105.572,26404.428,16.0,66.344,71.475,194.321,79.235,53.155,6591.63,25918.37,16.0,67.582,73.202,254.8,95.0,64.0,6807.0,32510.0,16.0,71.0,78.0,1613580826.133,2021-02-17 16:53:46.132999897
18114818157,r492024-n303766,0,46.315,10.892,6.112,2141.259,30368.741,16.0,34.816,33.952,100.55,33.4,19.84,10282.514,22227.486,16.0,57.547,58.679,250.07,100.0,68.0,14529.0,32510.0,16.0,71.0,76.0,1613357964.777,2021-02-15 02:59:24.776999950
18114818157,r492024-n303766,1,55.594,13.179,6.244,2297.754,30212.246,16.0,34.741,34.292,108.445,41.255,20.224,10191.646,22318.354,16.0,59.484,59.053,269.59,100.0,67.0,13679.0,32510.0,16.0,74.0,76.0,1613357964.78,2021-02-15 02:59:24.779999971
18154893188,r8275852-n303766,0,191.721,84.378,56.754,6370.576,26139.424,16.0,62.125,64.609,198.431,86.6,58.314,6639.671,25870.329,16.0,66.827,70.258,243.7,94.0,68.0,6807.0,32510.0,16.0,72.0,77.0,1613666884.293,2021-02-18 16:48:04.292999983
18176790564,r7141590-n172107,1,62.008,27.101,11.921,29574.958,2935.042,16.0,38.576,38.506,61.21,26.016,11.575,31055.434,1454.566,16.0,39.661,39.694,138.03,100.0,22.0,31071.0,32510.0,16.0,43.0,44.0,1614746413.69,2021-03-03 04:40:13.690000057
18215414593,r44132-n410412,0,32.088,0.711,0.039,587.332,31922.668,16.0,34.513,32.859,80.912,39.99,20.504,4730.736,27779.264,16.0,45.693,46.433,145.9,69.0,29.0,4742.0,32510.0,16.0,48.0,50.0,1613099531.837,2021-02-12 03:12:11.836999893
18255595362,r414303-n303509,0,27.121,0.0,0.0,0.0,32510.0,16.0,34.0,34.056,27.121,0.0,0.0,0.0,32510.0,16.0,34.0,34.056,27.24,0.0,0.0,0.0,32510.0,16.0,34.0,35.0,1613429358.729,2021-02-15 22:49:18.729000092
18262920573,r9170217-n948219,0,27.629,0.0,0.0,0.0,32510.0,16.0,34.0,32.444,27.629,0.0,0.0,0.0,32510.0,16.0,34.0,32.444,27.74,0.0,0.0,0.0,32510.0,16.0,34.0,33.0,1613429365.834,2021-02-15 22:49:25.834000111
18317870231,r3955005-n172107,0,44.428,17.934,4.066,25711.828,6798.172,16.0,35.899,33.481,48.406,22.912,5.195,31021.663,1488.337,16.0,40.301,37.54,114.4,42.0,9.0,31071.0,32510.0,16.0,42.0,39.0,1614715475.656,2021-03-02 20:04:35.655999899
18330128720,r4605940-n303509,0,28.567,0.0,0.0,2.126,32507.874,16.0,38.135,36.907,67.697,16.097,4.817,6046.799,26463.201,16.0,43.925,41.672,199.9,100.0,24.0,6237.0,32510.0,16.0,52.0,51.0,1612977425.799,2021-02-10 17:17:05.799000025
18331731730,r9170217-n303509,1,24.749,0.0,0.0,0.0,32510.0,16.0,30.0,28.046,67.038,31.634,8.759,1019.902,31490.098,16.0,41.677,40.596,108.87,42.0,12.0,1027.0,32510.0,16.0,44.0,44.0,1613069831.678,2021-02-11 18:57:11.677999973
18351210600,r8024255-n410412,0,187.024,74.967,50.253,6135.666,26374.334,16.0,67.38,70.646,194.586,79.933,53.687,6590.147,25919.853,16.0,67.899,71.462,251.16,93.0,63.0,6801.0,32510.0,16.0,71.0,76.0,1613534814.457,2021-02-17 04:06:54.457000017
18370466357,r9480604-n410412,0,26.182,0.0,0.0,0.0,32510.0,16.0,31.0,29.526,26.182,0.0,0.0,0.0,32510.0,16.0,31.0,29.526,26.3,0.0,0.0,0.0,32510.0,16.0,31.0,30.0,1614734934.13,2021-03-03 01:28:54.130000114
18439272182,r216287-n303509,1,26.144,0.0,0.0,2.979,32507.021,16.0,29.0,28.0,26.144,0.0,0.0,2.979,32507.021,16.0,29.0,28.0,26.35,0.0,0.0,4.0,32510.0,16.0,29.0,28.0,1613099487.091,2021-02-12 03:11:27.091000080
18462702509,r9480604-n303766,0,31.989,1.104,0.043,288.093,32221.907,16.0,34.566,32.254,63.637,37.325,8.987,1573.596,30936.404,16.0,43.127,41.378,126.98,58.0,17.0,1605.0,32510.0,16.0,45.0,44.0,1613336296.466,2021-02-14 20:58:16.466000080
18476985915,r8275852-n303766,0,39.345,0.095,0.0,1071.702,31438.298,16.0,37.809,35.878,41.288,4.387,0.649,1941.321,30568.679,16.0,35.275,33.373,106.14,79.0,11.0,5957.0,32510.0,16.0,41.0,39.0,1613658436.923,2021-02-18 14:27:16.923000097
18498224886,r7141590-n303509,0,26.759,0.0,0.0,0.0,32510.0,16.0,38.479,37.968,75.224,37.669,9.813,1029.871,31480.129,16.0,48.763,46.778,128.69,51.0,14.0,1093.0,32510.0,16.0,52.0,50.0,1613401915.448,2021-02-15 15:11:55.447999954
18571750615,r4099734-n200569,0,25.703,0.0,0.0,0.0,32510.0,16.0,30.0,29.906,25.703,0.0,0.0,0.0,32510.0,16.0,30.0,29.906,25.85,0.0,0.0,0.0,32510.0,16.0,30.0,30.0,1614718332.613,2021-03-02 20:52:12.612999916
18612728647,r5179276-n948219,0,198.067,83.511,55.936,6380.032,26129.968,16.0,68.422,76.139,204.8,87.707,58.927,6661.439,25848.561,16.0,68.482,76.696,245.85,95.0,69.0,6807.0,32510.0,16.0,71.0,80.0,1613575071.79,2021-02-17 15:17:51.789999962
18619610969,r8024255-n410412,0,46.638,0.0,0.0,0.0,32510.0,16.0,53.0,52.8,46.638,0.0,0.0,0.0,32510.0,16.0,53.0,52.8,46.75,0.0,0.0,0.0,32510.0,16.0,53.0,53.0,1613529911.477,2021-02-17 02:45:11.476999998
18626011778,r6727430-n948219,0,173.52,69.484,46.612,6150.769,26359.231,16.0,64.742,68.646,179.715,72.746,48.92,6620.751,25889.249,16.0,66.144,70.422,247.63,94.0,64.0,6807.0,32510.0,16.0,70.0,76.0,1613652895.451,2021-02-18 12:54:55.450999975
18643943801,r2215649-n410412,0,28.098,0.0,0.0,2.399,32507.601,16.0,41.272,38.708,27.917,0.0,0.0,2.865,32507.135,16.0,40.873,38.457,45.39,0.0,0.0,4.0,32510.0,16.0,44.0,41.0,1613787443.579,2021-02-20 02:17:23.578999996
18649747802,r5179276-n948219,0,28.543,0.0,0.0,0.0,32510.0,16.0,37.069,36.632,58.623,31.111,5.76,1042.183,31467.817,16.0,43.645,42.414,94.65,47.0,10.0,1093.0,32510.0,16.0,46.0,45.0,1613383693.271,2021-02-15 10:08:13.270999908
18653415683,r492024-n410412,1,25.458,0.0,0.0,0.0,32510.0,16.0,29.953,29.092,25.458,0.0,0.0,0.0,32510.0,16.0,29.953,29.092,25.56,0.0,0.0,0.0,32510.0,16.0,30.0,30.0,1614734826.743,2021-03-03 01:27:06.743000031
18666615061,r8024255-n410412,0,202.205,84.212,56.473,6413.234,26096.766,16.0,68.464,72.248,210.506,88.949,59.815,6664.799,25845.201,16.0,68.23,72.238,254.67,95.0,67.0,6799.0,32510.0,16.0,72.0,77.0,1613531476.466,2021-02-17 03:11:16.466000080
18700730240,r8972851-n948219,0,36.535,1.154,0.006,1403.148,31106.852,16.0,32.828,31.391,36.535,1.154,0.006,1403.148,31106.852,16.0,32.828,31.391,39.97,12.0,1.0,2245.0,32510.0,16.0,33.0,32.0,1613184160.014,2021-02-13 02:42:40.013999939
18720072876,r6727430-n303509,0,26.722,0.0,0.0,0.003,32509.997,16.0,34.0,31.0,26.722,0.0,0.0,0.003,32509.997,16.0,34.0,31.0,26.88,0.0,0.0,4.0,32510.0,16.0,34.0,31.0,1613401478.471,2021-02-15 15:04:38.470999956
18749296119,r974863-n410412,0,26.136,0.0,0.0,3.004,32506.996,16.0,37.526,37.043,26.136,0.0,0.0,3.004,32506.996,16.0,37.526,37.043,26.4,0.0,0.0,4.0,32510.0,16.0,38.0,38.0,1613011010.496,2021-02-11 02:36:50.496000051
18771507500,r2215649-n410412,1,137.122,55.3,14.859,7829.122,24680.878,16.0,49.615,44.844,120.077,55.523,14.84,8330.189,24179.811,16.0,60.71,57.348,275.37,100.0,32.0,8353.0,32510.0,16.0,72.0,68.0,1613301154.745,2021-02-14 11:12:34.744999886
18793910193,r44132-n303766,0,197.557,80.673,54.081,6140.303,26369.697,16.0,68.401,75.155,206.653,86.346,58.037,6579.054,25930.946,16.0,68.201,75.449,251.93,94.0,68.0,6801.0,32510.0,16.0,71.0,79.0,1613454689.612,2021-02-16 05:51:29.611999989
18807094479,r216287-n303509,1,47.146,26.857,7.947,988.192,31521.808,16.0,36.571,35.241,47.146,26.857,7.947,988.192,31521.808,16.0,36.571,35.241,61.4,40.0,13.0,1327.0,32510.0,16.0,37.0,36.0,1612830060.283,2021-02-09 00:21:00.282999992
18819155068,r4506251-n303766,0,188.193,78.791,52.826,6348.203,26161.797,16.0,59.016,63.73,205.303,85.795,57.653,6655.044,25854.956,16.0,65.69,71.994,256.66,95.0,65.0,6807.0,32510.0,16.0,73.0,81.0,1613463537.269,2021-02-16 08:18:57.269000053
18887122158,r492024-n410412,1,25.448,0.0,0.0,0.0,32510.0,16.0,29.953,29.033,25.449,0.0,0.0,0.295,32509.705,16.0,29.938,29.021,25.56,0.0,0.0,4.0,32510.0,16.0,30.0,30.0,1614735079.641,2021-03-03 01:31:19.641000032
18888127632,r8024255-n410412,0,186.187,74.771,50.096,6160.201,26349.799,16.0,67.479,70.764,192.753,78.954,53.015,6595.634,25914.366,16.0,67.899,71.444,253.24,96.0,63.0,6799.0,32510.0,16.0,71.0,76.0,1613526335.986,2021-02-17 01:45:35.986000061
18906578047,r2215649-n410412,0,206.953,86.642,58.013,6377.816,26132.184,16.0,68.329,70.702,213.785,90.657,60.776,6650.462,25859.538,16.0,68.385,71.032,253.04,95.0,65.0,6799.0,32510.0,16.0,71.0,74.0,1613436267.12,2021-02-16 00:44:27.119999886
18951753276,r4506251-n303766,0,199.48,84.703,56.752,6365.969,26144.031,16.0,59.505,64.546,206.397,86.331,57.979,6652.349,25857.651,16.0,65.432,71.797,257.61,95.0,68.0,6799.0,32510.0,16.0,73.0,80.0,1613470107.932,2021-02-16 10:08:27.931999922
18974950615,r2215649-n303766,1,30.989,0.0,0.0,0.0,32510.0,16.0,48.677,48.409,34.744,9.627,0.831,1884.838,30625.162,16.0,33.213,31.395,191.42,100.0,68.0,8939.0,32510.0,16.0,64.0,63.0,1614015390.461,2021-02-22 17:36:30.460999966
19010204079,r4683026-n948219,0,26.556,0.0,0.0,0.0,32510.0,16.0,35.95,35.97,66.543,34.544,13.38,2646.768,29863.232,16.0,46.29,47.971,134.87,53.0,23.0,4678.0,32510.0,16.0,51.0,54.0,1614443291.987,2021-02-27 16:28:11.986999989
19021258270,r8275852-n410412,0,28.125,0.0,0.0,0.007,32509.993,16.0,32.0,33.696,28.085,0.0,0.0,0.0,32510.0,16.0,31.966,33.344,28.68,0.0,0.0,4.0,32510.0,16.0,34.0,35.0,1614293208.656,2021-02-25 22:46:48.655999899
19038790419,r6727430-n303509,0,44.766,7.839,2.62,27856.608,4653.392,16.0,38.549,35.528,45.051,7.643,2.241,30978.877,1531.123,16.0,39.19,36.058,120.44,55.0,21.0,31071.0,32510.0,16.0,40.0,39.0,1613415697.528,2021-02-15 19:01:37.528000115
19076122864,r6727430-n303509,0,175.294,75.284,50.558,6432.883,26077.117,16.0,55.838,57.984,198.131,85.175,57.31,6682.687,25827.313,16.0,64.536,68.549,247.11,95.0,68.0,6807.0,32510.0,16.0,71.0,76.0,1613445622.452,2021-02-16 03:20:22.451999903
19082480540,r5179276-n948219,0,202.916,86.16,57.665,6408.552,26101.448,16.0,68.884,76.649,205.385,88.434,59.347,6662.36,25847.64,16.0,68.426,76.389,246.38,95.0,66.0,6799.0,32510.0,16.0,72.0,81.0,1613576136.071,2021-02-17 15:35:36.071000099
19171818537,r5179276-n948219,0,199.489,87.311,58.549,6418.037,26091.963,16.0,63.403,68.375,209.109,91.071,61.142,6665.664,25844.336,16.0,67.433,73.37,246.21,95.0,65.0,6807.0,32510.0,16.0,72.0,79.0,1613440972.507,2021-02-16 02:02:52.506999969
19181963143,r368967-n200569,0,27.174,0.241,0.016,0.0,32510.0,16.0,39.845,39.224,37.65,0.012,0.005,934.37,31575.63,16.0,41.64,40.539,118.06,100.0,61.0,9941.0,32510.0,16.0,44.0,47.0,1614737795.265,2021-03-03 02:16:35.265000105
19239140052,r8972851-n303509,0,187.362,75.584,50.626,6163.236,26346.764,16.0,66.948,71.203,197.156,80.736,54.19,6603.314,25906.686,16.0,67.876,72.537,250.4,94.0,63.0,6807.0,32510.0,16.0,71.0,76.0,1613604813.701,2021-02-17 23:33:33.700999975
19326647311,r4683026-n948219,0,26.673,0.0,0.0,0.0,32510.0,16.0,36.0,36.004,38.285,14.504,0.783,27298.844,5211.156,16.0,38.99,38.727,41.38,33.0,2.0,30709.0,32510.0,16.0,41.0,40.0,1614338473.424,2021-02-26 11:21:13.424000025
19351476050,r9988778-n303766,0,24.681,0.0,0.0,0.0,32510.0,16.0,33.294,33.011,57.509,35.997,8.135,1615.201,30894.799,16.0,41.554,41.366,122.36,53.0,15.0,1671.0,32510.0,16.0,44.0,44.0,1613323609.734,2021-02-14 17:26:49.733999968
19394492274,r5179276-n948219,0,195.696,83.49,55.804,6405.511,26104.489,16.0,66.105,73.196,204.548,88.021,59.138,6662.896,25847.104,16.0,67.988,75.676,244.42,100.0,66.0,6799.0,32510.0,16.0,71.0,80.0,1613578011.764,2021-02-17 16:06:51.763999939
19407450719,r4144777-n303509,0,26.853,0.0,0.0,0.0,32510.0,16.0,32.0,30.181,26.853,0.0,0.0,0.0,32510.0,16.0,32.0,30.181,26.99,0.0,0.0,0.0,32510.0,16.0,32.0,31.0,1613051738.697,2021-02-11 13:55:38.697000027
19409061092,r8141575-n303766,0,62.058,19.952,15.144,29897.651,2612.349,16.0,47.496,47.898,57.578,15.004,10.88,31055.536,1454.464,16.0,48.04,48.367,148.44,81.0,65.0,31071.0,32510.0,16.0,52.0,55.0,1614206091.502,2021-02-24 22:34:51.502000093
19417749767,r7141590-n303509,0,26.857,0.0,0.0,0.0,32510.0,16.0,39.0,38.0,26.857,0.0,0.0,0.0,32510.0,16.0,39.0,38.0,27.04,0.0,0.0,0.0,32510.0,16.0,39.0,38.0,1613145505.735,2021-02-12 15:58:25.734999895
19427845206,r4506251-n303766,0,187.839,74.402,49.885,6395.645,26114.355,16.0,66.657,72.678,206.194,85.117,57.24,6666.119,25843.881,16.0,67.692,74.461,255.8,95.0,65.0,6799.0,32510.0,16.0,71.0,78.0,1613463903.333,2021-02-16 08:25:03.332999945
19461253220,r8972851-n303509,0,187.156,76.243,51.052,6227.419,26282.581,16.0,65.444,69.61,195.471,80.208,53.792,6619.659,25890.341,16.0,67.473,72.043,251.61,98.0,63.0,6801.0,32510.0,16.0,72.0,78.0,1613603605.256,2021-02-17 23:13:25.256000041
19511565039,r8473362-n410412,0,26.793,0.0,0.0,3.834,32506.166,16.0,32.209,30.299,27.297,0.0,0.0,3.998,32506.002,16.0,36.009,34.19,27.92,0.0,0.0,4.0,32510.0,16.0,37.0,35.0,1613012965.37,2021-02-11 03:09:25.369999886
19511565039,r8473362-n410412,1,167.588,84.745,48.133,3090.018,29419.982,16.0,52.938,55.404,201.206,99.712,56.699,4484.804,28025.196,16.0,68.33,74.057,221.53,100.0,60.0,4517.0,32510.0,16.0,73.0,79.0,1613012965.374,2021-02-11 03:09:25.374000072
19534378987,r8141575-n303766,0,33.33,1.576,0.253,432.507,32077.493,16.0,39.597,39.323,33.33,1.576,0.253,432.507,32077.493,16.0,39.597,39.323,161.98,100.0,29.0,2413.0,32510.0,16.0,43.0,42.0,1613942355.115,2021-02-21 21:19:15.115000010
19555245473,r974863-n410412,0,26.05,0.0,0.0,2.968,32507.032,16.0,37.0,36.934,26.05,0.0,0.0,2.968,32507.032,16.0,37.0,36.934,26.42,0.0,0.0,4.0,32510.0,16.0,37.0,37.0,1613011625.783,2021-02-11 02:47:05.782999992
19598167609,r5051220-n200569,1,27.797,0.0,0.0,0.0,32510.0,16.0,30.372,28.0,27.797,0.0,0.0,0.0,32510.0,16.0,30.372,28.0,27.85,0.0,0.0,0.0,32510.0,16.0,31.0,28.0,1614716533.617,2021-03-02 20:22:13.617000103
19629450801,r2215649-n303766,0,25.416,0.0,0.0,0.0,32510.0,16.0,33.0,31.0,25.416,0.0,0.0,0.0,32510.0,16.0,33.0,31.0,25.51,0.0,0.0,0.0,32510.0,16.0,33.0,31.0,1614374671.501,2021-02-26 21:24:31.500999928
19639230074,r8972851-n303509,0,176.992,70.044,46.958,6014.105,26495.895,16.0,65.76,69.433,186.141,74.769,50.195,6574.582,25935.418,16.0,67.366,71.521,250.08,94.0,63.0,6807.0,32510.0,16.0,71.0,76.0,1613595718.722,2021-02-17 21:01:58.721999884
19654398853,r7141590-n303509,0,180.398,67.857,45.133,6030.824,26479.176,16.0,67.522,68.544,188.843,74.015,49.346,6578.128,25931.872,16.0,67.961,69.322,266.58,94.0,64.0,6799.0,32510.0,16.0,72.0,74.0,1613483934.796,2021-02-16 13:58:54.796000004
19699234314,r8024255-n410412,0,197.408,81.253,54.434,6322.962,26187.038,16.0,67.896,71.574,207.549,87.223,58.578,6638.298,25871.702,16.0,68.228,72.205,254.15,95.0,68.0,6801.0,32510.0,16.0,71.0,75.0,1613529527.202,2021-02-17 02:38:47.201999903
19700123464,r216287-n303509,0,27.748,0.0,0.0,1.28,32508.72,16.0,29.724,29.0,27.758,0.0,0.0,1.542,32508.458,16.0,29.759,29.002,27.98,0.0,0.0,4.0,32510.0,16.0,30.0,30.0,1613099177.788,2021-02-12 03:06:17.788000107
19783691372,r8275852-n410412,0,32.665,0.055,0.0,345.947,32164.053,16.0,36.476,37.309,40.443,5.379,0.076,2039.495,30470.505,16.0,38.506,39.145,50.94,46.0,1.0,2047.0,32510.0,16.0,40.0,40.0,1613139484.293,2021-02-12 14:18:04.292999983
19787273217,r6727430-n948219,0,26.537,0.0,0.0,0.0,32510.0,16.0,32.0,31.0,26.537,0.0,0.0,0.0,32510.0,16.0,32.0,31.0,26.63,0.0,0.0,0.0,32510.0,16.0,32.0,31.0,1613613328.074,2021-02-18 01:55:28.073999882
19793128134,r8473362-n410412,1,26.093,0.0,0.0,0.0,32510.0,16.0,32.0,31.0,26.093,0.0,0.0,0.0,32510.0,16.0,32.0,31.0,26.13,0.0,0.0,0.0,32510.0,16.0,32.0,31.0,1614734566.685,2021-03-03 01:22:46.684999943
19803674354,r4605940-n303509,0,30.373,0.0,0.0,0.0,32510.0,16.0,32.769,31.0,30.373,0.0,0.0,0.0,32510.0,16.0,32.769,31.0,32.29,0.0,0.0,0.0,32510.0,16.0,33.0,31.0,1612825374.033,2021-02-08 23:02:54.032999992
19814409695,r8473362-n410412,0,28.938,0.0,0.0,0.0,32510.0,16.0,43.857,42.488,29.956,0.616,0.186,96.083,32413.917,16.0,42.706,41.251,240.83,97.0,46.0,7145.0,32510.0,16.0,50.0,49.0,1614003225.595,2021-02-22 14:13:45.595000029
19831251563,r2215649-n303766,0,26.812,0.13,0.0,3076.542,29433.458,16.0,33.169,31.019,40.864,20.698,1.581,29473.268,3036.732,16.0,36.891,34.108,46.01,100.0,6.0,30709.0,32510.0,16.0,38.0,35.0,1614370880.218,2021-02-26 20:21:20.217999935
19844872535,r7419443-n948219,0,37.489,4.987,1.422,407.611,32102.389,16.0,30.946,29.088,72.389,20.75,5.996,1550.336,30959.664,16.0,41.112,39.217,198.83,100.0,31.0,1809.0,32510.0,16.0,46.0,44.0,1613156320.268,2021-02-12 18:58:40.267999887
19912656976,r5354770-n172107,0,26.257,0.0,0.0,0.015,32509.985,16.0,32.012,30.0,26.087,0.0,0.0,3.884,32506.116,16.0,31.499,29.186,26.39,0.0,0.0,4.0,32510.0,16.0,33.0,30.0,1614717980.889,2021-03-02 20:46:20.888999939
19912656976,r5354770-n172107,1,26.434,0.0,0.0,0.014,32509.986,16.0,31.218,30.0,26.233,0.0,0.0,3.884,32506.116,16.0,30.424,29.089,26.55,0.0,0.0,4.0,32510.0,16.0,32.0,30.0,1614717980.892,2021-03-02 20:46:20.891999960
19915758899,r7141590-n948219,0,202.952,82.914,55.255,6318.407,26191.593,16.0,68.415,73.048,211.877,88.086,58.822,6626.38,25883.62,16.0,68.484,73.51,262.58,100.0,65.0,6793.0,32510.0,16.0,71.0,77.0,1613433717.243,2021-02-16 00:01:57.243000031
19962337491,r3974592-n303509,0,99.155,47.021,19.359,22218.487,10291.513,16.0,40.958,39.919,112.712,54.615,22.866,28552.479,3957.521,16.0,53.208,53.181,284.47,100.0,74.0,28581.0,32510.0,16.0,61.0,63.0,1613241562.338,2021-02-13 18:39:22.338000059
19966291862,r4506251-n303766,0,206.395,84.238,56.529,6387.062,26122.938,16.0,68.591,75.087,211.415,87.928,59.162,6663.344,25846.656,16.0,68.187,74.986,255.75,95.0,68.0,6807.0,32510.0,16.0,72.0,79.0,1613503576.424,2021-02-16 19:26:16.424000025
19995021435,r7317916-n948219,0,173.72,73.275,49.217,6098.758,26411.242,16.0,64.695,71.114,179.214,75.268,50.593,6281.235,26228.765,16.0,67.077,73.975,240.76,94.0,63.0,6799.0,32510.0,16.0,71.0,79.0,1613482215.718,2021-02-16 13:30:15.717999935
20019083031,r8141575-n303766,0,35.858,1.923,0.3,464.927,32045.073,16.0,40.352,40.026,35.858,1.923,0.3,464.927,32045.073,16.0,40.352,40.026,140.96,95.0,32.0,1897.0,32510.0,16.0,43.0,42.0,1613942385.517,2021-02-21 21:19:45.516999960
20028197761,r8141575-n303766,0,26.088,0.0,0.0,3.818,32506.182,16.0,32.0,32.0,61.685,34.991,6.058,2394.693,30115.307,16.0,42.481,42.01,213.44,65.0,15.0,2769.0,32510.0,16.0,49.0,47.0,1613936156.438,2021-02-21 19:35:56.437999964
20045180051,r492024-n303766,0,197.414,81.809,54.931,6312.272,26197.728,16.0,68.369,72.78,199.758,83.132,55.948,6646.008,25863.992,16.0,68.337,72.88,250.26,94.0,64.0,6807.0,32510.0,16.0,72.0,77.0,1613436465.411,2021-02-16 00:47:45.411000013
20050837873,r4506251-n303766,0,54.824,0.0,0.0,0.3,32509.7,16.0,57.025,59.05,54.824,0.0,0.0,0.3,32509.7,16.0,57.025,59.05,55.05,0.0,0.0,4.0,32510.0,16.0,58.0,60.0,1613507058.855,2021-02-16 20:24:18.855000019
20068564721,r4144777-n303509,0,27.32,0.0,0.0,3.828,32506.172,16.0,34.299,32.49,113.241,40.318,7.031,26676.065,5833.935,16.0,53.957,50.846,267.33,100.0,52.0,29181.0,32510.0,16.0,74.0,74.0,1613229053.04,2021-02-13 15:10:53.039999962
20086621812,r7269000-n948219,0,194.916,77.243,51.295,6128.491,26381.509,16.0,68.377,71.263,203.991,82.119,54.558,6463.886,26046.114,16.0,68.389,71.478,264.55,95.0,64.0,6799.0,32510.0,16.0,72.0,76.0,1613443193.765,2021-02-16 02:39:53.765000105
20100144338,r9170217-n303509,0,202.863,83.976,56.191,6366.644,26143.356,16.0,68.722,70.063,210.351,88.323,59.241,6652.502,25857.498,16.0,68.447,70.044,254.3,95.0,64.0,6807.0,32510.0,16.0,71.0,74.0,1613439432.978,2021-02-16 01:37:12.977999926
20102047094,r2215649-n303766,0,25.069,0.0,0.0,0.0,32510.0,16.0,31.975,29.007,25.078,0.0,0.0,0.0,32510.0,16.0,31.987,29.021,25.27,0.0,0.0,0.0,32510.0,16.0,32.0,30.0,1613933348.641,2021-02-21 18:49:08.641000032
20122451405,r5179276-n948219,0,202.243,85.611,57.437,6396.353,26113.647,16.0,68.922,75.539,207.126,89.276,59.963,6653.85,25856.15,16.0,68.43,75.479,245.5,95.0,67.0,6793.0,32510.0,16.0,72.0,79.0,1613585587.949,2021-02-17 18:13:07.948999882
20166557085,r2215649-n303766,0,25.215,0.0,0.0,0.0,32510.0,16.0,32.75,30.0,25.215,0.0,0.0,0.0,32510.0,16.0,32.75,30.0,25.24,0.0,0.0,0.0,32510.0,16.0,33.0,30.0,1614368401.698,2021-02-26 19:40:01.697999954
20196279847,r216287-n303509,1,26.09,0.0,0.0,2.994,32507.006,16.0,29.0,27.489,26.09,0.0,0.0,2.994,32507.006,16.0,29.0,27.489,26.26,0.0,0.0,4.0,32510.0,16.0,29.0,28.0,1613099307.186,2021-02-12 03:08:27.186000109
20218826461,r2215649-n410412,0,29.607,0.912,0.033,209.425,32300.575,16.0,31.532,29.19,73.929,43.952,10.949,1280.154,31229.846,16.0,48.3,45.908,123.08,58.0,16.0,1671.0,32510.0,16.0,51.0,49.0,1613419908.512,2021-02-15 20:11:48.512000083
20282385430,r4506251-n410412,0,25.979,0.0,0.0,3.92,32506.08,16.0,31.63,30.24,26.162,0.041,0.001,17.62,32492.38,16.0,31.235,30.079,39.76,26.0,1.0,1311.0,32510.0,16.0,32.0,31.0,1612963314.847,2021-02-10 13:21:54.846999884
20361379304,r8972851-n948219,0,206.088,84.385,56.492,6430.071,26079.929,16.0,67.641,71.546,213.837,89.2,59.824,6643.706,25866.294,16.0,67.952,72.229,258.74,100.0,65.0,6793.0,32510.0,16.0,71.0,76.0,1613526915.538,2021-02-17 01:55:15.538000107
20429601957,r7462820-n410412,1,189.017,76.271,51.197,6297.311,26212.689,16.0,60.593,63.065,194.263,79.071,53.187,6643.291,25866.709,16.0,63.518,66.172,260.47,94.0,63.0,6799.0,32510.0,16.0,72.0,76.0,1613573090.121,2021-02-17 14:44:50.121000051
20436094429,r4683026-n303509,1,26.388,0.0,0.0,0.0,32510.0,16.0,30.982,29.024,26.388,0.0,0.0,0.0,32510.0,16.0,30.982,29.024,26.52,0.0,0.0,0.0,32510.0,16.0,31.0,30.0,1613056496.013,2021-02-11 15:14:56.013000011
20441395344,r4506251-n410412,0,26.493,0.0,0.0,1.663,32508.337,16.0,34.154,33.054,82.007,26.702,21.123,4825.185,27684.815,16.0,48.46,48.966,195.66,89.0,50.0,5409.0,32510.0,16.0,59.0,62.0,1613040824.172,2021-02-11 10:53:44.171999931
20450456390,r414303-n303509,0,27.097,0.0,0.0,0.0,32510.0,16.0,34.056,34.0,27.097,0.0,0.0,0.0,32510.0,16.0,34.056,34.0,27.2,0.0,0.0,0.0,32510.0,16.0,35.0,34.0,1613429356.52,2021-02-15 22:49:16.519999981
20468682254,r810901-n303509,0,35.312,5.581,0.032,431.853,32078.147,16.0,39.641,39.019,73.409,43.346,9.912,1153.604,31356.396,16.0,48.001,48.275,114.67,54.0,13.0,1159.0,32444.0,16.0,49.0,50.0,1613149191.787,2021-02-12 16:59:51.786999941
20480571297,r974863-n410412,1,152.774,64.935,43.497,6419.631,26090.369,16.0,46.509,46.628,156.125,64.817,43.54,6703.592,25806.408,16.0,53.999,55.069,241.72,95.0,65.0,6801.0,32510.0,16.0,68.0,72.0,1613450220.399,2021-02-16 04:37:00.398999929
20480912429,r6959555-n172107,0,47.937,23.948,5.306,28345.737,4164.263,16.0,38.045,34.297,47.469,23.067,5.216,31046.016,1463.984,16.0,38.917,35.227,117.99,100.0,9.0,31071.0,32510.0,16.0,40.0,37.0,1614733818.74,2021-03-03 01:10:18.740000010
20499816572,r2215649-n303766,0,81.278,29.396,19.245,961.167,31548.833,16.0,43.383,41.646,214.042,95.253,63.624,2853.269,29656.731,16.0,68.076,71.013,239.94,98.0,67.0,4309.0,32510.0,16.0,73.0,76.0,1613943172.216,2021-02-21 21:32:52.216000080
20504499862,r7462820-n303766,1,198.126,87.209,58.479,6416.022,26093.978,16.0,59.497,64.227,203.963,90.18,60.628,6663.963,25846.037,16.0,61.524,66.319,244.66,95.0,66.0,6801.0,32510.0,16.0,72.0,77.0,1613650809.857,2021-02-18 12:20:09.857000113
20505442624,r8141575-n303766,1,25.246,0.0,0.0,0.0,32510.0,16.0,30.0,28.0,157.41,67.071,44.731,2014.951,30495.049,16.0,53.358,55.565,254.8,99.0,67.0,4279.0,32510.0,16.0,74.0,79.0,1613934048.288,2021-02-21 19:00:48.288000107
20532700175,r492024-n303766,1,25.57,0.0,0.0,2.016,32507.984,16.0,31.0,30.998,25.57,0.0,0.0,2.016,32507.984,16.0,31.0,30.998,25.63,0.0,0.0,4.0,32510.0,16.0,31.0,31.0,1614715548.939,2021-03-02 20:05:48.938999891
20571430200,r9480604-n410412,0,29.761,0.69,0.032,100.72,32409.28,16.0,38.619,37.041,77.51,39.27,16.262,2615.85,29894.15,16.0,51.247,49.633,130.59,51.0,23.0,2631.0,32510.0,16.0,54.0,52.0,1614186488.058,2021-02-24 17:08:08.058000088
20610177883,r3955005-n172107,1,45.971,23.833,3.447,28960.213,3549.787,16.0,32.548,32.537,46.016,23.895,3.498,31047.106,1462.894,16.0,33.955,33.947,99.06,100.0,6.0,31071.0,32510.0,16.0,36.0,36.0,1614725600.216,2021-03-02 22:53:20.216000080
20670670512,r8024255-n410412,0,133.433,48.363,32.364,6192.232,26317.768,16.0,58.645,60.224,152.055,58.295,39.152,6647.3,25862.7,16.0,60.563,62.605,252.25,94.0,63.0,6799.0,32510.0,16.0,70.0,74.0,1613522637.868,2021-02-17 00:43:57.868000031
20727717921,r3974592-n948219,0,28.226,0.0,0.0,1.697,32508.303,16.0,36.054,36.593,154.654,96.961,54.789,6695.089,25814.911,16.0,66.642,70.579,177.26,100.0,65.0,6711.0,32510.0,16.0,69.0,74.0,1614162521.277,2021-02-24 10:28:41.276999950
20794086151,r7141590-n948219,0,207.461,85.248,56.91,6368.029,26141.971,16.0,68.767,73.629,211.003,87.331,58.41,6650.672,25859.328,16.0,68.32,73.37,261.94,95.0,65.0,6799.0,32510.0,16.0,72.0,77.0,1613431572.103,2021-02-15 23:26:12.102999926
20856692552,r6727430-n948219,0,26.53,0.0,0.0,0.0,32510.0,16.0,32.0,31.0,26.53,0.0,0.0,0.0,32510.0,16.0,32.0,31.0,26.53,0.0,0.0,0.0,32510.0,16.0,32.0,31.0,1613613330.257,2021-02-18 01:55:30.256999969
20876002234,r974863-n410412,0,201.744,85.079,56.964,6370.425,26139.575,16.0,60.141,63.827,212.26,89.492,60.001,6655.528,25854.472,16.0,65.699,70.589,260.95,96.0,68.0,6807.0,32510.0,16.0,73.0,78.0,1613446039.426,2021-02-16 03:27:19.426000118
20886560788,r7269000-n948219,0,28.02,0.0,0.0,0.208,32509.792,16.0,39.0,38.078,28.02,0.0,0.0,0.208,32509.792,16.0,39.0,38.078,28.22,0.0,0.0,4.0,32510.0,16.0,39.0,39.0,1613429787.077,2021-02-15 22:56:27.076999903
20889780738,r8972851-n948219,0,36.517,0.816,0.0,1245.342,31264.658,16.0,33.577,31.832,36.517,0.816,0.0,1245.342,31264.658,16.0,33.577,31.832,40.1,9.0,0.0,1737.0,32510.0,16.0,34.0,32.0,1613184344.699,2021-02-13 02:45:44.698999882
20897065940,r7269000-n948219,0,37.57,0.083,0.006,0.0,32510.0,16.0,48.382,48.031,45.676,10.592,4.262,4002.126,28507.874,16.0,36.777,35.495,167.42,100.0,35.0,8766.0,32510.0,16.0,59.0,59.0,1613184027.038,2021-02-13 02:40:27.038000107
20897065940,r7269000-n948219,1,34.458,0.038,0.003,0.0,32510.0,16.0,44.294,43.999,37.627,0.0,0.0,1203.811,31306.189,16.0,33.944,32.787,49.09,41.0,3.0,1205.0,32510.0,16.0,54.0,54.0,1613184027.041,2021-02-13 02:40:27.040999889
20916714025,r8473362-n410412,0,27.367,0.0,0.0,0.036,32509.964,16.0,36.0,34.002,199.342,92.435,61.839,2799.172,29710.828,16.0,67.786,74.601,247.24,98.0,67.0,4279.0,32510.0,16.0,73.0,81.0,1613995810.249,2021-02-22 12:10:10.249000072
20921450051,r5179276-n948219,0,201.545,85.74,57.448,6376.493,26133.507,16.0,68.77,75.477,205.618,88.683,59.501,6632.442,25877.558,16.0,68.258,75.333,245.63,95.0,65.0,6801.0,32510.0,16.0,71.0,79.0,1613584526.36,2021-02-17 17:55:26.359999895
20923054344,r7269000-n948219,1,188.985,76.424,51.093,6089.759,26420.241,16.0,64.311,68.205,201.933,83.49,55.909,6561.491,25948.509,16.0,65.721,70.264,256.36,100.0,64.0,6793.0,32510.0,16.0,73.0,78.0,1613442758.519,2021-02-16 02:32:38.519000052
20924678421,r8141575-n410412,0,110.258,91.084,61.067,21372.478,11137.522,16.0,45.42,51.465,110.258,91.084,61.067,21372.478,11137.522,16.0,45.42,51.465,150.2,100.0,84.0,22601.0,32510.0,16.0,51.0,59.0,1614552531.491,2021-02-28 22:48:51.490999937
20926432324,r492024-n303766,0,206.149,86.446,58.098,6402.271,26107.729,16.0,69.186,73.911,212.096,90.24,60.766,6655.765,25854.235,16.0,68.551,73.483,250.76,95.0,67.0,6799.0,32510.0,16.0,72.0,77.0,1613431513.797,2021-02-15 23:25:13.796999931
20980269899,r414303-n303509,0,28.928,0.0,0.0,0.0,32510.0,16.0,43.0,44.0,28.928,0.0,0.0,0.0,32510.0,16.0,43.0,44.0,29.04,0.0,0.0,0.0,32510.0,16.0,43.0,44.0,1613429091.578,2021-02-15 22:44:51.578000069
20992766678,r5198790-n172107,0,45.604,17.515,4.365,25930.357,6579.643,16.0,34.013,32.009,49.554,22.171,5.398,31019.587,1490.413,16.0,37.898,35.822,110.54,45.0,10.0,31071.0,32510.0,16.0,39.0,38.0,1614715475.696,2021-03-02 20:04:35.696000099
20993928714,r7462820-n410412,0,173.005,67.984,45.546,6026.121,26483.879,16.0,63.685,68.258,190.243,77.032,51.755,6568.922,25941.078,16.0,67.243,72.673,254.24,94.0,64.0,6799.0,32510.0,16.0,71.0,78.0,1613580022.248,2021-02-17 16:40:22.247999907
21026210280,r44132-n303766,0,26.421,0.0,0.0,0.0,32510.0,16.0,37.0,36.999,27.28,0.335,0.118,49.536,32460.464,16.0,37.057,37.026,225.66,95.0,52.0,7145.0,32510.0,16.0,43.0,44.0,1613472897.893,2021-02-16 10:54:57.892999887
21079217055,r4683026-n948219,1,66.35,28.042,3.771,1231.342,31278.658,16.0,45.731,43.102,67.804,29.922,3.978,1304.826,31205.174,16.0,45.86,43.183,119.16,90.0,12.0,1315.0,32510.0,16.0,48.0,45.0,1613863659.668,2021-02-20 23:27:39.667999983
21098985056,r2215649-n410412,0,26.397,0.0,0.0,0.0,32510.0,16.0,32.0,29.855,26.397,0.0,0.0,0.0,32510.0,16.0,32.0,29.855,26.49,0.0,0.0,0.0,32510.0,16.0,32.0,30.0,1614734527.457,2021-03-03 01:22:07.457000017
21098985056,r2215649-n410412,1,26.119,0.0,0.0,0.0,32510.0,16.0,31.0,29.0,26.119,0.0,0.0,0.0,32510.0,16.0,31.0,29.0,26.29,0.0,0.0,0.0,32510.0,16.0,31.0,29.0,1614734527.46,2021-03-03 01:22:07.460000038
21120538778,r6727430-n948219,0,191.369,81.857,54.873,6291.402,26218.598,16.0,60.079,63.491,201.563,85.411,57.406,6620.843,25889.157,16.0,66.037,70.737,250.27,94.0,64.0,6799.0,32510.0,16.0,72.0,78.0,1613600108.532,2021-02-17 22:15:08.532000064
21121345712,r9988778-n303766,0,24.638,0.0,0.0,0.33,32509.67,16.0,30.0,29.995,91.679,27.543,16.304,9291.917,23218.083,16.0,52.397,52.791,258.41,100.0,67.0,10485.0,32510.0,16.0,73.0,78.0,1614715624.171,2021-03-02 20:07:04.171000004
21121345712,r9988778-n303766,1,27.454,0.088,0.0,65.852,32444.148,16.0,30.08,27.316,94.238,34.467,16.612,9824.318,22685.682,16.0,49.54,49.039,265.45,100.0,67.0,10747.0,32510.0,16.0,71.0,75.0,1614715624.179,2021-03-02 20:07:04.178999901
21132350786,r492024-n303766,0,24.977,0.0,0.0,0.0,32510.0,16.0,33.299,32.0,24.977,0.0,0.0,0.0,32510.0,16.0,33.299,32.0,25.13,0.0,0.0,0.0,32510.0,16.0,34.0,32.0,1613357737.382,2021-02-15 02:55:37.381999969
21132350786,r492024-n303766,1,25.542,0.0,0.0,0.0,32510.0,16.0,31.021,31.0,25.542,0.0,0.0,0.0,32510.0,16.0,31.021,31.0,25.72,0.0,0.0,0.0,32510.0,16.0,32.0,31.0,1613357737.385,2021-02-15 02:55:37.384999990
21186229378,r2215649-n410412,0,206.05,86.27,57.673,6382.503,26127.497,16.0,68.364,70.596,214.539,90.817,60.862,6651.234,25858.766,16.0,68.391,70.943,253.01,95.0,65.0,6799.0,32510.0,16.0,71.0,74.0,1613435233.803,2021-02-16 00:27:13.802999973
21202234480,r9170217-n303509,0,32.138,0.883,0.041,443.66,32066.34,16.0,41.001,37.426,65.565,31.472,10.39,1480.048,31029.952,16.0,48.754,45.342,137.03,58.0,20.0,1669.0,32510.0,16.0,54.0,52.0,1613067522.795,2021-02-11 18:18:42.795000076
21270529586,r7753495-n303509,0,31.515,0.714,0.039,455.696,32054.304,16.0,33.786,31.788,91.951,53.136,16.878,2681.002,29828.998,16.0,49.773,48.348,155.75,65.0,22.0,2693.0,32510.0,16.0,54.0,54.0,1613127059.599,2021-02-12 10:50:59.598999977
21286709160,r7462820-n410412,1,183.796,72.894,48.765,6085.134,26424.866,16.0,65.893,68.316,193.859,78.772,52.914,6580.964,25929.036,16.0,64.87,67.653,260.67,100.0,64.0,6801.0,32510.0,16.0,72.0,75.0,1613575111.038,2021-02-17 15:18:31.038000107
21292581649,r810901-n303509,1,38.224,0.823,0.009,863.611,31646.389,16.0,36.375,36.087,63.607,35.974,8.553,1535.801,30974.199,16.0,42.937,43.462,131.25,52.0,15.0,1539.0,32510.0,16.0,46.0,47.0,1613182312.233,2021-02-13 02:11:52.233000040
21337915351,r2215649-n303766,0,26.346,0.0,0.0,2.095,32507.905,16.0,40.0,38.0,26.346,0.0,0.0,2.095,32507.905,16.0,40.0,38.0,26.5,0.0,0.0,4.0,32510.0,16.0,40.0,38.0,1613954820.493,2021-02-22 00:47:00.493000031
21371212826,r9170217-n948219,0,177.709,73.042,48.982,6095.95,26414.05,16.0,62.521,66.549,189.975,78.46,52.722,6583.898,25926.102,16.0,66.737,71.484,247.35,94.0,63.0,6799.0,32510.0,16.0,70.0,76.0,1613582485.451,2021-02-17 17:21:25.450999975
21453141322,r8024255-n303766,0,31.749,0.087,0.003,510.887,31999.113,16.0,33.503,31.048,33.356,0.096,0.006,717.557,31792.443,16.0,33.925,31.317,39.15,25.0,1.0,1285.0,32510.0,16.0,35.0,32.0,1614720672.437,2021-03-02 21:31:12.437000036
21457898952,r492024-n410412,0,32.565,0.103,0.0,86.042,32423.958,16.0,40.011,38.909,40.182,0.047,0.0,1247.856,31262.144,16.0,36.459,34.642,49.12,25.0,1.0,1249.0,32510.0,16.0,44.0,43.0,1613863821.638,2021-02-20 23:30:21.638000011
21483605957,r1051355-n772143,0,40.152,18.234,2.931,25649.263,6860.737,16.0,33.91,32.048,43.801,22.266,3.553,31006.789,1503.211,16.0,37.657,36.218,97.98,35.0,6.0,31071.0,32510.0,16.0,39.0,38.0,1614721838.856,2021-03-02 21:50:38.855999947
21492435643,r2215649-n410412,0,27.55,0.0,0.0,0.0,32510.0,16.0,40.0,37.236,70.903,31.433,13.024,2614.865,29895.135,16.0,50.63,48.722,133.74,52.0,23.0,2631.0,32510.0,16.0,54.0,54.0,1613787619.067,2021-02-20 02:20:19.066999911
21496091933,r974863-n410412,0,26.299,0.0,0.0,3.114,32506.886,16.0,38.268,37.983,26.299,0.0,0.0,3.114,32506.886,16.0,38.268,37.983,26.56,0.0,0.0,4.0,32510.0,16.0,39.0,38.0,1613010949.003,2021-02-11 02:35:49.003000021
21508637270,r414303-n948219,0,34.18,0.007,0.0,0.007,32509.993,16.0,47.874,46.446,30.727,0.238,0.023,642.908,31867.092,16.0,33.867,31.435,191.73,96.0,76.0,1741.0,32510.0,16.0,58.0,57.0,1614018979.692,2021-02-22 18:36:19.691999912
21525236142,r2215649-n410412,0,31.165,0.9,0.048,196.939,32313.061,16.0,39.662,37.171,66.313,30.181,10.805,2619.383,29890.617,16.0,49.1,46.952,133.38,65.0,20.0,2631.0,32510.0,16.0,56.0,54.0,1613735074.385,2021-02-19 11:44:34.384999990
21530974315,r9852763-n200569,0,27.111,0.0,0.0,0.0,32510.0,16.0,33.0,30.782,27.111,0.0,0.0,0.0,32510.0,16.0,33.0,30.782,27.22,0.0,0.0,0.0,32510.0,16.0,33.0,31.0,1614718322.463,2021-03-02 20:52:02.463000059
21550787961,r4506251-n303766,0,205.146,85.416,57.271,6396.573,26113.427,16.0,66.138,72.342,205.225,85.32,57.323,6668.872,25841.128,16.0,67.124,73.752,254.57,95.0,65.0,6807.0,32510.0,16.0,71.0,79.0,1613465023.86,2021-02-16 08:43:43.859999895
21580578436,r8024255-n410412,0,208.366,87.299,58.508,6419.822,26090.178,16.0,68.474,72.437,212.554,90.176,60.575,6667.993,25842.007,16.0,68.213,72.276,253.7,95.0,65.0,6807.0,32510.0,16.0,71.0,76.0,1613530750.109,2021-02-17 02:59:10.108999968
21605604538,r7141590-n303509,0,34.328,0.688,0.036,646.067,31863.933,16.0,40.589,39.141,76.869,36.298,15.059,2577.585,29932.415,16.0,48.922,47.495,137.91,52.0,24.0,2629.0,32510.0,16.0,52.0,51.0,1613434009.588,2021-02-16 00:06:49.588000059
21637936672,r7462820-n303766,0,37.844,1.021,0.034,1010.053,31499.947,16.0,33.951,31.52,43.941,10.256,1.854,1089.455,31420.545,16.0,35.375,33.159,91.35,48.0,10.0,1159.0,32510.0,16.0,40.0,39.0,1613372691.745,2021-02-15 07:04:51.744999886
21698498748,r4506251-n303766,0,198.11,81.521,54.69,6293.646,26216.354,16.0,66.304,72.269,206.586,85.91,57.789,6635.686,25874.314,16.0,67.361,73.9,254.97,95.0,67.0,6807.0,32510.0,16.0,71.0,79.0,1613506158.553,2021-02-16 20:09:18.552999973
21730621891,r7269000-n303509,0,209.745,87.018,58.259,6418.094,26091.906,16.0,67.961,72.696,215.147,90.119,60.488,6670.872,25839.128,16.0,68.128,73.121,254.82,95.0,66.0,6807.0,32510.0,16.0,71.0,76.0,1613580887.868,2021-02-17 16:54:47.868000031
21759647028,r368967-n200569,0,25.219,0.0,0.0,0.0,32510.0,16.0,30.0,29.0,39.252,1.071,0.815,1518.196,30991.804,16.0,38.506,37.341,123.03,66.0,57.0,6837.0,32510.0,16.0,46.0,49.0,1614725289.915,2021-03-02 22:48:09.914999962
21774089201,r492024-n303766,0,202.359,84.22,56.535,6401.268,26108.732,16.0,68.546,73.199,208.184,87.848,59.048,6655.933,25854.067,16.0,68.599,73.418,250.38,95.0,64.0,6793.0,32510.0,16.0,71.0,77.0,1613433587.46,2021-02-15 23:59:47.460000038
21781901346,r7141590-n948219,0,207.389,84.873,56.649,6354.982,26155.018,16.0,68.516,73.227,214.36,89.053,59.559,6639.924,25870.076,16.0,68.41,73.491,262.19,95.0,65.0,6793.0,32510.0,16.0,71.0,77.0,1613439696.633,2021-02-16 01:41:36.632999897
21785017393,r9170217-n172107,1,42.625,26.568,4.052,29601.111,2908.889,16.0,33.893,31.801,41.738,22.9,3.445,31052.507,1457.493,16.0,34.014,31.906,66.01,100.0,6.0,31071.0,32510.0,16.0,35.0,34.0,1614735646.994,2021-03-03 01:40:46.993999958
21833742164,r8275852-n410412,0,33.586,1.162,0.044,353.532,32156.468,16.0,36.639,37.975,59.565,31.368,7.984,1580.284,30929.716,16.0,41.792,42.844,123.34,52.0,16.0,1605.0,32510.0,16.0,44.0,46.0,1613324769.703,2021-02-14 17:46:09.703000069
21834542035,r7462820-n303766,0,201.13,85.541,57.335,6421.952,26088.048,16.0,66.588,71.299,205.94,88.337,59.273,6672.867,25837.133,16.0,67.733,73.031,250.68,95.0,68.0,6807.0,32510.0,16.0,73.0,79.0,1613650391.184,2021-02-18 12:13:11.184000015
21878502021,r5051220-n172107,0,40.516,21.759,0.914,29599.792,2910.208,16.0,36.962,33.001,40.637,22.283,0.838,31051.875,1458.125,16.0,37.282,33.398,55.96,100.0,6.0,31071.0,32510.0,16.0,38.0,35.0,1614743949.982,2021-03-03 03:59:09.982000113
21879720755,r492024-n410412,0,28.088,0.0,0.0,0.0,32510.0,16.0,32.0,31.0,159.27,83.595,28.435,27626.646,4883.354,16.0,63.561,64.836,274.5,100.0,46.0,31127.0,32510.0,16.0,72.0,74.0,1613688902.748,2021-02-18 22:55:02.747999907
21879720755,r492024-n410412,1,25.404,0.0,0.0,0.0,32510.0,16.0,30.0,29.039,159.762,83.692,27.792,27723.311,4786.689,16.0,62.257,60.181,285.34,100.0,43.0,31127.0,32510.0,16.0,74.0,71.0,1613688902.756,2021-02-18 22:55:02.756000042
21939504450,r492024-n303766,0,199.902,83.184,55.784,6350.79,26159.21,16.0,68.937,73.52,204.706,86.321,58.021,6645.363,25864.637,16.0,68.378,73.166,250.69,95.0,64.0,6799.0,32510.0,16.0,72.0,77.0,1613436838.757,2021-02-16 00:53:58.756999969
21970831346,r7317916-n948219,0,148.172,60.623,40.69,6085.822,26424.178,16.0,60.091,65.374,160.611,66.732,44.835,6609.021,25900.979,16.0,65.235,71.418,240.75,100.0,63.0,6799.0,32510.0,16.0,71.0,79.0,1613481275.889,2021-02-16 13:14:35.888999939
22005247718,r7462820-n410412,0,174.732,68.147,45.626,6036.893,26473.107,16.0,65.426,70.032,189.628,75.927,50.947,6576.767,25933.233,16.0,67.57,72.973,253.92,94.0,64.0,6807.0,32510.0,16.0,72.0,79.0,1613578405.651,2021-02-17 16:13:25.651000023
22046211323,r8024255-n303766,0,26.95,0.0,0.0,0.0,32510.0,16.0,34.0,31.874,27.327,0.014,0.0,14.501,32495.499,16.0,34.029,31.9,37.66,9.0,1.0,457.0,32510.0,16.0,35.0,32.0,1614332633.361,2021-02-26 09:43:53.361000061
22054466120,r2684277-n948219,0,31.952,2.462,0.0,269.25,32240.75,16.0,36.385,35.0,31.952,2.462,0.0,269.25,32240.75,16.0,36.385,35.0,39.38,38.0,0.0,991.0,32510.0,16.0,37.0,35.0,1614067268.9,2021-02-23 08:01:08.900000095
22095739731,r216287-n772143,0,27.408,0.0,0.0,0.42,32509.58,16.0,31.0,27.001,143.381,55.717,32.005,25220.48,7289.52,16.0,62.055,64.78,293.58,100.0,84.0,30765.0,32510.0,16.0,74.0,81.0,1614728043.164,2021-03-02 23:34:03.164000034
22095739731,r216287-n772143,1,27.689,0.08,0.0,93.63,32416.37,16.0,29.024,28.004,140.121,68.496,32.107,27253.621,5256.379,16.0,57.799,58.079,289.0,100.0,80.0,31709.0,32510.0,16.0,73.0,75.0,1614728043.167,2021-03-02 23:34:03.167000055
22136128559,r9648383-n410412,0,26.409,0.0,0.0,0.0,32510.0,16.0,32.0,31.981,26.409,0.0,0.0,0.0,32510.0,16.0,32.0,31.981,26.51,0.0,0.0,0.0,32510.0,16.0,32.0,32.0,1614734527.447,2021-03-03 01:22:07.447000027
22136128559,r9648383-n410412,1,26.86,0.0,0.0,0.0,32510.0,16.0,32.0,29.0,26.86,0.0,0.0,0.0,32510.0,16.0,32.0,29.0,26.99,0.0,0.0,0.0,32510.0,16.0,32.0,29.0,1614734527.451,2021-03-03 01:22:07.450999975
22141363037,r9480604-n303766,0,27.396,0.0,0.0,0.0,32510.0,16.0,31.0,29.0,27.396,0.0,0.0,0.0,32510.0,16.0,31.0,29.0,27.54,0.0,0.0,0.0,32510.0,16.0,31.0,29.0,1613439108.402,2021-02-16 01:31:48.401999950
22148671855,r8972851-n303509,0,181.603,72.33,48.471,6108.23,26401.77,16.0,65.773,69.756,191.376,77.387,51.963,6583.458,25926.542,16.0,67.498,71.981,250.43,100.0,64.0,6807.0,32510.0,16.0,71.0,76.0,1613600274.51,2021-02-17 22:17:54.509999989
22175253853,r8972851-n303509,0,178.917,70.331,47.027,6079.781,26430.219,16.0,66.291,70.221,189.435,76.279,51.146,6590.441,25919.559,16.0,67.685,72.049,249.72,94.0,63.0,6807.0,32510.0,16.0,71.0,76.0,1613608481.205,2021-02-18 00:34:41.204999924
22191082302,r414303-n303509,0,27.173,0.0,0.0,0.0,32510.0,16.0,35.0,35.0,27.173,0.0,0.0,0.0,32510.0,16.0,35.0,35.0,27.31,0.0,0.0,0.0,32510.0,16.0,35.0,35.0,1613429326.831,2021-02-15 22:48:46.831000090
22191894545,r9170217-n303509,0,60.969,65.577,6.635,10068.876,22441.124,16.0,37.503,33.883,79.663,95.238,9.749,21248.508,11261.492,16.0,47.993,43.878,247.9,100.0,48.0,23257.0,32510.0,16.0,55.0,52.0,1613127120.374,2021-02-12 10:52:00.374000072
22191894545,r9170217-n303509,1,60.178,65.609,5.888,9957.87,22552.13,16.0,34.216,32.5,79.964,95.213,9.022,19775.814,12734.186,16.0,44.276,42.78,254.74,100.0,46.0,21169.0,32510.0,16.0,51.0,50.0,1613127120.379,2021-02-12 10:52:00.378999949
22227056498,r216287-n303509,0,67.48,20.978,6.28,688.194,31821.806,16.0,51.839,51.452,67.48,20.978,6.28,688.194,31821.806,16.0,51.839,51.452,137.79,67.0,23.0,1699.0,32510.0,16.0,53.0,54.0,1612825366.993,2021-02-08 23:02:46.993000031
22237414205,r9480604-n303766,1,38.62,0.107,0.0,1175.39,31334.61,16.0,37.247,36.013,48.825,10.431,1.489,2257.209,30252.791,16.0,37.205,35.714,250.98,85.0,25.0,4463.0,32510.0,16.0,46.0,44.0,1613796214.351,2021-02-20 04:43:34.351000071
22238543322,r8141575-n410412,1,131.241,51.419,13.831,7797.855,24712.145,16.0,48.981,46.538,143.765,54.127,14.51,8440.573,24069.427,16.0,64.177,64.018,277.8,100.0,32.0,8461.0,32510.0,16.0,70.0,70.0,1614620924.173,2021-03-01 17:48:44.173000097
22256973253,r2215649-n303766,0,26.219,0.0,0.0,2.286,32507.714,16.0,39.0,37.143,26.219,0.0,0.0,2.286,32507.714,16.0,39.0,37.143,26.42,0.0,0.0,4.0,32510.0,16.0,39.0,38.0,1613954840.409,2021-02-22 00:47:20.408999920
22279120407,r4683026-n172107,0,25.791,0.0,0.0,0.0,32510.0,16.0,29.0,29.865,25.939,0.0,0.0,0.0,32510.0,16.0,30.027,30.496,26.36,0.0,0.0,0.0,32510.0,16.0,32.0,32.0,1614714427.213,2021-03-02 19:47:07.213000059
22287509203,r810901-n303509,0,34.803,6.26,0.041,511.302,31998.698,16.0,38.814,38.195,60.899,39.321,6.045,1157.076,31352.924,16.0,42.916,42.606,99.33,49.0,8.0,1159.0,32444.0,16.0,45.0,45.0,1613181128.309,2021-02-13 01:52:08.309000015
22301987242,r8275852-n410412,0,28.927,0.0,0.0,0.0,32510.0,16.0,36.0,37.005,28.927,0.0,0.0,0.0,32510.0,16.0,36.0,37.005,29.16,0.0,0.0,0.0,32510.0,16.0,36.0,38.0,1613688183.162,2021-02-18 22:43:03.161999941
22368527038,r8024255-n410412,0,27.457,1.766,1.145,400.335,32109.665,16.0,32.349,30.209,27.457,1.766,1.145,400.335,32109.665,16.0,32.349,30.209,90.01,74.0,24.0,5071.0,32510.0,16.0,35.0,33.0,1613022075.188,2021-02-11 05:41:15.187999964
22368527038,r8024255-n410412,1,28.253,1.755,1.147,401.504,32108.496,16.0,30.455,30.068,28.253,1.755,1.147,401.504,32108.496,16.0,30.455,30.068,92.08,56.0,24.0,5071.0,32510.0,16.0,32.0,33.0,1613022075.191,2021-02-11 05:41:15.190999985
22441941936,r492024-n410412,0,28.171,0.0,0.0,0.0,32510.0,16.0,32.998,31.0,28.279,0.0,0.0,0.0,32510.0,16.0,33.146,31.546,29.14,0.0,0.0,0.0,32510.0,16.0,36.0,34.0,1614573984.831,2021-03-01 04:46:24.831000090
22546131896,r6727430-n303509,0,26.17,0.0,0.0,0.0,32510.0,16.0,32.0,29.0,101.291,64.358,23.293,8952.873,23557.127,16.0,50.705,50.072,165.71,84.0,33.0,8966.0,32510.0,16.0,57.0,58.0,1613205246.116,2021-02-13 08:34:06.115999937
22561134499,r8024255-n410412,0,205.073,87.221,58.482,6412.453,26097.547,16.0,64.319,67.207,210.994,89.802,60.303,6645.797,25864.203,16.0,66.957,70.767,257.38,95.0,67.0,6799.0,32510.0,16.0,74.0,78.0,1613530400.664,2021-02-17 02:53:20.664000034
22569549363,r7419443-n948219,0,27.329,0.058,0.0,19.242,32490.758,16.0,30.002,28.011,39.445,13.85,0.0,1014.825,31495.175,16.0,34.112,32.512,45.14,45.0,1.0,1017.0,32510.0,16.0,39.0,38.0,1613687257.991,2021-02-18 22:27:37.990999937
22581422633,r7141590-n948219,0,208.598,85.949,57.357,6358.129,26151.871,16.0,68.661,73.472,216.66,90.309,60.413,6643.238,25866.762,16.0,68.406,73.618,263.67,96.0,65.0,6801.0,32510.0,16.0,72.0,77.0,1613434076.781,2021-02-16 00:07:56.780999899
22585375457,r7462820-n410412,0,196.307,80.121,53.758,6371.327,26138.673,16.0,67.112,72.677,200.845,83.052,55.808,6658.991,25851.009,16.0,67.885,73.721,252.34,94.0,65.0,6807.0,32510.0,16.0,70.0,77.0,1613586186.912,2021-02-17 18:23:06.911999941
22617329691,r7269000-n303509,0,30.895,0.165,0.004,63.512,32446.488,16.0,33.089,30.291,44.837,6.49,2.598,2950.095,29559.905,16.0,36.304,33.629,256.74,100.0,63.0,17919.0,32510.0,16.0,56.0,55.0,1612886091.58,2021-02-09 15:54:51.579999924
22618796460,r7462820-n303766,0,202.722,86.226,57.779,6419.61,26090.39,16.0,68.816,73.943,209.726,89.472,60.03,6648.33,25861.67,16.0,68.646,73.905,247.1,95.0,66.0,6793.0,32510.0,16.0,72.0,78.0,1613652162.453,2021-02-18 12:42:42.453000069
22662581744,r9480604-n410412,0,27.298,0.0,0.0,0.216,32509.784,16.0,38.0,36.027,27.298,0.0,0.0,0.216,32509.784,16.0,38.0,36.027,27.6,0.0,0.0,4.0,32510.0,16.0,38.0,37.0,1613786345.888,2021-02-20 01:59:05.888000011
22713382567,r4683026-n948219,0,26.752,0.0,0.0,0.0,32510.0,16.0,36.531,36.607,219.996,98.436,67.997,3320.169,29189.831,16.0,68.429,77.857,238.28,99.0,72.0,5675.0,32510.0,16.0,75.0,85.0,1614341892.187,2021-02-26 12:18:12.187000036
22729539516,r7462820-n303766,0,206.015,86.411,57.882,6412.617,26097.383,16.0,69.104,74.118,209.211,89.01,59.74,6661.597,25848.403,16.0,68.535,73.827,249.62,95.0,66.0,6793.0,32510.0,16.0,73.0,78.0,1613653559.445,2021-02-18 13:05:59.444999933
22735450142,r2684277-n948219,1,180.899,79.105,55.009,4109.704,28400.296,16.0,48.644,53.328,215.743,93.427,65.756,4790.089,27719.911,16.0,60.149,67.379,240.16,97.0,71.0,4795.0,32510.0,16.0,64.0,72.0,1614007404.929,2021-02-22 15:23:24.928999901
22758079627,r8972851-n172107,0,59.611,24.836,10.985,29519.923,2990.077,16.0,38.743,38.37,61.15,26.082,11.65,31054.797,1455.203,16.0,41.681,41.466,134.84,100.0,22.0,31071.0,32510.0,16.0,44.0,45.0,1614737356.364,2021-03-03 02:09:16.364000082
22759113315,r4506251-n303766,0,202.398,83.034,55.786,6405.943,26104.057,16.0,66.303,72.514,210.068,87.609,58.949,6667.607,25842.393,16.0,67.522,74.366,256.23,95.0,64.0,6807.0,32510.0,16.0,71.0,78.0,1613468107.892,2021-02-16 09:35:07.891999960
22779463109,r2215649-n410412,0,27.638,0.0,0.0,0.0,32510.0,16.0,40.0,37.0,27.638,0.0,0.0,0.0,32510.0,16.0,40.0,37.0,27.77,0.0,0.0,0.0,32510.0,16.0,40.0,37.0,1613500766.928,2021-02-16 18:39:26.927999973
22812963814,r2684277-n948219,0,35.258,3.115,2.076,2577.362,29932.638,16.0,30.441,29.09,35.258,3.115,2.076,2577.362,29932.638,16.0,30.441,29.09,192.5,100.0,77.0,27707.0,32510.0,16.0,36.0,39.0,1613257457.598,2021-02-13 23:04:17.598000050
22949384866,r8141575-n303766,0,26.29,0.0,0.0,0.0,32510.0,16.0,32.874,32.729,26.29,0.0,0.0,0.0,32510.0,16.0,32.874,32.729,26.4,0.0,0.0,0.0,32510.0,16.0,33.0,33.0,1614758538.286,2021-03-03 08:02:18.286000013
22949384866,r8141575-n303766,1,25.447,0.0,0.0,0.0,32510.0,16.0,30.0,29.0,25.447,0.0,0.0,0.0,32510.0,16.0,30.0,29.0,25.62,0.0,0.0,0.0,32510.0,16.0,30.0,29.0,1614758538.289,2021-03-03 08:02:18.289000034
22962530395,r810901-n303509,0,35.493,0.0,0.0,2.729,32507.271,16.0,46.219,46.996,90.294,36.186,29.178,6981.869,25528.131,16.0,48.466,50.922,177.91,65.0,53.0,7213.0,32510.0,16.0,57.0,61.0,1613049982.233,2021-02-11 13:26:22.233000040
22974822120,r9988778-n303766,0,49.191,21.973,5.467,29952.339,2557.661,16.0,47.426,47.142,46.993,21.354,5.173,31059.872,1450.128,16.0,38.46,37.977,121.03,41.0,10.0,31071.0,32510.0,16.0,56.0,57.0,1613413886.212,2021-02-15 18:31:26.211999893
22975536590,r4605940-n303509,0,40.549,3.735,1.184,19923.025,12586.975,16.0,34.34,32.355,43.301,3.445,2.065,29977.859,2532.141,16.0,34.308,32.25,215.48,100.0,73.0,31021.0,32510.0,16.0,40.0,42.0,1612820464.905,2021-02-08 21:41:04.904999971
23043528742,r414303-n948219,0,26.759,0.02,0.0,4.653,32505.347,16.0,33.378,31.383,65.631,37.22,10.857,1544.228,30965.772,16.0,42.581,40.524,109.77,51.0,17.0,1605.0,32510.0,16.0,45.0,43.0,1614081029.872,2021-02-23 11:50:29.871999979
23044743590,r4683026-n303509,0,28.256,0.0,0.0,0.0,32510.0,16.0,32.0,29.997,28.256,0.0,0.0,0.0,32510.0,16.0,32.0,29.997,28.47,0.0,0.0,0.0,32510.0,16.0,32.0,30.0,1613057085.789,2021-02-11 15:24:45.789000034
23062391063,r6727430-n303509,0,27.097,0.0,0.0,3.01,32506.99,16.0,36.006,33.268,27.097,0.0,0.0,3.01,32506.99,16.0,36.006,33.268,27.36,0.0,0.0,4.0,32510.0,16.0,37.0,34.0,1613012978.043,2021-02-11 03:09:38.042999983
23108736470,r6727430-n303509,1,24.481,0.0,0.0,0.0,32510.0,16.0,29.0,28.957,24.481,0.0,0.0,0.0,32510.0,16.0,29.0,28.957,24.58,0.0,0.0,0.0,32510.0,16.0,29.0,29.0,1612974925.551,2021-02-10 16:35:25.551000118
23125008107,r9648383-n410412,1,27.764,0.034,0.0,28.262,32481.738,16.0,35.91,33.408,79.566,88.041,11.739,11183.606,21326.394,16.0,49.461,46.952,146.0,100.0,55.0,11496.0,32510.0,16.0,58.0,58.0,1614162614.716,2021-02-24 10:30:14.716000080
23192451953,r216287-n303509,1,28.033,0.0,0.0,3.07,32506.93,16.0,39.0,37.023,28.033,0.0,0.0,3.07,32506.93,16.0,39.0,37.023,28.33,0.0,0.0,4.0,32510.0,16.0,39.0,38.0,1612829818.024,2021-02-09 00:16:58.023999929
23202874310,r8024255-n410412,0,177.165,70.782,47.453,5909.811,26600.189,16.0,66.012,69.018,185.276,74.653,50.147,6535.541,25974.459,16.0,67.62,71.101,253.45,94.0,63.0,6793.0,32510.0,16.0,72.0,76.0,1613528304.377,2021-02-17 02:18:24.377000093
23211391888,r8972851-n303509,0,189.78,76.025,50.965,6203.289,26306.711,16.0,67.453,71.864,197.229,80.791,54.273,6609.985,25900.015,16.0,67.962,72.7,251.33,95.0,64.0,6799.0,32510.0,16.0,72.0,77.0,1613603185.455,2021-02-17 23:06:25.454999924
23261747417,r44132-n303766,0,198.203,84.451,56.537,6355.503,26154.497,16.0,60.757,65.792,206.885,87.511,58.754,6650.03,25859.97,16.0,66.244,72.74,252.5,95.0,64.0,6801.0,32510.0,16.0,74.0,81.0,1613470107.932,2021-02-16 10:08:27.931999922
23294812599,r4506251-n303766,0,127.203,43.416,29.107,6414.124,26095.876,16.0,56.351,59.666,153.498,55.492,37.268,6720.821,25789.179,16.0,64.438,69.168,259.02,95.0,66.0,6807.0,32510.0,16.0,72.0,80.0,1613502621.491,2021-02-16 19:10:21.490999937
23306259259,r974863-n303766,0,27.055,7.469,0.002,66.0,32444.0,16.0,34.581,32.53,65.23,35.69,10.215,1512.249,30997.751,16.0,45.62,43.522,113.04,51.0,16.0,1671.0,32510.0,16.0,51.0,50.0,1613849297.607,2021-02-20 19:28:17.607000113
23340757772,r9170217-n303509,0,202.849,83.945,56.176,6354.845,26155.155,16.0,68.715,70.08,210.341,88.27,59.206,6643.753,25866.247,16.0,68.431,70.026,254.87,94.0,64.0,6799.0,32510.0,16.0,72.0,74.0,1613439079.437,2021-02-16 01:31:19.437000036
23355759569,r8972851-n303509,0,34.219,1.061,0.005,302.699,32207.301,16.0,36.146,36.061,54.836,28.92,4.505,1090.101,31419.899,16.0,40.737,40.691,98.95,46.0,8.0,1093.0,32510.0,16.0,43.0,43.0,1613179736.367,2021-02-13 01:28:56.367000103
23375628749,r2684277-n303509,0,27.015,0.0,0.0,0.0,32510.0,16.0,31.996,31.996,27.015,0.0,0.0,0.0,32510.0,16.0,31.996,31.996,27.22,0.0,0.0,0.0,32510.0,16.0,32.0,32.0,1612788541.814,2021-02-08 12:49:01.813999891
23386102000,r7141590-n303509,0,26.826,0.0,0.0,0.0,32510.0,16.0,39.0,38.0,26.826,0.0,0.0,0.0,32510.0,16.0,39.0,38.0,26.95,0.0,0.0,0.0,32510.0,16.0,39.0,38.0,1613144737.024,2021-02-12 15:45:37.023999929
23400397450,r7317916-n948219,1,196.847,83.775,56.255,6392.183,26117.817,16.0,55.845,59.077,208.147,88.424,59.488,6663.112,25846.888,16.0,62.661,67.803,257.35,95.0,65.0,6807.0,32510.0,16.0,71.0,78.0,1613477104.576,2021-02-16 12:05:04.575999975
23413677134,r2215649-n303766,0,41.024,13.207,0.588,1107.678,31402.322,16.0,36.109,33.171,41.024,13.207,0.588,1107.678,31402.322,16.0,36.109,33.171,44.99,25.0,1.0,1149.0,32510.0,16.0,37.0,34.0,1614375804.738,2021-02-26 21:43:24.737999916
23427415767,r492024-n410412,0,28.08,0.0,0.0,0.0,32510.0,16.0,32.0,30.981,28.165,0.0,0.0,0.0,32510.0,16.0,32.912,31.005,28.66,0.0,0.0,0.0,32510.0,16.0,33.0,32.0,1614557793.339,2021-03-01 00:16:33.338999987
23429485705,r9170217-n948219,0,27.46,0.0,0.0,0.0,32510.0,16.0,32.0,30.959,51.427,69.952,3.263,1151.865,31358.135,16.0,38.576,36.675,69.14,99.0,5.0,1591.0,32510.0,16.0,41.0,39.0,1613464436.368,2021-02-16 08:33:56.368000031
23476400489,r7141590-n172107,1,39.429,18.533,2.881,26246.406,6263.594,16.0,31.459,30.703,42.132,24.652,3.754,31006.808,1503.192,16.0,33.685,33.17,61.42,35.0,5.0,31071.0,32510.0,16.0,35.0,35.0,1614715744.752,2021-03-02 20:09:04.752000093
23526390651,r7462820-n410412,0,185.246,73.26,49.061,6084.513,26425.487,16.0,67.528,72.662,193.098,78.295,52.537,6586.475,25923.525,16.0,67.896,73.424,254.0,94.0,64.0,6807.0,32510.0,16.0,72.0,78.0,1613575948.998,2021-02-17 15:32:28.997999907
23573286544,r4683026-n948219,0,26.966,0.0,0.0,0.0,32510.0,16.0,37.463,37.919,206.145,91.071,62.494,3242.781,29267.219,16.0,67.651,76.517,236.89,97.0,68.0,7145.0,32510.0,16.0,75.0,84.0,1614617211.55,2021-03-01 16:46:51.549999952
23578924890,r5179276-n948219,0,201.53,86.186,57.671,6417.683,26092.317,16.0,67.864,74.597,206.128,89.023,59.708,6672.371,25837.629,16.0,68.326,75.41,244.19,95.0,69.0,6807.0,32510.0,16.0,70.0,78.0,1613582409.968,2021-02-17 17:20:09.967999935
23579323029,r7141590-n948219,0,207.827,85.067,56.705,6352.337,26157.663,16.0,68.507,73.27,214.78,89.246,59.661,6640.865,25869.135,16.0,68.404,73.534,262.64,99.0,65.0,6793.0,32510.0,16.0,71.0,76.0,1613440755.625,2021-02-16 01:59:15.625000000
23589993177,r9659953-n172107,0,44.735,22.034,0.917,29868.24,2641.76,16.0,36.236,36.001,44.468,21.347,0.818,31053.189,1456.811,16.0,36.001,35.719,60.02,100.0,6.0,31071.0,32510.0,16.0,37.0,37.0,1614751310.48,2021-03-03 06:01:50.480000019
23604566303,r9988778-n303766,1,43.723,23.183,1.713,29681.57,2828.43,16.0,35.359,32.367,43.601,21.259,1.513,31054.548,1455.452,16.0,35.763,32.752,75.35,100.0,6.0,31071.0,32510.0,16.0,36.0,34.0,1613424221.371,2021-02-15 21:23:41.371000051
23611751578,r6727430-n303509,0,202.28,85.816,57.612,6408.269,26101.731,16.0,67.954,72.564,208.425,89.542,60.209,6659.425,25850.575,16.0,68.085,73.14,246.8,95.0,65.0,6799.0,32510.0,16.0,71.0,76.0,1613438089.556,2021-02-16 01:14:49.555999994
23614932097,r7141590-n948219,0,200.687,82.288,54.982,6349.385,26160.615,16.0,67.219,71.764,206.054,84.831,56.806,6655.907,25854.093,16.0,67.718,72.624,263.69,95.0,68.0,6807.0,32510.0,16.0,71.0,77.0,1613447036.643,2021-02-16 03:43:56.642999887
23660940443,r7753495-n303509,0,25.027,0.0,0.0,0.0,32510.0,16.0,33.642,32.334,47.393,13.793,2.9,1002.754,31507.246,16.0,36.874,34.967,109.85,45.0,12.0,1027.0,32510.0,16.0,50.0,48.0,1613537907.795,2021-02-17 04:58:27.795000076
23703478217,r9648383-n303766,0,38.821,0.717,0.04,948.003,31561.997,16.0,36.955,34.923,63.002,31.578,7.162,1088.317,31421.683,16.0,41.959,39.419,106.16,46.0,12.0,1093.0,32510.0,16.0,44.0,42.0,1613849910.304,2021-02-20 19:38:30.303999901
23715493176,r4506251-n303766,0,28.775,0.0,0.0,0.654,32509.346,16.0,35.0,35.499,28.775,0.0,0.0,0.654,32509.346,16.0,35.0,35.499,29.03,0.0,0.0,4.0,32510.0,16.0,35.0,36.0,1613391240.725,2021-02-15 12:14:00.724999905
23728277580,r414303-n948219,1,171.125,78.017,51.721,2420.794,30089.206,16.0,48.162,49.891,210.06,95.366,63.933,2882.868,29627.132,16.0,62.95,65.969,252.78,99.0,67.0,4309.0,32510.0,16.0,65.0,68.0,1613948960.427,2021-02-21 23:09:20.427000046
23730570058,r974863-n410412,0,26.023,0.0,0.0,2.986,32507.014,16.0,37.0,36.309,26.023,0.0,0.0,2.986,32507.014,16.0,37.0,36.309,26.38,0.0,0.0,4.0,32510.0,16.0,37.0,37.0,1613011872.022,2021-02-11 02:51:12.022000074
23734230281,r7462820-n410412,0,194.428,79.353,53.155,6379.902,26130.098,16.0,66.982,72.519,204.489,85.152,57.184,6666.218,25843.782,16.0,67.675,73.757,253.07,94.0,64.0,6807.0,32510.0,16.0,70.0,77.0,1613585052.925,2021-02-17 18:04:12.924999952
23796088112,r2684277-n948219,0,51.784,26.952,4.759,29890.605,2619.395,16.0,42.483,40.631,46.154,14.218,2.36,31000.492,1509.508,16.0,40.179,38.325,60.82,100.0,11.0,31071.0,32510.0,16.0,43.0,42.0,1614082330.636,2021-02-23 12:12:10.635999918
23809733670,r8972851-n303509,0,188.367,75.525,50.597,6237.9,26272.1,16.0,67.183,71.332,198.301,81.619,54.821,6625.329,25884.671,16.0,67.913,72.504,248.93,94.0,64.0,6807.0,32510.0,16.0,71.0,76.0,1613611396.362,2021-02-18 01:23:16.361999989
23812844465,r8275852-n303766,0,25.757,0.0,0.0,0.0,32510.0,16.0,31.0,30.0,25.769,0.0,0.0,0.0,32510.0,16.0,31.0,30.0,25.89,0.0,0.0,0.0,32510.0,16.0,31.0,30.0,1613169437.243,2021-02-12 22:37:17.243000031
23812844465,r8275852-n303766,1,27.378,0.0,0.0,0.0,32510.0,16.0,31.0,27.792,27.391,0.0,0.0,0.0,32510.0,16.0,31.0,27.901,27.59,0.0,0.0,0.0,32510.0,16.0,31.0,28.0,1613169437.25,2021-02-12 22:37:17.250000000
23826543573,r8141575-n303766,0,26.41,0.0,0.0,0.0,32510.0,16.0,34.336,34.449,75.221,44.847,10.9,1534.728,30975.272,16.0,46.917,46.829,127.05,65.0,16.0,1605.0,32510.0,16.0,49.0,50.0,1614033560.905,2021-02-22 22:39:20.904999971
23836482265,r1051355-n200569,0,26.05,0.0,0.0,0.0,32510.0,16.0,28.536,27.0,26.05,0.0,0.0,0.0,32510.0,16.0,28.536,27.0,26.15,0.0,0.0,0.0,32510.0,16.0,29.0,27.0,1614718322.477,2021-03-02 20:52:02.476999998
23841459356,r7419443-n948219,0,27.137,0.0,0.0,0.0,32510.0,16.0,31.0,29.047,27.137,0.0,0.0,0.0,32510.0,16.0,31.0,29.047,27.31,0.0,0.0,0.0,32510.0,16.0,31.0,30.0,1613643824.331,2021-02-18 10:23:44.331000090
23885817268,r9852763-n172107,0,48.403,26.695,6.6,29334.175,3175.825,16.0,36.493,37.155,46.096,27.328,6.868,31052.161,1457.839,16.0,37.235,37.864,90.83,100.0,11.0,31071.0,32510.0,16.0,39.0,40.0,1614725989.015,2021-03-02 22:59:49.015000105
23921389584,r7141590-n303509,0,29.859,0.739,0.042,147.666,32362.334,16.0,39.268,38.167,92.508,51.964,15.933,2682.175,29827.825,16.0,52.212,50.409,159.15,66.0,22.0,2693.0,32510.0,16.0,55.0,54.0,1613153212.237,2021-02-12 18:06:52.236999989
23945893278,r4144777-n303509,0,52.575,10.639,5.559,23079.29,9430.71,16.0,38.859,36.42,48.375,6.255,3.809,29645.636,2864.364,16.0,39.002,36.439,229.0,100.0,76.0,31021.0,32510.0,16.0,46.0,49.0,1612838327.938,2021-02-09 02:38:47.937999964
23961486799,r7317916-n948219,0,172.655,73.953,49.695,6151.782,26358.218,16.0,63.823,70.458,184.208,78.96,53.093,6601.85,25908.15,16.0,67.638,74.908,243.03,94.0,63.0,6807.0,32510.0,16.0,73.0,82.0,1613480399.756,2021-02-16 12:59:59.756000042
23987772661,r2684277-n303509,0,27.083,0.0,0.0,0.0,32510.0,16.0,32.0,32.0,27.083,0.0,0.0,0.0,32510.0,16.0,32.0,32.0,27.15,0.0,0.0,0.0,32510.0,16.0,32.0,32.0,1612542416.286,2021-02-05 16:26:56.286000013
23991063027,r414303-n948219,0,26.356,0.0,0.0,0.0,32510.0,16.0,32.0,30.0,37.729,15.047,0.79,27231.215,5278.785,16.0,35.089,32.553,40.73,22.0,1.0,30709.0,32510.0,16.0,36.0,34.0,1614338473.424,2021-02-26 11:21:13.424000025
24016739990,r1039410-n303509,0,30.703,1.012,0.001,164.588,32345.412,16.0,39.523,37.694,48.908,24.674,3.783,1076.673,31433.327,16.0,42.9,41.039,92.91,43.0,8.0,1093.0,32510.0,16.0,45.0,43.0,1613334611.871,2021-02-14 20:30:11.871000051
24045589591,r7141590-n172107,1,54.999,25.395,10.107,29013.843,3496.157,16.0,34.325,34.222,57.11,27.349,11.314,31047.623,1462.377,16.0,37.877,37.659,114.74,100.0,20.0,31071.0,32510.0,16.0,41.0,42.0,1614724805.763,2021-03-02 22:40:05.763000011
24089752183,r4506251-n410412,1,25.861,0.0,0.0,0.0,32510.0,16.0,31.991,28.996,25.856,0.0,0.0,0.0,32510.0,16.0,31.92,28.942,26.11,0.0,0.0,0.0,32510.0,16.0,32.0,29.0,1613395284.578,2021-02-15 13:21:24.578000069
24152679179,r9648383-n303766,0,129.717,57.014,28.135,7625.983,24884.017,16.0,58.714,58.3,174.853,83.886,41.805,19481.884,13028.116,16.0,68.586,69.59,232.29,100.0,57.0,19529.0,32510.0,16.0,73.0,74.0,1614104215.614,2021-02-23 18:16:55.614000082
24153151603,r8972851-n303509,0,175.308,72.611,48.597,6126.531,26383.469,16.0,57.578,61.175,187.02,76.109,51.057,6599.68,25910.32,16.0,65.607,69.882,250.7,94.0,64.0,6799.0,32510.0,16.0,73.0,78.0,1613612493.974,2021-02-18 01:41:33.973999977
24171563076,r5179276-n948219,0,201.948,86.32,57.831,6400.667,26109.333,16.0,68.381,74.92,205.7,88.877,59.67,6627.395,25882.605,16.0,68.286,75.164,245.59,95.0,68.0,6793.0,32510.0,16.0,71.0,79.0,1613587900.224,2021-02-17 18:51:40.223999977
24173530933,r7462820-n303766,1,198.989,87.09,58.549,6429.477,26080.523,16.0,59.433,64.043,204.101,90.002,60.538,6674.018,25835.982,16.0,61.31,65.952,247.56,95.0,67.0,6807.0,32510.0,16.0,69.0,74.0,1613652232.843,2021-02-18 12:43:52.842999935
24176917292,r9170217-n948219,0,150.86,64.217,43.166,5703.389,26806.611,16.0,48.527,50.298,187.553,79.592,53.66,6468.81,26041.19,16.0,62.24,66.479,249.76,95.0,65.0,6807.0,32510.0,16.0,73.0,79.0,1613457848.447,2021-02-16 06:44:08.447000027
24177367204,r9515777-n410412,0,24.595,0.0,0.0,0.0,32510.0,16.0,33.0,31.0,24.702,0.0,0.0,0.0,32510.0,16.0,34.143,31.771,25.28,0.0,0.0,0.0,32510.0,16.0,37.0,35.0,1614546235.954,2021-02-28 21:03:55.953999996
24183770045,r204106-n200569,0,37.203,0.079,0.0,968.796,31541.204,16.0,33.891,31.779,37.93,0.003,0.0,1037.088,31472.912,16.0,34.611,32.335,38.37,17.0,1.0,1039.0,32510.0,16.0,35.0,33.0,1614719074.538,2021-03-02 21:04:34.538000107
24202033952,r7462820-n303766,1,196.792,87.105,58.326,6394.361,26115.639,16.0,59.033,63.527,201.989,89.582,60.134,6656.372,25853.628,16.0,60.884,65.546,243.64,95.0,67.0,6799.0,32510.0,16.0,69.0,74.0,1613651525.448,2021-02-18 12:32:05.447999954
24224414241,r9852763-n200569,0,38.113,0.205,0.003,902.456,31607.544,16.0,34.842,31.933,38.113,0.205,0.003,902.456,31607.544,16.0,34.842,31.933,40.93,21.0,1.0,1039.0,32510.0,16.0,35.0,33.0,1614718743.974,2021-03-02 20:59:03.973999977
24250182563,r8275852-n303766,0,26.966,0.0,0.0,0.0,32510.0,16.0,37.396,36.344,37.864,0.258,0.043,1403.9,31106.1,16.0,37.925,36.184,72.84,60.0,10.0,1407.0,32510.0,16.0,43.0,41.0,1613581342.799,2021-02-17 17:02:22.799000025
24251224664,r7269000-n948219,1,182.174,71.875,48.142,6106.49,26403.51,16.0,61.285,64.871,191.207,77.626,52.132,6585.221,25924.779,16.0,63.623,67.66,254.71,93.0,63.0,6793.0,32510.0,16.0,72.0,76.0,1613444946.573,2021-02-16 03:09:06.572999954
24286353527,r8024255-n303766,0,37.475,0.099,0.005,1173.457,31336.543,16.0,35.227,32.926,38.032,0.012,0.007,1573.521,30936.479,16.0,35.746,32.969,78.05,31.0,3.0,1577.0,32510.0,16.0,36.0,34.0,1614723059.054,2021-03-02 22:10:59.053999901
24377361441,r9515777-n410412,0,48.802,26.416,4.426,629.869,31880.131,16.0,36.243,32.996,62.4,42.528,7.121,913.789,31596.211,16.0,38.993,35.623,142.0,100.0,38.0,3761.0,32510.0,16.0,49.0,45.0,1614504614.275,2021-02-28 09:30:14.275000095
24382036461,r8024255-n410412,1,25.465,0.0,0.0,0.0,32510.0,16.0,30.88,29.986,25.465,0.0,0.0,0.0,32510.0,16.0,30.88,29.986,25.57,0.0,0.0,0.0,32510.0,16.0,31.0,30.0,1614734934.187,2021-03-03 01:28:54.187000036
24407437942,r9988778-n303766,1,27.649,0.112,0.0,44.75,32465.25,16.0,32.679,30.118,220.534,94.074,65.057,3188.382,29321.618,16.0,60.942,67.126,253.35,99.0,70.0,7145.0,32510.0,16.0,73.0,80.0,1613408731.643,2021-02-15 17:05:31.642999887
24417693069,r44132-n303766,0,190.122,77.584,51.985,6356.955,26153.045,16.0,66.775,72.666,204.827,85.622,57.524,6649.768,25860.232,16.0,67.651,74.484,251.54,94.0,64.0,6799.0,32510.0,16.0,72.0,80.0,1613469014.302,2021-02-16 09:50:14.302000046
24425875217,r7141590-n303509,0,170.63,66.765,44.499,6018.094,26491.906,16.0,64.529,65.242,185.587,72.492,48.333,6559.627,25950.373,16.0,67.458,68.693,269.17,94.0,64.0,6799.0,32510.0,16.0,73.0,75.0,1613484954.663,2021-02-16 14:15:54.663000107
24430576150,r8141575-n303766,0,26.143,0.0,0.0,0.0,32510.0,16.0,32.001,32.015,26.748,0.296,0.048,227.857,32282.143,16.0,32.052,32.043,64.13,79.0,23.0,7733.0,32510.0,16.0,34.0,35.0,1614251757.265,2021-02-25 11:15:57.265000105
24430576150,r8141575-n303766,1,25.211,0.0,0.0,0.0,32510.0,16.0,30.0,28.0,26.342,0.284,0.038,279.484,32230.516,16.0,30.084,28.04,102.18,74.0,13.0,7783.0,32510.0,16.0,32.0,33.0,1614251757.274,2021-02-25 11:15:57.273999929
24459653541,r2684277-n948219,0,27.254,0.0,0.0,3.591,32506.409,16.0,36.0,35.0,27.206,0.0,0.0,3.995,32506.005,16.0,36.0,34.924,27.67,0.0,0.0,4.0,32510.0,16.0,36.0,35.0,1614048548.26,2021-02-23 02:49:08.259999990
24497741444,r204106-n200569,0,37.037,0.194,0.002,910.721,31599.279,16.0,33.906,31.828,37.037,0.194,0.002,910.721,31599.279,16.0,33.906,31.828,38.49,21.0,1.0,1039.0,32510.0,16.0,34.0,32.0,1614718754.419,2021-03-02 20:59:14.418999910
24613871280,r1039410-n303509,0,30.423,0.724,0.037,271.803,32238.197,16.0,38.593,36.689,78.785,42.464,13.294,2522.13,29987.87,16.0,48.352,47.305,141.65,68.0,23.0,2693.0,32510.0,16.0,52.0,52.0,1613065616.786,2021-02-11 17:46:56.786000013
24625976766,r3974592-n303509,1,24.824,0.0,0.0,3.664,32506.336,16.0,28.0,27.0,24.824,0.0,0.0,3.664,32506.336,16.0,28.0,27.0,25.13,0.0,0.0,4.0,32510.0,16.0,28.0,27.0,1613287604.865,2021-02-14 07:26:44.865000010
24627951701,r7753495-n303509,0,25.444,0.0,0.0,3.832,32506.168,16.0,36.0,35.0,25.445,0.0,0.0,3.798,32506.202,16.0,36.0,35.0,25.7,0.0,0.0,4.0,32510.0,16.0,36.0,35.0,1613683810.908,2021-02-18 21:30:10.907999992
24794547604,r1900814-n172107,1,44.704,22.567,3.653,28879.687,3630.313,16.0,35.445,33.123,45.009,22.357,3.628,31044.325,1465.675,16.0,36.447,34.248,96.21,100.0,6.0,31071.0,32510.0,16.0,39.0,37.0,1614724865.808,2021-03-02 22:41:05.808000088
24801045674,r3974592-n303509,1,24.839,0.0,0.0,3.924,32506.076,16.0,28.0,27.0,24.839,0.0,0.0,3.924,32506.076,16.0,28.0,27.0,25.13,0.0,0.0,4.0,32510.0,16.0,28.0,27.0,1613290000.326,2021-02-14 08:06:40.325999975
24891011704,r8141575-n303766,1,25.334,0.0,0.0,0.0,32510.0,16.0,30.0,28.0,25.334,0.0,0.0,0.0,32510.0,16.0,30.0,28.0,25.53,0.0,0.0,0.0,32510.0,16.0,30.0,28.0,1614047654.005,2021-02-23 02:34:14.005000114
24905655898,r6727430-n303509,0,26.662,0.0,0.0,0.427,32509.573,16.0,33.0,30.0,26.662,0.0,0.0,0.427,32509.573,16.0,33.0,30.0,26.79,0.0,0.0,4.0,32510.0,16.0,33.0,30.0,1614711780.478,2021-03-02 19:03:00.477999926
24905655898,r6727430-n303509,1,24.506,0.0,0.0,0.373,32509.627,16.0,29.0,29.0,24.506,0.0,0.0,0.373,32509.627,16.0,29.0,29.0,24.58,0.0,0.0,4.0,32510.0,16.0,29.0,29.0,1614711780.481,2021-03-02 19:03:00.480999947
24951622081,r9170217-n303509,0,202.736,83.75,56.018,6360.71,26149.29,16.0,68.977,70.496,209.513,87.816,58.851,6653.999,25856.001,16.0,68.502,70.137,255.19,94.0,64.0,6807.0,32510.0,16.0,72.0,74.0,1613437241.762,2021-02-16 01:00:41.762000084
24954527420,r6727430-n948219,0,184.88,76.18,51.147,6153.422,26356.578,16.0,62.853,66.729,195.597,81.371,54.76,6580.836,25929.164,16.0,67.146,71.904,248.58,94.0,65.0,6799.0,32510.0,16.0,71.0,76.0,1613653327.06,2021-02-18 13:02:07.059999943
24956431912,r8972851-n303509,0,33.418,0.677,0.033,207.528,32302.472,16.0,36.406,36.251,65.923,33.163,8.046,1087.84,31422.16,16.0,44.013,44.413,115.94,48.0,13.0,1093.0,32510.0,16.0,46.0,47.0,1613140404.56,2021-02-12 14:33:24.559999943
25055763389,r4506251-n303766,0,158.454,60.513,40.554,6394.849,26115.151,16.0,60.054,64.09,183.925,72.936,48.997,6683.218,25826.782,16.0,65.963,71.537,257.76,95.0,65.0,6799.0,32510.0,16.0,73.0,81.0,1613505078.62,2021-02-16 19:51:18.619999886
25095911747,r4506251-n303766,0,42.166,1.507,0.0,594.406,31915.594,16.0,52.536,55.406,42.166,1.507,0.0,594.406,31915.594,16.0,52.536,55.406,47.19,9.0,0.0,1077.0,32510.0,16.0,53.0,57.0,1614722950.01,2021-03-02 22:09:10.009999990
25165769984,r414303-n200569,0,25.477,0.0,0.0,3.989,32506.011,16.0,30.0,29.975,25.347,0.0,0.0,4.0,32506.0,16.0,29.634,29.37,25.73,0.0,0.0,4.0,32510.0,16.0,30.0,31.0,1614716120.607,2021-03-02 20:15:20.607000113
25165769984,r414303-n200569,1,24.63,0.0,0.0,3.989,32506.011,16.0,29.0,27.0,24.425,0.0,0.0,4.0,32506.0,16.0,28.123,26.091,24.94,0.0,0.0,4.0,32510.0,16.0,29.0,27.0,1614716120.61,2021-03-02 20:15:20.609999895
25189708439,r5179276-n948219,0,204.302,87.0,58.282,6419.024,26090.976,16.0,68.934,74.996,199.616,85.074,57.087,6670.571,25839.429,16.0,67.775,73.697,247.28,95.0,66.0,6799.0,32510.0,16.0,72.0,79.0,1613437220.276,2021-02-16 01:00:20.276000023
25193187077,r6959555-n750018,0,22.885,0.0,0.0,0.0,32510.0,16.0,28.0,25.99,22.885,0.0,0.0,0.0,32510.0,16.0,28.0,25.99,22.97,0.0,0.0,0.0,32510.0,16.0,28.0,26.0,1614740572.395,2021-03-03 03:02:52.394999981
25213965060,r216287-n303509,1,38.108,10.719,3.488,297.29,32212.71,16.0,30.859,29.066,98.791,63.861,20.749,1631.75,30878.25,16.0,49.874,48.95,139.79,75.0,26.0,1687.0,32510.0,16.0,53.0,52.0,1612821771.817,2021-02-08 22:02:51.816999912
25252149395,r7141590-n303509,0,26.85,0.0,0.0,0.348,32509.652,16.0,39.0,38.0,26.85,0.0,0.0,0.348,32509.652,16.0,39.0,38.0,27.07,0.0,0.0,4.0,32510.0,16.0,39.0,38.0,1613145836.545,2021-02-12 16:03:56.545000076
25257204372,r2215649-n410412,0,28.247,4.065,0.0,104.592,32405.408,16.0,36.475,33.854,57.433,33.094,5.646,1145.921,31364.079,16.0,43.412,40.723,113.88,49.0,10.0,1159.0,32444.0,16.0,45.0,43.0,1613467606.497,2021-02-16 09:26:46.496999979
25277745499,r7141590-n303509,0,26.886,0.0,0.0,0.167,32509.833,16.0,39.0,38.0,26.886,0.0,0.0,0.167,32509.833,16.0,39.0,38.0,27.08,0.0,0.0,4.0,32510.0,16.0,39.0,38.0,1613145656.106,2021-02-12 16:00:56.105999947
25335787114,r44132-n303766,0,184.6,76.8,51.426,6017.951,26492.049,16.0,62.145,67.434,195.277,81.058,54.417,6559.585,25950.415,16.0,66.677,73.1,251.78,95.0,65.0,6807.0,32510.0,16.0,73.0,81.0,1613465097.741,2021-02-16 08:44:57.740999937
25353364528,r8275852-n410412,0,158.223,67.046,44.918,5538.134,26971.866,16.0,53.563,57.967,186.403,78.49,52.679,6409.188,26100.812,16.0,64.499,70.129,246.83,94.0,64.0,6793.0,32510.0,16.0,71.0,78.0,1613440442.149,2021-02-16 01:54:02.148999929
25391952696,r7317916-n948219,0,170.649,74.142,49.804,6151.532,26358.468,16.0,64.272,70.763,181.873,79.0,53.165,6590.603,25919.397,16.0,67.455,74.736,236.59,94.0,64.0,6807.0,32510.0,16.0,72.0,80.0,1613479536.195,2021-02-16 12:45:36.194999933
25423032447,r7419443-n948219,0,31.778,1.13,0.025,288.725,32221.275,16.0,32.889,31.495,55.679,31.73,5.71,1075.457,31434.543,16.0,38.627,37.345,103.15,51.0,11.0,1093.0,32510.0,16.0,40.0,39.0,1613324687.699,2021-02-14 17:44:47.698999882
25431355758,r2215649-n303766,0,26.415,0.0,0.0,2.182,32507.818,16.0,40.0,38.0,26.415,0.0,0.0,2.182,32507.818,16.0,40.0,38.0,26.59,0.0,0.0,4.0,32510.0,16.0,40.0,38.0,1613954809.086,2021-02-22 00:46:49.085999966
25433901556,r7141590-n303509,0,26.856,0.0,0.0,0.0,32510.0,16.0,39.0,38.0,26.856,0.0,0.0,0.0,32510.0,16.0,39.0,38.0,27.04,0.0,0.0,0.0,32510.0,16.0,39.0,38.0,1613144186.659,2021-02-12 15:36:26.658999920
25525170311,r492024-n303766,0,25.043,0.0,0.0,2.818,32507.182,16.0,34.0,32.251,30.032,1.429,1.012,1531.512,30978.488,16.0,34.43,32.649,204.12,91.0,69.0,18813.0,32510.0,16.0,39.0,42.0,1613366999.594,2021-02-15 05:29:59.594000101
25544752459,r7753495-n303509,0,24.998,0.0,0.0,0.0,32510.0,16.0,31.288,29.933,45.381,12.961,2.888,1580.688,30929.312,16.0,36.844,34.964,135.9,56.0,17.0,1605.0,32510.0,16.0,49.0,48.0,1613470916.744,2021-02-16 10:21:56.743999958
25544853070,r216287-n303509,0,106.723,62.258,20.47,1638.016,30871.984,16.0,54.811,54.907,111.166,66.568,21.872,1695.026,30814.974,16.0,57.836,58.044,149.2,74.0,26.0,1699.0,32510.0,16.0,59.0,60.0,1612825378.727,2021-02-08 23:02:58.726999998
25576353503,r5354770-n750018,0,39.394,0.124,0.009,1149.309,31360.691,16.0,34.962,34.343,38.911,0.015,0.008,1277.429,31232.571,16.0,33.433,32.673,51.48,25.0,1.0,1285.0,32510.0,16.0,36.0,35.0,1614721523.414,2021-03-02 21:45:23.414000034
25585431325,r4506251-n303766,0,157.282,57.212,38.351,6407.747,26102.253,16.0,65.857,70.705,174.914,66.855,44.919,6697.833,25812.167,16.0,67.768,73.387,257.27,96.0,68.0,6801.0,32510.0,16.0,73.0,81.0,1613504478.064,2021-02-16 19:41:18.063999891
25591139406,r6707841-n772143,1,41.3,23.015,1.56,27861.738,4648.262,16.0,36.248,31.729,41.738,21.887,1.484,31032.818,1477.182,16.0,36.009,31.444,71.6,100.0,6.0,31071.0,32510.0,16.0,38.0,33.0,1614730508.973,2021-03-03 00:15:08.973000050
25678268009,r492024-n303766,0,205.463,86.476,58.144,6394.245,26115.755,16.0,68.096,72.918,209.936,89.187,60.104,6656.983,25853.017,16.0,68.201,73.2,249.26,100.0,64.0,6799.0,32510.0,16.0,71.0,76.0,1613442037.589,2021-02-16 02:20:37.588999987
25692198677,r8024255-n410412,0,204.777,86.779,58.142,6411.968,26098.032,16.0,65.975,69.384,209.385,88.81,59.633,6669.08,25840.92,16.0,67.294,71.239,254.69,96.0,69.0,6807.0,32510.0,16.0,72.0,76.0,1613529940.347,2021-02-17 02:45:40.346999884
25695070073,r8141575-n303766,0,26.119,0.0,0.0,0.0,32510.0,16.0,32.0,31.998,26.154,0.0,0.0,0.0,32510.0,16.0,32.001,32.107,26.38,0.0,0.0,0.0,32510.0,16.0,33.0,33.0,1614759517.458,2021-03-03 08:18:37.457999945
25695070073,r8141575-n303766,1,25.27,0.0,0.0,0.0,32510.0,16.0,29.741,28.299,25.252,0.0,0.0,0.0,32510.0,16.0,29.669,28.097,25.5,0.0,0.0,0.0,32510.0,16.0,30.0,29.0,1614759517.461,2021-03-03 08:18:37.460999966
25718761312,r8972851-n948219,0,184.452,72.877,48.728,5931.22,26578.78,16.0,64.94,67.966,189.027,75.578,50.687,6543.874,25966.126,16.0,66.523,69.836,258.65,97.0,68.0,6799.0,32510.0,16.0,71.0,75.0,1613527972.522,2021-02-17 02:12:52.522000074
25728880554,r7753495-n303509,0,37.893,0.096,0.0,1182.451,31327.549,16.0,40.006,38.205,45.204,6.528,0.945,1897.271,30612.729,16.0,40.944,38.784,120.64,85.0,12.0,5817.0,32510.0,16.0,47.0,45.0,1613681900.848,2021-02-18 20:58:20.848000050
25741796929,r810901-n948219,1,26.003,0.0,0.0,0.0,32510.0,16.0,30.0,29.868,26.003,0.0,0.0,0.0,32510.0,16.0,30.0,29.868,26.17,0.0,0.0,0.0,32510.0,16.0,30.0,30.0,1614169892.014,2021-02-24 12:31:32.013999939
25759557438,r7269000-n303509,0,207.08,84.987,56.873,6365.871,26144.129,16.0,68.133,72.592,211.92,88.232,59.171,6639.754,25870.246,16.0,68.188,72.969,253.06,95.0,68.0,6799.0,32510.0,16.0,70.0,76.0,1613586933.121,2021-02-17 18:35:33.121000051
25765071301,r9988778-n410412,0,26.9,0.379,0.0,137.796,32372.204,16.0,32.139,31.074,28.933,0.71,0.022,385.789,32124.211,16.0,32.542,31.312,46.51,47.0,4.0,2623.0,32510.0,16.0,35.0,33.0,1613218651.467,2021-02-13 12:17:31.467000008
25765925209,r9852763-n172107,1,38.67,19.595,2.917,26001.652,6508.348,16.0,33.434,30.461,40.939,24.382,3.705,31004.379,1505.621,16.0,35.755,32.832,59.86,38.0,5.0,31071.0,32510.0,16.0,37.0,34.0,1614715744.677,2021-03-02 20:09:04.677000046
25779095020,r7317916-n948219,0,195.119,86.011,57.841,6380.937,26129.063,16.0,68.31,76.187,199.445,89.16,60.082,6652.088,25857.912,16.0,68.149,76.483,237.05,95.0,67.0,6799.0,32510.0,16.0,71.0,80.0,1613477887.296,2021-02-16 12:18:07.296000004
25779594908,r492024-n410412,0,28.113,0.0,0.0,0.0,32510.0,16.0,32.0,30.0,28.113,0.0,0.0,0.0,32510.0,16.0,32.0,30.0,28.16,0.0,0.0,0.0,32510.0,16.0,32.0,30.0,1614735030.222,2021-03-03 01:30:30.221999884
25781950046,r8275852-n410412,0,28.607,0.077,0.0,33.887,32476.113,16.0,32.001,33.0,198.097,91.274,57.998,3314.19,29195.81,16.0,67.853,73.996,215.95,98.0,63.0,3361.0,32510.0,16.0,72.0,79.0,1614066893.891,2021-02-23 07:54:53.891000032
25848527204,r4683026-n948219,0,40.685,7.375,4.923,428.168,32081.832,16.0,38.632,39.191,207.454,93.986,66.015,4781.008,27728.992,16.0,68.381,78.278,232.81,96.0,71.0,5245.0,32510.0,16.0,73.0,84.0,1613778654.418,2021-02-19 23:50:54.417999983
25850265712,r6727430-n303509,0,32.621,11.766,0.432,558.19,31951.81,16.0,33.667,29.995,39.212,24.23,0.879,1126.514,31383.486,16.0,36.802,33.638,40.3,32.0,2.0,1167.0,32510.0,16.0,37.0,34.0,1612974925.55,2021-02-10 16:35:25.549999952
25856461857,r9480604-n410412,0,34.862,0.059,0.0,449.428,32060.572,16.0,38.715,36.646,35.282,0.065,0.001,472.187,32037.813,16.0,38.834,36.771,40.25,14.0,1.0,713.0,32510.0,16.0,40.0,38.0,1614182691.759,2021-02-24 16:04:51.759000063
25916582711,r9988778-n410412,1,25.233,0.0,0.0,0.0,32510.0,16.0,30.375,28.68,25.233,0.0,0.0,0.0,32510.0,16.0,30.375,28.68,25.36,0.0,0.0,0.0,32510.0,16.0,31.0,29.0,1614734826.743,2021-03-03 01:27:06.743000031
25992112109,r4506251-n410412,0,56.539,11.134,8.875,4129.794,28380.206,16.0,41.85,41.1,103.887,41.071,33.282,6511.699,25998.301,16.0,53.29,54.849,197.92,63.0,54.0,6541.0,32510.0,16.0,61.0,65.0,1613042723.475,2021-02-11 11:25:23.474999905
25993587885,r9988778-n410412,0,25.242,0.0,0.0,2.415,32507.585,16.0,30.0,29.001,26.024,0.091,0.0,70.777,32439.223,16.0,30.068,29.025,38.06,10.0,0.0,1205.0,32510.0,16.0,31.0,30.0,1614736398.198,2021-03-03 01:53:18.197999954
26003084654,r7462820-n410412,1,180.927,70.573,47.35,6118.409,26391.591,16.0,64.482,66.83,193.275,78.18,52.607,6598.179,25911.821,16.0,64.085,66.716,257.09,94.0,64.0,6807.0,32510.0,16.0,68.0,71.0,1613574294.93,2021-02-17 15:04:54.930000067
26024804309,r368967-n172107,0,24.819,0.0,0.0,0.0,32510.0,16.0,29.0,27.967,24.819,0.0,0.0,0.0,32510.0,16.0,29.0,27.967,24.91,0.0,0.0,0.0,32510.0,16.0,29.0,28.0,1614710754.223,2021-03-02 18:45:54.223000050
26024804309,r368967-n172107,1,25.535,0.0,0.0,0.0,32510.0,16.0,28.0,29.0,25.535,0.0,0.0,0.0,32510.0,16.0,28.0,29.0,25.61,0.0,0.0,0.0,32510.0,16.0,28.0,29.0,1614710754.227,2021-03-02 18:45:54.226999998
26153825528,r6727430-n948219,0,29.481,1.054,0.0,232.205,32277.795,16.0,32.893,31.0,29.481,1.054,0.0,232.205,32277.795,16.0,32.893,31.0,37.73,10.0,0.0,1295.0,32510.0,16.0,33.0,31.0,1613613774.098,2021-02-18 02:02:54.098000050
26156427598,r4506251-n303766,0,29.36,0.0,0.0,0.0,32510.0,16.0,37.0,38.157,29.36,0.0,0.0,0.0,32510.0,16.0,37.0,38.157,29.57,0.0,0.0,0.0,32510.0,16.0,37.0,39.0,1613468635.89,2021-02-16 09:43:55.890000105
26163096071,r6727430-n948219,0,163.233,70.371,47.169,5563.898,26946.102,16.0,48.825,50.65,189.393,79.939,53.741,6412.923,26097.077,16.0,62.117,66.099,249.35,95.0,64.0,6793.0,32510.0,16.0,71.0,77.0,1613650088.938,2021-02-18 12:08:08.937999964
26252711653,r492024-n303766,0,202.485,84.25,56.5,6347.458,26162.542,16.0,69.292,73.955,208.87,88.676,59.637,6641.719,25868.281,16.0,68.545,73.475,250.61,94.0,65.0,6799.0,32510.0,16.0,72.0,77.0,1613440275.647,2021-02-16 01:51:15.647000074
26283359083,r7753495-n303509,0,28.284,0.841,0.032,106.512,32403.488,16.0,37.539,36.185,76.769,40.571,12.093,2432.547,30077.453,16.0,48.073,46.59,143.13,56.0,18.0,2629.0,32510.0,16.0,50.0,49.0,1613672151.672,2021-02-18 18:15:51.671999931
26298696541,r8024255-n303766,0,39.414,19.048,1.475,28059.352,4450.648,16.0,36.257,33.748,40.614,19.675,1.458,31034.875,1475.125,16.0,37.873,35.373,52.35,32.0,2.0,31071.0,32510.0,16.0,40.0,38.0,1614184827.818,2021-02-24 16:40:27.818000078
26302202239,r6727430-n303509,0,203.473,86.216,57.746,6416.071,26093.929,16.0,69.314,74.195,205.338,87.803,58.946,6670.146,25839.854,16.0,68.459,73.451,247.77,100.0,65.0,6807.0,32510.0,16.0,72.0,78.0,1613439526.947,2021-02-16 01:38:46.947000027
26338952628,r810901-n303509,0,32.313,2.73,0.662,756.786,31753.214,16.0,33.4,32.229,37.212,6.643,1.846,1712.078,30797.922,16.0,34.654,33.453,138.7,59.0,16.0,3965.0,32510.0,16.0,38.0,38.0,1613066187.416,2021-02-11 17:56:27.415999889
26385977070,r1039410-n948219,0,25.95,0.0,0.0,3.959,32506.041,16.0,30.0,30.0,25.945,0.0,0.0,3.919,32506.081,16.0,30.0,30.0,26.12,0.0,0.0,4.0,32510.0,16.0,30.0,30.0,1613477197.417,2021-02-16 12:06:37.417000055
26385977070,r1039410-n948219,1,25.112,0.0,0.0,3.959,32506.041,16.0,30.0,27.001,25.113,0.0,0.0,3.919,32506.081,16.0,30.0,27.001,25.25,0.0,0.0,4.0,32510.0,16.0,30.0,28.0,1613477197.42,2021-02-16 12:06:37.420000076
26385977070,r2684277-n948219,0,26.496,0.0,0.0,3.944,32506.056,16.0,30.895,29.675,26.489,0.0,0.0,3.864,32506.136,16.0,30.767,29.556,26.7,0.0,0.0,4.0,32510.0,16.0,31.0,30.0,1613477197.427,2021-02-16 12:06:37.427000046
26385977070,r2684277-n948219,1,26.792,0.0,0.0,3.944,32506.056,16.0,30.0,28.815,26.782,0.0,0.0,3.863,32506.137,16.0,30.0,28.65,26.91,0.0,0.0,4.0,32510.0,16.0,30.0,29.0,1613477197.431,2021-02-16 12:06:37.430999994
26403218086,r7141590-n948219,0,206.069,84.327,56.243,6347.169,26162.831,16.0,68.275,73.255,211.323,87.666,58.689,6649.283,25860.717,16.0,68.246,73.502,261.81,95.0,67.0,6807.0,32510.0,16.0,71.0,77.0,1613446651.722,2021-02-16 03:37:31.721999884
26425153812,r4506251-n410412,0,31.037,0.791,0.044,297.546,32212.454,16.0,37.628,36.527,90.039,48.832,14.951,2661.995,29848.005,16.0,52.757,51.891,149.67,63.0,21.0,2693.0,32510.0,16.0,55.0,54.0,1613137140.286,2021-02-12 13:39:00.286000013
26460241309,r974863-n410412,1,193.771,87.312,58.548,6423.81,26086.19,16.0,53.522,55.634,204.861,90.177,60.542,6670.49,25839.51,16.0,62.667,65.981,250.05,96.0,65.0,6807.0,32510.0,16.0,74.0,78.0,1613447259.552,2021-02-16 03:47:39.552000046
26521362510,r7419443-n948219,0,30.144,0.018,0.0,143.965,32366.035,16.0,30.377,28.902,32.746,0.513,0.041,6099.29,26410.71,16.0,31.004,29.344,128.6,100.0,6.0,31079.0,32510.0,16.0,36.0,32.0,1613170391.934,2021-02-12 22:53:11.934000015
26521362510,r7419443-n948219,1,29.105,1.375,0.0,9494.72,23015.28,16.0,29.512,27.261,32.465,2.951,0.516,16795.641,15714.359,16.0,30.297,27.975,119.58,100.0,48.0,31079.0,32510.0,16.0,35.0,39.0,1613170391.937,2021-02-12 22:53:11.937000036
26541044725,r8473362-n410412,1,33.902,0.799,0.005,607.492,31902.508,16.0,33.463,31.87,58.588,30.27,5.971,1017.144,31492.856,16.0,45.24,44.239,113.58,44.0,10.0,1027.0,32510.0,16.0,47.0,46.0,1613341352.635,2021-02-14 22:22:32.634999990
26549640409,r7141590-n172107,0,43.663,24.911,3.242,29200.675,3309.325,16.0,35.73,34.785,43.208,25.224,3.199,31048.603,1461.397,16.0,36.351,35.323,66.92,100.0,6.0,31071.0,32510.0,16.0,38.0,37.0,1614726270.669,2021-03-02 23:04:30.668999910
26567438714,r8972851-n948219,0,29.242,0.0,0.0,1.917,32508.083,16.0,44.45,43.448,29.242,0.0,0.0,1.917,32508.083,16.0,44.45,43.448,30.07,0.0,0.0,4.0,32510.0,16.0,47.0,46.0,1613478329.292,2021-02-16 12:25:29.292000055
26590239582,r9170217-n303509,1,203.328,84.925,56.898,6378.17,26131.83,16.0,62.259,66.094,209.973,88.979,59.788,6651.645,25858.355,16.0,62.039,66.014,256.86,100.0,65.0,6801.0,32510.0,16.0,66.0,71.0,1613438258.268,2021-02-16 01:17:38.267999887
26757080507,r414303-n303509,0,27.111,0.0,0.0,0.0,32510.0,16.0,34.0,34.056,27.111,0.0,0.0,0.0,32510.0,16.0,34.0,34.056,27.2,0.0,0.0,0.0,32510.0,16.0,34.0,35.0,1613429365.83,2021-02-15 22:49:25.829999924
26810854155,r8024255-n410412,0,189.967,77.666,52.014,6254.263,26255.737,16.0,67.593,70.968,197.084,81.319,54.574,6631.535,25878.465,16.0,67.926,71.502,253.08,94.0,64.0,6807.0,32510.0,16.0,71.0,75.0,1613534035.233,2021-02-17 03:53:55.233000040
26815424732,r810901-n172107,1,25.132,0.0,0.0,0.0,32510.0,16.0,29.947,29.135,25.132,0.0,0.0,0.0,32510.0,16.0,29.947,29.135,25.27,0.0,0.0,0.0,32510.0,16.0,30.0,30.0,1614718322.489,2021-03-02 20:52:02.489000082
26905523624,r7269000-n303509,0,91.805,28.884,11.752,15695.909,16814.091,16.0,42.429,39.364,141.422,51.52,21.726,17916.491,14593.509,16.0,62.214,61.758,285.64,100.0,65.0,17919.0,32510.0,16.0,74.0,78.0,1612887144.185,2021-02-09 16:12:24.184999943
26932275458,r5354770-n172107,1,40.861,24.489,0.903,29519.578,2990.422,16.0,36.646,34.79,40.646,21.566,0.79,31051.331,1458.669,16.0,36.198,34.292,56.45,100.0,6.0,31071.0,32510.0,16.0,37.0,36.0,1614740776.925,2021-03-03 03:06:16.924999952
26973900767,r4506251-n410412,0,33.537,0.649,0.028,378.035,32131.965,16.0,34.36,32.811,77.831,40.102,10.352,1084.502,31425.498,16.0,48.234,46.902,123.33,50.0,13.0,1093.0,32510.0,16.0,51.0,50.0,1613106736.865,2021-02-12 05:12:16.865000010
26986778104,r7462820-n410412,0,177.431,70.026,46.869,6093.946,26416.054,16.0,64.652,69.438,184.02,73.506,49.347,6597.565,25912.435,16.0,66.809,72.01,252.18,95.0,64.0,6799.0,32510.0,16.0,71.0,77.0,1613581622.475,2021-02-17 17:07:02.474999905
26998594772,r5179276-n948219,0,203.629,86.48,57.924,6414.329,26095.671,16.0,68.908,76.418,207.214,89.201,59.95,6663.126,25846.874,16.0,68.47,76.098,245.91,100.0,65.0,6799.0,32510.0,16.0,72.0,80.0,1613578722.922,2021-02-17 16:18:42.921999931
27014073291,r492024-n303766,0,45.643,17.594,1.546,30044.727,2465.273,16.0,41.555,39.86,42.056,8.766,0.759,31026.007,1483.993,16.0,41.325,39.589,62.72,100.0,6.0,31071.0,32510.0,16.0,42.0,41.0,1613419477.046,2021-02-15 20:04:37.046000004
27016385143,r9988778-n410412,0,25.251,0.0,0.0,0.0,32510.0,16.0,30.0,29.0,25.251,0.0,0.0,0.0,32510.0,16.0,30.0,29.0,25.39,0.0,0.0,0.0,32510.0,16.0,30.0,29.0,1614734934.201,2021-03-03 01:28:54.200999975
27067048849,r216287-n303509,0,28.561,0.0,0.0,0.0,32510.0,16.0,33.516,32.925,27.968,0.0,0.0,0.0,32510.0,16.0,30.921,30.158,28.97,0.0,0.0,0.0,32510.0,16.0,35.0,35.0,1612885825.868,2021-02-09 15:50:25.868000031
27067048849,r216287-n303509,1,26.19,0.0,0.0,0.0,32510.0,16.0,30.0,28.0,26.131,0.0,0.0,0.0,32510.0,16.0,29.24,27.872,26.39,0.0,0.0,0.0,32510.0,16.0,30.0,29.0,1612885825.871,2021-02-09 15:50:25.871000051
27068602393,r492024-n303766,0,197.406,82.154,55.083,6349.673,26160.327,16.0,68.486,73.016,205.475,86.689,58.249,6644.57,25865.43,16.0,68.402,73.184,249.51,98.0,64.0,6799.0,32510.0,16.0,71.0,77.0,1613434293.019,2021-02-16 00:11:33.019000053
27124900309,r9480604-n303766,0,27.394,0.0,0.0,0.0,32510.0,16.0,31.0,29.0,27.394,0.0,0.0,0.0,32510.0,16.0,31.0,29.0,27.47,0.0,0.0,0.0,32510.0,16.0,31.0,29.0,1613438962.734,2021-02-16 01:29:22.733999968
27178675534,r9515777-n303766,0,30.522,0.418,0.015,116.955,32393.045,16.0,40.254,38.537,30.522,0.418,0.015,116.955,32393.045,16.0,40.254,38.537,39.9,9.0,1.0,457.0,32510.0,16.0,41.0,39.0,1614486521.344,2021-02-28 04:28:41.344000101
27210601152,r9480604-n410412,0,27.341,0.0,0.0,0.007,32509.993,16.0,38.0,36.017,27.296,0.0,0.0,0.0,32510.0,16.0,37.622,35.989,27.86,0.0,0.0,4.0,32510.0,16.0,39.0,37.0,1613730259.075,2021-02-19 10:24:19.075000048
27212197528,r414303-n303509,0,33.784,1.161,0.048,462.518,32047.482,16.0,40.657,40.927,64.878,37.689,9.822,1591.601,30918.399,16.0,48.08,49.271,121.49,56.0,16.0,1605.0,32510.0,16.0,50.0,51.0,1613109491.903,2021-02-12 05:58:11.903000116
27297785811,r2684277-n948219,0,27.195,0.0,0.0,2.604,32507.396,16.0,36.0,34.653,27.193,0.0,0.0,3.336,32506.664,16.0,36.0,34.703,27.51,0.0,0.0,4.0,32510.0,16.0,36.0,35.0,1614048218.444,2021-02-23 02:43:38.444000006
27324019132,r44132-n303766,1,26.124,0.0,0.0,0.0,32510.0,16.0,32.0,27.989,47.044,28.46,4.562,997.633,31512.367,16.0,38.455,34.362,80.66,41.0,8.0,1027.0,32510.0,16.0,40.0,36.0,1613312388.683,2021-02-14 14:19:48.683000088
27326502107,r6707841-n172107,0,48.042,24.781,6.055,29521.162,2988.838,16.0,38.392,36.417,48.273,26.074,6.492,31054.966,1455.034,16.0,38.362,36.457,106.8,100.0,10.0,31071.0,32510.0,16.0,40.0,38.0,1614746989.59,2021-03-03 04:49:49.589999914
27369314922,r3974592-n303509,0,75.956,28.86,13.038,15276.357,17233.643,16.0,38.068,36.339,48.463,6.818,3.089,17755.047,14754.953,16.0,38.241,36.598,260.42,100.0,62.0,32172.0,32510.0,16.0,57.0,58.0,1613287267.392,2021-02-14 07:21:07.391999960
27388232542,r2215649-n303766,0,28.592,0.0,0.0,0.0,32510.0,16.0,50.581,49.942,37.195,0.656,0.042,1303.54,31206.46,16.0,36.315,33.364,173.51,97.0,68.0,7083.0,32510.0,16.0,65.0,64.0,1614015390.458,2021-02-22 17:36:30.457999945
27394171185,r5198790-n172107,0,43.722,19.76,1.605,27704.522,4805.478,16.0,38.863,36.647,44.747,22.381,1.565,31030.455,1479.545,16.0,39.083,36.867,75.71,100.0,6.0,31071.0,32510.0,16.0,40.0,38.0,1614736585.748,2021-03-03 01:56:25.747999907
27461929527,r7419443-n948219,0,27.149,0.0,0.0,0.0,32510.0,16.0,31.0,29.2,27.149,0.0,0.0,0.0,32510.0,16.0,31.0,29.2,27.38,0.0,0.0,0.0,32510.0,16.0,31.0,30.0,1613643920.911,2021-02-18 10:25:20.911000013
27500108861,r8972851-n948219,0,211.643,87.577,58.48,6428.652,26081.348,16.0,68.11,72.232,215.728,90.273,60.415,6674.7,25835.3,16.0,68.14,72.532,259.56,96.0,66.0,6807.0,32510.0,16.0,70.0,75.0,1613525006.044,2021-02-17 01:23:26.043999910
27528619132,r9480604-n303766,0,27.439,0.0,0.0,0.0,32510.0,16.0,32.0,29.406,64.041,37.819,9.564,1559.238,30950.762,16.0,41.069,39.158,123.34,59.0,17.0,1605.0,32510.0,16.0,43.0,42.0,1613312398.736,2021-02-14 14:19:58.736000061
27537505780,r8141575-n303766,0,27.423,0.0,0.0,0.0,32510.0,16.0,39.0,39.0,27.423,0.0,0.0,0.0,32510.0,16.0,39.0,39.0,27.47,0.0,0.0,0.0,32510.0,16.0,39.0,39.0,1613942299.867,2021-02-21 21:18:19.867000103
27564535839,r2684277-n948219,0,26.673,0.0,0.0,0.0,32510.0,16.0,33.0,32.0,58.152,32.621,5.232,1051.342,31458.658,16.0,42.063,40.357,96.77,44.0,8.0,1093.0,32510.0,16.0,44.0,43.0,1613323603.537,2021-02-14 17:26:43.536999941
27581132691,r7753495-n948219,0,207.327,86.656,58.235,6427.271,26082.729,16.0,67.252,70.147,212.133,89.573,60.312,6670.372,25839.628,16.0,67.904,71.11,255.23,98.0,68.0,6807.0,32510.0,16.0,71.0,75.0,1613566076.798,2021-02-17 12:47:56.798000097
27582354412,r492024-n303766,0,25.149,0.0,0.0,0.0,32510.0,16.0,33.0,31.03,25.152,0.0,0.0,0.0,32510.0,16.0,33.0,31.056,25.23,0.0,0.0,0.0,32510.0,16.0,33.0,32.0,1614714926.08,2021-03-02 19:55:26.079999924
27593302394,r2215649-n303766,0,26.28,0.0,0.0,2.4,32507.6,16.0,40.0,37.6,26.28,0.0,0.0,2.4,32507.6,16.0,40.0,37.6,26.4,0.0,0.0,4.0,32510.0,16.0,40.0,38.0,1613954832.445,2021-02-22 00:47:12.444999933
27608142619,r7753495-n948219,0,25.485,0.0,0.0,0.0,32510.0,16.0,29.0,27.685,25.541,0.0,0.0,0.0,32510.0,16.0,29.552,27.63,27.03,0.0,0.0,0.0,32510.0,16.0,37.0,35.0,1613742274.959,2021-02-19 13:44:34.959000111
27644567865,r7462820-n410412,0,201.272,83.393,55.893,6353.779,26156.221,16.0,67.105,73.04,207.186,86.747,58.291,6653.515,25856.485,16.0,67.999,74.218,252.39,94.0,65.0,6807.0,32510.0,16.0,70.0,76.0,1613586933.126,2021-02-17 18:35:33.125999928
27665904777,r7753495-n303509,0,38.809,0.801,0.035,951.301,31558.699,16.0,39.533,37.436,45.313,9.087,1.783,1032.877,31477.123,16.0,41.288,39.178,98.92,43.0,9.0,1093.0,32510.0,16.0,46.0,44.0,1613372210.336,2021-02-15 06:56:50.335999966
27672624358,r7141590-n303509,0,162.401,60.395,40.133,5818.788,26691.212,16.0,65.476,66.041,178.077,68.814,45.843,6541.361,25968.639,16.0,67.619,68.779,266.45,100.0,63.0,6799.0,32510.0,16.0,73.0,75.0,1613481705.173,2021-02-16 13:21:45.173000097
27717524262,r414303-n772143,0,26.445,0.0,0.0,0.0,32510.0,16.0,31.0,29.0,26.445,0.0,0.0,0.0,32510.0,16.0,31.0,29.0,26.56,0.0,0.0,0.0,32510.0,16.0,31.0,29.0,1614722798.033,2021-03-02 22:06:38.032999992
27743781265,r9170217-n948219,0,36.065,2.478,0.0,503.326,32006.674,16.0,33.565,31.891,36.065,2.478,0.0,503.326,32006.674,16.0,33.565,31.891,38.58,9.0,0.0,1197.0,32510.0,16.0,34.0,32.0,1613429527.389,2021-02-15 22:52:07.388999939
27751344747,r7753495-n303509,0,24.658,0.0,0.0,0.0,32510.0,16.0,30.0,29.0,38.282,0.351,0.055,1293.356,31216.644,16.0,34.519,32.543,79.14,60.0,10.0,1407.0,32510.0,16.0,42.0,40.0,1613565169.332,2021-02-17 12:32:49.332000017
27768201445,r44132-n410412,0,27.134,0.0,0.0,0.857,32509.143,16.0,31.0,29.205,45.636,7.852,3.949,1561.014,30948.986,16.0,36.082,34.459,96.3,56.0,33.0,1649.0,32510.0,16.0,45.0,46.0,1613302911.211,2021-02-14 11:41:51.210999966
27810787228,r1039410-n303509,0,30.411,1.102,0.038,164.69,32345.31,16.0,38.484,36.434,59.039,33.51,5.924,1071.08,31438.92,16.0,44.685,42.868,114.12,46.0,10.0,1093.0,32510.0,16.0,46.0,45.0,1613322379.178,2021-02-14 17:06:19.177999973
27835310991,r492024-n303766,0,28.079,0.074,0.0,234.636,32275.364,16.0,34.283,32.232,36.866,0.106,0.055,29053.05,3456.95,16.0,36.232,34.272,236.66,100.0,79.0,29343.0,32510.0,16.0,42.0,48.0,1613158425.242,2021-02-12 19:33:45.242000103
27842358648,r5354770-n750018,0,39.318,0.128,0.01,1146.003,31363.997,16.0,34.886,33.968,39.432,0.047,0.008,1239.85,31270.15,16.0,34.963,34.157,46.85,21.0,1.0,1285.0,32510.0,16.0,35.0,35.0,1614721150.853,2021-03-02 21:39:10.852999926
27875383871,r2215649-n303766,0,25.223,0.0,0.0,0.0,32510.0,16.0,32.0,29.311,37.648,0.0,0.0,1202.627,31307.373,16.0,36.658,33.885,39.12,24.0,1.0,1205.0,32510.0,16.0,38.0,36.0,1614140369.615,2021-02-24 04:19:29.615000010
27875383871,r2215649-n303766,1,26.42,0.0,0.0,0.0,32510.0,16.0,30.0,28.573,41.28,5.165,1.713,3095.74,29414.26,16.0,35.284,33.322,167.46,89.0,35.0,7734.0,32510.0,16.0,43.0,44.0,1614140369.624,2021-02-24 04:19:29.624000072
27888723897,r8473362-n410412,1,26.048,0.0,0.0,0.0,32510.0,16.0,32.0,31.016,26.048,0.0,0.0,0.0,32510.0,16.0,32.0,31.016,26.15,0.0,0.0,0.0,32510.0,16.0,32.0,32.0,1614735030.229,2021-03-03 01:30:30.229000092
27901114381,r9480604-n410412,0,26.104,0.0,0.0,0.0,32510.0,16.0,31.0,29.318,26.121,0.0,0.0,0.0,32510.0,16.0,31.0,29.634,26.28,0.0,0.0,0.0,32510.0,16.0,31.0,30.0,1614634515.402,2021-03-01 21:35:15.401999950
27936839880,r44132-n410412,1,25.847,0.0,0.0,0.0,32510.0,16.0,29.0,29.0,25.847,0.0,0.0,0.0,32510.0,16.0,29.0,29.0,25.91,0.0,0.0,0.0,32510.0,16.0,29.0,29.0,1614734566.653,2021-03-03 01:22:46.653000116
27939678396,r7753495-n948219,0,206.538,86.386,57.999,6414.781,26095.219,16.0,66.963,69.842,212.106,89.644,60.342,6664.295,25845.705,16.0,67.956,71.021,253.66,95.0,66.0,6799.0,32510.0,16.0,71.0,74.0,1613566778.565,2021-02-17 12:59:38.565000057
27941652111,r6727430-n948219,0,26.453,0.0,0.0,0.0,32510.0,16.0,32.001,31.0,26.451,0.0,0.0,0.0,32510.0,16.0,32.001,31.0,26.66,0.0,0.0,0.0,32510.0,16.0,33.0,31.0,1613606303.116,2021-02-17 23:58:23.115999937
27953383585,r7753495-n303509,0,24.967,0.0,0.0,0.0,32510.0,16.0,31.643,30.453,47.094,14.011,3.444,1000.817,31509.183,16.0,36.444,34.561,110.37,44.0,11.0,1027.0,32510.0,16.0,50.0,49.0,1613545773.952,2021-02-17 07:09:33.951999903
27970224915,r9480604-n410412,0,27.349,0.0,0.0,0.0,32510.0,16.0,37.93,36.037,52.995,29.905,3.294,1058.419,31451.581,16.0,44.985,42.539,81.37,45.0,6.0,1093.0,32510.0,16.0,47.0,44.0,1614233090.612,2021-02-25 06:04:50.611999989
27970546133,r9170217-n948219,0,33.231,6.072,0.613,7332.334,25177.666,16.0,34.045,32.536,66.941,75.892,7.8,30865.871,1644.129,16.0,42.102,40.324,77.37,81.0,8.0,31023.0,32510.0,16.0,43.0,42.0,1613411099.879,2021-02-15 17:44:59.878999949
27996535114,r9515777-n303766,1,165.106,77.07,52.706,2709.462,29800.538,16.0,47.572,48.974,211.416,96.565,66.618,3320.41,29189.59,16.0,66.451,71.294,234.71,99.0,71.0,7147.0,32510.0,16.0,74.0,80.0,1614278135.736,2021-02-25 18:35:35.736000061
28001516114,r4506251-n410412,1,25.919,0.0,0.0,0.0,32510.0,16.0,31.118,28.355,25.919,0.0,0.0,0.0,32510.0,16.0,31.118,28.355,26.02,0.0,0.0,0.0,32510.0,16.0,32.0,29.0,1614734934.141,2021-03-03 01:28:54.141000032
28087277522,r7269000-n948219,0,28.0,0.0,0.0,0.457,32509.543,16.0,39.0,38.029,28.0,0.0,0.0,0.457,32509.543,16.0,39.0,38.029,28.18,0.0,0.0,4.0,32510.0,16.0,39.0,39.0,1613429795.973,2021-02-15 22:56:35.973000050
28091049215,r6727430-n303509,0,190.084,78.931,52.94,6411.805,26098.195,16.0,68.253,72.539,198.081,83.653,56.178,6675.21,25834.79,16.0,68.268,72.832,247.49,95.0,65.0,6807.0,32510.0,16.0,72.0,78.0,1613435901.2,2021-02-16 00:38:21.200000048
28101217125,r2215649-n303766,0,26.322,0.0,0.0,2.0,32508.0,16.0,40.0,38.0,26.322,0.0,0.0,2.0,32508.0,16.0,40.0,38.0,26.63,0.0,0.0,4.0,32510.0,16.0,40.0,38.0,1613954822.853,2021-02-22 00:47:02.852999926
28116402143,r9480604-n410412,0,26.807,0.0,0.0,0.0,32510.0,16.0,36.0,34.0,26.807,0.0,0.0,0.0,32510.0,16.0,36.0,34.0,26.86,0.0,0.0,0.0,32510.0,16.0,36.0,34.0,1614113457.067,2021-02-23 20:50:57.066999911
28127331761,r7462820-n303766,0,28.383,0.0,0.0,0.0,32510.0,16.0,34.0,32.303,56.816,31.574,5.393,1049.195,31460.805,16.0,40.934,39.165,100.85,50.0,10.0,1093.0,32510.0,16.0,46.0,45.0,1613391129.724,2021-02-15 12:12:09.723999977
28164434419,r6707841-n772143,0,25.213,0.0,0.0,0.0,32510.0,16.0,30.091,29.0,25.213,0.0,0.0,0.0,32510.0,16.0,30.091,29.0,25.32,0.0,0.0,0.0,32510.0,16.0,31.0,29.0,1614758538.276,2021-03-03 08:02:18.276000023
28164434419,r6707841-n772143,1,25.781,0.0,0.0,0.0,32510.0,16.0,30.0,26.0,25.781,0.0,0.0,0.0,32510.0,16.0,30.0,26.0,25.9,0.0,0.0,0.0,32510.0,16.0,30.0,26.0,1614758538.28,2021-03-03 08:02:18.279999971
28170008665,r492024-n410412,1,25.457,0.0,0.0,3.433,32506.567,16.0,30.0,29.597,87.995,26.451,5.803,3385.436,29124.564,16.0,50.639,47.474,217.16,73.0,14.0,3419.0,32510.0,16.0,55.0,50.0,1613791451.416,2021-02-20 03:24:11.415999889
28203836443,r6727430-n303509,0,194.742,81.3,54.477,6404.727,26105.273,16.0,68.218,72.624,198.312,83.215,55.851,6671.661,25838.339,16.0,68.411,72.926,246.32,95.0,64.0,6801.0,32510.0,16.0,71.0,76.0,1613436964.311,2021-02-16 00:56:04.311000109
28213408674,r9480604-n410412,0,27.04,0.0,0.0,0.0,32510.0,16.0,36.0,35.0,27.04,0.0,0.0,0.0,32510.0,16.0,36.0,35.0,27.07,0.0,0.0,0.0,32510.0,16.0,36.0,35.0,1614371533.819,2021-02-26 20:32:13.819000006
28232900315,r9170217-n303509,0,25.836,0.0,0.0,0.0,32510.0,16.0,32.02,29.002,68.343,38.554,9.038,1151.15,31358.85,16.0,45.983,42.152,109.43,52.0,13.0,1159.0,32510.0,16.0,48.0,44.0,1613069831.669,2021-02-11 18:57:11.668999910
28234161284,r9480604-n303766,0,27.416,0.0,0.0,0.0,32510.0,16.0,31.0,29.0,27.416,0.0,0.0,0.0,32510.0,16.0,31.0,29.0,27.52,0.0,0.0,0.0,32510.0,16.0,31.0,29.0,1613438856.088,2021-02-16 01:27:36.088000059
28250083927,r9515777-n303766,0,26.365,0.0,0.0,0.0,32510.0,16.0,39.0,37.296,175.465,87.302,51.435,28972.775,3537.225,16.0,66.169,70.477,274.77,100.0,80.0,31079.0,32510.0,16.0,73.0,80.0,1614281959.531,2021-02-25 19:39:19.530999899
28276826365,r8532701-n172107,1,38.423,16.191,1.338,25837.177,6672.823,16.0,32.137,29.902,41.451,23.02,1.581,31006.347,1503.653,16.0,35.04,32.518,71.88,33.0,3.0,31071.0,32510.0,16.0,36.0,34.0,1614715475.747,2021-03-02 20:04:35.746999979
28285467643,r7462820-n303766,0,27.976,0.0,0.0,1.615,32508.385,16.0,32.0,30.0,70.333,22.037,18.215,29256.322,3253.678,16.0,42.85,42.971,195.38,100.0,94.0,30811.0,32510.0,16.0,48.0,55.0,1613359707.431,2021-02-15 03:28:27.430999994
28288066312,r810901-n948219,0,26.127,0.0,0.0,0.0,32510.0,16.0,30.007,30.246,35.734,0.011,0.0,1018.052,31491.948,16.0,33.255,33.235,38.76,23.0,1.0,1205.0,32510.0,16.0,35.0,34.0,1613661156.417,2021-02-18 15:12:36.417000055
28288066312,r810901-n948219,1,25.799,0.0,0.0,0.0,32510.0,16.0,29.0,28.982,34.717,0.011,0.0,1019.826,31490.174,16.0,32.19,31.259,37.72,24.0,1.0,1205.0,32510.0,16.0,33.0,32.0,1613661156.421,2021-02-18 15:12:36.421000004
28325182340,r9170217-n303509,1,202.959,84.939,56.877,6375.36,26134.64,16.0,61.283,64.989,209.698,88.737,59.572,6649.809,25860.191,16.0,61.036,65.008,256.58,95.0,64.0,6799.0,32510.0,16.0,67.0,71.0,1613437552.894,2021-02-16 01:05:52.894000053
28363238509,r6707841-n172107,1,36.303,17.009,1.222,26194.17,6315.83,16.0,32.875,30.788,38.578,23.518,1.63,31010.979,1499.021,16.0,34.812,32.918,48.37,36.0,2.0,31071.0,32510.0,16.0,36.0,34.0,1614715744.642,2021-03-02 20:09:04.641999960
28416223584,r8024255-n410412,0,184.305,74.915,50.236,6221.233,26288.767,16.0,67.178,70.434,195.401,80.853,54.348,6616.442,25893.558,16.0,68.008,71.616,251.67,94.0,63.0,6799.0,32510.0,16.0,72.0,76.0,1613533645.973,2021-02-17 03:47:25.973000050
28424533778,r9515777-n303766,0,46.936,0.0,0.0,0.0,32510.0,16.0,55.596,54.802,46.936,0.0,0.0,0.0,32510.0,16.0,55.596,54.802,50.83,0.0,0.0,0.0,32510.0,16.0,59.0,59.0,1614268975.719,2021-02-25 16:02:55.719000101
28425870419,r6727430-n948219,0,26.462,0.0,0.0,0.0,32510.0,16.0,32.0,31.0,26.462,0.0,0.0,0.0,32510.0,16.0,32.0,31.0,26.51,0.0,0.0,0.0,32510.0,16.0,32.0,31.0,1613613303.021,2021-02-18 01:55:03.020999908
28426735776,r7462820-n303766,0,28.003,0.0,0.0,0.0,32510.0,16.0,32.0,30.0,28.474,0.015,0.0,21.114,32488.886,16.0,32.042,30.023,38.24,9.0,1.0,517.0,32510.0,16.0,33.0,31.0,1613371916.561,2021-02-15 06:51:56.561000109
28428977092,r5198790-n172107,0,44.155,20.224,1.638,29385.187,3124.813,16.0,36.16,33.996,44.493,21.427,1.587,31048.106,1461.894,16.0,37.426,35.083,70.92,100.0,6.0,31071.0,32510.0,16.0,39.0,38.0,1614727598.228,2021-03-02 23:26:38.227999926
28482863636,r5198790-n772143,0,40.219,22.132,0.908,29895.003,2614.997,16.0,37.66,34.885,40.33,19.731,0.79,31054.831,1455.169,16.0,38.725,36.076,55.64,100.0,6.0,31071.0,32510.0,16.0,40.0,37.0,1614742416.616,2021-03-03 03:33:36.615999937
28516471297,r4506251-n303766,0,184.092,71.912,48.205,6404.434,26105.566,16.0,67.322,73.08,192.446,76.959,51.744,6686.232,25823.768,16.0,67.926,74.077,258.7,95.0,67.0,6807.0,32510.0,16.0,72.0,80.0,1613501299.843,2021-02-16 18:48:19.842999935
28523311721,r4144777-n303509,0,31.856,0.0,0.0,3.937,32506.063,16.0,34.575,32.429,110.427,37.895,7.665,26198.746,6311.254,16.0,54.83,51.382,272.43,100.0,46.0,28939.0,32510.0,16.0,73.0,70.0,1614179391.41,2021-02-24 15:09:51.410000086
28524863640,r3955005-n750018,0,27.245,0.0,0.0,0.0,32510.0,16.0,33.0,30.855,65.564,33.436,19.274,26174.477,6335.523,16.0,45.341,45.425,224.2,100.0,100.0,32289.0,32510.0,16.0,53.0,61.0,1614732066.768,2021-03-03 00:41:06.767999887
28524863640,r3955005-n750018,1,26.465,0.0,0.0,0.0,32510.0,16.0,30.0,30.026,66.047,38.471,20.475,24928.921,7581.079,16.0,41.826,43.785,219.71,100.0,100.0,32465.0,32510.0,16.0,48.0,57.0,1614732066.771,2021-03-03 00:41:06.770999908
28529998855,r7462820-n410412,1,188.844,74.955,50.271,6290.268,26219.732,16.0,63.274,65.742,193.225,77.976,52.436,6624.192,25885.808,16.0,63.01,65.662,257.57,95.0,64.0,6807.0,32510.0,16.0,70.0,73.0,1613575512.109,2021-02-17 15:25:12.108999968
28615728386,r216287-n303509,1,40.607,0.0,0.0,2.308,32507.692,16.0,40.962,38.731,40.607,0.0,0.0,2.308,32507.692,16.0,40.962,38.731,44.78,0.0,0.0,4.0,32510.0,16.0,41.0,39.0,1612829810.338,2021-02-09 00:16:50.338000059
28622832879,r4506251-n410412,0,26.178,0.0,0.0,0.0,32510.0,16.0,33.0,31.992,66.737,30.689,12.705,3992.596,28517.404,16.0,42.79,42.065,170.01,71.0,31.0,4678.0,32510.0,16.0,49.0,50.0,1613013988.018,2021-02-11 03:26:28.017999887
28633170473,r7419443-n948219,0,27.697,0.0,0.0,3.288,32506.712,16.0,33.295,32.223,76.951,24.88,7.47,6163.433,26346.567,16.0,43.7,42.429,188.9,72.0,21.0,6233.0,32510.0,16.0,49.0,48.0,1613667219.367,2021-02-18 16:53:39.367000103
28638485628,r2684277-n948219,0,32.683,1.216,0.649,105.72,32404.28,16.0,44.59,43.778,216.599,93.95,66.094,4771.803,27738.197,16.0,68.387,72.707,241.2,97.0,72.0,7145.0,32510.0,16.0,74.0,79.0,1614005712.637,2021-02-22 14:55:12.637000084
28649012486,r9480604-n303766,0,27.409,0.0,0.0,0.0,32510.0,16.0,31.0,29.0,27.409,0.0,0.0,0.0,32510.0,16.0,31.0,29.0,27.53,0.0,0.0,0.0,32510.0,16.0,31.0,29.0,1613438960.459,2021-02-16 01:29:20.459000111
28697107669,r7141590-n948219,0,206.792,85.247,56.845,6351.796,26158.204,16.0,68.658,73.364,212.26,88.153,58.933,6644.511,25865.489,16.0,68.324,73.334,262.15,96.0,65.0,6799.0,32510.0,16.0,72.0,77.0,1613435476.399,2021-02-16 00:31:16.398999929
28705524071,r9170217-n948219,0,144.666,60.504,40.582,6413.742,26096.258,16.0,49.352,50.931,149.722,59.453,39.954,6708.313,25801.687,16.0,59.314,62.147,245.67,96.0,69.0,6799.0,32510.0,16.0,71.0,77.0,1613460114.671,2021-02-16 07:21:54.671000004
28710850208,r4683026-n772143,0,28.511,1.216,0.258,3020.005,29489.995,16.0,30.482,28.248,29.869,1.027,0.218,6764.581,25745.419,16.0,30.85,28.505,209.82,100.0,28.0,27191.0,32510.0,16.0,38.0,32.0,1614726716.589,2021-03-02 23:11:56.588999987
28710850208,r4683026-n772143,1,34.739,1.167,0.256,3650.604,28859.396,16.0,30.111,29.607,35.28,1.017,0.218,7567.916,24942.084,16.0,30.405,29.824,207.39,100.0,28.0,28939.0,32510.0,16.0,36.0,35.0,1614726716.594,2021-03-02 23:11:56.594000101
28726749356,r4506251-n410412,1,25.962,0.0,0.0,0.0,32510.0,16.0,32.0,28.5,25.962,0.0,0.0,0.0,32510.0,16.0,32.0,28.5,26.0,0.0,0.0,0.0,32510.0,16.0,32.0,29.0,1614734566.654,2021-03-03 01:22:46.654000044
28857981900,r368967-n172107,0,25.01,0.0,0.0,0.0,32510.0,16.0,30.0,29.0,25.01,0.0,0.0,0.0,32510.0,16.0,30.0,29.0,25.1,0.0,0.0,0.0,32510.0,16.0,30.0,29.0,1614712318.226,2021-03-02 19:11:58.226000071
28857981900,r368967-n172107,1,25.731,0.0,0.0,0.0,32510.0,16.0,29.0,30.282,25.731,0.0,0.0,0.0,32510.0,16.0,29.0,30.282,25.81,0.0,0.0,0.0,32510.0,16.0,29.0,31.0,1614712318.233,2021-03-02 19:11:58.233000040
28981762402,r9170217-n172107,0,44.123,23.588,3.638,27835.379,4674.621,16.0,36.522,34.936,42.232,24.313,3.743,31028.446,1481.554,16.0,34.95,33.294,61.58,100.0,6.0,31071.0,32510.0,16.0,38.0,37.0,1614727045.57,2021-03-02 23:17:25.569999933
28998617448,r5051220-n772143,0,42.341,15.662,3.903,25609.92,6900.08,16.0,34.343,31.33,47.359,21.383,5.263,31018.84,1491.16,16.0,38.019,35.456,113.21,42.0,9.0,31071.0,32510.0,16.0,40.0,38.0,1614721838.789,2021-03-02 21:50:38.789000034
29053164122,r8024255-n410412,0,25.021,0.025,0.0,18.829,32491.171,16.0,32.72,30.546,31.128,0.491,0.0,531.222,31978.778,16.0,34.159,31.643,37.6,19.0,1.0,1045.0,32510.0,16.0,36.0,34.0,1612997292.044,2021-02-10 22:48:12.043999910
29106320443,r9170217-n303509,1,201.788,85.456,57.291,6396.932,26113.068,16.0,52.557,55.279,210.016,89.028,59.74,6662.207,25847.793,16.0,60.386,64.25,259.33,95.0,64.0,6807.0,32510.0,16.0,71.0,76.0,1613436048.808,2021-02-16 00:40:48.808000088
29133358081,r8473362-n410412,0,36.892,28.083,0.0,895.269,31614.731,16.0,35.825,33.296,38.394,32.545,0.0,1014.649,31495.351,16.0,37.359,34.908,43.95,47.0,1.0,1065.0,32510.0,16.0,40.0,37.0,1613789473.409,2021-02-20 02:51:13.408999920
29146904327,r4144777-n303509,1,27.689,0.0,0.0,0.0,32510.0,16.0,31.007,28.906,28.657,0.271,0.047,150.148,32359.852,16.0,31.307,28.967,59.83,84.0,32.0,7947.0,32510.0,16.0,34.0,32.0,1614179218.2,2021-02-24 15:06:58.200000048
29153938586,r1039410-n948219,0,25.878,0.0,0.0,0.0,32510.0,16.0,30.506,30.529,217.782,91.088,64.077,4698.023,27811.977,16.0,67.738,71.381,247.03,97.0,71.0,7145.0,32510.0,16.0,74.0,78.0,1613928464.356,2021-02-21 17:27:44.355999947
29171681026,r8141575-n303766,0,41.499,1.912,0.294,464.566,32045.434,16.0,42.526,41.987,41.499,1.912,0.294,464.566,32045.434,16.0,42.526,41.987,131.79,99.0,37.0,1493.0,32510.0,16.0,44.0,44.0,1613942526.571,2021-02-21 21:22:06.571000099
29178402527,r6707841-n200569,1,26.643,0.0,0.0,0.0,32510.0,16.0,29.0,29.0,26.643,0.0,0.0,0.0,32510.0,16.0,29.0,29.0,26.75,0.0,0.0,0.0,32510.0,16.0,29.0,29.0,1614718322.5,2021-03-02 20:52:02.500000000
29199310364,r7753495-n948219,1,56.489,25.695,6.34,1228.652,31281.348,16.0,33.71,29.771,66.07,37.436,9.481,1532.835,30977.165,16.0,39.217,35.904,141.81,53.0,14.0,1539.0,32510.0,16.0,41.0,38.0,1613245591.066,2021-02-13 19:46:31.065999985
29221387451,r9170217-n948219,0,27.728,0.0,0.0,0.0,32510.0,16.0,34.0,33.0,27.728,0.0,0.0,0.0,32510.0,16.0,34.0,33.0,27.88,0.0,0.0,0.0,32510.0,16.0,34.0,33.0,1613429342.848,2021-02-15 22:49:02.848000050
29267713431,r492024-n303766,0,200.938,84.405,56.512,6357.207,26152.793,16.0,68.601,73.076,207.915,88.297,59.285,6646.896,25863.104,16.0,68.367,73.061,249.8,94.0,64.0,6799.0,32510.0,16.0,72.0,76.0,1613438656.314,2021-02-16 01:24:16.313999891
29322877778,r492024-n303766,0,205.701,86.549,58.106,6396.069,26113.931,16.0,68.739,73.493,209.242,88.823,59.741,6658.513,25851.487,16.0,68.319,73.267,250.46,97.0,64.0,6799.0,32510.0,16.0,72.0,77.0,1613433236.047,2021-02-15 23:53:56.046999931
29378786542,r974863-n410412,0,208.578,86.568,57.903,6392.623,26117.377,16.0,68.881,73.673,213.622,89.481,59.993,6654.964,25855.036,16.0,68.355,73.432,261.93,96.0,65.0,6793.0,32510.0,16.0,72.0,77.0,1613453139.444,2021-02-16 05:25:39.444000006
29400734412,r44132-n303766,0,27.169,0.0,0.0,0.0,32510.0,16.0,41.79,41.663,26.795,0.0,0.0,0.0,32510.0,16.0,39.565,39.051,28.29,0.0,0.0,0.0,32510.0,16.0,46.0,46.0,1613469454.598,2021-02-16 09:57:34.598000050
29409089616,r8473362-n410412,0,38.088,0.626,0.031,976.966,31533.034,16.0,39.588,37.301,61.986,29.578,7.915,1088.773,31421.227,16.0,44.533,42.968,104.44,43.0,12.0,1093.0,32510.0,16.0,49.0,48.0,1613794702.55,2021-02-20 04:18:22.549999952
29451697496,r6727430-n948219,0,179.732,74.106,49.636,6115.95,26394.05,16.0,62.129,65.969,197.802,82.99,55.747,6578.029,25931.971,16.0,66.679,71.532,250.2,94.0,64.0,6799.0,32510.0,16.0,72.0,78.0,1613652517.291,2021-02-18 12:48:37.290999889
29454224193,r3974592-n303509,1,24.82,0.0,0.0,3.989,32506.011,16.0,28.0,26.991,24.817,0.0,0.0,3.957,32506.043,16.0,28.0,26.983,25.14,0.0,0.0,4.0,32510.0,16.0,28.0,27.0,1613288453.087,2021-02-14 07:40:53.086999893
29456644149,r4506251-n410412,0,25.891,0.0,0.0,0.0,32510.0,16.0,31.0,30.0,36.78,3.318,0.002,2940.011,29569.989,16.0,34.632,32.906,40.59,38.0,1.0,3635.0,32510.0,16.0,36.0,34.0,1612963763.663,2021-02-10 13:29:23.663000107
29459810629,r8275852-n410412,0,28.088,0.005,0.0,0.864,32509.136,16.0,32.002,33.254,40.447,15.078,0.996,30515.534,1994.466,16.0,35.071,35.984,44.56,27.0,2.0,30709.0,32510.0,16.0,38.0,39.0,1614379741.814,2021-02-26 22:49:01.813999891
29468815065,r3974592-n303509,1,24.815,0.0,0.0,3.926,32506.074,16.0,28.0,26.914,24.815,0.0,0.0,3.926,32506.074,16.0,28.0,26.914,25.1,0.0,0.0,4.0,32510.0,16.0,28.0,27.0,1613288767.542,2021-02-14 07:46:07.542000055
29482804328,r5179276-n948219,0,202.78,86.029,57.747,6412.451,26097.549,16.0,69.037,77.049,206.52,88.651,59.661,6663.936,25846.064,16.0,68.421,76.732,245.63,95.0,65.0,6799.0,32510.0,16.0,72.0,81.0,1613575429.692,2021-02-17 15:23:49.691999912
29491024449,r7141590-n303509,0,26.883,0.0,0.0,0.0,32510.0,16.0,39.0,38.0,26.883,0.0,0.0,0.0,32510.0,16.0,39.0,38.0,27.17,0.0,0.0,0.0,32510.0,16.0,39.0,38.0,1613144046.232,2021-02-12 15:34:06.232000113
29495357384,r8275852-n303766,0,194.62,84.984,57.129,6402.234,26107.766,16.0,64.457,67.467,201.018,87.945,59.222,6657.947,25852.053,16.0,67.144,70.851,243.57,95.0,65.0,6807.0,32510.0,16.0,73.0,78.0,1613667303.808,2021-02-18 16:55:03.808000088
29517874401,r7419443-n948219,0,26.97,0.0,0.0,0.0,32510.0,16.0,30.005,29.0,213.183,94.539,65.304,3240.675,29269.325,16.0,67.485,73.916,236.47,99.0,70.0,7145.0,32510.0,16.0,73.0,80.0,1614248258.4,2021-02-25 10:17:38.400000095
29533769850,r7419443-n948219,0,27.327,0.0,0.0,0.0,32510.0,16.0,32.0,30.0,27.327,0.0,0.0,0.0,32510.0,16.0,32.0,30.0,27.39,0.0,0.0,0.0,32510.0,16.0,32.0,30.0,1613934606.196,2021-02-21 19:10:06.196000099
29540871432,r4506251-n410412,0,25.978,0.0,0.0,0.0,32510.0,16.0,31.0,30.0,25.996,0.0,0.0,0.294,32509.706,16.0,31.0,30.0,26.12,0.0,0.0,4.0,32510.0,16.0,31.0,30.0,1614735079.562,2021-03-03 01:31:19.562000036
29541963703,r9170217-n303509,1,202.339,85.214,57.053,6379.798,26130.202,16.0,59.103,62.942,209.822,88.713,59.531,6651.448,25858.552,16.0,61.168,65.273,256.73,95.0,65.0,6799.0,32510.0,16.0,67.0,71.0,1613436398.84,2021-02-16 00:46:38.839999914
29579533175,r216287-n303509,1,27.472,0.0,0.0,1.818,32508.182,16.0,36.788,35.0,27.472,0.0,0.0,1.818,32508.182,16.0,36.788,35.0,27.62,0.0,0.0,4.0,32510.0,16.0,37.0,35.0,1612829839.319,2021-02-09 00:17:19.319000006
29581382560,r4099734-n172107,0,45.26,22.708,3.602,29492.154,3017.846,16.0,37.614,35.652,45.165,22.344,3.552,31051.87,1458.13,16.0,38.828,36.903,94.95,100.0,6.0,31071.0,32510.0,16.0,40.0,39.0,1614727477.908,2021-03-02 23:24:37.907999992
29582558715,r9170217-n948219,0,27.851,0.0,0.0,0.0,32510.0,16.0,35.0,33.737,27.851,0.0,0.0,0.0,32510.0,16.0,35.0,33.737,27.99,0.0,0.0,0.0,32510.0,16.0,35.0,34.0,1613429320.862,2021-02-15 22:48:40.861999989
29600072374,r8275852-n303766,0,26.02,0.0,0.0,0.0,32510.0,16.0,31.865,31.945,26.02,0.0,0.0,0.0,32510.0,16.0,31.865,31.945,26.12,0.0,0.0,0.0,32510.0,16.0,32.0,32.0,1614758538.295,2021-03-03 08:02:18.295000076
29600072374,r8275852-n303766,1,27.587,0.0,0.0,0.0,32510.0,16.0,32.0,28.002,27.587,0.0,0.0,0.0,32510.0,16.0,32.0,28.002,27.63,0.0,0.0,0.0,32510.0,16.0,32.0,29.0,1614758538.299,2021-03-03 08:02:18.299000025
29605406853,r414303-n303509,0,27.143,0.0,0.0,0.0,32510.0,16.0,34.091,34.318,27.143,0.0,0.0,0.0,32510.0,16.0,34.091,34.318,27.3,0.0,0.0,0.0,32510.0,16.0,35.0,35.0,1613429342.83,2021-02-15 22:49:02.829999924
29630941748,r8972851-n303509,0,177.649,69.353,46.44,5888.454,26621.546,16.0,66.237,70.099,190.601,76.713,51.512,6533.767,25976.233,16.0,67.608,72.017,249.61,94.0,63.0,6807.0,32510.0,16.0,71.0,77.0,1613598968.947,2021-02-17 21:56:08.947000027
29646209823,r414303-n303509,0,29.07,0.0,0.0,0.0,32510.0,16.0,43.0,44.652,29.07,0.0,0.0,0.0,32510.0,16.0,43.0,44.652,29.14,0.0,0.0,0.0,32510.0,16.0,43.0,45.0,1613429086.98,2021-02-15 22:44:46.980000019
29707875760,r7419443-n772143,0,25.434,0.0,0.0,0.8,32509.2,16.0,29.0,27.343,90.485,28.54,17.279,9009.914,23500.086,16.0,51.474,50.436,250.55,100.0,69.0,10147.0,32510.0,16.0,73.0,76.0,1614725775.012,2021-03-02 22:56:15.012000084
29707875760,r7419443-n772143,1,28.004,0.086,0.0,189.309,32320.691,16.0,28.196,26.093,85.654,35.94,17.611,9299.42,23210.58,16.0,45.488,45.997,228.24,100.0,69.0,9577.0,32510.0,16.0,64.0,70.0,1614725775.015,2021-03-02 22:56:15.015000105
29721660924,r7462820-n303766,0,28.056,0.0,0.0,3.354,32506.646,16.0,32.0,30.006,82.041,27.623,8.295,5645.006,26864.994,16.0,46.581,44.776,191.04,65.0,20.0,6233.0,32510.0,16.0,51.0,50.0,1613646905.239,2021-02-18 11:15:05.239000082
29726716448,r7141590-n303509,0,26.858,0.0,0.0,0.0,32510.0,16.0,39.0,38.0,26.858,0.0,0.0,0.0,32510.0,16.0,39.0,38.0,27.03,0.0,0.0,0.0,32510.0,16.0,39.0,38.0,1613145031.674,2021-02-12 15:50:31.674000025
29750846903,r7141590-n303509,0,169.857,66.668,44.466,5977.555,26532.445,16.0,61.683,62.289,185.987,73.173,48.797,6567.771,25942.229,16.0,66.839,68.122,266.19,95.0,64.0,6801.0,32510.0,16.0,73.0,75.0,1613484475.742,2021-02-16 14:07:55.742000103
29764026167,r7462820-n303766,0,34.624,0.947,0.037,584.486,31925.514,16.0,33.141,31.007,58.665,30.278,6.084,1080.724,31429.276,16.0,39.657,38.153,112.59,47.0,11.0,1093.0,32510.0,16.0,41.0,40.0,1613281680.491,2021-02-14 05:48:00.490999937
29767194276,r7462820-n410412,0,184.366,73.595,49.3,6365.567,26144.433,16.0,66.572,71.611,196.121,80.276,53.923,6662.093,25847.907,16.0,67.71,73.367,253.39,94.0,65.0,6799.0,32510.0,16.0,71.0,78.0,1613584298.416,2021-02-17 17:51:38.415999889
29809923185,r8024255-n303766,0,28.109,0.028,0.0,58.172,32451.828,16.0,33.376,31.3,55.558,28.084,5.107,1080.223,31429.777,16.0,40.718,38.432,93.54,47.0,9.0,1093.0,32510.0,16.0,43.0,41.0,1614453622.354,2021-02-27 19:20:22.354000092
29814388896,r2684277-n948219,0,26.343,0.0,0.0,0.0,32510.0,16.0,30.949,29.114,208.17,93.902,62.977,2819.366,29690.634,16.0,67.875,72.026,235.44,98.0,69.0,4279.0,32510.0,16.0,74.0,78.0,1613993645.374,2021-02-22 11:34:05.374000072
29870200355,r974863-n410412,0,26.081,0.0,0.0,2.864,32507.136,16.0,37.0,37.0,26.081,0.0,0.0,2.864,32507.136,16.0,37.0,37.0,26.43,0.0,0.0,4.0,32510.0,16.0,37.0,37.0,1613011687.366,2021-02-11 02:48:07.365999937
29871897966,r2215649-n303766,0,25.191,0.0,0.0,0.0,32510.0,16.0,32.0,29.72,25.191,0.0,0.0,0.0,32510.0,16.0,32.0,29.72,25.33,0.0,0.0,0.0,32510.0,16.0,32.0,30.0,1614369542.559,2021-02-26 19:59:02.559000015
29942676479,r4144777-n172107,0,29.074,0.0,0.0,0.0,32510.0,16.0,31.027,29.968,29.586,0.0,0.0,0.0,32510.0,16.0,33.297,31.465,30.29,0.0,0.0,0.0,32510.0,16.0,35.0,34.0,1614729061.638,2021-03-02 23:51:01.638000011
29948593221,r9170217-n948219,0,53.791,14.062,3.335,1378.745,31131.255,16.0,34.375,32.421,76.922,26.407,6.334,3188.076,29321.924,16.0,44.704,42.805,198.32,98.0,26.0,3463.0,32510.0,16.0,62.0,62.0,1613301154.756,2021-02-14 11:12:34.756000042
29967307549,r9170217-n303509,0,172.767,71.367,47.734,5504.653,27005.347,16.0,56.042,55.993,200.515,84.057,56.364,6374.012,26135.988,16.0,64.798,66.246,255.07,94.0,64.0,6793.0,32510.0,16.0,73.0,75.0,1613435417.975,2021-02-16 00:30:17.974999905
29969372480,r810901-n303509,0,37.958,1.697,0.717,23412.687,9097.313,16.0,34.226,33.047,36.795,3.016,1.284,18378.906,14131.094,16.0,34.26,33.279,194.1,100.0,60.0,31079.0,32510.0,16.0,43.0,47.0,1612957428.364,2021-02-10 11:43:48.364000082
29982965837,r2215649-n410412,0,26.192,0.0,0.0,0.0,32510.0,16.0,32.0,29.753,98.618,40.02,27.85,9669.822,22840.178,16.0,55.379,55.348,251.14,100.0,74.0,18973.0,32510.0,16.0,73.0,76.0,1613315074.763,2021-02-14 15:04:34.763000011
29982965837,r2215649-n410412,1,26.002,0.0,0.0,0.0,32510.0,16.0,31.885,28.994,98.534,45.127,28.093,11630.046,20879.954,16.0,52.307,51.66,249.71,100.0,74.0,32473.0,32510.0,16.0,68.0,71.0,1613315074.764,2021-02-14 15:04:34.763999939
30036170346,r810901-n303509,0,27.403,0.0,0.0,0.0,32510.0,16.0,32.626,31.622,68.312,37.0,10.587,1661.562,30848.438,16.0,44.871,45.049,114.65,51.0,15.0,1671.0,32510.0,16.0,47.0,48.0,1613069831.642,2021-02-11 18:57:11.641999960
30043562181,r8972851-n303509,0,184.103,74.053,49.572,6180.889,26329.111,16.0,65.308,69.345,196.268,80.604,54.056,6598.681,25911.319,16.0,67.453,72.096,250.6,94.0,63.0,6799.0,32510.0,16.0,72.0,77.0,1613604013.158,2021-02-17 23:20:13.157999992
30060978218,r44132-n410412,0,34.359,0.958,0.036,438.374,32071.626,16.0,37.733,36.044,63.406,35.373,6.883,1073.452,31436.548,16.0,44.195,43.003,114.53,51.0,11.0,1093.0,32510.0,16.0,46.0,46.0,1613285972.128,2021-02-14 06:59:32.128000020
30064154216,r492024-n303766,0,171.455,70.476,47.317,6332.764,26177.236,16.0,60.515,63.472,190.729,79.26,53.278,6649.035,25860.965,16.0,66.306,70.428,251.09,94.0,65.0,6793.0,32510.0,16.0,72.0,78.0,1613439478.79,2021-02-16 01:37:58.789999962
30080561799,r2215649-n303766,0,27.934,0.043,0.003,2.098,32507.902,16.0,41.579,39.518,27.934,0.043,0.003,2.098,32507.902,16.0,41.579,39.518,45.41,14.0,1.0,4.0,32510.0,16.0,44.0,42.0,1613954774.044,2021-02-22 00:46:14.043999910
30118039787,r810901-n172107,1,25.93,0.086,0.0,83.948,32426.052,16.0,29.08,28.993,31.24,0.052,0.001,621.643,31888.357,16.0,30.072,29.499,36.77,20.0,1.0,1039.0,32510.0,16.0,31.0,30.0,1614718435.063,2021-03-02 20:53:55.062999964
30123493190,r5179276-n948219,0,157.669,66.271,44.527,6224.041,26285.959,16.0,54.441,57.64,177.681,74.153,49.858,6626.29,25883.71,16.0,63.017,67.683,246.11,95.0,66.0,6793.0,32510.0,16.0,72.0,79.0,1613436458.41,2021-02-16 00:47:38.410000086
30140094246,r4506251-n410412,0,56.296,22.301,5.48,855.014,31654.986,16.0,46.216,45.077,75.789,40.417,10.148,1524.309,30985.691,16.0,51.547,50.497,157.35,55.0,15.0,1539.0,32510.0,16.0,53.0,52.0,1613245531.459,2021-02-13 19:45:31.459000111
30143420805,r810901-n772143,0,25.823,0.0,0.0,0.0,32510.0,16.0,30.215,28.0,30.507,0.681,0.159,5543.217,26966.783,16.0,31.72,29.006,253.31,100.0,58.0,28403.0,32510.0,16.0,41.0,36.0,1614725917.566,2021-03-02 22:58:37.565999985
30143420805,r810901-n772143,1,25.411,0.0,0.0,0.0,32510.0,16.0,28.23,27.389,34.09,0.621,0.179,6224.982,26285.018,16.0,30.555,29.204,228.2,100.0,72.0,28833.0,32510.0,16.0,40.0,39.0,1614725917.569,2021-03-02 22:58:37.569000006
30174376074,r216287-n303509,1,26.15,0.0,0.0,3.062,32506.938,16.0,29.0,27.998,26.15,0.0,0.0,3.062,32506.938,16.0,29.0,27.998,26.42,0.0,0.0,4.0,32510.0,16.0,29.0,28.0,1613099539.555,2021-02-12 03:12:19.555000067
30201327384,r7753495-n303509,0,38.027,1.971,0.079,726.813,31783.187,16.0,40.953,39.0,38.027,1.971,0.079,726.813,31783.187,16.0,40.953,39.0,41.54,28.0,3.0,1093.0,32510.0,16.0,41.0,39.0,1613372888.457,2021-02-15 07:08:08.457000017
30235084953,r6727430-n948219,0,26.518,0.0,0.0,3.083,32506.917,16.0,32.0,31.0,26.518,0.0,0.0,3.083,32506.917,16.0,32.0,31.0,26.64,0.0,0.0,4.0,32510.0,16.0,32.0,31.0,1613614035.944,2021-02-18 02:07:15.944000006
30238622970,r7462820-n410412,1,186.567,73.868,49.582,6067.054,26442.946,16.0,64.28,66.872,195.435,79.072,53.156,6566.516,25943.484,16.0,65.896,68.7,260.95,93.0,63.0,6793.0,32510.0,16.0,72.0,75.0,1613573895.574,2021-02-17 14:58:15.573999882
30262628918,r7141590-n948219,0,205.437,84.641,56.513,6353.203,26156.797,16.0,68.825,73.487,214.135,89.082,59.599,6644.766,25865.234,16.0,68.501,73.584,262.6,95.0,65.0,6801.0,32510.0,16.0,72.0,77.0,1613439344.409,2021-02-16 01:35:44.408999920
30263731162,r5179276-n948219,0,202.617,85.871,57.486,6412.918,26097.082,16.0,68.924,76.177,206.006,88.719,59.561,6647.509,25862.491,16.0,68.375,75.798,246.65,100.0,65.0,6799.0,32510.0,16.0,72.0,80.0,1613580510.008,2021-02-17 16:48:30.007999897
30265454184,r1039410-n948219,0,67.995,26.951,3.773,1229.492,31280.508,16.0,45.082,43.272,68.356,27.271,3.753,1305.15,31204.85,16.0,45.053,43.308,125.9,91.0,13.0,1315.0,32510.0,16.0,47.0,45.0,1613861911.129,2021-02-20 22:58:31.128999949
30340973984,r810901-n303509,0,28.897,1.157,0.316,784.809,31725.191,16.0,32.115,31.099,54.809,24.336,7.198,29269.571,3240.429,16.0,41.085,41.051,148.92,100.0,83.0,29425.0,32510.0,16.0,45.0,51.0,1612804321.774,2021-02-08 17:12:01.773999929
30340973984,r810901-n303509,1,28.094,1.153,0.298,962.886,31547.114,16.0,30.391,30.257,58.022,30.24,9.071,29577.421,2932.579,16.0,41.305,42.087,156.83,100.0,84.0,29735.0,32510.0,16.0,45.0,52.0,1612804321.778,2021-02-08 17:12:01.778000116
30349716926,r7269000-n303509,0,209.875,86.731,57.949,6377.982,26132.018,16.0,68.833,73.518,213.867,89.404,59.946,6659.185,25850.815,16.0,68.289,73.215,254.1,95.0,68.0,6807.0,32510.0,16.0,72.0,77.0,1613588458.418,2021-02-17 19:00:58.417999983
30412526911,r7462820-n410412,0,204.126,84.808,56.835,6389.157,26120.843,16.0,67.959,73.896,208.597,87.535,58.82,6656.552,25853.448,16.0,68.141,74.308,251.79,95.0,64.0,6799.0,32510.0,16.0,70.0,77.0,1613583210.358,2021-02-17 17:33:30.358000040
30429096524,r4099734-n172107,1,43.82,24.926,1.696,29414.062,3095.938,16.0,36.605,34.876,43.658,22.879,1.563,31050.348,1459.652,16.0,36.911,35.112,73.4,100.0,6.0,31071.0,32510.0,16.0,38.0,36.0,1614733560.656,2021-03-03 01:06:00.655999899
30454267658,r6727430-n303509,0,26.535,0.0,0.0,0.0,32510.0,16.0,32.819,29.677,26.572,0.0,0.0,0.0,32510.0,16.0,32.802,29.843,26.78,0.0,0.0,0.0,32510.0,16.0,33.0,31.0,1614714260.843,2021-03-02 19:44:20.842999935
30454267658,r6727430-n303509,1,24.336,0.0,0.0,0.0,32510.0,16.0,29.0,28.988,24.318,0.0,0.0,0.0,32510.0,16.0,28.78,28.736,24.58,0.0,0.0,0.0,32510.0,16.0,29.0,29.0,1614714260.848,2021-03-02 19:44:20.848000050
30504671256,r4506251-n410412,0,25.66,0.0,0.0,0.0,32510.0,16.0,31.0,29.992,25.662,0.0,0.0,2.282,32507.718,16.0,31.0,29.992,25.81,0.0,0.0,4.0,32510.0,16.0,31.0,30.0,1613392468.432,2021-02-15 12:34:28.431999922
30526518609,r4144777-n303509,0,26.897,0.0,0.0,0.0,32510.0,16.0,32.007,30.429,27.984,0.225,0.046,155.832,32354.168,16.0,32.291,30.587,154.12,43.0,32.0,7947.0,32510.0,16.0,35.0,34.0,1614179218.2,2021-02-24 15:06:58.200000048
30550119697,r5198790-n172107,1,37.147,18.201,0.699,25979.769,6530.231,16.0,31.803,30.8,39.416,21.074,0.825,30997.269,1512.731,16.0,34.173,33.269,51.72,30.0,2.0,31071.0,32510.0,16.0,35.0,35.0,1614715475.737,2021-03-02 20:04:35.736999989
30607885277,r9170217-n303509,0,31.59,1.09,0.039,310.827,32199.173,16.0,35.883,32.387,54.678,30.607,4.895,1075.374,31434.626,16.0,41.323,37.473,98.85,47.0,9.0,1093.0,32510.0,16.0,44.0,41.0,1613333323.905,2021-02-14 20:08:43.904999971
30647312892,r8024255-n410412,0,183.647,73.631,49.332,6229.459,26280.541,16.0,67.078,70.251,192.89,78.998,53.021,6618.447,25891.553,16.0,67.74,71.288,255.05,95.0,64.0,6807.0,32510.0,16.0,71.0,76.0,1613537199.645,2021-02-17 04:46:39.644999981
30689530449,r974863-n410412,0,26.089,0.0,0.0,2.984,32507.016,16.0,37.0,37.0,26.089,0.0,0.0,2.984,32507.016,16.0,37.0,37.0,26.31,0.0,0.0,4.0,32510.0,16.0,37.0,37.0,1613011748.905,2021-02-11 02:49:08.904999971
30719367919,r7462820-n303766,0,206.867,87.195,58.457,6418.542,26091.458,16.0,69.123,74.206,210.866,89.935,60.428,6665.411,25844.589,16.0,68.505,73.8,249.26,95.0,66.0,6801.0,32510.0,16.0,72.0,78.0,1613653912.66,2021-02-18 13:11:52.660000086
30763608010,r9480604-n410412,1,24.278,0.0,0.0,0.0,32510.0,16.0,29.0,27.0,24.278,0.0,0.0,0.0,32510.0,16.0,29.0,27.0,24.4,0.0,0.0,0.0,32510.0,16.0,29.0,27.0,1614734934.16,2021-03-03 01:28:54.160000086
30776451295,r8972851-n303509,0,183.164,73.221,49.01,5988.987,26521.013,16.0,66.395,70.482,194.195,79.482,53.299,6535.535,25974.465,16.0,67.654,72.259,249.46,94.0,63.0,6793.0,32510.0,16.0,71.0,77.0,1613591735.095,2021-02-17 19:55:35.095000029
30783081320,r7269000-n303509,0,209.182,86.342,57.771,6394.981,26115.019,16.0,67.697,72.387,213.01,88.79,59.544,6660.39,25849.61,16.0,67.91,72.873,253.75,95.0,67.0,6799.0,32510.0,16.0,71.0,76.0,1613576189.045,2021-02-17 15:36:29.045000076
30795833154,r9659953-n172107,0,54.123,23.221,5.298,29574.687,2935.313,16.0,37.877,37.776,51.129,23.687,5.503,31056.696,1453.304,16.0,37.895,37.913,117.48,100.0,10.0,31071.0,32510.0,16.0,39.0,40.0,1614726246.795,2021-03-02 23:04:06.795000076
30805359001,r9480604-n303766,0,70.187,31.011,4.311,1235.519,31274.481,16.0,43.692,41.244,70.764,31.981,4.408,1257.815,31252.185,16.0,43.862,41.341,121.29,90.0,13.0,1315.0,32510.0,16.0,45.0,43.0,1613795348.867,2021-02-20 04:29:08.867000103
30834867273,r8473362-n410412,0,26.612,0.0,0.0,0.722,32509.278,16.0,31.0,29.06,26.802,0.0,0.0,0.015,32509.985,16.0,32.088,30.162,27.09,0.0,0.0,4.0,32510.0,16.0,33.0,31.0,1612988828.645,2021-02-10 20:27:08.644999981
30834867273,r8473362-n410412,1,27.9,0.143,0.002,178.333,32331.667,16.0,30.35,29.19,25.935,0.004,0.0,3.967,32506.033,16.0,31.967,30.378,37.48,23.0,1.0,1179.0,32510.0,16.0,34.0,32.0,1612988828.648,2021-02-10 20:27:08.648000002
30856763377,r414303-n303509,0,27.082,0.0,0.0,0.0,32510.0,16.0,34.0,34.0,27.082,0.0,0.0,0.0,32510.0,16.0,34.0,34.0,27.2,0.0,0.0,0.0,32510.0,16.0,34.0,34.0,1613429361.558,2021-02-15 22:49:21.558000088
30893729795,r810901-n303509,0,55.671,11.798,6.33,27140.846,5369.154,16.0,39.71,39.199,48.3,6.91,3.717,30476.02,2033.98,16.0,38.019,37.33,223.48,100.0,76.0,31021.0,32510.0,16.0,45.0,50.0,1612836760.566,2021-02-09 02:12:40.565999985
30909748221,r8024255-n410412,1,25.452,0.0,0.0,0.0,32510.0,16.0,31.0,30.0,25.452,0.0,0.0,0.0,32510.0,16.0,31.0,30.0,25.47,0.0,0.0,0.0,32510.0,16.0,31.0,30.0,1614734566.682,2021-03-03 01:22:46.681999922
30930191664,r8972851-n948219,0,207.9,85.962,57.441,6338.357,26171.643,16.0,67.38,71.2,212.56,88.772,59.405,6623.6,25886.4,16.0,67.907,71.989,258.62,96.0,70.0,6799.0,32510.0,16.0,70.0,75.0,1613522407.661,2021-02-17 00:40:07.661000013
30931221779,r8972851-n303509,0,182.943,74.707,49.921,6029.661,26480.339,16.0,64.582,68.608,196.226,80.771,54.14,6559.328,25950.672,16.0,67.173,71.768,250.9,95.0,64.0,6801.0,32510.0,16.0,72.0,77.0,1613607265.941,2021-02-18 00:14:25.940999985
30965434189,r8972851-n948219,0,162.877,61.093,40.892,6423.552,26086.448,16.0,64.343,66.751,165.856,62.695,42.035,6709.567,25800.433,16.0,65.344,67.88,259.28,96.0,66.0,6801.0,32510.0,16.0,71.0,76.0,1613525356.693,2021-02-17 01:29:16.693000078
31007039776,r974863-n410412,0,31.666,6.013,0.04,770.77,31739.23,16.0,35.551,34.903,70.99,36.325,14.518,2622.069,29887.931,16.0,42.931,43.35,127.01,53.0,22.0,2695.0,32510.0,16.0,47.0,48.0,1613433828.926,2021-02-16 00:03:48.926000118
31029210091,r7419443-n948219,1,25.918,0.0,0.0,0.0,32510.0,16.0,29.002,27.0,172.863,80.435,48.142,3933.708,28576.292,16.0,59.143,70.3,245.68,100.0,61.0,5895.0,32510.0,16.0,71.0,86.0,1613926509.0,2021-02-21 16:55:09.000000000
31040229835,r492024-n303766,0,199.153,83.333,55.968,6348.262,26161.738,16.0,67.816,72.185,206.32,87.44,58.816,6639.384,25870.616,16.0,68.173,72.9,249.34,95.0,65.0,6793.0,32510.0,16.0,71.0,76.0,1613437210.02,2021-02-16 01:00:10.019999981
31054162297,r6727430-n948219,0,26.48,0.0,0.0,0.0,32510.0,16.0,32.0,31.0,26.48,0.0,0.0,0.0,32510.0,16.0,32.0,31.0,26.51,0.0,0.0,0.0,32510.0,16.0,32.0,31.0,1613613185.276,2021-02-18 01:53:05.276000023
31082443875,r7269000-n303509,0,185.37,72.885,48.656,6412.058,26097.942,16.0,66.08,69.544,187.242,73.999,49.574,6686.387,25823.613,16.0,66.493,70.18,255.41,100.0,67.0,6799.0,32510.0,16.0,72.0,78.0,1613584510.6,2021-02-17 17:55:10.599999905
31086945199,r7141590-n948219,0,202.798,84.33,56.507,6354.088,26155.912,16.0,60.244,64.226,210.325,87.501,58.661,6651.782,25858.218,16.0,66.051,71.084,262.54,95.0,66.0,6807.0,32510.0,16.0,73.0,79.0,1613446291.959,2021-02-16 03:31:31.959000111
31108880177,r2215649-n410412,0,42.919,27.897,0.001,1008.12,31501.88,16.0,37.951,34.659,42.919,27.897,0.001,1008.12,31501.88,16.0,37.951,34.659,45.08,48.0,1.0,1065.0,32510.0,16.0,39.0,36.0,1614114421.515,2021-02-23 21:07:01.515000105
31142623505,r492024-n410412,0,39.027,8.064,1.112,374.778,32135.222,16.0,33.024,31.534,68.064,27.459,3.779,1209.89,31300.11,16.0,43.907,42.08,124.61,90.0,13.0,1315.0,32510.0,16.0,48.0,46.0,1613860401.405,2021-02-20 22:33:21.404999971
31153613106,r6959555-n772143,0,26.29,0.0,0.0,0.0,32510.0,16.0,31.0,30.0,26.284,0.0,0.0,0.0,32510.0,16.0,31.497,30.351,26.64,0.0,0.0,0.0,32510.0,16.0,33.0,32.0,1614717433.661,2021-03-02 20:37:13.661000013
31153613106,r6959555-n772143,1,25.402,0.0,0.0,0.0,32510.0,16.0,30.962,28.078,25.383,0.0,0.0,0.0,32510.0,16.0,30.649,28.563,25.71,0.0,0.0,0.0,32510.0,16.0,32.0,30.0,1614717433.669,2021-03-02 20:37:13.668999910
31156789660,r44132-n303766,0,204.821,84.824,56.783,6376.017,26133.983,16.0,69.054,75.946,208.528,87.82,58.937,6652.693,25857.307,16.0,68.347,75.524,252.26,96.0,64.0,6799.0,32510.0,16.0,72.0,80.0,1613467436.613,2021-02-16 09:23:56.612999916
31168093032,r6727430-n948219,0,26.495,0.0,0.0,3.968,32506.032,16.0,32.0,31.0,26.926,0.083,0.0,38.286,32471.714,16.0,32.041,31.0,38.42,7.0,0.0,1295.0,32510.0,16.0,33.0,31.0,1613613612.553,2021-02-18 02:00:12.552999973
31173488735,r7317916-n772143,1,24.667,0.0,0.0,0.0,32510.0,16.0,29.0,28.0,24.667,0.0,0.0,0.0,32510.0,16.0,29.0,28.0,24.71,0.0,0.0,0.0,32510.0,16.0,29.0,28.0,1614725703.539,2021-03-02 22:55:03.539000034
31199178581,r7753495-n200569,0,30.329,0.457,0.006,605.597,31904.403,16.0,29.409,28.02,30.329,0.457,0.006,605.597,31904.403,16.0,29.409,28.02,38.57,36.0,1.0,2753.0,32510.0,16.0,31.0,29.0,1614738967.925,2021-03-03 02:36:07.924999952
31205473024,r216287-n303509,1,26.999,0.0,0.0,2.37,32507.63,16.0,34.074,33.0,26.999,0.0,0.0,2.37,32507.63,16.0,34.074,33.0,27.2,0.0,0.0,4.0,32510.0,16.0,35.0,33.0,1612829870.609,2021-02-09 00:17:50.608999968
31211855224,r6707841-n772143,1,41.277,23.528,1.69,29547.985,2962.015,16.0,35.524,30.96,41.333,22.144,1.497,31052.529,1457.471,16.0,36.687,32.233,71.02,100.0,6.0,31071.0,32510.0,16.0,38.0,34.0,1614740761.736,2021-03-03 03:06:01.736000061
31222686064,r2684277-n948219,0,41.418,2.475,1.657,13906.42,18603.58,16.0,35.033,33.528,86.122,32.283,26.726,30644.165,1865.835,16.0,47.615,47.977,205.31,100.0,93.0,30811.0,32510.0,16.0,51.0,56.0,1613259640.088,2021-02-13 23:40:40.088000059
31234932262,r9988778-n303766,0,24.684,0.0,0.0,0.0,32510.0,16.0,33.0,32.722,117.503,62.728,27.565,7852.694,24657.306,16.0,55.767,58.18,216.19,100.0,54.0,8185.0,32510.0,16.0,62.0,66.0,1613393816.368,2021-02-15 12:56:56.368000031
31302423456,r3974592-n303509,0,25.658,0.0,0.0,0.536,32509.464,16.0,39.132,38.272,51.004,18.799,7.812,3400.308,29109.692,16.0,38.547,37.257,166.53,90.0,34.0,8044.0,32510.0,16.0,48.0,48.0,1613060115.023,2021-02-11 16:15:15.023000002
31302423456,r3974592-n303509,1,25.032,0.0,0.0,0.536,32509.464,16.0,28.0,27.0,37.451,0.002,0.0,1178.922,31331.078,16.0,32.043,30.183,38.03,23.0,1.0,1205.0,32510.0,16.0,33.0,31.0,1613060115.027,2021-02-11 16:15:15.026999950
31335281245,r7753495-n303509,0,30.855,1.095,0.038,281.856,32228.144,16.0,38.568,36.908,65.55,38.119,9.479,1572.603,30937.397,16.0,47.05,45.517,130.43,60.0,18.0,1605.0,32510.0,16.0,49.0,48.0,1613338715.831,2021-02-14 21:38:35.831000090
31344642376,r4506251-n410412,0,25.99,0.0,0.0,0.0,32510.0,16.0,31.0,30.0,25.99,0.0,0.0,0.0,32510.0,16.0,31.0,30.0,25.99,0.0,0.0,0.0,32510.0,16.0,31.0,30.0,1614734668.931,2021-03-03 01:24:28.930999994
31365572116,r6727430-n172107,0,25.74,0.0,0.0,0.0,32510.0,16.0,34.0,30.925,25.425,0.0,0.0,0.0,32510.0,16.0,32.342,28.809,25.91,0.0,0.0,0.0,32510.0,16.0,35.0,31.0,1614717433.65,2021-03-02 20:37:13.650000095
31365572116,r6727430-n172107,1,25.204,0.0,0.0,0.0,32510.0,16.0,30.479,29.0,24.88,0.0,0.0,0.0,32510.0,16.0,28.543,26.777,25.39,0.0,0.0,0.0,32510.0,16.0,31.0,30.0,1614717433.653,2021-03-02 20:37:13.653000116
31397501566,r8532701-n772143,1,35.535,17.531,0.684,25497.674,7012.326,16.0,33.668,29.088,37.989,21.643,0.817,31000.949,1509.051,16.0,35.711,31.102,52.26,100.0,6.0,31071.0,32510.0,16.0,37.0,33.0,1614721838.786,2021-03-02 21:50:38.786000013
31399147989,r4506251-n303766,0,206.564,85.296,57.204,6358.403,26151.597,16.0,67.628,74.029,209.125,87.168,58.587,6621.872,25888.128,16.0,67.745,74.521,255.83,97.0,65.0,6799.0,32510.0,16.0,71.0,79.0,1613502201.799,2021-02-16 19:03:21.799000025
31402513783,r9648383-n303766,0,26.323,0.0,0.0,0.0,32510.0,16.0,31.715,30.0,26.37,0.0,0.0,0.0,32510.0,16.0,31.997,30.337,26.61,0.0,0.0,0.0,32510.0,16.0,32.0,31.0,1614274922.472,2021-02-25 17:42:02.471999884
31424821447,r7141590-n948219,0,25.944,0.0,0.0,0.0,32510.0,16.0,36.0,34.387,79.444,43.41,12.163,1510.035,30999.965,16.0,51.689,50.844,137.59,59.0,18.0,1605.0,32510.0,16.0,55.0,54.0,1613401919.61,2021-02-15 15:11:59.609999895
31426800055,r6727430-n948219,0,170.708,68.692,46.041,6114.296,26395.704,16.0,61.927,65.614,190.238,79.393,53.32,6578.719,25931.281,16.0,65.667,70.213,246.16,94.0,63.0,6799.0,32510.0,16.0,69.0,74.0,1613652119.945,2021-02-18 12:41:59.944999933
31429917866,r7317916-n948219,0,27.007,0.0,0.0,0.0,32510.0,16.0,32.0,31.47,45.367,21.794,5.098,1578.447,30931.553,16.0,36.415,36.523,111.52,52.0,16.0,1605.0,32510.0,16.0,44.0,45.0,1613457271.012,2021-02-16 06:34:31.012000084
31470039884,r2684277-n948219,0,26.987,0.0,0.0,0.0,32510.0,16.0,34.068,33.0,26.981,0.0,0.0,0.0,32510.0,16.0,34.058,33.0,27.36,0.0,0.0,0.0,32510.0,16.0,35.0,33.0,1614085867.113,2021-02-23 13:11:07.112999916
31565727781,r414303-n172107,1,43.827,25.251,6.33,27567.127,4942.873,16.0,35.087,34.207,44.291,26.091,6.512,31034.561,1475.439,16.0,36.251,35.384,97.61,100.0,10.0,31071.0,32510.0,16.0,38.0,38.0,1614734532.029,2021-03-03 01:22:12.029000044
31622015007,r810901-n948219,0,26.097,0.0,0.0,0.004,32509.996,16.0,31.0,31.0,26.23,0.0,0.0,3.692,32506.308,16.0,31.727,31.904,27.24,0.0,0.0,4.0,32510.0,16.0,35.0,35.0,1614029400.458,2021-02-22 21:30:00.457999945
31622015007,r810901-n948219,1,25.909,0.0,0.0,0.004,32509.996,16.0,30.0,29.026,36.041,0.314,0.284,11981.136,20528.864,16.0,33.026,32.002,184.39,100.0,100.0,26172.0,32510.0,16.0,60.0,74.0,1614029400.461,2021-02-22 21:30:00.460999966
31671942407,r8972851-n303509,0,174.178,70.702,47.274,6054.928,26455.072,16.0,61.965,65.604,188.253,76.303,51.116,6569.047,25940.953,16.0,66.705,71.022,250.99,95.0,63.0,6793.0,32510.0,16.0,72.0,78.0,1613597270.449,2021-02-17 21:27:50.448999882
31731921217,r4506251-n303766,0,32.501,0.0,0.0,0.0,32510.0,16.0,43.656,45.403,30.428,0.0,0.0,0.0,32510.0,16.0,39.078,40.232,52.43,0.0,0.0,0.0,32510.0,16.0,53.0,55.0,1613469454.597,2021-02-16 09:57:34.596999884
31819871441,r2215649-n410412,0,27.604,0.0,0.0,0.0,32510.0,16.0,39.761,36.997,43.069,0.96,0.157,1349.411,31160.589,16.0,44.137,40.918,77.12,60.0,10.0,1407.0,32510.0,16.0,46.0,44.0,1613495898.4,2021-02-16 17:18:18.400000095
31822667563,r5051220-n772143,0,41.055,22.163,1.596,29063.549,3446.451,16.0,35.908,32.856,41.033,21.008,1.537,31044.361,1465.639,16.0,35.809,32.745,68.31,100.0,6.0,31071.0,32510.0,16.0,36.0,34.0,1614734467.328,2021-03-03 01:21:07.328000069
31824270204,r7753495-n303509,0,25.49,0.0,0.0,3.72,32506.28,16.0,36.251,35.001,25.475,0.0,0.0,3.89,32506.11,16.0,36.185,35.001,25.7,0.0,0.0,4.0,32510.0,16.0,37.0,36.0,1613683401.078,2021-02-18 21:23:21.078000069
31830614139,r7753495-n303509,0,25.711,0.0,0.0,1.995,32508.005,16.0,37.83,36.65,25.543,0.0,0.0,3.383,32506.617,16.0,36.806,35.526,26.2,0.0,0.0,4.0,32510.0,16.0,40.0,39.0,1613682923.571,2021-02-18 21:15:23.571000099
31862589242,r8972851-n172107,0,49.169,28.155,7.825,29894.872,2615.128,16.0,35.487,34.797,46.339,26.376,7.375,31057.17,1452.83,16.0,36.353,35.632,88.23,100.0,12.0,31071.0,32510.0,16.0,38.0,38.0,1614726911.078,2021-03-02 23:15:11.078000069
31880548558,r9170217-n172107,1,44.574,26.056,6.393,28236.303,4273.697,16.0,33.419,31.515,44.454,27.496,6.855,31040.362,1469.638,16.0,34.286,32.388,84.04,100.0,10.0,31071.0,32510.0,16.0,35.0,34.0,1614724442.445,2021-03-02 22:34:02.444999933
31976223819,r7269000-n948219,0,31.696,0.678,0.0,157.988,32352.012,16.0,39.228,37.968,53.949,21.915,5.771,1576.933,30933.067,16.0,43.166,42.03,113.06,47.0,15.0,1605.0,32510.0,16.0,46.0,45.0,1613430201.442,2021-02-15 23:03:21.441999912
32003820588,r6727430-n303509,0,27.178,0.0,0.0,3.058,32506.942,16.0,37.0,34.0,27.178,0.0,0.0,3.058,32506.942,16.0,37.0,34.0,27.36,0.0,0.0,4.0,32510.0,16.0,37.0,34.0,1613012609.18,2021-02-11 03:03:29.180000067
32044864205,r4506251-n410412,0,25.898,0.0,0.0,0.0,32510.0,16.0,31.0,30.0,25.898,0.0,0.0,0.0,32510.0,16.0,31.0,30.0,26.01,0.0,0.0,0.0,32510.0,16.0,31.0,30.0,1613388614.734,2021-02-15 11:30:14.733999968
32044864205,r4506251-n410412,1,25.937,0.0,0.0,0.0,32510.0,16.0,32.0,29.0,25.937,0.0,0.0,0.0,32510.0,16.0,32.0,29.0,26.08,0.0,0.0,0.0,32510.0,16.0,32.0,29.0,1613388614.737,2021-02-15 11:30:14.736999989
32052585731,r5354770-n750018,0,26.041,0.0,0.0,0.0,32510.0,16.0,30.0,29.12,26.041,0.0,0.0,0.0,32510.0,16.0,30.0,29.12,26.27,0.0,0.0,0.0,32510.0,16.0,30.0,30.0,1614758538.257,2021-03-03 08:02:18.256999969
32052585731,r5354770-n750018,1,27.356,0.0,0.0,0.0,32510.0,16.0,30.0,30.0,27.356,0.0,0.0,0.0,32510.0,16.0,30.0,30.0,27.58,0.0,0.0,0.0,32510.0,16.0,30.0,30.0,1614758538.26,2021-03-03 08:02:18.259999990
32076819956,r492024-n303766,0,37.898,2.217,1.055,2094.464,30415.536,16.0,40.152,38.745,34.144,1.592,0.75,1240.655,31269.345,16.0,38.874,37.513,244.98,100.0,61.0,5303.0,32510.0,16.0,47.0,49.0,1613422367.391,2021-02-15 20:52:47.391000032
32140975575,r2215649-n303766,0,25.193,0.0,0.0,0.0,32510.0,16.0,32.0,29.667,25.193,0.0,0.0,0.0,32510.0,16.0,32.0,29.667,25.28,0.0,0.0,0.0,32510.0,16.0,32.0,30.0,1614369537.651,2021-02-26 19:58:57.651000023
32142123091,r7753495-n303509,0,24.653,0.0,0.0,0.0,32510.0,16.0,30.0,29.0,44.763,13.648,1.928,1078.585,31431.415,16.0,36.221,34.209,101.54,48.0,9.0,1093.0,32510.0,16.0,46.0,45.0,1613401488.513,2021-02-15 15:04:48.513000011
32164658274,r8024255-n410412,1,25.495,0.0,0.0,0.0,32510.0,16.0,31.0,29.5,25.495,0.0,0.0,0.0,32510.0,16.0,31.0,29.5,25.54,0.0,0.0,0.0,32510.0,16.0,31.0,30.0,1614734669.029,2021-03-03 01:24:29.029000044
32220746849,r4683026-n772143,0,42.477,7.6,0.46,3.24,32506.76,16.0,33.38,30.0,42.477,7.6,0.46,3.24,32506.76,16.0,33.38,30.0,44.28,100.0,6.0,4.0,32510.0,16.0,34.0,30.0,1614726858.651,2021-03-02 23:14:18.651000023
32220746849,r4683026-n772143,1,43.979,8.32,0.46,789.25,31720.75,16.0,32.0,31.01,43.979,8.32,0.46,789.25,31720.75,16.0,32.0,31.01,45.82,100.0,6.0,1095.0,32510.0,16.0,32.0,32.0,1614726858.655,2021-03-02 23:14:18.654999971
32337534525,r9988778-n303766,0,25.394,0.017,0.0,39.373,32470.627,16.0,32.071,31.267,72.792,35.948,18.198,4729.339,27780.661,16.0,44.498,45.684,140.45,89.0,25.0,4742.0,32510.0,16.0,47.0,50.0,1613187794.128,2021-02-13 03:43:14.128000020
32341703185,r9515777-n303766,0,116.228,59.012,32.274,4418.368,28091.632,16.0,53.449,54.577,118.846,60.491,33.079,4719.837,27790.163,16.0,55.166,56.481,225.34,88.0,56.0,4955.0,32510.0,16.0,57.0,60.0,1614609754.402,2021-03-01 14:42:34.401999950
32347313505,r8024255-n410412,0,148.277,55.687,37.269,6079.983,26430.017,16.0,60.807,62.888,181.707,73.422,49.288,6590.032,25919.968,16.0,66.025,69.289,251.94,94.0,63.0,6793.0,32510.0,16.0,71.0,76.0,1613522209.119,2021-02-17 00:36:49.118999958
32420768048,r3955005-n172107,0,52.813,25.426,5.813,29654.71,2855.29,16.0,41.819,39.143,51.108,23.549,5.474,31057.236,1452.764,16.0,42.498,39.8,125.68,100.0,10.0,31071.0,32510.0,16.0,44.0,42.0,1614736782.647,2021-03-03 01:59:42.647000074
32426358971,r6727430-n303509,0,192.887,80.718,54.065,6277.04,26232.96,16.0,68.134,72.544,193.817,81.409,54.665,6627.022,25882.978,16.0,68.183,72.64,247.01,100.0,66.0,6799.0,32510.0,16.0,71.0,77.0,1613440226.704,2021-02-16 01:50:26.703999996
32468037513,r414303-n948219,0,26.368,0.0,0.0,0.0,32510.0,16.0,32.0,29.999,219.577,96.345,66.651,3299.236,29210.764,16.0,68.247,72.625,244.61,99.0,70.0,7147.0,32510.0,16.0,72.0,76.0,1614341892.197,2021-02-26 12:18:12.197000027
32473728861,r8972851-n303509,0,182.96,71.909,48.151,6083.224,26426.776,16.0,66.585,70.539,190.341,76.887,51.585,6583.79,25926.21,16.0,67.72,72.075,250.19,94.0,64.0,6801.0,32510.0,16.0,72.0,77.0,1613595297.369,2021-02-17 20:54:57.368999958
32492540160,r7462820-n303766,0,32.599,1.147,0.036,422.214,32087.786,16.0,32.728,30.635,63.348,35.99,9.214,1580.183,30929.817,16.0,42.308,41.095,122.97,55.0,15.0,1605.0,32510.0,16.0,44.0,44.0,1613317684.277,2021-02-14 15:48:04.276999950
32510145550,r7462820-n410412,1,204.47,84.927,56.956,6379.028,26130.972,16.0,63.443,66.364,198.572,82.006,55.177,6649.039,25860.961,16.0,62.395,65.087,259.02,100.0,64.0,6799.0,32510.0,16.0,69.0,73.0,1613572705.041,2021-02-17 14:38:25.040999889
32531777846,r368967-n200569,0,27.775,0.0,0.0,0.0,32510.0,16.0,40.269,39.472,38.866,0.004,0.002,1093.935,31416.065,16.0,41.742,40.54,120.82,58.0,56.0,10321.0,32510.0,16.0,44.0,45.0,1614730170.62,2021-03-03 00:09:30.619999886
32533349696,r9480604-n303766,0,27.4,0.0,0.0,3.784,32506.216,16.0,32.0,30.0,165.781,68.883,11.885,25991.799,6518.201,16.0,66.085,64.168,275.39,100.0,49.0,29181.0,32510.0,16.0,75.0,77.0,1613955136.003,2021-02-22 00:52:16.003000021
32539684870,r974863-n410412,0,65.634,20.234,9.062,13331.023,19178.977,16.0,42.844,42.219,76.692,24.195,10.95,17726.157,14783.843,16.0,49.586,49.551,257.56,100.0,52.0,17729.0,32510.0,16.0,56.0,58.0,1613031934.021,2021-02-11 08:25:34.020999908
32543208702,r1051355-n172107,0,57.98,26.724,10.825,29467.811,3042.189,16.0,40.035,40.306,59.118,26.936,11.157,31053.097,1456.903,16.0,41.2,41.585,135.63,100.0,20.0,31071.0,32510.0,16.0,44.0,46.0,1614745153.317,2021-03-03 04:19:13.316999912
32609513259,r6727430-n303509,0,26.716,0.0,0.0,0.348,32509.652,16.0,33.0,30.0,26.716,0.0,0.0,0.348,32509.652,16.0,33.0,30.0,26.79,0.0,0.0,4.0,32510.0,16.0,33.0,30.0,1614709596.489,2021-03-02 18:26:36.489000082
32609513259,r6727430-n303509,1,24.531,0.0,0.0,0.348,32509.652,16.0,29.0,29.0,24.531,0.0,0.0,0.348,32509.652,16.0,29.0,29.0,24.58,0.0,0.0,4.0,32510.0,16.0,29.0,29.0,1614709596.492,2021-03-02 18:26:36.492000103
32612869268,r1900814-n172107,0,43.064,24.149,1.711,29708.287,2801.713,16.0,35.955,35.66,42.836,21.578,1.637,31052.267,1457.733,16.0,37.345,36.911,71.19,100.0,6.0,31071.0,32510.0,16.0,38.0,38.0,1614748915.159,2021-03-03 05:21:55.158999920
32658871069,r4605940-n948219,0,42.643,6.475,1.962,991.544,31518.456,16.0,35.9,33.877,127.756,71.077,24.343,1064.984,31445.016,16.0,62.706,62.221,163.65,99.0,34.0,1065.0,32510.0,16.0,72.0,72.0,1613786961.862,2021-02-20 02:09:21.861999989
32658871069,r4605940-n948219,1,45.164,6.021,1.877,987.1,31522.9,16.0,34.763,31.931,132.193,70.188,24.294,1064.983,31445.017,16.0,60.31,59.612,170.7,99.0,34.0,1065.0,32510.0,16.0,71.0,72.0,1613786961.865,2021-02-20 02:09:21.865000010
32669422700,r4144777-n303509,0,30.472,1.608,0.084,5762.823,26747.177,16.0,37.097,35.0,41.673,14.08,0.784,29783.577,2726.423,16.0,39.746,37.019,46.94,100.0,6.0,30709.0,32510.0,16.0,41.0,38.0,1614323525.134,2021-02-26 07:12:05.134000063
32793031471,r7753495-n200569,0,34.229,2.315,0.106,19855.409,12654.591,16.0,30.973,28.911,29.041,0.409,0.057,5331.019,27178.981,16.0,29.893,28.287,55.85,100.0,6.0,30707.0,32510.0,16.0,33.0,31.0,1614723861.828,2021-03-02 22:24:21.828000069
32799364587,r7462820-n303766,0,206.334,86.399,57.949,6411.994,26098.006,16.0,69.064,74.052,162.581,63.555,42.728,6700.208,25809.792,16.0,64.967,68.498,249.43,95.0,65.0,6799.0,32510.0,16.0,72.0,78.0,1613654261.766,2021-02-18 13:17:41.766000032
32861185937,r8972851-n948219,0,40.872,0.65,0.006,1810.72,30699.28,16.0,35.0,33.006,40.872,0.65,0.006,1810.72,30699.28,16.0,35.0,33.006,45.26,11.0,1.0,2547.0,32510.0,16.0,35.0,34.0,1613184519.157,2021-02-13 02:48:39.157000065
32874726116,r7753495-n303509,0,38.046,0.79,0.033,949.141,31560.859,16.0,39.403,37.294,48.659,16.816,2.912,1090.492,31419.508,16.0,38.686,36.7,101.24,44.0,9.0,1093.0,32510.0,16.0,49.0,47.0,1613373212.669,2021-02-15 07:13:32.668999910
32969802024,r7317916-n948219,1,186.49,73.248,49.034,6099.141,26410.859,16.0,67.809,72.738,194.004,78.35,52.598,6588.764,25921.236,16.0,67.983,73.321,258.98,94.0,64.0,6807.0,32510.0,16.0,72.0,78.0,1613481275.892,2021-02-16 13:14:35.891999960
33035505566,r8024255-n410412,0,24.963,0.0,0.0,0.0,32510.0,16.0,32.0,31.0,24.963,0.0,0.0,0.0,32510.0,16.0,32.0,31.0,25.04,0.0,0.0,0.0,32510.0,16.0,32.0,31.0,1614734668.987,2021-03-03 01:24:28.986999989
33093945002,r7269000-n948219,0,27.776,0.0,0.0,0.472,32509.528,16.0,38.083,37.056,27.776,0.0,0.0,0.472,32509.528,16.0,38.083,37.056,28.0,0.0,0.0,4.0,32510.0,16.0,39.0,38.0,1613430018.012,2021-02-15 23:00:18.012000084
33121836348,r8275852-n410412,0,53.452,0.0,0.0,0.348,32509.652,16.0,56.0,57.87,53.452,0.0,0.0,0.348,32509.652,16.0,56.0,57.87,53.72,0.0,0.0,4.0,32510.0,16.0,56.0,58.0,1613491877.307,2021-02-16 16:11:17.306999922
33182342925,r7462820-n303766,0,207.157,87.001,58.333,6419.364,26090.636,16.0,69.043,74.158,210.625,89.647,60.225,6664.037,25845.963,16.0,68.35,73.732,249.04,95.0,66.0,6799.0,32510.0,16.0,72.0,78.0,1613653209.891,2021-02-18 13:00:09.891000032
33193773413,r9515777-n303766,0,27.187,0.035,0.0,22.399,32487.601,16.0,40.048,38.02,27.187,0.035,0.0,22.399,32487.601,16.0,40.048,38.02,38.7,9.0,0.0,457.0,32510.0,16.0,41.0,39.0,1614486430.054,2021-02-28 04:27:10.053999901
33238422153,r5179276-n948219,0,32.084,0.821,0.054,565.717,31944.283,16.0,37.438,36.312,99.347,62.597,22.707,8957.157,23552.843,16.0,50.964,51.418,165.6,100.0,33.0,8966.0,32510.0,16.0,55.0,57.0,1613183307.074,2021-02-13 02:28:27.073999882
33240464125,r7317916-n948219,0,178.816,77.088,51.766,6170.539,26339.461,16.0,66.548,73.288,187.992,81.06,54.486,6588.802,25921.198,16.0,67.779,75.07,241.2,94.0,64.0,6793.0,32510.0,16.0,72.0,80.0,1613483934.763,2021-02-16 13:58:54.763000011
33262491567,r4506251-n303766,0,41.729,0.642,0.03,972.499,31537.501,16.0,38.979,39.058,68.539,32.314,8.759,1088.284,31421.716,16.0,45.093,46.459,108.96,44.0,13.0,1093.0,32510.0,16.0,47.0,48.0,1613337802.32,2021-02-14 21:23:22.319999933
33266067260,r4506251-n303766,0,192.884,77.018,51.599,6406.182,26103.818,16.0,67.812,74.043,200.477,82.003,55.088,6672.505,25837.495,16.0,67.747,74.279,254.95,95.0,65.0,6799.0,32510.0,16.0,72.0,79.0,1613467707.248,2021-02-16 09:28:27.247999907
33269320085,r974863-n410412,0,25.091,0.0,0.0,0.0,32510.0,16.0,30.09,29.995,58.178,35.228,5.248,1125.438,31384.562,16.0,41.02,40.383,99.29,50.0,9.0,1159.0,32510.0,16.0,43.0,42.0,1613457268.972,2021-02-16 06:34:28.971999884
33271040267,r974863-n410412,0,26.081,0.0,0.0,0.0,32510.0,16.0,37.0,36.628,26.081,0.0,0.0,0.0,32510.0,16.0,37.0,36.628,26.35,0.0,0.0,0.0,32510.0,16.0,37.0,37.0,1612997609.585,2021-02-10 22:53:29.585000038
33275764803,r1900814-n172107,0,43.314,18.727,4.424,25765.978,6744.022,16.0,33.208,32.978,47.333,23.797,5.523,31020.732,1489.268,16.0,37.116,37.131,109.35,42.0,9.0,31071.0,32510.0,16.0,39.0,39.0,1614715475.725,2021-03-02 20:04:35.724999905
33305239289,r4605940-n303509,0,28.248,0.1,0.002,60.392,32449.608,16.0,31.616,30.002,40.057,2.946,0.931,1631.586,30878.414,16.0,33.722,31.569,108.61,52.0,19.0,1975.0,32510.0,16.0,38.0,36.0,1612821767.916,2021-02-08 22:02:47.915999889
33324495351,r7317916-n948219,0,194.942,85.872,57.767,6375.793,26134.207,16.0,68.556,76.286,197.154,87.463,58.933,6658.777,25851.223,16.0,68.22,76.25,237.65,95.0,64.0,6807.0,32510.0,16.0,72.0,81.0,1613478658.617,2021-02-16 12:30:58.617000103
33343673189,r7462820-n303766,0,28.134,0.0,0.0,0.0,32510.0,16.0,32.123,30.85,60.057,33.68,8.173,1551.324,30958.676,16.0,41.055,39.733,118.77,56.0,16.0,1605.0,32510.0,16.0,43.0,42.0,1613323609.748,2021-02-14 17:26:49.747999907
33353582284,r492024-n410412,0,28.028,0.0,0.0,3.375,32506.625,16.0,32.0,30.983,27.9,0.0,0.0,3.961,32506.039,16.0,31.602,30.24,28.42,0.0,0.0,4.0,32510.0,16.0,32.0,31.0,1614373950.948,2021-02-26 21:12:30.947999954
33366926506,r414303-n303509,0,29.243,0.0,0.0,0.0,32510.0,16.0,44.0,45.0,29.243,0.0,0.0,0.0,32510.0,16.0,44.0,45.0,29.34,0.0,0.0,0.0,32510.0,16.0,44.0,45.0,1613429082.71,2021-02-15 22:44:42.710000038
33387462619,r9852763-n200569,0,28.168,0.088,0.0,83.198,32426.802,16.0,32.808,30.262,34.412,0.053,0.001,621.21,31888.79,16.0,33.895,31.171,39.93,21.0,1.0,1039.0,32510.0,16.0,35.0,32.0,1614718435.035,2021-03-02 20:53:55.035000086
33414844145,r4605940-n303509,0,39.427,8.204,0.9,10347.095,22162.905,16.0,32.08,29.729,87.996,44.044,4.871,30947.392,1562.608,16.0,46.708,43.996,153.79,100.0,11.0,31025.0,32510.0,16.0,50.0,46.0,1613270947.15,2021-02-14 02:49:07.150000095
33418660258,r8972851-n948219,0,209.278,86.688,57.986,6419.089,26090.911,16.0,67.465,71.373,214.944,89.897,60.265,6665.002,25844.998,16.0,68.017,72.233,259.44,96.0,67.0,6799.0,32510.0,16.0,71.0,76.0,1613523472.169,2021-02-17 00:57:52.168999910
33438932591,r4683026-n948219,0,28.439,0.591,0.029,65.553,32444.447,16.0,38.127,38.114,52.506,27.758,6.406,1059.937,31450.063,16.0,43.466,44.124,85.57,41.0,10.0,1093.0,32510.0,16.0,45.0,46.0,1613717968.24,2021-02-19 06:59:28.240000010
33438956563,r8972851-n172107,0,42.63,25.782,1.773,29761.304,2748.696,16.0,38.069,37.142,40.728,22.275,1.542,31052.977,1457.023,16.0,36.413,35.358,53.44,100.0,6.0,31071.0,32510.0,16.0,40.0,39.0,1614749039.195,2021-03-03 05:23:59.194999933
33456052548,r492024-n410412,0,28.126,0.0,0.0,0.0,32510.0,16.0,32.0,30.0,28.126,0.0,0.0,0.0,32510.0,16.0,32.0,30.0,28.17,0.0,0.0,0.0,32510.0,16.0,32.0,30.0,1614734826.701,2021-03-03 01:27:06.700999975
33502295580,r9659953-n172107,1,46.399,23.179,3.709,29280.479,3229.521,16.0,35.307,32.639,46.159,22.056,3.546,31049.608,1460.392,16.0,36.339,33.736,103.74,100.0,6.0,31071.0,32510.0,16.0,37.0,35.0,1614737220.993,2021-03-03 02:07:00.993000031
33528558735,r7317916-n948219,1,189.464,77.651,52.02,6169.169,26340.831,16.0,65.382,70.146,197.121,81.061,54.441,6558.148,25951.852,16.0,66.19,71.487,259.64,95.0,65.0,6793.0,32510.0,16.0,73.0,80.0,1613479536.203,2021-02-16 12:45:36.203000069
33609753840,r6727430-n303509,0,201.252,86.557,58.055,6424.761,26085.239,16.0,67.442,71.922,204.398,88.035,59.18,6673.093,25836.907,16.0,67.836,72.702,246.55,95.0,64.0,6807.0,32510.0,16.0,71.0,77.0,1613437736.093,2021-02-16 01:08:56.092999935
33650960449,r8972851-n948219,0,38.353,1.471,0.017,1504.902,31005.098,16.0,34.0,32.08,38.353,1.471,0.017,1504.902,31005.098,16.0,34.0,32.08,42.15,24.0,1.0,2547.0,32510.0,16.0,34.0,33.0,1613184483.464,2021-02-13 02:48:03.463999987
33682591708,r1051355-n172107,0,40.419,24.142,1.728,29093.439,3416.561,16.0,36.004,34.992,40.266,22.838,1.62,31043.231,1466.769,16.0,36.867,35.716,49.86,100.0,6.0,31071.0,32510.0,16.0,39.0,37.0,1614727150.927,2021-03-02 23:19:10.927000046
33706709850,r8275852-n410412,0,29.967,0.0,0.0,0.0,32510.0,16.0,39.0,40.45,29.967,0.0,0.0,0.0,32510.0,16.0,39.0,40.45,30.09,0.0,0.0,0.0,32510.0,16.0,39.0,41.0,1613440999.332,2021-02-16 02:03:19.332000017
33716929252,r8024255-n410412,0,24.96,0.0,0.0,0.0,32510.0,16.0,32.0,30.533,24.96,0.0,0.0,0.0,32510.0,16.0,32.0,30.533,25.07,0.0,0.0,0.0,32510.0,16.0,32.0,31.0,1614734934.155,2021-03-03 01:28:54.154999971
33750185699,r6727430-n303509,0,202.322,85.742,57.568,6404.837,26105.163,16.0,68.634,73.367,207.897,89.197,59.954,6663.985,25846.015,16.0,68.375,73.423,247.69,95.0,64.0,6807.0,32510.0,16.0,71.0,77.0,1613442770.066,2021-02-16 02:32:50.065999985
33750764662,r7419443-n948219,0,76.571,28.117,17.11,1487.804,31022.196,16.0,34.585,33.714,186.102,85.553,52.883,3285.918,29224.082,16.0,66.358,71.664,207.43,91.0,58.0,4293.0,32510.0,16.0,70.0,77.0,1613936068.007,2021-02-21 19:34:28.006999969
33783375500,r6727430-n948219,0,32.454,1.63,0.02,251.11,32258.89,16.0,33.0,31.02,32.454,1.63,0.02,251.11,32258.89,16.0,33.0,31.02,39.37,22.0,1.0,1253.0,32510.0,16.0,33.0,32.0,1613614141.845,2021-02-18 02:09:01.845000029
33827787014,r492024-n303766,0,204.468,86.177,57.95,6394.313,26115.687,16.0,67.369,72.088,211.471,90.249,60.761,6653.055,25856.945,16.0,68.003,73.04,250.14,95.0,64.0,6799.0,32510.0,16.0,71.0,76.0,1613442400.85,2021-02-16 02:26:40.849999905
33915027308,r6727430-n303509,0,27.101,0.0,0.0,3.041,32506.959,16.0,36.006,33.277,27.101,0.0,0.0,3.041,32506.959,16.0,36.006,33.277,27.26,0.0,0.0,4.0,32510.0,16.0,37.0,34.0,1613012855.177,2021-02-11 03:07:35.177000046
33921888788,r8532701-n172107,1,40.97,20.658,0.9,29093.793,3416.207,16.0,34.989,32.858,41.195,21.804,0.828,31045.814,1464.186,16.0,35.11,32.417,57.76,100.0,6.0,31071.0,32510.0,16.0,36.0,33.0,1614734095.087,2021-03-03 01:14:55.086999893
33970057179,r7141590-n303509,0,171.637,63.9,42.486,5896.07,26613.93,16.0,66.511,67.345,184.173,70.531,47.056,6553.973,25956.027,16.0,67.705,68.89,267.75,100.0,63.0,6801.0,32510.0,16.0,72.0,75.0,1613482181.908,2021-02-16 13:29:41.907999992
33983766896,r4506251-n410412,0,37.895,0.102,0.0,986.425,31523.575,16.0,33.249,31.245,38.644,0.027,0.0,1112.132,31397.868,16.0,34.749,32.771,43.11,22.0,1.0,1123.0,32510.0,16.0,35.0,33.0,1613393419.738,2021-02-15 12:50:19.737999916
33984338755,r6727430-n948219,0,26.497,0.0,0.0,0.0,32510.0,16.0,32.0,31.0,26.497,0.0,0.0,0.0,32510.0,16.0,32.0,31.0,26.5,0.0,0.0,0.0,32510.0,16.0,32.0,31.0,1613613420.1,2021-02-18 01:57:00.099999905
34010734734,r6727430-n303509,0,202.381,85.649,57.415,6397.4,26112.6,16.0,68.44,73.194,207.465,89.127,59.876,6626.64,25883.36,16.0,68.329,73.4,246.66,100.0,65.0,6793.0,32510.0,16.0,71.0,76.0,1613435552.083,2021-02-16 00:32:32.082999945
34011165495,r4506251-n303766,1,25.436,0.0,0.0,0.343,32509.657,16.0,29.0,28.0,37.619,0.0,0.0,1039.237,31470.763,16.0,32.165,31.021,141.01,17.0,15.0,8945.0,32510.0,16.0,33.0,34.0,1614724881.423,2021-03-02 22:41:21.423000097
34065954947,r810901-n948219,0,32.504,0.844,0.032,526.058,31983.942,16.0,31.401,31.417,42.74,4.699,0.965,1155.92,31354.08,16.0,35.393,35.185,104.46,53.0,12.0,1159.0,32510.0,16.0,39.0,39.0,1613982361.414,2021-02-22 08:26:01.414000034
34072422282,r4683026-n948219,1,77.63,27.474,12.708,1462.163,31047.837,16.0,38.307,35.446,93.747,35.538,17.003,1532.539,30977.461,16.0,52.528,50.481,161.58,70.0,29.0,1585.0,32510.0,16.0,55.0,53.0,1614651262.882,2021-03-02 02:14:22.881999969
34086038107,r8024255-n303766,0,42.159,24.079,1.686,29473.924,3036.076,16.0,41.948,39.367,42.089,21.154,1.475,31047.829,1462.171,16.0,41.364,38.791,57.07,100.0,6.0,31071.0,32510.0,16.0,43.0,40.0,1614210724.305,2021-02-24 23:52:04.305000067
34110016951,r7141590-n948219,0,206.474,84.969,56.561,6291.021,26218.979,16.0,68.373,73.266,206.474,84.969,56.561,6291.021,26218.979,16.0,68.373,73.266,263.25,100.0,65.0,6807.0,32510.0,16.0,71.0,77.0,1613443344.97,2021-02-16 02:42:24.970000029
34132486521,r4506251-n410412,0,25.914,0.0,0.0,0.0,32510.0,16.0,31.0,30.0,25.914,0.0,0.0,0.0,32510.0,16.0,31.0,30.0,25.99,0.0,0.0,0.0,32510.0,16.0,31.0,30.0,1613388673.873,2021-02-15 11:31:13.872999907
34132486521,r4506251-n410412,1,25.943,0.0,0.0,0.0,32510.0,16.0,32.0,29.0,25.943,0.0,0.0,0.0,32510.0,16.0,32.0,29.0,26.0,0.0,0.0,0.0,32510.0,16.0,32.0,29.0,1613388673.876,2021-02-15 11:31:13.875999928
34171215126,r8473362-n410412,0,44.942,3.138,0.544,673.648,31836.352,16.0,40.828,38.494,44.972,3.159,0.556,704.991,31805.009,16.0,38.792,36.368,146.16,73.0,13.0,705.0,32510.0,16.0,46.0,44.0,1614018045.818,2021-02-22 18:20:45.818000078
34198530739,r4506251-n303766,0,185.325,89.445,51.619,26105.083,6404.917,16.0,55.531,59.091,200.751,93.57,54.376,28763.338,3746.662,16.0,65.288,70.25,263.86,100.0,64.0,32489.0,32510.0,16.0,71.0,77.0,1614722453.31,2021-03-02 22:00:53.309999943
34237671302,r44132-n410412,0,27.03,0.0,0.0,0.0,32510.0,16.0,30.796,29.0,28.524,0.01,0.001,60.505,32449.495,16.0,30.755,29.103,38.68,9.0,1.0,517.0,32510.0,16.0,32.0,30.0,1613371916.617,2021-02-15 06:51:56.617000103
34264990832,r8972851-n303509,0,32.189,0.676,0.032,198.23,32311.77,16.0,35.519,35.355,71.557,36.06,14.101,1600.123,30909.877,16.0,44.645,45.898,124.12,50.0,21.0,1605.0,32510.0,16.0,47.0,49.0,1613104513.449,2021-02-12 04:35:13.448999882
34288403183,r5179276-n948219,0,202.842,86.716,58.21,6409.6,26100.4,16.0,67.184,72.875,170.324,68.889,46.304,6692.383,25817.617,16.0,64.901,69.278,247.34,95.0,66.0,6799.0,32510.0,16.0,74.0,81.0,1613437587.388,2021-02-16 01:06:27.388000011
34298745607,r6959555-n172107,0,39.294,17.378,2.756,25979.294,6530.706,16.0,33.982,30.048,42.517,22.361,3.454,31009.917,1500.083,16.0,37.41,33.625,91.57,40.0,5.0,31071.0,32510.0,16.0,39.0,35.0,1614715475.66,2021-03-02 20:04:35.660000086
34410723616,r1900814-n172107,1,37.793,18.298,0.693,25818.88,6691.12,16.0,33.005,30.333,40.466,22.203,0.835,31003.597,1506.403,16.0,35.337,32.825,53.76,33.0,2.0,31071.0,32510.0,16.0,37.0,34.0,1614715475.755,2021-03-02 20:04:35.755000114
34441956751,r9480604-n410412,0,26.184,0.0,0.0,0.0,32510.0,16.0,31.0,29.388,26.184,0.0,0.0,0.0,32510.0,16.0,31.0,29.388,26.3,0.0,0.0,0.0,32510.0,16.0,31.0,30.0,1614734826.67,2021-03-03 01:27:06.670000076
34480937139,r8024255-n410412,0,180.928,72.52,48.591,5983.765,26526.235,16.0,66.51,69.646,193.604,79.227,53.231,6550.438,25959.562,16.0,67.654,71.223,253.4,100.0,63.0,6807.0,32510.0,16.0,71.0,76.0,1613525940.919,2021-02-17 01:39:00.918999910
34553131615,r8532701-n172107,0,54.032,23.38,4.09,29786.96,2723.04,16.0,38.769,37.486,52.884,20.918,3.649,31054.862,1455.138,16.0,39.026,37.758,126.29,100.0,6.0,31071.0,32510.0,16.0,40.0,39.0,1614747514.132,2021-03-03 04:58:34.131999969
34606120951,r44132-n303766,0,204.569,84.722,56.835,6371.84,26138.16,16.0,68.201,75.197,208.467,87.592,58.941,6657.646,25852.354,16.0,68.152,75.457,250.79,95.0,65.0,6807.0,32510.0,16.0,71.0,80.0,1613453095.1,2021-02-16 05:24:55.099999905
34646312695,r9988778-n303766,0,34.371,2.627,0.038,859.031,31650.969,16.0,35.946,35.134,58.855,35.307,6.862,1112.253,31397.747,16.0,41.302,40.688,96.66,52.0,11.0,1159.0,32510.0,16.0,44.0,44.0,1613377138.244,2021-02-15 08:18:58.243999958
34650403077,r7462820-n303766,1,25.314,0.0,0.0,0.0,32510.0,16.0,29.0,27.992,25.819,0.013,0.0,20.978,32489.022,16.0,29.045,27.995,36.42,9.0,1.0,517.0,32510.0,16.0,30.0,28.0,1613371916.561,2021-02-15 06:51:56.561000109
34674954770,r492024-n410412,1,25.452,0.0,0.0,0.0,32510.0,16.0,29.979,29.047,25.452,0.0,0.0,0.0,32510.0,16.0,29.979,29.047,25.56,0.0,0.0,0.0,32510.0,16.0,30.0,30.0,1614735030.264,2021-03-03 01:30:30.263999939
34686349014,r8141575-n303766,0,46.974,1.643,0.248,481.439,32028.561,16.0,42.135,41.461,46.974,1.643,0.248,481.439,32028.561,16.0,42.135,41.461,179.58,87.0,37.0,3311.0,32510.0,16.0,45.0,44.0,1613942453.24,2021-02-21 21:20:53.240000010
34726248953,r6727430-n303509,0,199.091,84.22,56.399,6412.306,26097.694,16.0,68.699,73.339,193.753,81.185,54.519,6671.896,25838.104,16.0,68.238,72.629,247.22,95.0,64.0,6793.0,32510.0,16.0,72.0,77.0,1613439143.735,2021-02-16 01:32:23.734999895
34739713785,r4506251-n303766,0,30.548,0.0,0.0,0.0,32510.0,16.0,41.586,42.704,228.153,97.269,67.088,3282.989,29227.011,16.0,68.128,75.536,255.16,99.0,70.0,7145.0,32510.0,16.0,73.0,81.0,1613483060.246,2021-02-16 13:44:20.246000051
34750785402,r7141590-n303509,0,30.206,1.137,0.002,116.644,32393.356,16.0,39.831,38.732,64.216,33.089,7.687,1570.676,30939.324,16.0,46.525,44.502,140.72,50.0,16.0,1605.0,32510.0,16.0,48.0,47.0,1613346709.204,2021-02-14 23:51:49.203999996
34763377476,r4506251-n303766,0,30.18,0.023,0.0,11.277,32498.723,16.0,38.908,39.95,62.454,35.228,6.488,998.04,31511.96,16.0,43.907,44.901,103.67,48.0,10.0,1027.0,32510.0,16.0,48.0,49.0,1613478238.443,2021-02-16 12:23:58.443000078
34764290829,r5354770-n172107,0,42.209,23.4,1.692,29841.506,2668.494,16.0,38.876,35.962,41.563,20.549,1.476,31054.938,1455.062,16.0,38.104,35.317,71.44,100.0,6.0,31071.0,32510.0,16.0,39.0,37.0,1614741908.997,2021-03-03 03:25:08.996999979
34782430857,r7141590-n303509,0,185.695,72.686,48.331,6054.278,26455.722,16.0,67.492,68.67,190.169,76.301,50.885,6583.228,25926.772,16.0,67.977,69.361,263.74,93.0,64.0,6801.0,32510.0,16.0,72.0,74.0,1613485852.984,2021-02-16 14:30:52.983999968
34820916070,r8473362-n410412,0,43.897,9.079,2.224,667.804,31842.196,16.0,39.768,37.703,66.711,27.268,5.839,2088.868,30421.132,16.0,42.978,40.906,203.42,59.0,15.0,2769.0,32510.0,16.0,47.0,44.0,1613801864.198,2021-02-20 06:17:44.197999954
34824683968,r4144777-n303509,0,27.068,0.0,0.0,2.552,32507.448,16.0,33.0,31.043,27.068,0.0,0.0,2.552,32507.448,16.0,33.0,31.043,27.28,0.0,0.0,4.0,32510.0,16.0,33.0,32.0,1612854670.932,2021-02-09 07:11:10.931999922
34859094387,r8473362-n410412,0,32.224,0.102,0.0,638.042,31871.958,16.0,33.678,31.604,38.037,0.067,0.021,2887.284,29622.716,16.0,38.096,35.77,87.61,46.0,10.0,2891.0,32510.0,16.0,41.0,40.0,1613659202.088,2021-02-18 14:40:02.088000059
34906052487,r2215649-n410412,0,27.143,0.0,0.0,0.0,32510.0,16.0,37.323,34.996,27.143,0.0,0.0,0.0,32510.0,16.0,37.323,34.996,27.41,0.0,0.0,0.0,32510.0,16.0,38.0,35.0,1613922739.825,2021-02-21 15:52:19.825000048
34950462904,r974863-n303766,0,27.59,0.0,0.0,0.0,32510.0,16.0,40.0,37.928,119.872,42.623,17.459,22507.805,10002.195,16.0,59.509,56.985,283.48,100.0,79.0,22531.0,32510.0,16.0,74.0,74.0,1613862487.336,2021-02-20 23:08:07.335999966
34957468739,r7141590-n948219,0,204.107,83.322,55.627,6289.648,26220.352,16.0,68.569,73.154,213.465,88.233,59.031,6627.841,25882.159,16.0,68.41,73.422,262.11,96.0,65.0,6807.0,32510.0,16.0,72.0,77.0,1613440049.478,2021-02-16 01:47:29.477999926
34972778348,r6727430-n948219,0,187.3,77.327,51.883,6316.842,26193.158,16.0,64.696,68.715,201.014,84.202,56.65,6640.394,25869.606,16.0,67.196,72.093,249.62,94.0,64.0,6799.0,32510.0,16.0,71.0,77.0,1613602796.052,2021-02-17 22:59:56.052000046
34991585760,r4506251-n410412,0,30.381,1.289,0.287,561.785,31948.215,16.0,32.375,30.963,64.198,12.587,2.928,4792.738,27717.262,16.0,43.523,41.264,227.73,100.0,25.0,4831.0,32510.0,16.0,54.0,50.0,1613398394.057,2021-02-15 14:13:14.056999922
35018388703,r7753495-n303509,0,25.179,0.0,0.0,2.481,32507.519,16.0,33.152,31.993,47.465,8.498,1.789,2056.939,30453.061,16.0,37.6,35.438,144.41,71.0,14.0,2079.0,32510.0,16.0,42.0,39.0,1612984144.413,2021-02-10 19:09:04.413000107
35068734282,r5179276-n948219,0,190.611,80.126,53.604,6420.278,26089.722,16.0,67.129,74.125,202.042,86.783,58.226,6671.878,25838.122,16.0,68.177,75.886,246.47,95.0,65.0,6799.0,32510.0,16.0,72.0,81.0,1613576491.034,2021-02-17 15:41:31.033999920
35080402666,r44132-n303766,0,27.107,0.0,0.0,0.0,32510.0,16.0,38.302,37.579,52.861,29.389,4.692,965.117,31544.883,16.0,40.67,40.093,95.63,45.0,9.0,1027.0,32510.0,16.0,44.0,44.0,1613473223.08,2021-02-16 11:00:23.079999924
35089014647,r8473362-n410412,1,30.509,0.797,0.005,359.796,32150.204,16.0,32.642,31.303,55.827,28.292,6.918,1515.851,30994.149,16.0,44.219,43.381,126.2,46.0,15.0,1539.0,32510.0,16.0,47.0,46.0,1613348730.273,2021-02-15 00:25:30.273000002
35114523450,r9480604-n410412,1,46.971,7.688,2.773,7228.039,25281.961,16.0,32.104,30.303,131.761,48.918,19.838,22520.608,9989.392,16.0,61.324,60.907,287.77,100.0,79.0,22531.0,32510.0,16.0,74.0,77.0,1614043863.999,2021-02-23 01:31:03.999000072
35225864762,r7141590-n948219,0,204.34,83.811,55.908,6386.458,26123.542,16.0,68.448,73.167,213.881,89.059,59.553,6655.99,25854.01,16.0,68.395,73.526,263.18,95.0,65.0,6799.0,32510.0,16.0,71.0,76.0,1613442644.493,2021-02-16 02:30:44.493000031
35230507642,r9170217-n948219,0,27.799,0.0,0.0,0.0,32510.0,16.0,35.0,33.167,27.799,0.0,0.0,0.0,32510.0,16.0,35.0,33.167,27.93,0.0,0.0,0.0,32510.0,16.0,35.0,34.0,1613429328.912,2021-02-15 22:48:48.911999941
35259450116,r8141575-n303766,0,27.426,0.0,0.0,0.0,32510.0,16.0,39.0,39.0,27.426,0.0,0.0,0.0,32510.0,16.0,39.0,39.0,27.65,0.0,0.0,0.0,32510.0,16.0,39.0,39.0,1613942293.007,2021-02-21 21:18:13.006999969
35299040914,r8972851-n303509,0,186.105,74.62,49.973,6219.879,26290.121,16.0,66.243,70.429,197.308,80.867,54.289,6616.914,25893.086,16.0,67.61,72.289,250.77,95.0,64.0,6801.0,32510.0,16.0,72.0,77.0,1613602796.089,2021-02-17 22:59:56.088999987
35300712786,r216287-n303509,1,48.698,14.738,4.906,1211.42,31298.58,16.0,36.254,34.519,48.698,14.738,4.906,1211.42,31298.58,16.0,36.254,34.519,71.26,48.0,14.0,1327.0,32510.0,16.0,37.0,36.0,1612829965.657,2021-02-09 00:19:25.657000065
35309199056,r6727430-n303509,0,58.028,14.882,4.424,3854.658,28655.342,16.0,38.287,35.082,76.43,22.213,6.642,6116.973,26393.027,16.0,48.933,46.496,197.24,100.0,23.0,6237.0,32510.0,16.0,52.0,50.0,1612978168.595,2021-02-10 17:29:28.595000029
35333574671,r7419443-n772143,0,25.518,0.0,0.0,0.0,32510.0,16.0,30.0,28.886,25.518,0.0,0.0,0.0,32510.0,16.0,30.0,28.886,25.69,0.0,0.0,0.0,32510.0,16.0,30.0,29.0,1614758538.275,2021-03-03 08:02:18.275000095
35333574671,r7419443-n772143,1,26.246,0.0,0.0,0.0,32510.0,16.0,29.0,27.0,26.246,0.0,0.0,0.0,32510.0,16.0,29.0,27.0,26.39,0.0,0.0,0.0,32510.0,16.0,29.0,27.0,1614758538.278,2021-03-03 08:02:18.278000116
35386176190,r414303-n303509,0,169.408,71.569,27.149,10034.768,22475.232,16.0,57.904,59.644,143.129,54.692,19.285,12105.48,20404.52,16.0,60.839,63.033,272.84,100.0,53.0,13541.0,32510.0,16.0,74.0,80.0,1613127683.881,2021-02-12 11:01:23.881000042
35409067962,r8141575-n303766,0,50.576,14.138,11.049,25627.442,6882.558,16.0,36.724,36.775,54.327,15.549,11.519,30989.25,1520.75,16.0,40.607,40.636,126.02,100.0,67.0,31071.0,32510.0,16.0,44.0,47.0,1614166011.461,2021-02-24 11:26:51.460999966
35437641393,r4099734-n200569,1,126.229,61.63,34.858,16212.099,16297.901,16.0,35.321,36.963,126.229,61.63,34.858,16212.099,16297.901,16.0,35.321,36.963,223.05,100.0,61.0,26187.0,32510.0,16.0,41.0,44.0,1614720036.214,2021-03-02 21:20:36.213999987
35488171749,r414303-n948219,0,26.269,0.0,0.0,0.0,32510.0,16.0,32.911,30.991,153.1,75.905,45.741,25264.099,7245.901,16.0,60.92,63.885,272.36,100.0,83.0,31079.0,32510.0,16.0,73.0,78.0,1614259417.71,2021-02-25 13:23:37.710000038
35539125886,r9988778-n410412,0,25.263,0.0,0.0,0.0,32510.0,16.0,32.0,31.0,25.263,0.0,0.0,0.0,32510.0,16.0,32.0,31.0,25.5,0.0,0.0,0.0,32510.0,16.0,32.0,31.0,1613218537.114,2021-02-13 12:15:37.114000082
35566704180,r810901-n303509,0,37.494,0.32,0.019,0.0,32510.0,16.0,48.175,49.271,147.17,76.224,47.771,28005.654,4504.346,16.0,63.079,69.186,198.46,100.0,61.0,31079.0,32510.0,16.0,68.0,76.0,1612962010.273,2021-02-10 13:00:10.273000002
35597277934,r2215649-n303766,0,25.364,0.0,0.0,0.0,32510.0,16.0,33.0,30.98,59.042,29.344,6.108,988.734,31521.266,16.0,41.895,39.491,106.18,48.0,11.0,1093.0,32510.0,16.0,45.0,43.0,1614362612.457,2021-02-26 18:03:32.457000017
35622694256,r1900814-n172107,1,49.977,21.3,4.803,29628.047,2881.953,16.0,38.636,36.649,50.542,23.351,5.436,31057.35,1452.65,16.0,38.961,37.019,124.14,100.0,10.0,31071.0,32510.0,16.0,41.0,40.0,1614743809.8,2021-03-03 03:56:49.799999952
35661304523,r9988778-n303766,0,24.418,0.0,0.0,0.0,32510.0,16.0,31.0,30.973,55.484,35.989,5.848,1090.523,31419.477,16.0,41.501,40.949,103.2,53.0,10.0,1159.0,32510.0,16.0,43.0,44.0,1613456886.919,2021-02-16 06:28:06.918999910
35665496343,r4506251-n410412,0,132.232,70.693,28.874,3167.17,29342.83,16.0,47.035,44.842,157.09,83.543,34.688,4259.978,28250.022,16.0,59.334,57.934,236.66,100.0,60.0,8187.0,32510.0,16.0,66.0,67.0,1612964963.674,2021-02-10 13:49:23.674000025
35713832974,r8141575-n303766,0,44.719,24.462,0.941,1095.382,31414.618,16.0,46.488,46.874,40.596,25.663,0.961,1147.606,31362.394,16.0,38.006,37.586,52.18,56.0,4.0,1167.0,32510.0,16.0,55.0,56.0,1613948517.927,2021-02-21 23:01:57.927000046
35714555652,r4605940-n303509,0,26.811,0.0,0.0,0.0,32510.0,16.0,30.0,28.94,45.76,8.793,1.825,2699.247,29810.753,16.0,34.928,32.752,136.96,69.0,15.0,2759.0,32510.0,16.0,43.0,40.0,1612910209.008,2021-02-09 22:36:49.007999897
35724972448,r7462820-n410412,1,152.519,56.614,37.993,6355.561,26154.439,16.0,59.507,60.943,175.934,69.655,46.879,6684.498,25825.502,16.0,59.326,61.326,255.91,95.0,66.0,6807.0,32510.0,16.0,66.0,69.0,1613571896.172,2021-02-17 14:24:56.171999931
35734344384,r5354770-n750018,0,38.648,0.102,0.003,1172.984,31337.016,16.0,31.741,30.684,39.426,0.012,0.007,1573.522,30936.478,16.0,34.423,33.498,81.48,31.0,3.0,1577.0,32510.0,16.0,35.0,35.0,1614723709.233,2021-03-02 22:21:49.233000040
35772126170,r414303-n948219,0,26.005,0.0,0.0,0.542,32509.458,16.0,31.0,29.008,85.507,32.538,16.147,8337.133,24172.867,16.0,48.116,47.033,241.4,100.0,58.0,8489.0,32510.0,16.0,60.0,61.0,1613831155.849,2021-02-20 14:25:55.848999977
35772126170,r414303-n948219,1,25.938,0.084,0.0,122.413,32387.587,16.0,29.233,29.864,88.025,38.655,16.667,8422.909,24087.091,16.0,45.136,44.121,258.48,99.0,58.0,8705.0,32510.0,16.0,58.0,58.0,1613831155.857,2021-02-20 14:25:55.857000113
35839276130,r6727430-n303509,0,202.015,85.63,57.438,6405.51,26104.49,16.0,68.394,73.103,209.016,89.677,60.227,6656.211,25853.789,16.0,68.338,73.399,247.04,95.0,64.0,6799.0,32510.0,16.0,71.0,77.0,1613434084.735,2021-02-16 00:08:04.734999895
35853700554,r7317916-n948219,1,203.18,86.127,57.823,6380.31,26129.69,16.0,59.804,64.451,210.279,89.23,60.057,6654.044,25855.956,16.0,62.963,68.408,254.88,95.0,65.0,6799.0,32510.0,16.0,66.0,72.0,1613477887.286,2021-02-16 12:18:07.286000013
35858094130,r6727430-n303509,0,202.668,85.913,57.552,6399.893,26110.107,16.0,68.64,73.402,207.332,88.841,59.579,6623.73,25886.27,16.0,68.379,73.425,248.43,95.0,65.0,6793.0,32510.0,16.0,71.0,77.0,1613433735.03,2021-02-16 00:02:15.029999971
35889486641,r492024-n303766,0,204.835,86.221,57.937,6393.466,26116.534,16.0,68.369,73.082,211.496,90.034,60.59,6645.952,25864.048,16.0,68.41,73.304,249.4,95.0,64.0,6807.0,32510.0,16.0,71.0,76.0,1613431856.8,2021-02-15 23:30:56.799999952
35915655356,r9515777-n303766,0,114.764,59.674,32.638,4424.755,28085.245,16.0,46.998,47.087,118.031,61.063,33.401,4764.171,27745.829,16.0,52.182,52.981,224.94,87.0,56.0,4955.0,32510.0,16.0,57.0,60.0,1614610593.167,2021-03-01 14:56:33.167000055
35928071327,r6727430-n948219,0,169.621,67.895,45.53,6335.919,26174.081,16.0,62.837,66.176,175.784,69.935,47.054,6671.214,25838.786,16.0,66.375,70.362,249.22,95.0,66.0,6799.0,32510.0,16.0,71.0,77.0,1613602323.168,2021-02-17 22:52:03.167999983
35951176414,r6727430-n303509,0,27.225,0.0,0.0,3.039,32506.961,16.0,37.0,34.0,27.225,0.0,0.0,3.039,32506.961,16.0,37.0,34.0,27.37,0.0,0.0,4.0,32510.0,16.0,37.0,34.0,1613012547.683,2021-02-11 03:02:27.683000088
36009235761,r7753495-n303509,0,26.389,0.054,0.0,105.24,32404.76,16.0,30.202,29.033,39.053,5.175,0.05,2029.736,30480.264,16.0,34.83,32.755,50.53,46.0,2.0,2047.0,32510.0,16.0,38.0,35.0,1612806787.153,2021-02-08 17:53:07.153000116
36076076552,r7462820-n303766,0,27.809,0.0,0.0,0.0,32510.0,16.0,31.003,29.748,62.539,31.593,11.658,4661.211,27848.789,16.0,43.07,42.38,148.99,73.0,28.0,4678.0,32510.0,16.0,52.0,52.0,1613455606.589,2021-02-16 06:06:46.588999987
36136288881,r9480604-n303766,0,48.414,15.642,3.979,358.905,32151.095,16.0,32.744,30.454,170.348,82.967,21.307,1519.722,30990.278,16.0,63.242,62.331,214.0,98.0,26.0,1579.0,32510.0,16.0,70.0,70.0,1613299540.279,2021-02-14 10:45:40.279000044
36183876729,r7462820-n410412,0,182.712,72.199,48.414,6028.106,26481.894,16.0,67.96,73.02,190.932,76.625,51.466,6569.849,25940.151,16.0,67.738,73.109,254.71,94.0,64.0,6799.0,32510.0,16.0,72.0,78.0,1613577587.046,2021-02-17 15:59:47.046000004
36246588687,r9480604-n410412,1,24.272,0.0,0.0,0.0,32510.0,16.0,29.0,27.0,24.262,0.0,0.0,0.295,32509.705,16.0,29.0,27.002,24.4,0.0,0.0,4.0,32510.0,16.0,29.0,28.0,1614735079.618,2021-03-03 01:31:19.618000031
36264269693,r4099734-n200569,0,129.121,57.316,32.333,16229.39,16280.61,16.0,36.316,36.819,129.121,57.316,32.333,16229.39,16280.61,16.0,36.316,36.819,249.0,100.0,62.0,32009.0,32510.0,16.0,43.0,45.0,1614719736.264,2021-03-02 21:15:36.263999939
36338702917,r4506251-n303766,0,207.478,84.955,56.833,6396.848,26113.152,16.0,68.49,75.155,211.238,87.719,58.871,6661.89,25848.11,16.0,68.408,75.29,255.93,95.0,67.0,6801.0,32510.0,16.0,71.0,79.0,1613466554.846,2021-02-16 09:09:14.845999956
36357341448,r5179276-n948219,0,202.542,86.084,57.659,6409.281,26100.719,16.0,68.745,76.867,205.882,88.765,59.521,6652.137,25857.863,16.0,68.376,76.82,244.99,95.0,64.0,6799.0,32510.0,16.0,72.0,81.0,1613574719.01,2021-02-17 15:11:59.009999990
36358335891,r4144777-n772143,0,28.005,1.137,0.229,649.029,31860.971,16.0,30.095,28.146,29.938,0.894,0.18,6320.354,26189.646,16.0,30.444,28.472,207.5,100.0,28.0,27193.0,32510.0,16.0,36.0,32.0,1614726706.52,2021-03-02 23:11:46.519999981
36358335891,r4144777-n772143,1,31.939,1.177,0.248,1288.464,31221.536,16.0,31.468,27.426,32.89,0.962,0.197,7196.205,25313.795,16.0,31.796,27.764,203.55,100.0,27.0,28941.0,32510.0,16.0,37.0,32.0,1614726706.524,2021-03-02 23:11:46.523999929
36378318302,r974863-n410412,0,171.766,69.712,46.627,6403.934,26106.066,16.0,54.586,57.193,202.39,84.358,56.475,6668.561,25841.439,16.0,64.35,68.846,260.1,96.0,65.0,6799.0,32510.0,16.0,72.0,78.0,1613447740.017,2021-02-16 03:55:40.016999960
36381424883,r3974592-n172107,0,59.032,24.81,10.183,27966.246,4543.754,16.0,31.425,30.847,58.858,27.241,11.291,31035.955,1474.045,16.0,31.914,31.229,122.99,100.0,20.0,31071.0,32510.0,16.0,34.0,34.0,1614726556.35,2021-03-02 23:09:16.349999905
36460305090,r7462820-n410412,0,185.725,73.922,49.501,6121.176,26388.824,16.0,67.864,73.083,193.744,78.919,53.023,6596.612,25913.388,16.0,68.008,73.569,253.74,94.0,64.0,6807.0,32510.0,16.0,72.0,78.0,1613575551.544,2021-02-17 15:25:51.543999910
36479231088,r6959555-n172107,1,38.286,18.405,1.345,25979.159,6530.841,16.0,31.819,29.034,40.76,21.917,1.54,31000.727,1509.273,16.0,34.047,31.175,66.75,32.0,3.0,31071.0,32510.0,16.0,35.0,32.0,1614715475.691,2021-03-02 20:04:35.690999985
36519143980,r3955005-n172107,1,52.315,20.603,4.697,29361.032,3148.968,16.0,35.206,35.242,51.736,23.446,5.381,31054.987,1455.013,16.0,35.965,36.038,127.53,100.0,9.0,31071.0,32510.0,16.0,38.0,38.0,1614747163.885,2021-03-03 04:52:43.884999990
36523211514,r2215649-n410412,0,27.112,0.0,0.0,0.0,32510.0,16.0,37.002,34.668,27.11,0.0,0.0,0.612,32509.388,16.0,37.002,34.718,27.47,0.0,0.0,4.0,32510.0,16.0,38.0,35.0,1613922868.066,2021-02-21 15:54:28.065999985
36581132812,r810901-n172107,0,26.543,0.0,0.0,0.0,32510.0,16.0,30.0,29.977,26.543,0.0,0.0,0.0,32510.0,16.0,30.0,29.977,26.63,0.0,0.0,0.0,32510.0,16.0,30.0,30.0,1614718322.456,2021-03-02 20:52:02.456000090
36617275503,r8275852-n410412,0,198.741,87.326,58.557,6421.395,26088.605,16.0,61.601,66.639,207.885,89.722,60.278,6664.179,25845.821,16.0,67.002,72.882,251.32,95.0,68.0,6799.0,32510.0,16.0,75.0,82.0,1613491517.24,2021-02-16 16:05:17.240000010
36644408140,r6959555-n172107,1,46.086,20.665,4.794,28479.265,4030.735,16.0,34.653,32.052,47.44,23.432,5.399,31046.83,1463.17,16.0,35.778,33.245,111.54,100.0,10.0,31071.0,32510.0,16.0,37.0,35.0,1614724205.928,2021-03-02 22:30:05.927999973
36666562826,r6707841-n772143,0,25.03,0.0,0.0,0.0,32510.0,16.0,29.986,28.278,25.014,0.0,0.0,0.0,32510.0,16.0,29.878,28.212,25.27,0.0,0.0,0.0,32510.0,16.0,30.0,29.0,1614759517.437,2021-03-03 08:18:37.437000036
36666562826,r6707841-n772143,1,25.606,0.0,0.0,0.0,32510.0,16.0,29.299,25.293,25.561,0.0,0.0,0.0,32510.0,16.0,29.059,25.058,25.82,0.0,0.0,0.0,32510.0,16.0,30.0,26.0,1614759517.449,2021-03-03 08:18:37.448999882
36683655298,r7462820-n303766,0,28.811,6.159,0.0,79.531,32430.469,16.0,34.41,32.983,69.236,39.233,10.717,1559.921,30950.079,16.0,44.279,43.268,128.98,60.0,17.0,1671.0,32510.0,16.0,48.0,48.0,1613378678.005,2021-02-15 08:44:38.005000114
36715567190,r7462820-n303766,0,29.705,0.013,0.001,0.0,32510.0,16.0,39.333,37.475,42.035,5.87,3.002,1002.541,31507.459,16.0,39.985,38.351,248.22,100.0,62.0,5327.0,32510.0,16.0,58.0,60.0,1613411891.847,2021-02-15 17:58:11.846999884
36729748754,r4506251-n303766,0,152.144,54.538,36.492,6390.344,26119.656,16.0,64.936,69.614,162.202,59.7,40.042,6704.68,25805.32,16.0,67.27,72.493,259.21,95.0,65.0,6799.0,32510.0,16.0,73.0,81.0,1613503938.051,2021-02-16 19:32:18.051000118
36754323975,r4683026-n948219,0,26.861,0.0,0.0,0.0,32510.0,16.0,37.0,37.009,63.683,31.367,12.859,2621.901,29888.099,16.0,44.623,46.088,125.84,48.0,20.0,2631.0,32510.0,16.0,48.0,50.0,1613727725.138,2021-02-19 09:42:05.138000011
36800978959,r8275852-n410412,0,31.853,1.012,0.0,268.365,32241.635,16.0,32.0,33.0,31.853,1.012,0.0,268.365,32241.635,16.0,32.0,33.0,39.33,10.0,0.0,991.0,32510.0,16.0,32.0,33.0,1614066826.844,2021-02-23 07:53:46.844000101
36803316539,r216287-n303509,1,51.584,28.18,9.17,1064.908,31445.092,16.0,35.034,33.932,51.584,28.18,9.17,1064.908,31445.092,16.0,35.034,33.932,67.23,53.0,15.0,1327.0,32510.0,16.0,36.0,36.0,1612829892.809,2021-02-09 00:18:12.809000015
36832903102,r9515777-n303766,0,32.413,0.241,0.0,158.678,32351.322,16.0,40.195,38.0,32.413,0.241,0.0,158.678,32351.322,16.0,40.195,38.0,40.07,5.0,0.0,457.0,32510.0,16.0,41.0,38.0,1614488144.171,2021-02-28 04:55:44.171000004
36838679216,r492024-n410412,0,62.815,18.567,2.599,1230.799,31279.201,16.0,45.427,43.824,67.157,24.643,3.383,1304.733,31205.267,16.0,45.606,43.905,124.07,90.0,13.0,1315.0,32510.0,16.0,48.0,46.0,1613861460.258,2021-02-20 22:51:00.257999896
36918495801,r7419443-n948219,0,32.08,0.173,0.011,0.0,32510.0,16.0,32.051,30.503,97.411,50.071,26.17,17797.937,14712.063,16.0,49.391,51.395,239.31,100.0,62.0,31127.0,32510.0,16.0,71.0,78.0,1613170575.806,2021-02-12 22:56:15.805999994
36918495801,r7419443-n948219,1,27.205,0.151,0.009,0.0,32510.0,16.0,30.596,28.466,91.904,50.61,25.812,17839.306,14670.694,16.0,46.272,51.046,228.01,100.0,61.0,31127.0,32510.0,16.0,67.0,80.0,1613170575.809,2021-02-12 22:56:15.809000015
36957026226,r6727430-n948219,0,26.48,0.0,0.0,2.095,32507.905,16.0,32.0,31.0,26.48,0.0,0.0,2.095,32507.905,16.0,32.0,31.0,26.6,0.0,0.0,4.0,32510.0,16.0,32.0,31.0,1613613528.723,2021-02-18 01:58:48.723000050
36976964450,r414303-n303509,0,29.187,0.0,0.0,0.0,32510.0,16.0,43.722,45.0,29.187,0.0,0.0,0.0,32510.0,16.0,43.722,45.0,29.24,0.0,0.0,0.0,32510.0,16.0,44.0,45.0,1613429084.767,2021-02-15 22:44:44.766999960
36981148582,r4506251-n410412,0,39.425,7.742,1.78,356.003,32153.997,16.0,43.54,42.566,76.677,41.772,10.629,1512.643,30997.357,16.0,51.449,50.406,135.5,60.0,17.0,1539.0,32510.0,16.0,53.0,53.0,1613251201.716,2021-02-13 21:20:01.716000080
36999140602,r414303-n948219,0,35.201,0.063,0.0,820.832,31689.168,16.0,33.707,31.21,38.67,4.923,0.213,5087.97,27422.03,16.0,35.856,33.079,66.61,77.0,5.0,5119.0,32510.0,16.0,37.0,34.0,1614086167.842,2021-02-23 13:16:07.842000008
37038772451,r414303-n303509,0,27.125,0.0,0.0,0.0,32510.0,16.0,34.0,34.167,27.125,0.0,0.0,0.0,32510.0,16.0,34.0,34.167,27.21,0.0,0.0,0.0,32510.0,16.0,34.0,35.0,1613429353.764,2021-02-15 22:49:13.763999939
37061570827,r204106-n772143,0,40.714,23.312,0.907,29600.12,2909.88,16.0,40.036,39.426,40.624,20.226,0.802,31053.623,1456.377,16.0,39.84,39.159,56.27,100.0,6.0,31071.0,32510.0,16.0,41.0,40.0,1614744450.435,2021-03-03 04:07:30.434999943
37096374103,r2215649-n410412,0,49.812,16.051,6.432,29191.524,3318.476,16.0,37.589,35.086,45.425,9.147,3.35,31033.212,1476.788,16.0,37.998,35.257,84.02,65.0,27.0,31071.0,32510.0,16.0,43.0,42.0,1614178084.866,2021-02-24 14:48:04.865999937
37097048659,r7141590-n948219,0,207.992,86.01,57.445,6388.113,26121.887,16.0,68.415,73.314,213.529,89.139,59.618,6636.47,25873.53,16.0,68.368,73.533,262.35,95.0,65.0,6799.0,32510.0,16.0,71.0,77.0,1613434774.628,2021-02-16 00:19:34.628000021
37100204920,r7462820-n410412,0,202.128,83.154,55.656,6335.374,26174.626,16.0,67.54,73.464,207.026,86.507,58.095,6646.547,25863.453,16.0,67.924,74.091,252.77,97.0,65.0,6807.0,32510.0,16.0,70.0,77.0,1613588025.319,2021-02-17 18:53:45.319000006
37128660944,r8141575-n410412,0,27.313,0.0,0.0,0.0,32510.0,16.0,32.0,31.0,214.35,92.302,63.938,3156.387,29353.613,16.0,66.441,72.066,248.49,99.0,70.0,7147.0,32510.0,16.0,74.0,81.0,1614348399.552,2021-02-26 14:06:39.552000046
37137078946,r9515777-n303766,1,26.695,0.0,0.0,0.0,32510.0,16.0,31.0,29.0,26.695,0.0,0.0,0.0,32510.0,16.0,31.0,29.0,26.85,0.0,0.0,0.0,32510.0,16.0,31.0,29.0,1614718322.497,2021-03-02 20:52:02.496999979
37212186386,r8024255-n410412,0,189.816,77.4,51.85,6221.417,26288.583,16.0,67.69,71.141,196.421,81.451,54.672,6612.113,25897.887,16.0,67.982,71.702,250.96,94.0,63.0,6793.0,32510.0,16.0,71.0,75.0,1613527512.595,2021-02-17 02:05:12.595000029
37228739841,r3974592-n772143,1,26.056,0.0,0.0,0.0,32510.0,16.0,29.0,27.994,25.978,0.0,0.0,0.0,32510.0,16.0,28.882,27.857,26.26,0.0,0.0,0.0,32510.0,16.0,30.0,29.0,1614722476.721,2021-03-02 22:01:16.720999956
37267039837,r1051355-n772143,1,48.663,24.397,5.542,29173.88,3336.12,16.0,37.807,34.826,46.962,21.854,5.078,31054.333,1455.667,16.0,37.926,35.058,120.38,100.0,10.0,31071.0,32510.0,16.0,40.0,38.0,1614731002.497,2021-03-03 00:23:22.496999979
37291365003,r9648383-n303766,0,26.358,0.0,0.0,0.0,32510.0,16.0,33.0,31.049,119.444,41.068,16.702,22506.204,10003.796,16.0,56.521,54.303,288.06,100.0,79.0,22531.0,32510.0,16.0,74.0,75.0,1613862487.35,2021-02-20 23:08:07.349999905
37303699678,r9988778-n410412,1,25.873,0.158,0.002,46.716,32463.284,16.0,30.459,28.288,25.873,0.158,0.002,46.716,32463.284,16.0,30.459,28.288,36.98,24.0,1.0,1205.0,32510.0,16.0,32.0,29.0,1614737177.319,2021-03-03 02:06:17.319000006
37307517349,r44132-n303766,0,204.143,84.641,56.738,6386.823,26123.177,16.0,68.831,75.56,208.694,87.386,58.718,6658.365,25851.635,16.0,68.384,75.413,251.96,94.0,64.0,6801.0,32510.0,16.0,72.0,80.0,1613470468.636,2021-02-16 10:14:28.635999918
37308152766,r7462820-n410412,0,201.196,83.277,55.757,6341.197,26168.803,16.0,67.447,73.305,204.442,85.108,57.138,6646.647,25863.353,16.0,67.739,73.765,251.51,94.0,64.0,6799.0,32510.0,16.0,70.0,77.0,1613583568.849,2021-02-17 17:39:28.848999977
37315816827,r9480604-n303766,0,85.278,39.23,16.218,20356.63,12153.37,16.0,38.844,37.717,101.067,46.664,19.555,28548.27,3961.73,16.0,49.031,48.691,269.27,100.0,73.0,28581.0,32510.0,16.0,61.0,66.0,1613356882.056,2021-02-15 02:41:22.055999994
37343030796,r44132-n303766,0,204.812,84.529,56.67,6387.806,26122.194,16.0,68.66,75.517,206.341,86.156,57.883,6665.02,25844.98,16.0,68.053,75.115,250.96,94.0,65.0,6807.0,32510.0,16.0,72.0,80.0,1613466329.918,2021-02-16 09:05:29.917999983
37386565400,r4683026-n948219,0,32.13,0.042,0.003,0.0,32510.0,16.0,40.064,40.106,208.082,91.593,63.081,3285.401,29224.599,16.0,68.074,76.985,238.21,99.0,72.0,7145.0,32510.0,16.0,73.0,83.0,1613579513.66,2021-02-17 16:31:53.660000086
37418700235,r9988778-n410412,1,25.224,0.0,0.0,0.0,32510.0,16.0,30.576,28.616,25.224,0.0,0.0,0.0,32510.0,16.0,30.576,28.616,25.35,0.0,0.0,0.0,32510.0,16.0,31.0,29.0,1614735030.259,2021-03-03 01:30:30.259000063
37451201739,r7419443-n948219,0,26.937,0.0,0.0,0.0,32510.0,16.0,30.0,28.0,26.937,0.0,0.0,0.0,32510.0,16.0,30.0,28.0,27.0,0.0,0.0,0.0,32510.0,16.0,30.0,28.0,1613942297.455,2021-02-21 21:18:17.454999924
37456809816,r1039410-n303509,0,38.136,0.61,0.027,976.082,31533.918,16.0,40.245,37.635,66.842,32.756,8.481,1090.323,31419.677,16.0,46.147,44.595,107.98,48.0,13.0,1093.0,32510.0,16.0,48.0,47.0,1613068930.198,2021-02-11 18:42:10.197999954
37462990162,r2215649-n303766,0,25.431,0.0,0.0,0.0,32510.0,16.0,33.0,31.0,25.431,0.0,0.0,0.0,32510.0,16.0,33.0,31.0,25.61,0.0,0.0,0.0,32510.0,16.0,33.0,31.0,1614374507.849,2021-02-26 21:21:47.848999977
37492894656,r9659953-n200569,1,24.474,0.0,0.0,0.0,32510.0,16.0,28.0,27.971,24.474,0.0,0.0,0.0,32510.0,16.0,28.0,27.971,24.7,0.0,0.0,0.0,32510.0,16.0,28.0,28.0,1614718743.945,2021-03-02 20:59:03.944999933
37592406226,r7269000-n948219,0,27.89,0.0,0.0,0.0,32510.0,16.0,39.0,38.0,27.89,0.0,0.0,0.0,32510.0,16.0,39.0,38.0,27.89,0.0,0.0,0.0,32510.0,16.0,39.0,38.0,1613429821.495,2021-02-15 22:57:01.494999886
37595280253,r2215649-n303766,0,25.252,0.0,0.0,0.0,32510.0,16.0,32.0,29.374,40.57,4.148,1.623,9406.465,23103.535,16.0,35.318,32.635,256.01,100.0,66.0,30471.0,32510.0,16.0,49.0,48.0,1614737847.292,2021-03-03 02:17:27.292000055
37616511716,r7462820-n410412,0,202.088,83.643,56.132,6372.038,26137.962,16.0,67.066,72.84,207.611,86.861,58.386,6653.239,25856.761,16.0,67.804,73.878,253.61,94.0,64.0,6799.0,32510.0,16.0,70.0,77.0,1613585824.585,2021-02-17 18:17:04.585000038
37651653872,r8024255-n410412,0,185.495,75.76,50.8,6171.397,26338.603,16.0,64.234,67.171,194.7,80.42,54.042,6598.181,25911.819,16.0,67.581,71.235,252.77,94.0,63.0,6793.0,32510.0,16.0,72.0,76.0,1613523175.04,2021-02-17 00:52:55.039999962
37676136769,r7317916-n948219,1,28.252,0.0,0.0,0.75,32509.25,16.0,45.0,45.0,28.252,0.0,0.0,0.75,32509.25,16.0,45.0,45.0,28.43,0.0,0.0,4.0,32510.0,16.0,45.0,45.0,1613479075.948,2021-02-16 12:37:55.947999954
37693885819,r9170217-n303509,0,203.396,84.437,56.582,6364.773,26145.227,16.0,68.945,70.454,211.036,88.528,59.42,6644.455,25865.545,16.0,68.189,69.929,254.33,94.0,64.0,6793.0,32510.0,16.0,72.0,74.0,1613436887.735,2021-02-16 00:54:47.734999895
37734833636,r3974592-n172107,0,44.39,20.31,3.131,28556.836,3953.164,16.0,30.541,29.418,43.861,22.514,3.444,31040.193,1469.807,16.0,30.482,29.422,73.49,100.0,6.0,31071.0,32510.0,16.0,32.0,31.0,1614737276.143,2021-03-03 02:07:56.142999887
37761732261,r8141575-n303766,0,26.617,0.0,0.0,2.572,32507.428,16.0,35.385,35.56,26.525,0.0,0.0,3.998,32506.002,16.0,35.189,35.302,27.86,0.0,0.0,4.0,32510.0,16.0,40.0,41.0,1614038685.027,2021-02-23 00:04:45.026999950
37807379580,r9988778-n303766,0,62.459,45.012,31.435,2851.402,29658.598,16.0,35.881,37.686,62.459,45.012,31.435,2851.402,29658.598,16.0,35.881,37.686,91.89,76.0,64.0,3459.0,32510.0,16.0,40.0,44.0,1614755008.104,2021-03-03 07:03:28.104000092
37812629668,r2215649-n303766,0,37.638,4.463,0.922,824.184,31685.816,16.0,41.617,39.003,44.533,8.233,1.752,1304.45,31205.55,16.0,42.183,39.228,114.26,73.0,14.0,1439.0,32510.0,16.0,46.0,42.0,1613953516.261,2021-02-22 00:25:16.260999918
37861915000,r1039410-n303509,0,25.813,0.0,0.0,0.014,32509.986,16.0,32.0,30.0,25.834,0.0,0.0,0.002,32509.998,16.0,32.186,30.482,25.97,0.0,0.0,4.0,32510.0,16.0,33.0,31.0,1614714597.603,2021-03-02 19:49:57.602999926
37864616137,r7419443-n772143,0,25.373,0.0,0.0,0.0,32510.0,16.0,29.68,28.0,25.365,0.0,0.0,0.0,32510.0,16.0,29.759,28.0,25.58,0.0,0.0,0.0,32510.0,16.0,30.0,28.0,1614759517.426,2021-03-03 08:18:37.426000118
37864616137,r7419443-n772143,1,26.058,0.0,0.0,0.0,32510.0,16.0,28.729,26.374,26.029,0.0,0.0,0.0,32510.0,16.0,28.479,26.082,26.27,0.0,0.0,0.0,32510.0,16.0,29.0,27.0,1614759517.435,2021-03-03 08:18:37.434999943
37884849968,r4506251-n303766,0,198.468,80.215,53.715,6387.447,26122.553,16.0,67.817,74.227,208.311,86.383,58.008,6664.867,25845.133,16.0,68.076,74.934,257.99,95.0,65.0,6807.0,32510.0,16.0,71.0,79.0,1613466914.011,2021-02-16 09:15:14.010999918
37919250586,r7462820-n410412,0,181.635,71.776,47.996,6006.04,26503.96,16.0,64.861,69.83,191.367,77.764,52.133,6557.551,25952.449,16.0,67.566,73.141,252.86,100.0,63.0,6799.0,32510.0,16.0,71.0,77.0,1613578821.089,2021-02-17 16:20:21.088999987
37922220556,r7753495-n948219,0,47.143,14.594,1.277,28294.416,4215.584,16.0,44.319,42.903,40.749,7.77,0.64,30945.753,1564.247,16.0,34.81,32.241,62.39,100.0,6.0,31071.0,32510.0,16.0,58.0,58.0,1613569262.642,2021-02-17 13:41:02.641999960
37930090335,r7462820-n303766,1,131.849,51.26,34.394,6040.825,26469.175,16.0,50.798,52.865,155.404,64.274,43.209,6601.139,25908.861,16.0,53.457,56.155,239.93,95.0,66.0,6799.0,32510.0,16.0,63.0,68.0,1613653630.798,2021-02-18 13:07:10.798000097
37934280554,r414303-n948219,0,26.26,0.0,0.0,0.97,32509.03,16.0,32.757,31.0,26.26,0.0,0.0,0.97,32509.03,16.0,32.757,31.0,26.43,0.0,0.0,4.0,32510.0,16.0,33.0,31.0,1614250579.595,2021-02-25 10:56:19.595000029
38003894900,r7462820-n410412,0,178.49,71.262,47.738,5996.222,26513.778,16.0,63.625,68.533,198.021,81.463,54.668,6549.676,25960.324,16.0,67.277,73.091,255.01,95.0,68.0,6799.0,32510.0,16.0,73.0,79.0,1613582467.991,2021-02-17 17:21:07.990999937
38099734447,r8532701-n772143,1,45.688,22.156,5.701,28878.148,3631.852,16.0,34.988,30.802,46.484,21.955,5.623,31049.326,1460.674,16.0,36.452,32.43,112.99,42.0,10.0,31071.0,32510.0,16.0,38.0,34.0,1614731853.754,2021-03-03 00:37:33.753999949
38101871442,r7269000-n303509,0,185.065,72.282,48.357,6135.583,26374.417,16.0,66.325,69.848,173.244,65.704,44.066,6614.0,25896.0,16.0,66.077,69.19,254.35,96.0,67.0,6793.0,32510.0,16.0,72.0,77.0,1613586453.141,2021-02-17 18:27:33.141000032
38126471076,r7753495-n303509,0,38.723,0.101,0.0,1209.86,31300.14,16.0,42.135,40.535,68.785,23.67,5.561,4234.883,28275.117,16.0,44.777,42.373,238.65,100.0,100.0,10523.0,32510.0,16.0,56.0,61.0,1613121762.255,2021-02-12 09:22:42.255000114
38147891822,r7141590-n948219,0,196.325,78.941,52.667,6363.002,26146.998,16.0,68.566,73.046,208.328,85.823,57.459,6654.828,25855.172,16.0,68.36,73.39,262.05,95.0,67.0,6799.0,32510.0,16.0,72.0,78.0,1613445304.489,2021-02-16 03:15:04.489000082
38173422244,r7317916-n948219,0,49.418,0.0,0.0,0.488,32509.512,16.0,57.439,58.732,49.418,0.0,0.0,0.488,32509.512,16.0,57.439,58.732,49.69,0.0,0.0,4.0,32510.0,16.0,58.0,59.0,1613481237.48,2021-02-16 13:13:57.480000019
38249669635,r3974592-n303509,1,24.797,0.0,0.0,2.524,32507.476,16.0,28.0,26.154,24.798,0.0,0.0,0.228,32509.772,16.0,27.951,26.448,25.15,0.0,0.0,4.0,32510.0,16.0,28.0,27.0,1613292451.269,2021-02-14 08:47:31.269000053
38286911624,r492024-n303766,1,34.046,0.416,0.007,660.917,31849.083,16.0,39.348,38.257,99.119,49.474,16.962,2586.76,29923.24,16.0,61.971,60.41,159.15,70.0,25.0,2627.0,32510.0,16.0,67.0,66.0,1613409090.373,2021-02-15 17:11:30.372999907
38295532889,r4506251-n410412,0,25.735,0.0,0.0,0.0,32510.0,16.0,31.0,30.0,28.217,0.599,0.411,711.567,31798.433,16.0,31.306,30.202,208.87,84.0,57.0,18861.0,32510.0,16.0,38.0,40.0,1613396781.676,2021-02-15 13:46:21.676000118
38296649478,r414303-n303509,0,35.454,2.435,0.0,470.717,32039.283,16.0,34.761,34.0,35.454,2.435,0.0,470.717,32039.283,16.0,34.761,34.0,37.84,10.0,0.0,1197.0,32510.0,16.0,35.0,34.0,1613429525.15,2021-02-15 22:52:05.150000095
38346942116,r8972851-n303509,0,185.148,73.612,49.252,6170.983,26339.017,16.0,67.192,71.474,196.505,80.229,53.824,6607.834,25902.166,16.0,68.007,72.664,251.02,97.0,64.0,6807.0,32510.0,16.0,71.0,76.0,1613606406.937,2021-02-18 00:00:06.937000036
38376752436,r8275852-n303766,0,30.623,0.204,0.004,750.057,31759.943,16.0,37.633,36.897,101.423,34.369,15.267,27696.226,4813.774,16.0,52.806,51.797,278.58,100.0,69.0,27713.0,32510.0,16.0,74.0,78.0,1613840634.889,2021-02-20 17:03:54.888999939
38377254800,r9480604-n303766,0,70.144,31.743,4.388,1236.414,31273.586,16.0,43.3,40.804,70.833,32.74,4.485,1255.974,31254.026,16.0,43.56,41.013,120.91,90.0,13.0,1315.0,32510.0,16.0,45.0,42.0,1613795172.371,2021-02-20 04:26:12.371000051
38460331269,r7141590-n303509,0,26.863,0.0,0.0,0.0,32510.0,16.0,39.0,38.0,26.863,0.0,0.0,0.0,32510.0,16.0,39.0,38.0,26.91,0.0,0.0,0.0,32510.0,16.0,39.0,38.0,1613145554.889,2021-02-12 15:59:14.888999939
38501493111,r1039410-n303509,0,26.818,0.0,0.0,0.0,32510.0,16.0,38.0,36.016,69.985,39.254,15.013,4667.067,27842.933,16.0,46.715,46.396,156.31,75.0,31.0,4678.0,32510.0,16.0,51.0,52.0,1613167657.424,2021-02-12 22:07:37.424000025
38543562947,r8972851-n948219,0,33.121,1.723,0.0,485.554,32024.446,16.0,32.462,31.0,33.121,1.723,0.0,485.554,32024.446,16.0,32.462,31.0,39.87,9.0,0.0,1231.0,32510.0,16.0,33.0,31.0,1613183841.327,2021-02-13 02:37:21.326999903
38580272243,r3974592-n303509,0,24.465,0.0,0.0,0.0,32510.0,16.0,30.0,29.0,26.597,0.45,0.0,264.12,32245.88,16.0,30.321,29.144,39.15,25.0,1.0,2480.0,32510.0,16.0,33.0,31.0,1613178198.194,2021-02-13 01:03:18.194000006
38580272243,r3974592-n303509,1,24.853,0.0,0.0,0.0,32510.0,16.0,28.0,27.0,26.93,0.036,0.0,183.803,32326.197,16.0,28.33,27.153,38.01,8.0,0.0,1205.0,32510.0,16.0,31.0,29.0,1613178198.197,2021-02-13 01:03:18.197000027
38627952519,r1051355-n772143,1,37.836,17.444,1.448,25680.466,6829.534,16.0,33.858,30.686,40.871,21.1,1.595,31000.176,1509.824,16.0,36.705,33.707,70.17,36.0,3.0,31071.0,32510.0,16.0,38.0,35.0,1614721838.898,2021-03-02 21:50:38.898000002
38646905356,r9480604-n303766,0,27.287,0.0,0.0,0.536,32509.464,16.0,32.0,29.234,81.768,32.033,15.776,8346.819,24163.181,16.0,47.461,46.366,247.22,100.0,57.0,8493.0,32510.0,16.0,58.0,60.0,1613831155.839,2021-02-20 14:25:55.838999987
38646905356,r9480604-n303766,1,27.579,0.082,0.0,120.319,32389.681,16.0,30.174,29.113,81.639,38.143,16.346,8509.411,24000.589,16.0,44.589,44.175,251.44,99.0,58.0,8703.0,32510.0,16.0,56.0,58.0,1613831155.842,2021-02-20 14:25:55.842000008
38679532327,r9480604-n410412,0,44.598,26.306,0.0,1001.222,31508.778,16.0,40.567,37.839,44.598,26.306,0.0,1001.222,31508.778,16.0,40.567,37.839,46.29,50.0,0.0,1065.0,32510.0,16.0,41.0,39.0,1614114146.013,2021-02-23 21:02:26.013000011
38686190704,r2684277-n948219,0,27.259,0.0,0.0,0.0,32510.0,16.0,36.0,34.825,210.984,95.295,58.456,3304.434,29205.566,16.0,67.914,71.27,224.71,98.0,60.0,3361.0,32510.0,16.0,73.0,77.0,1614067656.434,2021-02-23 08:07:36.434000015
38724092903,r4683026-n948219,0,30.673,0.723,0.005,163.553,32346.447,16.0,39.075,39.022,49.261,28.61,4.913,1008.708,31501.292,16.0,43.242,43.656,88.07,40.0,9.0,1027.0,32510.0,16.0,45.0,46.0,1613593228.271,2021-02-17 20:20:28.270999908
38761172982,r8024255-n303766,0,26.831,0.0,0.0,0.0,32510.0,16.0,33.067,31.006,38.803,16.233,0.038,30643.66,1866.34,16.0,36.554,33.992,45.47,100.0,6.0,30709.0,32510.0,16.0,39.0,36.0,1614261255.893,2021-02-25 13:54:15.892999887
38774855850,r5051220-n172107,0,40.052,22.769,0.91,29921.7,2588.3,16.0,36.141,32.998,39.617,20.881,0.811,31054.358,1455.642,16.0,36.573,32.907,53.5,100.0,6.0,31071.0,32510.0,16.0,37.0,34.0,1614735463.769,2021-03-03 01:37:43.769000053
38785099470,r8972851-n948219,1,24.485,0.0,0.0,0.444,32509.556,16.0,28.0,25.741,24.485,0.0,0.0,0.444,32509.556,16.0,28.0,25.741,24.57,0.0,0.0,4.0,32510.0,16.0,28.0,26.0,1613529065.303,2021-02-17 02:31:05.302999973
38803788197,r8024255-n410412,0,24.596,0.0,0.0,0.0,32510.0,16.0,32.0,29.998,24.58,0.0,0.0,1.066,32508.934,16.0,32.007,29.984,24.89,0.0,0.0,4.0,32510.0,16.0,33.0,31.0,1613005537.345,2021-02-11 01:05:37.345000029
38820772285,r44132-n410412,0,47.061,15.142,3.836,345.496,32164.504,16.0,32.654,30.77,172.51,82.986,21.299,1518.713,30991.287,16.0,64.982,63.897,217.4,98.0,26.0,1579.0,32510.0,16.0,71.0,70.0,1613299540.268,2021-02-14 10:45:40.267999887
38833484965,r8141575-n303766,0,27.335,0.217,0.013,2.889,32507.111,16.0,36.822,36.906,83.93,25.177,5.536,3383.127,29126.873,16.0,52.031,51.279,204.59,100.0,14.0,3419.0,32510.0,16.0,56.0,54.0,1613791471.241,2021-02-20 03:24:31.240999937
38882826898,r6707841-n772143,0,44.546,17.867,4.596,25702.947,6807.053,16.0,35.245,33.519,49.223,21.738,5.542,31019.31,1490.69,16.0,39.628,37.631,123.08,100.0,10.0,31071.0,32510.0,16.0,42.0,40.0,1614721838.875,2021-03-02 21:50:38.875000000
38889382229,r7419443-n948219,0,27.029,0.0,0.0,0.0,32510.0,16.0,30.0,29.0,27.029,0.0,0.0,0.0,32510.0,16.0,30.0,29.0,27.13,0.0,0.0,0.0,32510.0,16.0,30.0,29.0,1613926488.66,2021-02-21 16:54:48.660000086
38975731272,r4099734-n172107,0,41.364,20.481,1.544,27701.264,4808.736,16.0,38.505,36.599,42.104,21.36,1.753,31025.699,1484.301,16.0,39.207,37.273,69.84,100.0,6.0,31071.0,32510.0,16.0,40.0,38.0,1614737556.337,2021-03-03 02:12:36.336999893
39043373194,r8141575-n410412,0,85.562,29.686,7.841,4557.784,27952.216,16.0,37.911,35.291,85.562,29.686,7.841,4557.784,27952.216,16.0,37.911,35.291,249.32,100.0,32.0,8429.0,32510.0,16.0,49.0,46.0,1614620739.537,2021-03-01 17:45:39.536999941
39051343138,r9988778-n303766,1,198.097,83.44,56.037,6410.034,26099.966,16.0,53.546,57.331,200.793,83.472,56.157,6666.426,25843.574,16.0,59.955,64.569,261.13,96.0,67.0,6793.0,32510.0,16.0,71.0,77.0,1613462224.612,2021-02-16 07:57:04.611999989
39055202392,r9170217-n303509,0,27.122,0.0,0.0,0.0,32510.0,16.0,39.002,36.0,27.122,0.0,0.0,0.0,32510.0,16.0,39.002,36.0,27.48,0.0,0.0,0.0,32510.0,16.0,40.0,36.0,1613064274.753,2021-02-11 17:24:34.753000021
39091287857,r4144777-n303509,0,38.656,11.21,2.112,9083.002,23426.998,16.0,34.929,32.723,94.51,75.231,13.819,30761.351,1748.649,16.0,50.906,48.523,99.87,100.0,15.0,31023.0,32510.0,16.0,52.0,50.0,1613699569.193,2021-02-19 01:52:49.193000078
39142474448,r4683026-n948219,0,31.195,0.011,0.0,3.71,32506.29,16.0,42.278,42.725,62.813,30.073,8.749,1555.313,30954.687,16.0,48.773,49.811,111.84,46.0,15.0,1605.0,32510.0,16.0,51.0,53.0,1614079708.578,2021-02-23 11:28:28.578000069
39207795800,r44132-n303766,0,26.369,0.0,0.0,0.0,32510.0,16.0,37.0,36.583,59.662,32.402,7.857,1523.396,30986.604,16.0,44.339,44.245,124.01,57.0,16.0,1605.0,32510.0,16.0,48.0,49.0,1613456884.603,2021-02-16 06:28:04.602999926
39242047417,r9988778-n410412,0,35.579,1.981,0.531,2270.05,30239.95,16.0,33.525,32.076,46.242,3.602,1.085,16392.742,16117.258,16.0,38.967,37.026,156.25,100.0,31.0,16425.0,32510.0,16.0,46.0,46.0,1613263387.24,2021-02-14 00:43:07.240000010
39270476703,r4506251-n303766,0,31.944,0.0,0.0,0.5,32509.5,16.0,46.0,47.95,31.944,0.0,0.0,0.5,32509.5,16.0,46.0,47.95,32.06,0.0,0.0,4.0,32510.0,16.0,46.0,48.0,1613507959.594,2021-02-16 20:39:19.594000101
39283965492,r9988778-n410412,0,53.38,25.039,6.204,963.76,31546.24,16.0,35.938,34.562,67.79,38.989,9.927,1526.897,30983.103,16.0,42.805,41.481,122.28,51.0,13.0,1539.0,32510.0,16.0,44.0,43.0,1613251252.21,2021-02-13 21:20:52.210000038
39293261507,r3974592-n303509,1,24.842,0.0,0.0,3.989,32506.011,16.0,28.0,27.0,24.846,0.0,0.0,3.966,32506.034,16.0,28.0,27.0,25.21,0.0,0.0,4.0,32510.0,16.0,28.0,27.0,1613287646.94,2021-02-14 07:27:26.940000057
39339051459,r6727430-n303509,0,202.772,86.205,57.752,6414.699,26095.301,16.0,68.851,73.563,208.344,89.803,60.275,6666.717,25843.283,16.0,68.417,73.523,247.05,95.0,64.0,6807.0,32510.0,16.0,71.0,77.0,1613434430.551,2021-02-16 00:13:50.551000118
39357758266,r1039410-n303509,0,26.701,0.0,0.0,0.004,32509.996,16.0,38.0,36.0,41.264,1.442,0.921,24555.792,7954.208,16.0,41.455,38.816,259.75,100.0,84.0,28193.0,32510.0,16.0,62.0,69.0,1613123389.65,2021-02-12 09:49:49.650000095
39405969594,r1051355-n200569,1,25.579,0.0,0.0,0.0,32510.0,16.0,27.0,25.994,25.578,0.0,0.0,0.0,32510.0,16.0,27.0,25.992,25.69,0.0,0.0,0.0,32510.0,16.0,27.0,26.0,1614716446.349,2021-03-02 20:20:46.348999977
39414278945,r2215649-n410412,0,27.572,0.0,0.0,0.255,32509.745,16.0,39.358,36.984,78.854,88.092,11.906,11157.218,21352.782,16.0,51.376,48.837,173.93,100.0,53.0,11496.0,32510.0,16.0,60.0,61.0,1613991213.932,2021-02-22 10:53:33.931999922
39425912357,r7141590-n948219,0,207.879,85.345,56.853,6359.249,26150.751,16.0,68.579,73.278,215.28,89.562,59.877,6645.422,25864.578,16.0,68.472,73.551,262.44,95.0,65.0,6799.0,32510.0,16.0,71.0,77.0,1613437937.651,2021-02-16 01:12:17.651000023
39447486375,r6727430-n948219,0,188.079,79.299,53.176,6119.023,26390.977,16.0,63.281,67.145,200.061,84.627,56.899,6574.509,25935.491,16.0,66.976,71.898,249.78,94.0,65.0,6799.0,32510.0,16.0,72.0,78.0,1613599657.437,2021-02-17 22:07:37.437000036
39451349880,r492024-n410412,0,27.843,0.0,0.0,0.0,32510.0,16.0,32.0,31.0,27.843,0.0,0.0,0.0,32510.0,16.0,32.0,31.0,27.9,0.0,0.0,0.0,32510.0,16.0,32.0,31.0,1613860398.636,2021-02-20 22:33:18.635999918
39451349880,r492024-n410412,1,25.432,0.0,0.0,0.0,32510.0,16.0,30.0,29.0,25.432,0.0,0.0,0.0,32510.0,16.0,30.0,29.0,25.55,0.0,0.0,0.0,32510.0,16.0,30.0,29.0,1613860398.637,2021-02-20 22:33:18.637000084
39471827543,r7141590-n303509,0,26.823,0.0,0.0,0.0,32510.0,16.0,38.819,37.914,59.662,30.205,5.293,1074.686,31435.314,16.0,45.928,43.646,121.04,49.0,10.0,1093.0,32510.0,16.0,48.0,46.0,1613468681.546,2021-02-16 09:44:41.546000004
39583372353,r974863-n410412,1,200.27,86.692,58.094,6398.111,26111.889,16.0,64.587,67.856,208.033,89.848,60.33,6652.92,25857.08,16.0,67.164,71.032,250.38,95.0,66.0,6793.0,32510.0,16.0,73.0,78.0,1613445596.142,2021-02-16 03:19:56.141999960
39589720473,r7419443-n948219,0,53.143,14.223,9.554,523.033,31986.967,16.0,36.562,35.947,216.369,96.476,66.648,3286.363,29223.637,16.0,68.01,74.618,237.02,99.0,70.0,4783.0,32510.0,16.0,74.0,81.0,1614206559.471,2021-02-24 22:42:39.470999956
39604036486,r974863-n303766,1,26.289,0.0,0.0,0.0,32510.0,16.0,30.0,28.0,53.545,24.554,7.597,1462.183,31047.817,16.0,36.351,34.512,108.43,45.0,16.0,1539.0,32510.0,16.0,40.0,39.0,1613845200.257,2021-02-20 18:20:00.256999969
39616236927,r8473362-n410412,0,29.763,0.616,0.029,169.831,32340.169,16.0,35.309,33.197,62.322,29.58,7.589,1059.828,31450.172,16.0,44.863,43.243,101.82,45.0,13.0,1093.0,32510.0,16.0,49.0,48.0,1613791358.378,2021-02-20 03:22:38.378000021
39625865617,r4144777-n303509,1,34.87,0.467,0.016,591.728,31918.272,16.0,33.844,30.959,86.294,46.115,15.448,2615.897,29894.103,16.0,48.805,46.279,139.24,62.0,22.0,2627.0,32510.0,16.0,51.0,49.0,1613105998.086,2021-02-12 04:59:58.085999966
39645884032,r9170217-n948219,0,175.477,72.867,48.895,6075.259,26434.741,16.0,62.619,66.742,185.929,77.601,52.179,6580.095,25929.905,16.0,66.142,70.872,246.05,94.0,63.0,6799.0,32510.0,16.0,69.0,75.0,1613583727.917,2021-02-17 17:42:07.917000055
39699262769,r2684277-n948219,1,26.642,0.0,0.0,0.0,32510.0,16.0,30.0,28.002,203.507,91.249,61.179,2788.138,29721.862,16.0,59.261,66.232,241.06,99.0,69.0,4279.0,32510.0,16.0,71.0,79.0,1613993645.364,2021-02-22 11:34:05.364000082
39734151140,r8972851-n172107,1,57.099,25.016,10.821,29574.584,2935.416,16.0,35.849,35.927,59.94,26.152,11.628,31055.056,1454.944,16.0,40.269,40.138,133.16,100.0,22.0,31071.0,32510.0,16.0,43.0,44.0,1614747986.76,2021-03-03 05:06:26.759999990
39737933399,r1051355-n172107,1,58.412,26.455,11.913,29280.691,3229.309,16.0,36.773,34.469,56.757,26.405,11.729,31052.038,1457.962,16.0,40.043,37.806,108.67,100.0,22.0,31071.0,32510.0,16.0,42.0,42.0,1614725548.106,2021-03-02 22:52:28.105999947
39739040553,r8141575-n410412,0,129.689,51.136,13.701,7779.386,24730.614,16.0,50.59,48.309,145.371,54.052,14.535,8440.445,24069.555,16.0,68.349,67.871,275.05,100.0,32.0,8461.0,32510.0,16.0,74.0,74.0,1614620924.163,2021-03-01 17:48:44.163000107
39749881507,r9170217-n948219,0,198.041,86.828,58.321,6423.377,26086.623,16.0,60.893,65.073,207.463,89.999,60.552,6666.709,25843.291,16.0,66.041,71.323,249.93,95.0,69.0,6801.0,32510.0,16.0,73.0,80.0,1613459059.004,2021-02-16 07:04:19.003999949
39780389347,r9988778-n303766,0,37.138,0.179,0.005,666.314,31843.686,16.0,43.617,42.624,42.881,4.365,1.206,1947.981,30562.019,16.0,37.429,36.261,246.9,99.0,36.0,6411.0,32510.0,16.0,52.0,51.0,1613159488.283,2021-02-12 19:51:28.282999992
39819609082,r8473362-n410412,0,27.048,0.0,0.0,2.307,32507.693,16.0,32.702,30.983,27.732,0.081,0.0,68.259,32441.741,16.0,32.737,30.985,37.51,9.0,0.0,1205.0,32510.0,16.0,34.0,31.0,1614736398.187,2021-03-03 01:53:18.187000036
39846191835,r7462820-n410412,0,168.891,65.601,43.912,6197.329,26312.671,16.0,64.715,69.216,193.129,79.151,53.103,6613.553,25896.447,16.0,67.173,72.778,253.16,94.0,65.0,6799.0,32510.0,16.0,71.0,78.0,1613585423.673,2021-02-17 18:10:23.673000097
39855113865,r8024255-n303766,0,39.49,2.756,1.767,8660.415,23849.585,16.0,34.936,32.488,39.677,2.589,1.733,9898.215,22611.785,16.0,35.14,32.66,195.13,100.0,90.0,31537.0,32510.0,16.0,38.0,42.0,1613365452.454,2021-02-15 05:04:12.453999996
39943540090,r8972851-n303509,0,179.16,71.137,47.638,6114.976,26395.024,16.0,67.251,71.188,189.237,76.26,51.182,6593.527,25916.473,16.0,67.894,72.206,250.06,100.0,63.0,6799.0,32510.0,16.0,71.0,76.0,1613609312.876,2021-02-18 00:48:32.875999928
39962044133,r7753495-n948219,0,207.593,86.631,58.197,6410.236,26099.764,16.0,67.493,70.448,212.264,89.596,60.24,6642.912,25867.088,16.0,67.903,71.169,254.07,95.0,66.0,6793.0,32510.0,16.0,71.0,75.0,1613568912.648,2021-02-17 13:35:12.648000002
39967343673,r8275852-n410412,0,27.903,0.0,0.0,0.011,32509.989,16.0,31.184,32.398,27.779,0.0,0.0,0.0,32510.0,16.0,30.777,32.126,28.41,0.0,0.0,4.0,32510.0,16.0,32.0,34.0,1614017448.012,2021-02-22 18:10:48.012000084
40004119704,r4506251-n303766,0,32.74,1.13,0.005,269.297,32240.703,16.0,35.281,35.418,61.696,32.262,7.503,1576.425,30933.575,16.0,43.268,44.452,128.48,53.0,15.0,1605.0,32510.0,16.0,45.0,46.0,1613328622.156,2021-02-14 18:50:22.155999899
40006110705,r7141590-n948219,0,206.339,85.029,56.849,6368.049,26141.951,16.0,68.629,73.363,214.5,89.324,59.824,6649.421,25860.579,16.0,68.451,73.55,262.6,95.0,65.0,6799.0,32510.0,16.0,71.0,76.0,1613437587.378,2021-02-16 01:06:27.378000021
40036024547,r9480604-n303766,0,27.531,0.0,0.0,2.337,32507.663,16.0,32.0,29.419,27.538,0.0,0.0,2.614,32507.386,16.0,32.0,29.504,27.77,0.0,0.0,4.0,32510.0,16.0,32.0,30.0,1613792727.806,2021-02-20 03:45:27.805999994
40048821868,r9659953-n172107,1,49.996,23.037,5.85,29120.518,3389.482,16.0,35.554,33.076,48.61,22.699,5.863,31051.099,1458.901,16.0,36.639,34.373,110.42,100.0,10.0,31071.0,32510.0,16.0,38.0,36.0,1614725283.274,2021-03-02 22:48:03.273999929
40103117697,r9988778-n410412,0,25.268,0.0,0.0,0.0,32510.0,16.0,30.0,29.0,25.268,0.0,0.0,0.0,32510.0,16.0,30.0,29.0,25.39,0.0,0.0,0.0,32510.0,16.0,30.0,29.0,1614735030.229,2021-03-03 01:30:30.229000092
40108309088,r4683026-n772143,0,25.875,0.0,0.0,0.0,32510.0,16.0,31.0,28.946,25.875,0.0,0.0,0.0,32510.0,16.0,31.0,28.946,25.97,0.0,0.0,0.0,32510.0,16.0,31.0,29.0,1614726048.114,2021-03-02 23:00:48.114000082
40108309088,r4683026-n772143,1,28.218,0.0,0.0,0.0,32510.0,16.0,29.179,29.0,28.218,0.0,0.0,0.0,32510.0,16.0,29.179,29.0,28.3,0.0,0.0,0.0,32510.0,16.0,30.0,29.0,1614726048.117,2021-03-02 23:00:48.117000103
40113526973,r8024255-n410412,0,185.942,74.215,49.793,6165.542,26344.458,16.0,67.443,70.782,190.7,78.009,52.438,6610.105,25899.895,16.0,67.663,71.245,251.99,93.0,63.0,6807.0,32510.0,16.0,71.0,76.0,1613528726.33,2021-02-17 02:25:26.329999924
40130924494,r414303-n948219,0,29.327,0.0,0.0,0.335,32509.665,16.0,46.311,45.013,122.365,61.8,10.793,7213.204,25296.796,16.0,63.606,61.331,233.22,100.0,22.0,7299.0,32510.0,16.0,72.0,68.0,1614005115.182,2021-02-22 14:45:15.181999922
40130924494,r414303-n948219,1,26.538,0.059,0.0,53.728,32456.272,16.0,40.254,39.905,123.599,62.55,11.075,7251.681,25258.319,16.0,59.269,56.475,241.79,100.0,22.0,7335.0,32510.0,16.0,68.0,64.0,1614005115.19,2021-02-22 14:45:15.190000057
40175416861,r8972851-n948219,0,37.015,0.91,0.014,1347.047,31162.953,16.0,33.052,31.692,37.015,0.91,0.014,1347.047,31162.953,16.0,33.052,31.692,41.5,40.0,2.0,2041.0,32510.0,16.0,34.0,32.0,1613184431.534,2021-02-13 02:47:11.533999919
40187878457,r9480604-n303766,0,29.215,0.0,0.0,3.337,32506.663,16.0,37.891,36.186,83.527,26.379,5.805,3382.768,29127.232,16.0,47.39,44.902,197.56,71.0,14.0,3419.0,32510.0,16.0,52.0,50.0,1613795710.497,2021-02-20 04:35:10.496999979
40189546571,r7419443-n948219,0,27.776,0.017,0.001,3.449,32506.551,16.0,32.48,31.291,73.318,23.279,5.126,3156.901,29353.099,16.0,42.862,41.283,184.88,61.0,14.0,3417.0,32510.0,16.0,46.0,44.0,1613664698.117,2021-02-18 16:11:38.117000103
40199113048,r810901-n172107,1,34.712,0.086,0.0,982.965,31527.035,16.0,30.34,29.441,35.201,0.003,0.0,1037.409,31472.591,16.0,30.538,29.758,35.59,12.0,1.0,1039.0,32510.0,16.0,32.0,31.0,1614719062.178,2021-03-02 21:04:22.177999973
40221766530,r4683026-n948219,0,31.739,0.52,0.089,977.876,31532.124,16.0,36.658,36.4,31.739,0.52,0.089,977.876,31532.124,16.0,36.658,36.4,197.4,74.0,29.0,15723.0,32510.0,16.0,42.0,40.0,1614341141.225,2021-02-26 12:05:41.224999905
40264498376,r8972851-n948219,0,210.743,87.297,58.234,6424.222,26085.778,16.0,67.823,71.861,214.858,89.794,60.048,6649.47,25860.53,16.0,68.038,72.245,257.61,96.0,66.0,6807.0,32510.0,16.0,70.0,75.0,1613522053.817,2021-02-17 00:34:13.816999912
40278949527,r1051355-n172107,0,41.548,20.803,5.163,26166.949,6343.051,16.0,33.759,32.955,43.99,27.005,6.645,31019.186,1490.814,16.0,36.99,36.349,83.23,44.0,10.0,31071.0,32510.0,16.0,39.0,39.0,1614715744.598,2021-03-02 20:09:04.598000050
40293142462,r216287-n303509,1,27.028,0.0,0.0,1.781,32508.219,16.0,35.0,33.0,27.028,0.0,0.0,1.781,32508.219,16.0,35.0,33.0,27.28,0.0,0.0,4.0,32510.0,16.0,35.0,33.0,1612829866.41,2021-02-09 00:17:46.410000086
40359227544,r414303-n303509,0,27.089,0.0,0.0,0.0,32510.0,16.0,34.0,34.0,27.089,0.0,0.0,0.0,32510.0,16.0,34.0,34.0,27.19,0.0,0.0,0.0,32510.0,16.0,34.0,34.0,1613429372.891,2021-02-15 22:49:32.891000032
40383807209,r7269000-n303509,0,150.215,56.937,38.167,4787.808,27722.192,16.0,57.289,58.993,195.324,79.719,53.543,6190.459,26319.541,16.0,65.525,69.704,257.32,95.0,66.0,6807.0,32510.0,16.0,73.0,79.0,1613574596.337,2021-02-17 15:09:56.336999893
40391159212,r414303-n948219,0,36.594,0.977,0.036,926.55,31583.45,16.0,33.332,30.74,58.845,35.517,5.954,1092.459,31417.541,16.0,39.961,37.527,92.26,46.0,8.0,1093.0,32510.0,16.0,42.0,39.0,1614499663.543,2021-02-28 08:07:43.542999983
40419235085,r974863-n410412,1,188.884,83.709,56.319,6400.824,26109.176,16.0,54.295,56.227,197.185,87.312,58.745,6663.375,25846.625,16.0,59.566,62.639,241.06,96.0,67.0,6799.0,32510.0,16.0,65.0,70.0,1613445238.067,2021-02-16 03:13:58.066999911
40433974471,r9659953-n200569,1,24.664,0.007,0.0,0.314,32509.686,16.0,29.049,28.289,33.978,0.016,0.0,871.733,31638.267,16.0,30.418,28.999,36.06,21.0,1.0,1039.0,32510.0,16.0,31.0,30.0,1614723596.283,2021-03-02 22:19:56.282999992
40475480865,r8473362-n410412,0,34.737,2.708,0.207,21807.704,10702.296,16.0,33.772,31.697,37.815,0.009,0.002,31061.178,1448.822,16.0,38.011,35.706,105.39,100.0,15.0,31079.0,32510.0,16.0,40.0,38.0,1613834602.95,2021-02-20 15:23:22.950000048
40490486525,r7419443-n948219,0,30.921,1.244,0.104,420.461,32089.539,16.0,31.443,30.157,38.104,4.459,0.382,1225.621,31284.379,16.0,33.736,32.054,47.99,21.0,2.0,1369.0,32510.0,16.0,35.0,33.0,1613663421.009,2021-02-18 15:50:21.009000063
40501950865,r9988778-n303766,1,26.275,0.0,0.0,0.0,32510.0,16.0,29.0,26.16,26.275,0.0,0.0,0.0,32510.0,16.0,29.0,26.16,26.38,0.0,0.0,0.0,32510.0,16.0,29.0,27.0,1613372905.378,2021-02-15 07:08:25.378000021
40504934496,r9170217-n948219,0,35.815,1.216,0.009,613.405,31896.595,16.0,33.306,31.234,35.815,1.216,0.009,613.405,31896.595,16.0,33.306,31.234,38.9,23.0,1.0,1197.0,32510.0,16.0,34.0,32.0,1613429513.68,2021-02-15 22:51:53.680000067
40514386439,r7317916-n948219,0,176.119,77.051,51.674,6197.867,26312.133,16.0,62.002,68.453,189.049,81.646,54.854,6612.22,25897.78,16.0,67.03,74.304,242.62,94.0,64.0,6807.0,32510.0,16.0,74.0,82.0,1613481799.53,2021-02-16 13:23:19.529999970
40583240849,r2215649-n410412,0,26.374,0.0,0.0,0.095,32509.905,16.0,32.0,29.733,73.458,23.768,6.468,5768.0,26742.0,16.0,39.245,36.14,277.42,100.0,37.0,15173.0,32510.0,16.0,62.0,57.0,1613300873.266,2021-02-14 11:07:53.266000032
40604996346,r492024-n303766,0,205.712,86.588,58.129,6397.411,26112.589,16.0,68.477,73.349,208.821,88.691,59.617,6657.406,25852.594,16.0,68.23,73.251,249.57,95.0,64.0,6799.0,32510.0,16.0,71.0,76.0,1613441687.329,2021-02-16 02:14:47.328999996
40607385290,r4683026-n948219,0,32.148,7.662,0.391,898.889,31611.111,16.0,34.518,34.002,77.327,88.765,11.99,11401.655,21108.345,16.0,51.99,52.974,202.43,100.0,53.0,11496.0,32510.0,16.0,58.0,63.0,1613991316.827,2021-02-22 10:55:16.826999903
40650989425,r216287-n303509,1,27.11,0.0,0.0,2.061,32507.939,16.0,35.0,33.0,27.11,0.0,0.0,2.061,32507.939,16.0,35.0,33.0,27.3,0.0,0.0,4.0,32510.0,16.0,35.0,33.0,1612829860.874,2021-02-09 00:17:40.874000072
40662087819,r2215649-n303766,0,27.991,0.083,0.0,228.95,32281.05,16.0,31.341,29.154,28.233,0.098,0.001,240.108,32269.892,16.0,31.384,29.175,37.9,21.0,1.0,1055.0,32510.0,16.0,33.0,30.0,1614720119.543,2021-03-02 21:21:59.542999983
40673236976,r7269000-n948219,1,190.383,77.25,51.652,6149.708,26360.292,16.0,65.574,69.482,202.287,83.355,55.818,6589.478,25920.522,16.0,66.612,71.16,257.19,100.0,64.0,6807.0,32510.0,16.0,72.0,78.0,1613441631.97,2021-02-16 02:13:51.970000029
40677747703,r810901-n948219,1,35.752,0.488,0.003,880.117,31629.883,16.0,31.34,30.22,39.222,3.852,0.949,1026.307,31483.693,16.0,32.892,31.824,96.98,47.0,12.0,1027.0,32510.0,16.0,38.0,36.0,1613982469.598,2021-02-22 08:27:49.598000050
40716084010,r7269000-n303509,0,210.572,87.35,58.37,6415.93,26094.07,16.0,68.283,73.069,213.83,89.309,59.914,6671.238,25838.762,16.0,68.081,73.061,254.16,95.0,67.0,6807.0,32510.0,16.0,71.0,76.0,1613585747.144,2021-02-17 18:15:47.144000053
40742357261,r4506251-n410412,0,25.99,0.0,0.0,0.0,32510.0,16.0,31.0,30.0,25.99,0.0,0.0,0.0,32510.0,16.0,31.0,30.0,26.0,0.0,0.0,0.0,32510.0,16.0,31.0,30.0,1614734566.626,2021-03-03 01:22:46.625999928
40758876570,r7269000-n948219,0,136.111,61.506,24.452,10091.986,22418.014,16.0,44.72,43.433,200.966,94.677,38.391,15444.533,17065.467,16.0,68.388,69.271,289.77,100.0,56.0,15465.0,32510.0,16.0,73.0,75.0,1613152373.434,2021-02-12 17:52:53.434000015
40758876570,r7269000-n948219,1,124.393,58.149,21.654,8989.857,23520.143,16.0,43.654,43.286,181.597,89.294,34.337,13880.303,18629.697,16.0,63.71,65.194,279.46,100.0,55.0,13899.0,32510.0,16.0,73.0,76.0,1613152373.445,2021-02-12 17:52:53.444999933
40809800382,r6727430-n303509,0,201.899,85.502,57.251,6414.997,26095.003,16.0,68.655,73.316,208.419,89.5,60.07,6665.463,25844.537,16.0,68.421,73.441,247.2,95.0,65.0,6801.0,32510.0,16.0,71.0,77.0,1613441356.875,2021-02-16 02:09:16.875000000
40912842498,r492024-n410412,1,25.455,0.0,0.0,0.0,32510.0,16.0,30.0,29.25,25.455,0.0,0.0,0.0,32510.0,16.0,30.0,29.25,25.52,0.0,0.0,0.0,32510.0,16.0,30.0,30.0,1614734566.671,2021-03-03 01:22:46.671000004
40916848619,r4506251-n410412,0,25.981,0.0,0.0,2.418,32507.582,16.0,31.0,30.0,26.889,0.121,0.002,68.236,32441.764,16.0,31.072,30.008,39.01,24.0,1.0,1205.0,32510.0,16.0,32.0,31.0,1614736398.153,2021-03-03 01:53:18.153000116
40941205002,r6707841-n772143,0,45.286,22.777,3.671,29062.553,3447.447,16.0,37.727,35.626,45.417,22.051,3.533,31047.074,1462.926,16.0,37.959,35.816,105.84,100.0,6.0,31071.0,32510.0,16.0,40.0,38.0,1614734395.099,2021-03-03 01:19:55.098999977
40974463196,r7462820-n410412,0,179.933,70.137,46.964,6088.519,26421.481,16.0,67.304,72.248,190.991,77.276,51.862,6590.61,25919.39,16.0,68.017,73.472,254.09,93.0,63.0,6807.0,32510.0,16.0,72.0,78.0,1613576747.759,2021-02-17 15:45:47.759000063
41025730727,r2684277-n772143,0,26.854,0.0,0.0,0.0,32510.0,16.0,29.987,28.899,26.854,0.0,0.0,0.0,32510.0,16.0,29.987,28.899,26.92,0.0,0.0,0.0,32510.0,16.0,30.0,29.0,1614725061.115,2021-03-02 22:44:21.115000010
41025730727,r2684277-n772143,1,24.729,0.0,0.0,0.0,32510.0,16.0,28.0,28.0,24.729,0.0,0.0,0.0,32510.0,16.0,28.0,28.0,24.8,0.0,0.0,0.0,32510.0,16.0,28.0,28.0,1614725061.118,2021-03-02 22:44:21.118000031
41035804916,r7462820-n303766,0,140.111,52.237,35.002,5412.154,27097.846,16.0,58.551,60.836,161.092,61.531,41.341,6468.851,26041.149,16.0,65.599,69.104,249.88,95.0,64.0,6801.0,32510.0,16.0,75.0,81.0,1613654754.472,2021-02-18 13:25:54.471999884
41054529532,r974863-n410412,1,182.207,81.231,54.555,6410.572,26099.428,16.0,51.716,53.215,199.335,87.865,59.153,6664.665,25845.335,16.0,61.765,64.935,246.37,95.0,66.0,6799.0,32510.0,16.0,74.0,78.0,1613449284.784,2021-02-16 04:21:24.783999920
41078833539,r6959555-n750018,0,22.874,0.0,0.0,0.0,32510.0,16.0,28.0,26.0,22.874,0.0,0.0,0.0,32510.0,16.0,28.0,26.0,22.97,0.0,0.0,0.0,32510.0,16.0,28.0,26.0,1614740647.753,2021-03-03 03:04:07.753000021
41116288516,r7753495-n303509,0,25.044,0.0,0.0,0.435,32509.565,16.0,31.197,29.715,128.858,46.507,29.387,4208.562,28301.438,16.0,53.409,53.28,273.85,98.0,64.0,7299.0,32510.0,16.0,74.0,76.0,1613426248.956,2021-02-15 21:57:28.956000090
41124080673,r9515777-n303766,0,26.569,0.0,0.0,0.0,32510.0,16.0,40.0,38.529,41.731,14.837,0.886,30557.242,1952.758,16.0,43.78,41.652,47.16,100.0,6.0,30709.0,32510.0,16.0,45.0,43.0,1614346233.561,2021-02-26 13:30:33.561000109
41217034900,r974863-n410412,1,193.253,84.136,56.409,6401.099,26108.901,16.0,60.11,62.308,202.164,88.52,59.507,6662.15,25847.85,16.0,63.425,66.773,249.72,95.0,69.0,6799.0,32510.0,16.0,74.0,78.0,1613447740.02,2021-02-16 03:55:40.019999981
41240418127,r8024255-n303766,1,68.612,50.597,35.39,3215.499,29294.501,16.0,37.605,37.821,68.612,50.597,35.39,3215.499,29294.501,16.0,37.605,37.821,94.6,69.0,60.0,3459.0,32510.0,16.0,41.0,44.0,1614754989.035,2021-03-03 07:03:09.035000086
41254008658,r7141590-n303509,0,26.82,0.0,0.0,0.304,32509.696,16.0,39.0,38.0,26.82,0.0,0.0,0.304,32509.696,16.0,39.0,38.0,26.97,0.0,0.0,4.0,32510.0,16.0,39.0,38.0,1613145922.499,2021-02-12 16:05:22.499000072
41282480643,r4506251-n303766,0,79.07,33.212,24.494,9674.21,22835.79,16.0,39.793,42.47,156.719,79.938,59.275,23681.062,8828.938,16.0,68.013,75.923,224.8,100.0,86.0,23709.0,32510.0,16.0,71.0,82.0,1613393731.213,2021-02-15 12:55:31.213000059
41333645421,r44132-n410412,0,36.445,0.976,0.039,628.606,31881.394,16.0,38.097,36.351,63.217,35.0,6.71,1079.404,31430.596,16.0,44.428,43.141,114.3,50.0,11.0,1093.0,32510.0,16.0,47.0,46.0,1613281684.284,2021-02-14 05:48:04.283999920
41356552932,r8275852-n410412,0,97.039,34.3,14.793,8091.997,24418.003,16.0,42.005,43.547,221.529,94.354,40.536,27611.96,4898.04,16.0,68.451,70.938,274.7,100.0,60.0,32507.0,32510.0,16.0,74.0,76.0,1612961703.951,2021-02-10 12:55:03.950999975
41369212309,r8972851-n303509,0,163.823,62.042,41.55,6056.411,26453.589,16.0,64.713,68.132,184.355,74.157,49.751,6588.751,25921.249,16.0,67.366,71.632,250.4,94.0,64.0,6807.0,32510.0,16.0,72.0,77.0,1613598546.061,2021-02-17 21:49:06.061000109
41393387839,r810901-n303509,0,127.548,62.521,28.535,3601.247,28908.753,16.0,52.295,53.888,189.284,97.55,44.71,8303.331,24206.669,16.0,68.411,72.534,239.7,100.0,64.0,8345.0,32510.0,16.0,72.0,78.0,1612969294.102,2021-02-10 15:01:34.101999998
41396127802,r7141590-n948219,0,30.392,0.724,0.033,307.317,32202.683,16.0,39.526,38.22,92.266,51.878,16.723,2700.217,29809.783,16.0,54.889,54.355,151.26,71.0,24.0,2757.0,32510.0,16.0,59.0,58.0,1613408873.681,2021-02-15 17:07:53.680999994
41446539706,r810901-n772143,0,25.765,0.0,0.0,0.0,32510.0,16.0,30.001,28.0,137.76,54.648,33.304,27498.326,5011.674,16.0,62.056,61.847,286.1,100.0,87.0,30615.0,32510.0,16.0,75.0,76.0,1614727985.931,2021-03-02 23:33:05.930999994
41446539706,r810901-n772143,1,25.365,0.0,0.0,0.0,32510.0,16.0,28.0,27.021,138.324,67.318,33.425,28793.106,3716.894,16.0,55.239,57.581,291.77,100.0,87.0,31279.0,32510.0,16.0,72.0,79.0,1614727985.936,2021-03-02 23:33:05.936000109
41476745476,r1039410-n772143,0,26.049,0.0,0.0,0.0,32510.0,16.0,29.838,27.05,26.049,0.0,0.0,0.0,32510.0,16.0,29.838,27.05,26.13,0.0,0.0,0.0,32510.0,16.0,30.0,28.0,1614725055.428,2021-03-02 22:44:15.427999973
41476745476,r1039410-n772143,1,25.83,0.0,0.0,0.0,32510.0,16.0,29.0,27.0,25.83,0.0,0.0,0.0,32510.0,16.0,29.0,27.0,25.94,0.0,0.0,0.0,32510.0,16.0,29.0,27.0,1614725055.431,2021-03-02 22:44:15.430999994
41492795888,r216287-n303509,1,53.501,22.853,7.586,1090.386,31419.614,16.0,36.59,35.151,53.501,22.853,7.586,1090.386,31419.614,16.0,36.59,35.151,68.67,43.0,13.0,1327.0,32510.0,16.0,37.0,36.0,1612829936.193,2021-02-09 00:18:56.193000078
41513624327,r8275852-n410412,0,32.583,0.087,0.0,359.87,32150.13,16.0,35.885,37.227,39.581,0.092,0.045,28115.594,4394.406,16.0,38.244,38.994,228.07,100.0,77.0,30533.0,32510.0,16.0,42.0,51.0,1613041347.12,2021-02-11 11:02:27.119999886
41526755575,r1039410-n303509,0,25.906,0.0,0.0,0.007,32509.993,16.0,33.0,31.0,25.906,0.0,0.0,0.007,32509.993,16.0,33.0,31.0,26.07,0.0,0.0,4.0,32510.0,16.0,33.0,31.0,1614712078.874,2021-03-02 19:07:58.874000072
41526755575,r1039410-n303509,1,27.705,0.0,0.0,0.007,32509.993,16.0,32.0,32.0,27.705,0.0,0.0,0.007,32509.993,16.0,32.0,32.0,27.84,0.0,0.0,4.0,32510.0,16.0,32.0,32.0,1614712078.877,2021-03-02 19:07:58.877000093
41541386966,r9480604-n410412,0,27.428,0.0,0.0,0.0,32510.0,16.0,38.004,36.773,74.042,23.836,16.094,866.904,31643.096,16.0,43.448,42.738,236.59,99.0,69.0,7145.0,32510.0,16.0,67.0,70.0,1614104821.655,2021-02-23 18:27:01.654999971
41546938795,r7753495-n303509,0,24.675,0.0,0.0,0.0,32510.0,16.0,30.0,28.999,46.102,14.293,3.357,1558.473,30951.527,16.0,36.72,34.888,133.78,60.0,18.0,1605.0,32510.0,16.0,49.0,48.0,1613456884.634,2021-02-16 06:28:04.634000063
41560066413,r6727430-n303509,0,196.242,86.764,58.252,6418.61,26091.39,16.0,58.122,61.05,205.99,89.51,60.223,6664.307,25845.693,16.0,65.252,69.705,248.64,95.0,66.0,6799.0,32510.0,16.0,73.0,78.0,1613444536.563,2021-02-16 03:02:16.562999964
41588799311,r1039410-n303509,0,25.921,0.0,0.0,0.004,32509.996,16.0,33.0,31.001,25.92,0.0,0.0,0.003,32509.997,16.0,33.0,31.001,26.09,0.0,0.0,4.0,32510.0,16.0,33.0,32.0,1614711935.699,2021-03-02 19:05:35.698999882
41588799311,r1039410-n303509,1,27.912,0.0,0.0,0.004,32509.996,16.0,33.311,33.179,27.898,0.0,0.0,0.003,32509.997,16.0,33.232,33.056,28.23,0.0,0.0,4.0,32510.0,16.0,34.0,34.0,1614711935.703,2021-03-02 19:05:35.703000069
41640202882,r974863-n410412,0,26.031,0.0,0.0,3.022,32506.978,16.0,37.0,36.973,26.031,0.0,0.0,3.022,32506.978,16.0,37.0,36.973,26.35,0.0,0.0,4.0,32510.0,16.0,37.0,37.0,1613011195.005,2021-02-11 02:39:55.005000114
41660209837,r7753495-n303509,0,26.322,0.019,0.0,28.568,32481.432,16.0,36.103,35.017,72.058,33.977,11.805,1542.204,30967.796,16.0,48.821,47.577,124.83,51.0,19.0,1605.0,32510.0,16.0,52.0,52.0,1613354824.816,2021-02-15 02:07:04.815999985
41688454627,r414303-n303509,0,34.429,1.605,0.012,282.37,32227.63,16.0,34.802,34.0,34.429,1.605,0.012,282.37,32227.63,16.0,34.802,34.0,40.21,23.0,1.0,1197.0,32510.0,16.0,35.0,34.0,1613429530.021,2021-02-15 22:52:10.020999908
41703523691,r8972851-n303509,0,179.806,70.738,47.351,6244.486,26265.514,16.0,67.268,71.307,179.128,70.645,47.43,6647.482,25862.518,16.0,67.669,71.774,250.01,94.0,63.0,6801.0,32510.0,16.0,71.0,77.0,1613606796.84,2021-02-18 00:06:36.839999914
41732399033,r8972851-n172107,0,42.217,21.768,5.516,25846.233,6663.767,16.0,32.458,31.655,45.101,27.549,6.923,31014.618,1495.382,16.0,35.97,35.136,85.08,41.0,11.0,31071.0,32510.0,16.0,38.0,38.0,1614715744.68,2021-03-02 20:09:04.680000067
41817142545,r2215649-n303766,0,26.029,0.0,0.0,3.171,32506.829,16.0,38.0,36.0,31.911,2.076,0.364,421.169,32088.831,16.0,38.849,36.462,106.38,69.0,10.0,1325.0,32510.0,16.0,43.0,39.0,1613950618.487,2021-02-21 23:36:58.486999989
41827488072,r810901-n948219,0,26.2,0.0,0.0,0.0,32510.0,16.0,31.0,31.0,26.2,0.0,0.0,0.0,32510.0,16.0,31.0,31.0,26.35,0.0,0.0,0.0,32510.0,16.0,31.0,31.0,1613749607.025,2021-02-19 15:46:47.025000095
41827488072,r810901-n948219,1,25.823,0.0,0.0,0.0,32510.0,16.0,29.0,29.0,25.823,0.0,0.0,0.0,32510.0,16.0,29.0,29.0,25.95,0.0,0.0,0.0,32510.0,16.0,29.0,29.0,1613749607.029,2021-02-19 15:46:47.029000044
41834540709,r414303-n948219,0,33.183,0.0,0.0,0.0,32510.0,16.0,36.606,34.23,79.876,32.573,15.156,7958.637,24551.363,16.0,48.735,47.301,202.73,100.0,55.0,8131.0,32510.0,16.0,57.0,57.0,1613890418.62,2021-02-21 06:53:38.619999886
41834540709,r414303-n948219,1,28.177,0.0,0.0,0.0,32510.0,16.0,32.968,32.765,81.365,38.773,15.737,8254.27,24255.73,16.0,45.75,44.526,212.57,100.0,55.0,8327.0,32510.0,16.0,54.0,53.0,1613890418.626,2021-02-21 06:53:38.625999928
41862849791,r492024-n303766,0,38.849,1.828,1.237,13415.604,19094.396,16.0,36.362,34.172,82.793,31.262,26.291,29897.087,2612.913,16.0,50.545,52.132,210.48,100.0,94.0,30087.0,32510.0,16.0,54.0,61.0,1613367296.044,2021-02-15 05:34:56.043999910
41875011555,r7269000-n948219,0,35.194,1.829,0.014,451.9,32058.1,16.0,38.657,37.571,35.194,1.829,0.014,451.9,32058.1,16.0,38.657,37.571,42.83,24.0,1.0,1197.0,32510.0,16.0,39.0,38.0,1613430155.967,2021-02-15 23:02:35.967000008
41904518904,r7753495-n303509,0,29.156,1.174,0.028,122.988,32387.012,16.0,38.003,36.402,63.294,39.943,8.2,1661.199,30848.801,16.0,42.129,40.234,133.63,54.0,15.0,1671.0,32510.0,16.0,48.0,46.0,1613168909.922,2021-02-12 22:28:29.921999931
41939162429,r492024-n410412,0,28.114,0.0,0.0,3.339,32506.661,16.0,32.554,31.0,28.02,0.0,0.0,3.96,32506.04,16.0,32.255,30.769,28.77,0.0,0.0,4.0,32510.0,16.0,33.0,32.0,1614376973.847,2021-02-26 22:02:53.846999884
41954913877,r8972851-n303509,0,188.551,75.56,50.64,6161.671,26348.329,16.0,67.278,71.495,195.297,79.752,53.57,6605.327,25904.673,16.0,67.947,72.513,250.19,95.0,64.0,6807.0,32510.0,16.0,71.0,77.0,1613593312.732,2021-02-17 20:21:52.732000113
41984366659,r414303-n303509,0,27.238,0.0,0.0,0.0,32510.0,16.0,34.0,33.976,27.238,0.0,0.0,0.0,32510.0,16.0,34.0,33.976,27.47,0.0,0.0,0.0,32510.0,16.0,34.0,34.0,1613429409.321,2021-02-15 22:50:09.321000099
42030903726,r974863-n303766,0,36.663,5.191,3.354,238.384,32271.616,16.0,33.921,32.194,188.601,78.498,54.234,3277.343,29232.657,16.0,66.897,69.562,240.62,99.0,70.0,7147.0,32510.0,16.0,74.0,78.0,1614275914.963,2021-02-25 17:58:34.963000059
42091310261,r9480604-n410412,0,26.21,0.0,0.0,0.0,32510.0,16.0,31.0,30.0,26.21,0.0,0.0,0.0,32510.0,16.0,31.0,30.0,26.27,0.0,0.0,0.0,32510.0,16.0,31.0,30.0,1614734668.968,2021-03-03 01:24:28.967999935
42098264221,r4683026-n948219,0,39.656,0.927,0.035,1021.884,31488.116,16.0,40.436,40.01,63.126,37.311,7.635,1152.537,31357.463,16.0,46.957,47.66,101.59,50.0,11.0,1159.0,32510.0,16.0,49.0,50.0,1613981946.819,2021-02-22 08:19:06.819000006
42098555725,r1051355-n200569,1,27.117,0.087,0.0,151.927,32358.073,16.0,27.15,25.324,32.004,0.055,0.001,639.011,31870.989,16.0,28.103,26.124,37.44,21.0,1.0,1039.0,32510.0,16.0,29.0,27.0,1614718442.805,2021-03-02 20:54:02.805000067
42103174254,r6727430-n948219,0,26.452,0.0,0.0,0.0,32510.0,16.0,32.0,31.0,26.452,0.0,0.0,0.0,32510.0,16.0,32.0,31.0,26.51,0.0,0.0,0.0,32510.0,16.0,32.0,31.0,1613613187.668,2021-02-18 01:53:07.667999983
42111730534,r492024-n303766,0,205.102,86.162,57.971,6395.365,26114.635,16.0,68.583,73.374,211.237,89.795,60.479,6663.059,25846.941,16.0,68.454,73.461,250.05,95.0,65.0,6807.0,32510.0,16.0,72.0,77.0,1613440627.341,2021-02-16 01:57:07.341000080
42119896599,r7141590-n303509,0,41.232,0.621,0.032,1343.17,31166.83,16.0,41.99,40.001,76.54,36.615,12.704,1594.414,30915.586,16.0,48.939,47.208,126.75,49.0,18.0,1605.0,32510.0,16.0,52.0,50.0,1613355783.563,2021-02-15 02:23:03.562999964
42125849407,r492024-n303766,1,25.573,0.0,0.0,0.0,32510.0,16.0,31.0,30.871,80.976,37.605,11.677,1458.837,31051.163,16.0,52.585,50.981,141.93,54.0,17.0,1539.0,32510.0,16.0,59.0,58.0,1613401919.579,2021-02-15 15:11:59.578999996
42183395532,r4144777-n303509,0,26.856,0.0,0.0,1.536,32508.464,16.0,32.001,30.26,106.272,52.675,23.802,2775.667,29734.333,16.0,51.468,50.184,184.81,82.0,37.0,2911.0,32510.0,16.0,57.0,57.0,1613055997.552,2021-02-11 15:06:37.552000046
42234838229,r7269000-n948219,0,37.69,2.071,0.014,432.371,32077.629,16.0,39.829,38.014,37.69,2.071,0.014,432.371,32077.629,16.0,39.829,38.014,43.07,24.0,1.0,1197.0,32510.0,16.0,40.0,39.0,1613430186.592,2021-02-15 23:03:06.592000008
42253136417,r3955005-n172107,1,38.213,16.057,0.696,25716.491,6793.509,16.0,30.077,30.311,40.953,20.562,0.842,31007.238,1502.762,16.0,32.354,32.338,54.28,31.0,2.0,31071.0,32510.0,16.0,33.0,34.0,1614715475.7,2021-03-02 20:04:35.700000048
42274023965,r414303-n772143,0,26.574,0.0,0.0,0.0,32510.0,16.0,31.985,30.0,26.562,0.0,0.0,0.0,32510.0,16.0,31.73,29.872,26.65,0.0,0.0,0.0,32510.0,16.0,32.0,30.0,1614722473.048,2021-03-02 22:01:13.048000097
42289575877,r492024-n410412,1,37.937,8.44,1.174,377.89,32132.11,16.0,31.348,29.977,68.589,28.016,3.86,1207.263,31302.737,16.0,42.847,40.148,131.05,90.0,13.0,1315.0,32510.0,16.0,47.0,44.0,1613860401.395,2021-02-20 22:33:21.394999981
42289591862,r492024-n410412,1,25.423,0.0,0.0,0.0,32510.0,16.0,30.0,29.333,25.423,0.0,0.0,0.0,32510.0,16.0,30.0,29.333,25.43,0.0,0.0,0.0,32510.0,16.0,30.0,30.0,1614734669.061,2021-03-03 01:24:29.061000109
42307602034,r1039410-n303509,0,35.839,0.687,0.034,996.929,31513.071,16.0,40.463,38.001,76.131,41.266,17.023,2582.55,29927.45,16.0,47.744,47.586,127.96,51.0,23.0,2629.0,32510.0,16.0,50.0,50.0,1613074962.496,2021-02-11 20:22:42.496000051
42325207264,r4605940-n303509,0,33.197,0.0,0.0,0.0,32510.0,16.0,37.222,35.861,26.953,0.0,0.0,0.0,32510.0,16.0,30.152,28.935,46.13,0.0,0.0,0.0,32510.0,16.0,43.0,42.0,1613416804.506,2021-02-15 19:20:04.506000042
42328873932,r492024-n410412,0,27.997,0.0,0.0,0.0,32510.0,16.0,32.691,31.018,45.565,17.202,9.404,5699.423,26810.577,16.0,37.037,35.988,226.21,100.0,89.0,29909.0,32510.0,16.0,50.0,54.0,1614116344.336,2021-02-23 21:39:04.335999966
42339523964,r9659953-n200569,0,26.51,0.0,0.0,0.0,32510.0,16.0,30.0,27.11,26.51,0.0,0.0,0.0,32510.0,16.0,30.0,27.11,26.66,0.0,0.0,0.0,32510.0,16.0,30.0,28.0,1614718743.914,2021-03-02 20:59:03.914000034
42381357948,r974863-n410412,0,192.992,80.795,54.119,6103.647,26406.353,16.0,54.632,57.813,206.012,85.968,57.675,6571.52,25938.48,16.0,64.132,68.723,258.88,95.0,65.0,6807.0,32510.0,16.0,72.0,78.0,1613444922.215,2021-02-16 03:08:42.214999914
42383396262,r8275852-n410412,0,47.633,6.642,4.93,16840.526,15669.474,16.0,38.166,39.462,85.406,33.525,26.625,25457.473,7052.527,16.0,46.978,49.591,194.79,100.0,87.0,25479.0,32510.0,16.0,50.0,58.0,1613050597.767,2021-02-11 13:36:37.766999960
42388742123,r9170217-n303509,0,38.987,2.61,0.03,1047.389,31462.611,16.0,38.993,34.996,69.103,40.642,9.934,1154.516,31355.484,16.0,45.563,41.721,109.46,52.0,14.0,1159.0,32510.0,16.0,47.0,44.0,1613098498.065,2021-02-12 02:54:58.065000057
42389854608,r8972851-n948219,0,211.536,87.479,58.351,6424.503,26085.497,16.0,68.079,72.139,215.137,89.86,60.072,6629.294,25880.706,16.0,68.187,72.4,259.02,96.0,66.0,6807.0,32510.0,16.0,71.0,76.0,1613523113.047,2021-02-17 00:51:53.046999931
42426169455,r7269000-n303509,0,195.336,78.183,52.287,6404.896,26105.104,16.0,67.517,71.635,207.145,85.218,57.134,6665.325,25844.675,16.0,68.352,73.02,256.16,95.0,66.0,6793.0,32510.0,16.0,71.0,76.0,1613580515.321,2021-02-17 16:48:35.321000099
42493110971,r1039410-n948219,1,66.229,28.549,3.97,1206.461,31303.539,16.0,42.222,38.764,68.184,30.243,4.153,1301.219,31208.781,16.0,42.861,39.268,121.78,90.0,13.0,1315.0,32510.0,16.0,44.0,41.0,1613861899.27,2021-02-20 22:58:19.269999981
42553503703,r4506251-n303766,0,28.266,0.0,0.0,0.0,32510.0,16.0,31.819,32.694,27.991,0.0,0.0,0.0,32510.0,16.0,30.819,31.19,28.68,0.0,0.0,0.0,32510.0,16.0,33.0,34.0,1614723102.482,2021-03-02 22:11:42.482000113
42553603191,r7462820-n410412,0,160.789,60.474,40.493,6018.428,26491.572,16.0,66.336,70.821,179.265,70.363,47.189,6583.202,25926.798,16.0,67.853,73.167,254.15,100.0,63.0,6799.0,32510.0,16.0,72.0,78.0,1613573818.152,2021-02-17 14:56:58.151999950
42556479621,r492024-n410412,0,29.922,0.313,0.008,237.762,32272.238,16.0,33.127,31.743,114.088,99.059,15.791,21012.142,11497.858,16.0,59.791,59.461,263.72,100.0,50.0,21037.0,32510.0,16.0,66.0,67.0,1614383905.127,2021-02-26 23:58:25.127000093
42556479621,r492024-n410412,1,27.253,0.388,0.006,233.638,32276.362,16.0,30.218,30.017,112.534,94.779,15.245,30218.995,2291.005,16.0,58.169,55.712,280.6,100.0,49.0,30263.0,32510.0,16.0,66.0,63.0,1614383905.13,2021-02-26 23:58:25.130000114
42556479621,r974863-n303766,0,27.78,0.444,0.009,241.111,32268.889,16.0,31.928,29.875,104.302,98.824,15.739,31611.472,898.528,16.0,53.571,51.08,258.7,100.0,50.0,31643.0,32510.0,16.0,61.0,60.0,1614383905.119,2021-02-26 23:58:25.118999958
42556479621,r974863-n303766,1,27.844,0.466,0.008,241.38,32268.62,16.0,30.097,28.002,102.156,98.815,15.104,21339.041,11170.959,16.0,47.382,45.481,254.04,100.0,48.0,21363.0,32510.0,16.0,54.0,52.0,1614383905.126,2021-02-26 23:58:25.125999928
42572417030,r2215649-n303766,0,25.332,0.0,0.0,0.0,32510.0,16.0,33.0,30.0,25.332,0.0,0.0,0.0,32510.0,16.0,33.0,30.0,25.47,0.0,0.0,0.0,32510.0,16.0,33.0,30.0,1614360987.162,2021-02-26 17:36:27.161999941
42579506367,r9170217-n948219,0,34.89,2.304,0.0,491.326,32018.674,16.0,33.935,32.0,34.89,2.304,0.0,491.326,32018.674,16.0,33.935,32.0,37.93,9.0,0.0,1197.0,32510.0,16.0,34.0,32.0,1613429546.255,2021-02-15 22:52:26.255000114
42593366875,r4506251-n303766,0,164.091,67.526,45.209,5109.859,27400.141,16.0,52.951,57.002,193.873,79.857,53.593,6284.022,26225.978,16.0,64.233,70.198,257.33,95.0,64.0,6801.0,32510.0,16.0,73.0,80.0,1613468666.508,2021-02-16 09:44:26.507999897
42596054016,r414303-n948219,0,32.444,0.732,0.03,516.282,31993.718,16.0,32.862,30.411,55.325,23.493,4.892,1078.765,31431.235,16.0,39.908,37.125,95.71,47.0,11.0,1093.0,32510.0,16.0,42.0,40.0,1614076025.282,2021-02-23 10:27:05.282000065
42599274612,r9170217-n948219,0,173.568,71.932,48.255,6082.727,26427.273,16.0,61.67,65.582,184.384,76.632,51.491,6574.888,25935.112,16.0,65.647,70.251,245.74,94.0,63.0,6807.0,32510.0,16.0,69.0,75.0,1613589155.718,2021-02-17 19:12:35.717999935
42640478484,r4683026-n948219,0,26.983,0.0,0.0,0.0,32510.0,16.0,37.483,37.611,26.978,0.0,0.0,0.0,32510.0,16.0,37.437,37.552,27.28,0.0,0.0,0.0,32510.0,16.0,38.0,38.0,1614163622.069,2021-02-24 10:47:02.069000006
42666593714,r7462820-n303766,1,37.231,0.533,0.005,884.645,31625.355,16.0,33.303,31.992,57.943,30.355,6.697,1022.562,31487.438,16.0,38.825,37.566,96.09,43.0,10.0,1027.0,32510.0,16.0,40.0,39.0,1613377066.873,2021-02-15 08:17:46.872999907
42701526225,r3974592-n303509,0,24.454,0.0,0.0,0.084,32509.916,16.0,30.0,29.0,29.922,2.265,0.001,841.415,31668.585,16.0,30.912,29.489,43.12,48.0,3.0,2488.0,32510.0,16.0,34.0,31.0,1613179623.947,2021-02-13 01:27:03.947000027
42701526225,r3974592-n303509,1,24.867,0.0,0.0,0.084,32509.916,16.0,28.0,26.791,30.009,0.053,0.001,457.869,32052.131,16.0,28.881,27.199,39.17,24.0,1.0,1205.0,32510.0,16.0,31.0,29.0,1613179623.95,2021-02-13 01:27:03.950000048
42715354933,r6727430-n772143,0,27.164,0.0,0.0,0.0,32510.0,16.0,31.0,28.0,27.164,0.0,0.0,0.0,32510.0,16.0,31.0,28.0,27.22,0.0,0.0,0.0,32510.0,16.0,31.0,28.0,1614725066.189,2021-03-02 22:44:26.188999891
42715354933,r6727430-n772143,1,26.396,0.0,0.0,0.0,32510.0,16.0,28.725,27.94,26.396,0.0,0.0,0.0,32510.0,16.0,28.725,27.94,26.46,0.0,0.0,0.0,32510.0,16.0,29.0,28.0,1614725066.192,2021-03-02 22:44:26.191999912
42734188731,r7419443-n948219,0,32.998,0.017,0.0,2662.76,29847.24,16.0,30.766,28.865,167.102,91.282,37.509,31027.367,1482.633,16.0,66.196,68.897,248.75,100.0,48.0,31127.0,32510.0,16.0,72.0,77.0,1613213903.374,2021-02-13 10:58:23.374000072
42734188731,r7419443-n948219,1,33.106,3.712,0.687,18437.593,14072.407,16.0,30.116,27.755,161.34,90.954,40.668,31082.023,1427.977,16.0,61.642,69.891,243.02,100.0,51.0,31127.0,32510.0,16.0,71.0,80.0,1613213903.38,2021-02-13 10:58:23.380000114
42762533477,r1900814-n772143,0,46.761,23.77,3.469,29547.628,2962.372,16.0,38.908,35.415,47.055,22.404,3.264,31054.746,1455.254,16.0,40.192,36.717,107.37,100.0,6.0,31071.0,32510.0,16.0,42.0,39.0,1614742993.432,2021-03-03 03:43:13.431999922
42780319034,r8972851-n948219,0,211.565,87.567,58.402,6424.124,26085.876,16.0,67.877,71.913,216.317,90.356,60.39,6671.261,25838.739,16.0,68.14,72.468,259.25,96.0,66.0,6807.0,32510.0,16.0,70.0,75.0,1613521704.616,2021-02-17 00:28:24.615999937
42830513418,r414303-n303509,0,37.41,2.75,0.023,465.705,32044.295,16.0,34.909,34.0,37.41,2.75,0.023,465.705,32044.295,16.0,34.909,34.0,38.41,24.0,1.0,1197.0,32510.0,16.0,35.0,34.0,1613429518.643,2021-02-15 22:51:58.642999887
42834659750,r9170217-n303509,0,201.868,83.674,56.05,6367.215,26142.785,16.0,68.26,69.695,209.272,87.919,59.003,6648.964,25861.036,16.0,68.266,69.968,255.15,94.0,64.0,6799.0,32510.0,16.0,72.0,74.0,1613436178.921,2021-02-16 00:42:58.921000004
42858532331,r9988778-n303766,0,26.115,0.0,0.0,0.0,32510.0,16.0,42.72,42.348,62.628,33.192,13.384,4601.129,27908.871,16.0,42.946,43.857,159.29,75.0,32.0,4611.0,32510.0,16.0,53.0,56.0,1613462937.574,2021-02-16 08:08:57.573999882
42881210924,r8275852-n303766,0,25.766,0.0,0.0,3.169,32506.831,16.0,31.705,30.904,75.951,24.568,7.404,5838.444,26671.556,16.0,46.128,43.727,190.47,68.0,21.0,6233.0,32510.0,16.0,53.0,52.0,1613663487.779,2021-02-18 15:51:27.779000044
42922024456,r8141575-n410412,0,131.315,48.406,15.355,2061.693,30448.307,16.0,61.539,60.832,134.533,50.21,15.939,2233.858,30276.142,16.0,62.082,61.37,224.39,100.0,33.0,2279.0,32510.0,16.0,68.0,67.0,1614639986.169,2021-03-01 23:06:26.168999910
42992668271,r4605940-n717709,0,102.716,46.915,26.935,14318.612,18191.388,16.0,38.273,37.605,175.595,84.126,48.999,25961.195,6548.805,16.0,60.675,63.425,252.06,100.0,63.0,32489.0,32510.0,16.0,72.0,77.0,1614723121.596,2021-03-02 22:12:01.595999956
43039812557,r1039410-n303509,0,28.851,0.689,0.034,109.488,32400.512,16.0,38.383,36.258,74.984,41.158,11.406,1431.017,31078.983,16.0,47.668,46.428,125.92,57.0,17.0,1605.0,32510.0,16.0,50.0,50.0,1613082187.774,2021-02-11 22:23:07.773999929
43083487485,r2215649-n410412,0,44.139,28.959,0.003,1009.788,31500.212,16.0,38.472,35.119,44.139,28.959,0.003,1009.788,31500.212,16.0,38.472,35.119,45.85,50.0,1.0,1065.0,32510.0,16.0,39.0,36.0,1614113754.597,2021-02-23 20:55:54.596999884
43089920986,r8141575-n410412,1,26.646,0.0,0.0,0.0,32510.0,16.0,31.0,29.51,214.584,91.88,63.306,3181.533,29328.467,16.0,62.085,68.461,252.41,100.0,71.0,7147.0,32510.0,16.0,75.0,83.0,1614348399.581,2021-02-26 14:06:39.581000090
43103308704,r8275852-n410412,0,27.572,0.0,0.0,0.0,32510.0,16.0,30.0,31.612,38.305,9.657,0.0,1014.514,31495.486,16.0,33.119,33.931,44.87,48.0,1.0,1017.0,32510.0,16.0,35.0,36.0,1613923484.367,2021-02-21 16:04:44.367000103
43146431286,r414303-n303509,0,29.816,0.676,0.031,129.98,32380.02,16.0,34.224,33.841,68.014,35.768,10.63,1576.935,30933.065,16.0,44.877,45.999,108.63,47.0,15.0,1605.0,32510.0,16.0,47.0,48.0,1613429755.865,2021-02-15 22:55:55.865000010
43166214882,r216287-n772143,0,27.438,0.0,0.0,0.0,32510.0,16.0,31.0,27.0,27.438,0.0,0.0,0.0,32510.0,16.0,31.0,27.0,27.59,0.0,0.0,0.0,32510.0,16.0,31.0,27.0,1614727996.001,2021-03-02 23:33:16.000999928
43166214882,r216287-n772143,1,26.635,0.0,0.0,0.0,32510.0,16.0,28.667,28.0,26.635,0.0,0.0,0.0,32510.0,16.0,28.667,28.0,26.74,0.0,0.0,0.0,32510.0,16.0,29.0,28.0,1614727996.005,2021-03-02 23:33:16.005000114
43177536039,r9480604-n410412,0,41.572,24.375,0.003,921.208,31588.792,16.0,38.486,36.0,41.572,24.375,0.003,921.208,31588.792,16.0,38.486,36.0,45.6,50.0,1.0,1065.0,32510.0,16.0,40.0,37.0,1614114105.028,2021-02-23 21:01:45.028000116
43181032848,r414303-n303509,0,30.148,1.156,0.0,135.308,32374.692,16.0,35.86,35.904,61.944,31.449,9.553,2690.037,29819.963,16.0,43.658,44.649,147.25,60.0,22.0,2695.0,32510.0,16.0,48.0,50.0,1613174449.943,2021-02-13 00:00:49.943000078
43244798064,r974863-n410412,0,208.109,86.038,57.443,6343.57,26166.43,16.0,67.268,72.041,214.2,89.753,60.037,6640.915,25869.085,16.0,67.746,72.983,260.86,96.0,65.0,6801.0,32510.0,16.0,71.0,77.0,1613448890.735,2021-02-16 04:14:50.734999895
43249078686,r4506251-n410412,0,82.835,36.056,14.68,1689.551,30820.449,16.0,43.181,41.481,174.124,92.848,38.623,8117.633,24392.367,16.0,65.752,64.889,241.7,100.0,60.0,8187.0,32510.0,16.0,73.0,73.0,1612966495.779,2021-02-10 14:14:55.779000044
43272045058,r8473362-n410412,0,27.088,0.0,0.0,0.0,32510.0,16.0,33.0,31.0,27.088,0.0,0.0,0.0,32510.0,16.0,33.0,31.0,27.11,0.0,0.0,0.0,32510.0,16.0,33.0,31.0,1614734669.01,2021-03-03 01:24:29.009999990
43275234944,r7462820-n410412,1,179.857,70.465,47.228,5970.872,26539.128,16.0,65.34,67.598,191.479,77.219,51.904,6552.552,25957.448,16.0,65.138,67.818,260.63,100.0,63.0,6807.0,32510.0,16.0,70.0,73.0,1613574703.575,2021-02-17 15:11:43.575000048
43300551106,r7419443-n948219,0,31.79,0.0,0.0,1.846,32508.154,16.0,37.539,36.427,111.45,97.436,18.371,17055.094,15454.906,16.0,57.736,58.199,229.47,100.0,48.0,17089.0,32510.0,16.0,62.0,63.0,1614119930.026,2021-02-23 22:38:50.026000023
43300551106,r7419443-n948219,1,30.239,0.0,0.0,1.846,32508.154,16.0,35.179,33.591,108.794,97.418,17.795,14351.126,18158.874,16.0,54.309,57.001,229.21,100.0,48.0,14385.0,32510.0,16.0,58.0,63.0,1614119930.03,2021-02-23 22:38:50.029999971
43333387395,r9480604-n303766,0,28.219,0.0,0.0,0.0,32510.0,16.0,34.531,32.508,80.543,33.926,15.092,8146.98,24363.02,16.0,47.391,46.16,203.1,100.0,54.0,8179.0,32510.0,16.0,54.0,54.0,1613890845.96,2021-02-21 07:00:45.960000038
43333387395,r9480604-n303766,1,26.341,0.0,0.0,0.0,32510.0,16.0,31.591,31.061,80.436,39.688,15.608,8321.652,24188.348,16.0,44.457,44.048,206.2,100.0,55.0,8355.0,32510.0,16.0,51.0,52.0,1613890845.964,2021-02-21 07:00:45.963999987
43342024472,r7462820-n410412,1,190.124,75.955,50.939,6300.497,26209.503,16.0,64.852,67.446,195.114,79.395,53.422,6644.38,25865.62,16.0,63.66,66.377,256.76,94.0,64.0,6799.0,32510.0,16.0,70.0,74.0,1613577564.213,2021-02-17 15:59:24.213000059
43360839931,r974863-n303766,0,26.549,0.0,0.0,0.0,32510.0,16.0,33.0,31.0,61.862,31.201,18.244,26721.645,5788.355,16.0,43.887,42.833,217.36,100.0,100.0,32385.0,32510.0,16.0,50.0,56.0,1614219253.384,2021-02-25 02:14:13.384000063
43360839931,r974863-n303766,1,27.337,0.687,0.042,0.0,32510.0,16.0,32.19,30.289,63.933,36.002,19.402,24955.587,7554.413,16.0,40.77,39.932,212.41,100.0,100.0,31397.0,32510.0,16.0,46.0,49.0,1614219253.387,2021-02-25 02:14:13.387000084
43378187466,r414303-n303509,0,33.428,2.426,0.0,483.851,32026.149,16.0,34.0,34.0,33.428,2.426,0.0,483.851,32026.149,16.0,34.0,34.0,37.81,10.0,0.0,1197.0,32510.0,16.0,34.0,34.0,1613429513.67,2021-02-15 22:51:53.670000076
43416590769,r9480604-n410412,1,24.32,0.0,0.0,0.0,32510.0,16.0,29.0,27.0,24.32,0.0,0.0,0.0,32510.0,16.0,29.0,27.0,24.37,0.0,0.0,0.0,32510.0,16.0,29.0,27.0,1614734566.683,2021-03-03 01:22:46.683000088
43419857087,r7317916-n948219,1,143.127,53.391,35.837,5973.947,26536.053,16.0,55.415,57.56,175.936,69.359,46.644,6581.052,25928.948,16.0,62.203,66.135,256.31,100.0,64.0,6807.0,32510.0,16.0,71.0,78.0,1613481705.189,2021-02-16 13:21:45.188999891
43468450649,r8473362-n410412,0,26.719,0.0,0.0,0.0,32510.0,16.0,33.0,30.966,26.718,0.0,0.0,0.0,32510.0,16.0,33.0,30.947,26.96,0.0,0.0,0.0,32510.0,16.0,33.0,31.0,1613395284.571,2021-02-15 13:21:24.571000099
43468578408,r9170217-n948219,0,28.671,0.0,0.0,0.0,32510.0,16.0,37.587,36.627,28.671,0.0,0.0,0.0,32510.0,16.0,37.587,36.627,29.62,0.0,0.0,0.0,32510.0,16.0,39.0,38.0,1613429257.478,2021-02-15 22:47:37.477999926
43480320283,r7419443-n948219,0,27.512,0.0,0.0,3.652,32506.348,16.0,32.352,31.079,100.563,50.22,7.492,5393.034,27116.966,16.0,49.909,48.881,242.81,100.0,24.0,6211.0,32510.0,16.0,56.0,56.0,1613315972.422,2021-02-14 15:19:32.421999931
43537991585,r8275852-n303766,0,25.78,0.0,0.0,0.0,32510.0,16.0,31.0,31.015,25.766,0.0,0.0,0.0,32510.0,16.0,30.978,31.005,26.02,0.0,0.0,0.0,32510.0,16.0,31.0,32.0,1614759517.466,2021-03-03 08:18:37.466000080
43537991585,r8275852-n303766,1,27.334,0.0,0.0,0.0,32510.0,16.0,31.0,27.536,27.281,0.0,0.0,0.0,32510.0,16.0,30.934,27.152,27.58,0.0,0.0,0.0,32510.0,16.0,31.0,28.0,1614759517.471,2021-03-03 08:18:37.470999956
43560555207,r7141590-n303509,0,27.289,1.754,0.0,12.733,32497.267,16.0,39.026,38.0,27.032,3.55,0.0,28.24,32481.76,16.0,39.668,38.73,40.93,10.0,0.0,32.0,32510.0,16.0,41.0,39.0,1613147349.764,2021-02-12 16:29:09.763999939
43602573774,r414303-n948219,0,26.395,0.0,0.0,0.0,32510.0,16.0,32.0,30.0,26.398,0.0,0.0,0.0,32510.0,16.0,31.997,30.074,26.69,0.0,0.0,0.0,32510.0,16.0,33.0,31.0,1614157671.361,2021-02-24 09:07:51.361000061
43611976710,r974863-n410412,1,198.366,86.521,58.069,6415.321,26094.679,16.0,62.822,66.156,207.148,89.887,60.4,6663.466,25846.534,16.0,66.744,70.86,247.31,95.0,65.0,6801.0,32510.0,16.0,73.0,78.0,1613453423.829,2021-02-16 05:30:23.828999996
43634975773,r810901-n303509,0,27.398,0.0,0.0,2.619,32507.381,16.0,33.0,31.996,35.517,5.416,1.494,1386.508,31123.492,16.0,34.378,33.239,140.15,72.0,14.0,3965.0,32510.0,16.0,38.0,37.0,1613063409.858,2021-02-11 17:10:09.858000040
43690677760,r7141590-n948219,0,206.366,84.722,56.483,6350.603,26159.397,16.0,68.675,73.517,214.254,89.009,59.509,6637.253,25872.747,16.0,68.499,73.631,262.56,95.0,65.0,6793.0,32510.0,16.0,72.0,77.0,1613433012.621,2021-02-15 23:50:12.621000051
43705989916,r7753495-n303509,0,25.376,0.0,0.0,0.0,32510.0,16.0,35.016,33.657,50.32,18.271,4.556,1515.913,30994.087,16.0,38.776,36.944,132.6,65.0,20.0,1539.0,32510.0,16.0,50.0,49.0,1613589035.0,2021-02-17 19:10:35.000000000
43708540730,r9852763-n172107,1,43.746,27.491,3.386,29520.911,2989.089,16.0,37.232,34.334,43.363,24.63,3.088,31052.745,1457.255,16.0,37.848,34.859,71.03,100.0,6.0,31071.0,32510.0,16.0,39.0,36.0,1614734555.198,2021-03-03 01:22:35.197999954
43730520336,r7462820-n303766,0,205.853,86.785,58.105,6418.25,26091.75,16.0,69.044,74.161,211.018,90.099,60.409,6661.336,25848.664,16.0,68.49,73.877,249.71,99.0,68.0,6799.0,32510.0,16.0,72.0,78.0,1613652514.083,2021-02-18 12:48:34.082999945
43758362272,r2215649-n410412,1,28.987,0.41,0.004,177.699,32332.301,16.0,30.46,27.6,70.428,34.042,10.076,1503.378,31006.622,16.0,45.226,41.815,124.36,53.0,17.0,1539.0,32510.0,16.0,48.0,45.0,1613419908.522,2021-02-15 20:11:48.522000074
43765909276,r810901-n948219,1,36.374,0.0,0.0,3.383,32506.617,16.0,33.0,32.0,60.323,14.081,3.109,2776.644,29733.356,16.0,38.775,37.25,186.01,61.0,14.0,3417.0,32510.0,16.0,44.0,41.0,1613666158.227,2021-02-18 16:35:58.226999998
43783812901,r5179276-n948219,0,201.487,85.806,57.487,6335.149,26174.851,16.0,68.619,76.268,170.919,69.525,46.678,6673.631,25836.369,16.0,64.775,70.72,245.7,95.0,69.0,6799.0,32510.0,16.0,72.0,80.0,1613577561.46,2021-02-17 15:59:21.460000038
43815308502,r7317916-n948219,1,180.407,73.151,49.083,6115.763,26394.237,16.0,60.437,64.114,192.372,78.961,53.098,6594.733,25915.267,16.0,63.398,68.067,256.5,94.0,65.0,6807.0,32510.0,16.0,71.0,78.0,1613482602.941,2021-02-16 13:36:42.940999985
43827236371,r7462820-n303766,1,198.793,87.071,58.458,6402.798,26107.202,16.0,59.124,63.694,203.864,89.92,60.427,6646.523,25863.477,16.0,61.055,65.747,243.16,95.0,69.0,6793.0,32510.0,16.0,68.0,73.0,1613652935.502,2021-02-18 12:55:35.502000093
43837327702,r2215649-n303766,0,25.545,0.0,0.0,0.0,32510.0,16.0,34.0,31.958,25.545,0.0,0.0,0.0,32510.0,16.0,34.0,31.958,25.69,0.0,0.0,0.0,32510.0,16.0,34.0,32.0,1614373589.3,2021-02-26 21:06:29.299999952
43877167150,r810901-n172107,0,36.712,0.191,0.003,929.764,31580.236,16.0,31.664,30.7,36.712,0.191,0.003,929.764,31580.236,16.0,31.664,30.7,37.75,20.0,1.0,1039.0,32510.0,16.0,32.0,31.0,1614718743.952,2021-03-02 20:59:03.951999903
43927872170,r6727430-n948219,0,26.492,0.0,0.0,2.851,32507.149,16.0,32.0,31.0,26.492,0.0,0.0,2.851,32507.149,16.0,32.0,31.0,26.66,0.0,0.0,4.0,32510.0,16.0,32.0,31.0,1613613439.652,2021-02-18 01:57:19.651999950
43935920607,r9852763-n172107,1,39.842,25.604,1.727,28906.778,3603.222,16.0,34.675,31.281,39.77,23.863,1.621,31043.73,1466.27,16.0,35.34,31.883,50.14,100.0,6.0,31071.0,32510.0,16.0,37.0,34.0,1614724905.76,2021-03-02 22:41:45.759999990
43943229852,r7462820-n410412,1,184.308,73.019,49.018,6072.276,26437.724,16.0,62.17,64.5,193.085,78.588,52.901,6575.917,25934.083,16.0,63.048,65.68,258.23,93.0,63.0,6801.0,32510.0,16.0,70.0,73.0,1613575914.194,2021-02-17 15:31:54.194000006
43945538981,r1039410-n948219,0,27.033,0.0,0.0,0.0,32510.0,16.0,38.0,37.641,40.868,16.507,0.813,28055.681,4454.319,16.0,40.872,39.769,44.07,67.0,4.0,30709.0,32510.0,16.0,42.0,41.0,1614337131.093,2021-02-26 10:58:51.092999935
44018677058,r44132-n410412,0,27.809,0.0,0.0,0.0,32510.0,16.0,35.0,33.862,60.799,32.193,5.796,1038.019,31471.981,16.0,43.694,42.385,105.88,46.0,9.0,1093.0,32510.0,16.0,46.0,45.0,1613277219.156,2021-02-14 04:33:39.155999899
44049753566,r4683026-n303509,0,28.728,0.0,0.0,0.0,32510.0,16.0,33.358,31.794,28.728,0.0,0.0,0.0,32510.0,16.0,33.358,31.794,28.87,0.0,0.0,0.0,32510.0,16.0,34.0,32.0,1613056496.01,2021-02-11 15:14:56.009999990
44055840927,r216287-n772143,0,27.517,0.0,0.0,0.747,32509.253,16.0,31.0,27.011,27.512,0.0,0.0,1.269,32508.731,16.0,31.0,27.009,27.6,0.0,0.0,4.0,32510.0,16.0,31.0,28.0,1614726858.718,2021-03-02 23:14:18.717999935
44055840927,r216287-n772143,1,28.491,0.095,0.0,184.127,32325.873,16.0,29.157,28.117,29.861,0.079,0.0,330.169,32179.831,16.0,29.308,28.26,38.24,9.0,0.0,1095.0,32510.0,16.0,31.0,29.0,1614726858.722,2021-03-02 23:14:18.721999884
44096058558,r8275852-n410412,0,30.992,0.283,0.0,117.326,32392.674,16.0,33.0,34.0,30.992,0.283,0.0,117.326,32392.674,16.0,33.0,34.0,38.22,3.0,0.0,459.0,32510.0,16.0,33.0,34.0,1614292358.293,2021-02-25 22:32:38.292999983
44097263211,r8972851-n172107,1,38.135,19.338,2.544,25872.488,6637.512,16.0,31.494,31.599,40.667,25.127,3.145,31009.712,1500.288,16.0,33.888,33.561,62.19,36.0,5.0,31071.0,32510.0,16.0,35.0,36.0,1614715744.711,2021-03-02 20:09:04.710999966
44114596259,r4506251-n303766,0,27.975,0.0,0.0,0.007,32509.993,16.0,30.999,31.029,39.193,0.351,0.272,1178.653,31331.347,16.0,34.123,34.689,122.13,56.0,47.0,7229.0,32510.0,16.0,39.0,44.0,1614724871.36,2021-03-02 22:41:11.359999895
44158471386,r7419443-n948219,0,88.194,40.823,7.203,3694.295,28815.705,16.0,48.355,47.441,96.743,48.078,8.5,4313.935,28196.065,16.0,47.389,46.205,181.73,100.0,12.0,4599.0,32510.0,16.0,51.0,50.0,1613317218.298,2021-02-14 15:40:18.298000097
44216461157,r9480604-n410412,0,47.397,19.093,3.547,28206.147,4303.853,16.0,40.947,38.437,45.561,12.391,2.119,30966.527,1543.473,16.0,43.17,40.817,61.24,100.0,12.0,31071.0,32510.0,16.0,45.0,43.0,1614182879.559,2021-02-24 16:07:59.559000015
44224473967,r8473362-n410412,0,34.487,3.819,1.188,373.408,32136.592,16.0,38.245,36.296,34.487,3.819,1.188,373.408,32136.592,16.0,38.245,36.296,243.99,96.0,48.0,7145.0,32510.0,16.0,44.0,44.0,1614003411.578,2021-02-22 14:16:51.578000069
44312845909,r414303-n303509,0,35.292,0.036,0.001,211.107,32298.893,16.0,41.828,42.589,90.879,41.283,23.008,15557.741,16952.259,16.0,48.538,51.612,245.2,100.0,67.0,31127.0,32510.0,16.0,73.0,81.0,1612981575.437,2021-02-10 18:26:15.437000036
44312845909,r414303-n303509,1,33.783,2.102,0.0,14006.32,18503.68,16.0,37.774,35.168,84.306,41.324,23.027,15660.54,16849.46,16.0,43.873,44.417,235.69,100.0,66.0,31127.0,32510.0,16.0,68.0,74.0,1612981575.44,2021-02-10 18:26:15.440000057
44336872469,r1039410-n948219,1,36.267,8.046,1.115,373.543,32136.457,16.0,30.225,26.931,64.381,27.738,3.822,1209.304,31300.696,16.0,40.605,37.094,120.79,90.0,13.0,1315.0,32510.0,16.0,44.0,40.0,1613860851.715,2021-02-20 22:40:51.714999914
44359234537,r2684277-n948219,0,26.961,0.0,0.0,2.832,32507.168,16.0,34.396,33.049,46.432,15.764,7.687,4154.09,28355.91,16.0,37.549,36.655,278.51,100.0,100.0,32253.0,32510.0,16.0,62.0,65.0,1614040370.048,2021-02-23 00:32:50.048000097
44476465676,r9480604-n303766,0,27.394,0.0,0.0,0.0,32510.0,16.0,31.0,29.0,27.394,0.0,0.0,0.0,32510.0,16.0,31.0,29.0,27.56,0.0,0.0,0.0,32510.0,16.0,31.0,29.0,1613438830.194,2021-02-16 01:27:10.194000006
44477292908,r2684277-n948219,1,39.201,0.761,0.01,1261.517,31248.483,16.0,34.01,32.733,62.113,29.02,7.431,1531.62,30978.38,16.0,40.563,39.756,124.15,56.0,17.0,1539.0,32510.0,16.0,43.0,42.0,1614032766.672,2021-02-22 22:26:06.671999931
44483159343,r8024255-n410412,1,25.463,0.0,0.0,2.41,32507.59,16.0,30.744,29.98,26.304,0.125,0.002,67.27,32442.73,16.0,30.793,29.981,36.99,24.0,1.0,1205.0,32510.0,16.0,32.0,30.0,1614736398.207,2021-03-03 01:53:18.207000017
44485093328,r216287-n303509,1,26.145,0.0,0.0,3.199,32506.801,16.0,29.0,27.998,26.145,0.0,0.0,3.199,32506.801,16.0,29.0,27.998,26.35,0.0,0.0,4.0,32510.0,16.0,29.0,28.0,1613099592.587,2021-02-12 03:13:12.586999893
44531018569,r7462820-n303766,1,192.444,83.925,56.225,6417.131,26092.869,16.0,60.86,65.353,201.386,89.081,59.777,6665.284,25844.716,16.0,62.068,66.798,245.37,95.0,67.0,6799.0,32510.0,16.0,70.0,76.0,1613650451.69,2021-02-18 12:14:11.690000057
44545905324,r216287-n303509,1,47.567,20.65,6.685,824.042,31685.958,16.0,32.65,31.182,47.567,20.65,6.685,824.042,31685.958,16.0,32.65,31.182,66.01,52.0,14.0,1327.0,32510.0,16.0,33.0,33.0,1612830317.986,2021-02-09 00:25:17.986000061
44562577425,r7317916-n948219,1,205.838,85.932,57.655,6356.74,26153.26,16.0,64.767,70.023,209.155,87.914,59.115,6643.012,25866.988,16.0,64.953,70.487,258.13,95.0,65.0,6793.0,32510.0,16.0,69.0,76.0,1613478658.632,2021-02-16 12:30:58.631999969
44577670201,r1051355-n200569,0,36.513,0.23,0.003,901.083,31608.917,16.0,30.437,28.66,36.513,0.23,0.003,901.083,31608.917,16.0,30.437,28.66,37.77,20.0,1.0,1039.0,32510.0,16.0,31.0,29.0,1614718754.395,2021-03-02 20:59:14.394999981
44602854581,r7141590-n948219,0,207.049,85.355,56.973,6317.688,26192.312,16.0,68.815,73.652,216.317,90.081,60.265,6629.182,25880.818,16.0,68.553,73.745,261.89,95.0,65.0,6799.0,32510.0,16.0,72.0,78.0,1613442998.07,2021-02-16 02:36:38.069999933
44640621666,r974863-n410412,0,28.001,0.0,0.0,1.949,32508.051,16.0,43.091,43.15,28.001,0.0,0.0,1.949,32508.051,16.0,43.091,43.15,47.18,0.0,0.0,4.0,32510.0,16.0,49.0,49.0,1613010764.541,2021-02-11 02:32:44.540999889
44697797441,r4506251-n303766,0,198.193,80.228,53.756,6378.94,26131.06,16.0,67.687,74.102,209.066,86.81,58.32,6662.738,25847.262,16.0,68.009,74.917,258.89,100.0,67.0,6807.0,32510.0,16.0,71.0,78.0,1613469060.511,2021-02-16 09:51:00.510999918
44714848455,r8972851-n303509,0,174.619,68.454,45.85,6045.619,26464.381,16.0,65.114,68.887,187.931,75.388,50.628,6577.553,25932.447,16.0,67.367,71.657,251.1,94.0,63.0,6799.0,32510.0,16.0,71.0,76.0,1613605214.272,2021-02-17 23:40:14.272000074
44719024257,r44132-n303766,0,156.91,60.182,40.294,6186.991,26323.009,16.0,62.949,67.303,187.51,76.528,51.412,6622.21,25887.79,16.0,66.281,72.405,251.92,94.0,65.0,6807.0,32510.0,16.0,72.0,79.0,1613468161.601,2021-02-16 09:36:01.601000071
44762671213,r7462820-n303766,1,192.886,84.925,56.948,6430.604,26079.396,16.0,58.448,62.738,200.889,89.361,60.015,6671.128,25838.872,16.0,60.671,65.286,241.61,100.0,65.0,6807.0,32510.0,16.0,67.0,72.0,1613652582.77,2021-02-18 12:49:42.769999981
44808800428,r5354770-n172107,1,39.408,20.177,1.654,29601.405,2908.595,16.0,32.726,30.984,40.857,20.87,1.674,31051.602,1458.398,16.0,36.64,34.73,68.96,33.0,3.0,31071.0,32510.0,16.0,37.0,36.0,1614731512.998,2021-03-03 00:31:52.997999907
44819658014,r9988778-n303766,0,31.813,0.971,0.014,580.014,31929.986,16.0,33.759,32.915,56.347,30.863,6.131,1080.251,31429.749,16.0,40.545,40.04,109.59,48.0,11.0,1093.0,32510.0,16.0,43.0,43.0,1613281680.495,2021-02-14 05:48:00.494999886
44881840404,r8024255-n303766,0,26.991,0.0,0.0,0.0,32510.0,16.0,33.0,31.0,27.696,0.0,0.0,3.374,32506.626,16.0,36.519,34.395,28.56,0.0,0.0,4.0,32510.0,16.0,40.0,38.0,1613401214.087,2021-02-15 15:00:14.086999893
44892882368,r9170217-n948219,0,174.273,72.201,48.421,6057.411,26452.589,16.0,62.244,66.253,187.101,77.193,51.823,6558.398,25951.602,16.0,66.295,70.957,246.76,93.0,63.0,6801.0,32510.0,16.0,70.0,76.0,1613589564.044,2021-02-17 19:19:24.043999910
44933988156,r216287-n303509,0,28.078,0.0,0.0,0.0,32510.0,16.0,31.011,30.979,40.256,5.25,0.009,2008.474,30501.526,16.0,34.481,33.287,51.24,44.0,2.0,2047.0,32510.0,16.0,36.0,34.0,1612909958.049,2021-02-09 22:32:38.049000025
44940882795,r2215649-n410412,0,26.649,0.0,0.0,0.0,32510.0,16.0,35.0,32.0,26.649,0.0,0.0,0.0,32510.0,16.0,35.0,32.0,26.76,0.0,0.0,0.0,32510.0,16.0,35.0,32.0,1614113619.04,2021-02-23 20:53:39.039999962
44961219324,r1039410-n948219,0,69.866,29.921,4.065,1232.268,31277.732,16.0,44.801,43.064,71.235,31.035,4.17,1303.495,31206.505,16.0,45.652,43.858,124.85,89.0,12.0,1315.0,32510.0,16.0,47.0,45.0,1613862967.233,2021-02-20 23:16:07.233000040
44964638074,r2215649-n303766,0,25.422,0.0,0.0,1.111,32508.889,16.0,34.056,32.944,25.422,0.0,0.0,1.111,32508.889,16.0,34.056,32.944,25.51,0.0,0.0,4.0,32510.0,16.0,35.0,33.0,1614738566.481,2021-03-03 02:29:26.480999947
45000685986,r6727430-n948219,0,26.498,0.0,0.0,0.0,32510.0,16.0,32.0,31.0,26.498,0.0,0.0,0.0,32510.0,16.0,32.0,31.0,26.6,0.0,0.0,0.0,32510.0,16.0,32.0,31.0,1613613192.555,2021-02-18 01:53:12.555000067
45001168777,r7269000-n948219,0,27.783,0.0,0.0,0.0,32510.0,16.0,38.07,37.14,27.783,0.0,0.0,0.0,32510.0,16.0,38.07,37.14,28.05,0.0,0.0,0.0,32510.0,16.0,39.0,38.0,1613430022.425,2021-02-15 23:00:22.424999952
45021687268,r7269000-n172107,0,37.192,16.523,0.727,26626.789,5883.211,16.0,32.351,32.033,39.694,19.415,0.791,31012.293,1497.707,16.0,35.661,35.578,54.44,32.0,2.0,31071.0,32510.0,16.0,38.0,38.0,1614747640.366,2021-03-03 05:00:40.365999937
45022732825,r7753495-n303509,0,34.35,0.623,0.29,22160.011,10349.989,16.0,31.979,30.121,40.03,2.333,1.009,31011.55,1498.45,16.0,35.142,33.191,152.82,100.0,40.0,31071.0,32510.0,16.0,45.0,46.0,1613568992.179,2021-02-17 13:36:32.178999901
45074371902,r7753495-n948219,0,208.948,87.016,58.446,6419.901,26090.099,16.0,67.361,70.253,213.784,90.156,60.622,6667.676,25842.324,16.0,67.916,71.106,252.77,95.0,65.0,6801.0,32510.0,16.0,70.0,74.0,1613566426.909,2021-02-17 12:53:46.908999920
45077637837,r7269000-n172107,0,26.762,0.0,0.0,0.0,32510.0,16.0,30.0,30.0,27.083,0.0,0.0,0.0,32510.0,16.0,31.765,31.823,27.67,0.0,0.0,0.0,32510.0,16.0,34.0,34.0,1614714427.183,2021-03-02 19:47:07.183000088
45078139248,r4099734-n200569,0,27.66,0.089,0.0,152.001,32357.999,16.0,30.154,29.733,33.65,0.047,0.0,641.692,31868.308,16.0,31.362,30.528,38.58,21.0,1.0,1039.0,32510.0,16.0,33.0,32.0,1614718442.808,2021-03-02 20:54:02.808000088
45082023055,r7419443-n948219,0,29.914,1.047,0.012,121.023,32388.977,16.0,32.805,31.488,53.375,29.45,4.728,1071.375,31438.625,16.0,38.047,36.605,90.24,44.0,8.0,1093.0,32510.0,16.0,39.0,38.0,1613335829.676,2021-02-14 20:50:29.676000118
45114595657,r8275852-n410412,0,28.863,0.0,0.0,3.862,32506.138,16.0,36.0,37.0,28.901,0.0,0.0,3.935,32506.065,16.0,36.0,37.0,29.22,0.0,0.0,4.0,32510.0,16.0,36.0,38.0,1613688526.908,2021-02-18 22:48:46.907999992
45121324708,r2215649-n410412,0,207.816,87.383,58.428,6395.62,26114.38,16.0,68.236,70.65,213.099,90.334,60.52,6654.495,25855.505,16.0,68.369,71.022,252.62,95.0,65.0,6799.0,32510.0,16.0,71.0,74.0,1613436610.911,2021-02-16 00:50:10.911000013
45124869194,r8024255-n410412,1,25.479,0.0,0.0,0.0,32510.0,16.0,30.913,29.971,25.479,0.0,0.0,0.0,32510.0,16.0,30.913,29.971,25.58,0.0,0.0,0.0,32510.0,16.0,31.0,30.0,1614734826.722,2021-03-03 01:27:06.721999884
45145482532,r2684277-n948219,0,27.215,0.0,0.0,0.0,32510.0,16.0,35.541,34.51,27.215,0.0,0.0,0.0,32510.0,16.0,35.541,34.51,27.56,0.0,0.0,0.0,32510.0,16.0,36.0,35.0,1614040201.032,2021-02-23 00:30:01.032000065
45148425702,r4605940-n303509,0,29.805,1.1,0.303,203.515,32306.485,16.0,31.488,29.657,37.926,0.261,0.081,1683.932,30826.068,16.0,33.157,30.804,109.44,61.0,22.0,1687.0,32510.0,16.0,38.0,37.0,1612825378.791,2021-02-08 23:02:58.790999889
45156918534,r7419443-n948219,0,161.597,78.452,51.818,2421.946,30088.054,16.0,48.204,50.773,205.678,96.355,64.373,2885.298,29624.702,16.0,68.348,75.276,230.77,99.0,67.0,4309.0,32510.0,16.0,71.0,79.0,1613942596.731,2021-02-21 21:23:16.730999947
45190075855,r9988778-n303766,0,25.51,0.11,0.0,42.89,32467.11,16.0,34.4,33.908,224.712,95.951,65.956,3244.187,29265.813,16.0,67.68,75.188,248.24,99.0,70.0,7145.0,32510.0,16.0,75.0,82.0,1613408731.64,2021-02-15 17:05:31.640000105
45211983281,r7419443-n948219,0,27.305,0.0,0.0,0.0,32510.0,16.0,31.9,30.004,60.081,35.012,8.924,1559.742,30950.258,16.0,39.767,38.857,117.2,54.0,17.0,1605.0,32510.0,16.0,42.0,42.0,1613318928.929,2021-02-14 16:08:48.928999901
45250612908,r8275852-n303766,0,25.791,0.0,0.0,0.0,32510.0,16.0,31.0,30.008,25.789,0.0,0.0,0.0,32510.0,16.0,31.0,30.025,25.95,0.0,0.0,0.0,32510.0,16.0,31.0,31.0,1613167698.853,2021-02-12 22:08:18.852999926
45250612908,r8275852-n303766,1,27.434,0.0,0.0,0.0,32510.0,16.0,31.0,27.989,27.422,0.0,0.0,0.0,32510.0,16.0,31.0,27.987,27.61,0.0,0.0,0.0,32510.0,16.0,31.0,28.0,1613167698.856,2021-02-12 22:08:18.855999947
45326046833,r9170217-n948219,0,191.309,80.522,54.023,6411.377,26098.623,16.0,66.682,71.677,205.918,88.155,59.187,6663.606,25846.394,16.0,67.801,73.172,246.86,95.0,68.0,6799.0,32510.0,16.0,70.0,77.0,1613458591.641,2021-02-16 06:56:31.641000032
45332771212,r4506251-n410412,0,27.042,0.0,0.0,1.954,32508.046,16.0,38.0,37.003,27.042,0.0,0.0,1.954,32508.046,16.0,38.0,37.003,27.31,0.0,0.0,4.0,32510.0,16.0,38.0,38.0,1613256883.606,2021-02-13 22:54:43.605999947
45339112441,r8473362-n410412,1,26.043,0.0,0.0,0.0,32510.0,16.0,32.0,31.001,26.051,0.0,0.0,0.295,32509.705,16.0,32.0,31.001,26.16,0.0,0.0,4.0,32510.0,16.0,32.0,32.0,1614735079.624,2021-03-03 01:31:19.624000072
45384785173,r8972851-n948219,0,211.594,87.545,58.547,6415.707,26094.293,16.0,68.074,72.134,213.019,88.851,59.487,6656.925,25853.075,16.0,68.029,72.199,258.9,96.0,69.0,6799.0,32510.0,16.0,71.0,75.0,1613527269.301,2021-02-17 02:01:09.301000118
45440071374,r6727430-n303509,0,196.053,82.769,55.463,6415.401,26094.599,16.0,68.503,72.964,201.5,85.625,57.495,6667.943,25842.057,16.0,68.435,73.111,247.39,95.0,64.0,6799.0,32510.0,16.0,72.0,77.0,1613438781.38,2021-02-16 01:26:21.380000114
45526469217,r7141590-n303509,0,72.389,19.199,11.527,9294.403,23215.597,16.0,46.549,44.877,72.389,19.199,11.527,9294.403,23215.597,16.0,46.549,44.877,223.68,80.0,50.0,12133.0,32510.0,16.0,54.0,54.0,1613468356.176,2021-02-16 09:39:16.176000118
45528272746,r7462820-n303766,0,37.988,1.033,0.037,1010.387,31499.613,16.0,34.436,32.104,59.153,31.919,5.996,1154.869,31355.131,16.0,42.621,41.001,97.56,54.0,11.0,1159.0,32510.0,16.0,45.0,44.0,1613373212.686,2021-02-15 07:13:32.686000109
45551327118,r7462820-n303766,0,206.895,87.086,58.347,6425.011,26084.989,16.0,69.13,74.375,211.044,90.104,60.483,6670.286,25839.714,16.0,68.499,73.945,249.33,95.0,67.0,6807.0,32510.0,16.0,72.0,78.0,1613651465.674,2021-02-18 12:31:05.674000025
45617309709,r7269000-n303509,0,202.048,81.905,54.943,6383.032,26126.968,16.0,67.998,72.336,207.021,84.852,57.046,6664.81,25845.19,16.0,68.182,72.852,254.4,94.0,64.0,6807.0,32510.0,16.0,71.0,76.0,1613581944.905,2021-02-17 17:12:24.904999971
45618162982,r7419443-n172107,0,27.006,0.0,0.0,0.0,32510.0,16.0,30.0,29.998,36.599,2.203,0.0,973.162,31536.838,16.0,31.645,31.38,37.68,20.0,1.0,1023.0,32510.0,16.0,33.0,33.0,1614717025.654,2021-03-02 20:30:25.654000044
45661257458,r6727430-n948219,0,26.48,0.0,0.0,2.095,32507.905,16.0,32.0,31.0,26.48,0.0,0.0,2.095,32507.905,16.0,32.0,31.0,26.61,0.0,0.0,4.0,32510.0,16.0,32.0,31.0,1613613532.891,2021-02-18 01:58:52.891000032
45665674578,r8024255-n303766,0,35.325,0.123,0.003,550.068,31959.932,16.0,35.218,32.696,35.325,0.123,0.003,550.068,31959.932,16.0,35.218,32.696,38.36,14.0,1.0,713.0,32510.0,16.0,36.0,34.0,1614184687.244,2021-02-24 16:38:07.243999958
45667736862,r4506251-n303766,0,31.297,0.967,0.035,117.862,32392.138,16.0,35.783,36.165,72.009,37.84,10.288,1547.36,30962.64,16.0,46.084,47.633,132.88,53.0,16.0,1605.0,32510.0,16.0,48.0,51.0,1613385134.315,2021-02-15 10:32:14.315000057
45682260470,r9659953-n172107,1,41.324,23.294,0.9,29494.208,3015.792,16.0,34.99,32.007,41.177,21.995,0.831,31050.727,1459.273,16.0,34.808,31.938,56.45,100.0,6.0,31071.0,32510.0,16.0,35.0,33.0,1614747421.491,2021-03-03 04:57:01.490999937
45686733380,r8972851-n948219,0,211.003,87.678,58.608,6422.118,26087.882,16.0,67.896,71.915,215.658,90.385,60.56,6664.47,25845.53,16.0,68.084,72.394,259.38,96.0,65.0,6799.0,32510.0,16.0,71.0,76.0,1613526566.525,2021-02-17 01:49:26.525000095
45688606540,r6727430-n303509,0,26.997,0.0,0.0,3.63,32506.37,16.0,36.071,33.07,27.752,0.0,0.0,3.996,32506.004,16.0,39.302,36.763,28.3,0.0,0.0,4.0,32510.0,16.0,40.0,38.0,1613013093.438,2021-02-11 03:11:33.437999964
45688606540,r6727430-n303509,1,163.535,73.036,41.477,2729.865,29780.135,16.0,55.126,57.461,213.854,99.589,56.6,4479.526,28030.474,16.0,68.444,73.711,235.59,100.0,59.0,4517.0,32510.0,16.0,74.0,79.0,1613013093.441,2021-02-11 03:11:33.440999985
45689792843,r9648383-n410412,0,27.262,0.038,0.0,28.207,32481.793,16.0,36.479,35.728,78.943,86.191,11.546,11036.851,21473.149,16.0,49.93,48.54,170.04,100.0,54.0,11496.0,32510.0,16.0,56.0,58.0,1614162614.721,2021-02-24 10:30:14.720999956
45709609553,r8972851-n948219,0,28.929,0.005,0.0,0.0,32510.0,16.0,41.154,39.902,63.03,32.838,7.188,1572.128,30937.872,16.0,47.995,46.53,130.54,59.0,17.0,1605.0,32510.0,16.0,50.0,49.0,1613385157.911,2021-02-15 10:32:37.911000013
45752886502,r974863-n410412,1,199.183,86.961,58.415,6416.406,26093.594,16.0,64.062,67.465,202.861,89.851,60.499,6663.161,25846.839,16.0,63.269,66.925,242.55,95.0,66.0,6799.0,32510.0,16.0,69.0,73.0,1613448093.88,2021-02-16 04:01:33.880000114
45764867848,r216287-n303509,0,80.412,38.398,14.271,14988.084,17521.916,16.0,37.562,36.917,117.317,61.198,22.901,25033.701,7476.299,16.0,55.238,55.89,256.08,100.0,71.0,25075.0,32510.0,16.0,59.0,61.0,1612856086.762,2021-02-09 07:34:46.762000084
45836964674,r8473362-n410412,0,27.08,0.0,0.0,0.0,32510.0,16.0,33.0,31.0,27.08,0.0,0.0,0.0,32510.0,16.0,33.0,31.0,27.09,0.0,0.0,0.0,32510.0,16.0,33.0,31.0,1614734566.641,2021-03-03 01:22:46.641000032
45837082159,r492024-n410412,0,44.346,10.228,1.389,484.317,32025.683,16.0,41.618,40.31,66.313,25.474,3.398,1229.986,31280.014,16.0,45.45,43.777,123.69,89.0,12.0,1315.0,32510.0,16.0,48.0,46.0,1613862636.342,2021-02-20 23:10:36.342000008
45883215620,r7317916-n948219,0,175.551,77.328,51.965,6164.779,26345.221,16.0,63.447,70.173,182.253,79.589,53.569,6607.973,25902.027,16.0,67.057,74.391,239.73,94.0,64.0,6807.0,32510.0,16.0,73.0,82.0,1613479984.785,2021-02-16 12:53:04.785000086
45888324541,r6727430-n948219,0,133.615,49.074,32.884,6319.199,26190.801,16.0,58.179,60.267,159.976,62.129,41.77,6681.142,25828.858,16.0,64.031,67.332,250.16,94.0,64.0,6807.0,32510.0,16.0,72.0,77.0,1613601805.927,2021-02-17 22:43:25.927000046
45924460989,r9988778-n303766,0,39.5,22.632,0.92,29936.598,2573.402,16.0,36.043,35.704,39.312,20.753,0.795,31049.976,1460.024,16.0,36.7,35.794,54.99,100.0,6.0,31071.0,32510.0,16.0,37.0,37.0,1613426463.759,2021-02-15 22:01:03.759000063
45948468747,r9852763-n200569,0,27.421,0.0,0.0,0.0,32510.0,16.0,33.0,30.996,35.606,0.012,0.0,631.42,31878.58,16.0,35.067,32.61,40.19,10.0,1.0,953.0,32510.0,16.0,37.0,34.0,1614716775.206,2021-03-02 20:26:15.206000090
45979700792,r2684277-n303509,0,54.939,13.562,7.579,27650.255,4859.745,16.0,35.503,35.916,46.232,6.711,3.643,30548.946,1961.054,16.0,36.16,36.352,214.64,100.0,75.0,31021.0,32510.0,16.0,44.0,50.0,1612874904.055,2021-02-09 12:48:24.055000067
46013556703,r2215649-n410412,1,26.171,0.0,0.0,0.0,32510.0,16.0,32.0,29.0,53.588,26.889,4.57,1000.651,31509.349,16.0,40.424,36.788,95.89,44.0,9.0,1027.0,32510.0,16.0,42.0,39.0,1613457268.973,2021-02-16 06:34:28.973000050
46045972008,r7141590-n948219,0,206.714,85.122,56.885,6371.991,26138.009,16.0,68.799,73.462,215.149,89.562,59.959,6653.126,25856.874,16.0,68.392,73.428,261.7,96.0,65.0,6807.0,32510.0,16.0,72.0,77.0,1613438640.531,2021-02-16 01:24:00.530999899
46120067762,r492024-n410412,0,28.265,0.0,0.0,0.0,32510.0,16.0,33.0,31.467,28.121,0.0,0.0,0.0,32510.0,16.0,32.433,30.992,28.56,0.0,0.0,0.0,32510.0,16.0,33.0,32.0,1614613885.927,2021-03-01 15:51:25.927000046
46137785735,r7141590-n200569,0,25.687,0.0,0.0,0.0,32510.0,16.0,30.0,29.0,25.687,0.0,0.0,0.0,32510.0,16.0,30.0,29.0,25.75,0.0,0.0,0.0,32510.0,16.0,30.0,29.0,1614724818.147,2021-03-02 22:40:18.147000074
46137785735,r7141590-n200569,1,27.913,0.0,0.0,0.0,32510.0,16.0,30.0,29.0,27.913,0.0,0.0,0.0,32510.0,16.0,30.0,29.0,27.92,0.0,0.0,0.0,32510.0,16.0,30.0,29.0,1614724818.158,2021-03-02 22:40:18.157999992
46146733377,r9170217-n948219,0,174.027,72.474,48.597,6081.287,26428.713,16.0,62.205,66.234,186.413,77.046,51.762,6587.516,25922.484,16.0,66.118,70.785,246.12,94.0,63.0,6807.0,32510.0,16.0,70.0,75.0,1613580793.423,2021-02-17 16:53:13.423000097
46152144147,r414303-n303509,0,28.823,0.0,0.0,0.0,32510.0,16.0,42.0,43.5,28.823,0.0,0.0,0.0,32510.0,16.0,42.0,43.5,28.86,0.0,0.0,0.0,32510.0,16.0,42.0,44.0,1613429096.457,2021-02-15 22:44:56.457000017
46155090205,r7419443-n948219,0,28.049,0.0,0.0,0.0,32510.0,16.0,35.319,34.0,38.436,3.39,0.076,1405.268,31104.732,16.0,35.161,33.662,101.53,76.0,17.0,1407.0,32510.0,16.0,41.0,39.0,1613755353.875,2021-02-19 17:22:33.875000000
46159727645,r5179276-n948219,0,203.718,86.516,57.979,6418.066,26091.934,16.0,69.087,75.854,207.273,89.338,60.003,6666.201,25843.799,16.0,68.382,75.448,246.07,95.0,66.0,6801.0,32510.0,16.0,72.0,80.0,1613585236.351,2021-02-17 18:07:16.351000071
46172260686,r8024255-n303766,0,27.003,0.0,0.0,2.73,32507.27,16.0,33.0,31.001,27.003,0.0,0.0,3.577,32506.423,16.0,33.053,31.007,27.17,0.0,0.0,4.0,32510.0,16.0,34.0,32.0,1613687016.522,2021-02-18 22:23:36.522000074
46175149516,r8141575-n303766,1,25.304,0.0,0.0,3.618,32506.382,16.0,30.0,28.0,25.367,0.0,0.0,3.995,32506.005,16.0,30.2,28.892,25.71,0.0,0.0,4.0,32510.0,16.0,31.0,29.0,1614048867.833,2021-02-23 02:54:27.832999945
46219698969,r6727430-n303509,0,201.657,85.795,57.589,6420.915,26089.085,16.0,68.308,73.031,207.48,89.412,60.085,6667.951,25842.049,16.0,68.384,73.411,246.71,95.0,64.0,6801.0,32510.0,16.0,71.0,76.0,1613441706.112,2021-02-16 02:15:06.111999989
46230974628,r7419443-n948219,0,27.14,0.0,0.0,0.0,32510.0,16.0,31.0,29.036,27.14,0.0,0.0,0.0,32510.0,16.0,31.0,29.036,27.33,0.0,0.0,0.0,32510.0,16.0,31.0,30.0,1613644030.336,2021-02-18 10:27:10.335999966
46249256169,r9988778-n303766,0,24.895,0.0,0.0,0.0,32510.0,16.0,35.0,34.929,60.429,34.941,8.869,1532.942,30977.058,16.0,44.049,43.945,107.65,53.0,15.0,1605.0,32510.0,16.0,47.0,48.0,1613383702.545,2021-02-15 10:08:22.545000076
46284970947,r44132-n410412,0,27.191,0.0,0.0,0.0,32510.0,16.0,31.0,29.0,27.191,0.0,0.0,0.0,32510.0,16.0,31.0,29.0,27.28,0.0,0.0,0.0,32510.0,16.0,31.0,29.0,1614734634.966,2021-03-03 01:23:54.966000080
46284970947,r44132-n410412,1,25.83,0.0,0.0,0.0,32510.0,16.0,28.964,29.0,25.83,0.0,0.0,0.0,32510.0,16.0,28.964,29.0,25.93,0.0,0.0,0.0,32510.0,16.0,29.0,29.0,1614734634.969,2021-03-03 01:23:54.969000101
46299336559,r2684277-n948219,0,26.413,0.0,0.0,0.0,32510.0,16.0,30.0,29.0,26.413,0.0,0.0,0.0,32510.0,16.0,30.0,29.0,26.45,0.0,0.0,0.0,32510.0,16.0,30.0,29.0,1613258696.611,2021-02-13 23:24:56.611000061
46331954767,r7141590-n948219,0,194.784,78.561,52.426,6277.303,26232.697,16.0,68.014,72.489,192.852,77.875,52.109,6646.93,25863.07,16.0,67.747,72.165,264.39,95.0,65.0,6807.0,32510.0,16.0,72.0,77.0,1613444898.326,2021-02-16 03:08:18.325999975
46337416700,r1051355-n200569,1,34.447,0.233,0.005,860.761,31649.239,16.0,28.644,26.538,34.447,0.233,0.005,860.761,31649.239,16.0,28.644,26.538,36.12,20.0,1.0,1039.0,32510.0,16.0,29.0,27.0,1614718754.426,2021-03-02 20:59:14.426000118
46344623289,r7269000-n303509,0,152.436,55.827,37.341,6122.485,26387.515,16.0,60.678,62.601,175.571,68.015,45.613,6620.457,25889.543,16.0,64.715,67.868,254.86,95.0,66.0,6799.0,32510.0,16.0,71.0,76.0,1613587995.486,2021-02-17 18:53:15.486000061
46405626619,r414303-n303509,0,28.709,0.0,0.0,0.0,32510.0,16.0,41.122,41.825,27.982,0.011,0.0,6.178,32503.822,16.0,37.473,37.856,40.24,24.0,1.0,1231.0,32510.0,16.0,43.0,44.0,1613128143.138,2021-02-12 11:09:03.138000011
46417526818,r9480604-n410412,0,28.109,0.0,0.0,0.0,32510.0,16.0,38.914,37.241,42.962,22.161,1.69,28927.145,3582.855,16.0,41.706,39.43,47.19,28.0,2.0,30709.0,32510.0,16.0,43.0,40.0,1614375943.135,2021-02-26 21:45:43.134999990
46435606501,r9515777-n303766,0,27.375,0.0,0.0,0.0,32510.0,16.0,42.994,41.86,26.176,0.0,0.0,0.0,32510.0,16.0,36.578,34.9,28.68,0.0,0.0,0.0,32510.0,16.0,50.0,49.0,1614269025.621,2021-02-25 16:03:45.621000051
46439319932,r8473362-n410412,1,26.02,0.0,0.0,0.0,32510.0,16.0,32.0,31.0,26.02,0.0,0.0,0.0,32510.0,16.0,32.0,31.0,26.02,0.0,0.0,0.0,32510.0,16.0,32.0,31.0,1614734669.041,2021-03-03 01:24:29.040999889
46484989093,r414303-n303509,0,27.14,0.0,0.0,0.0,32510.0,16.0,34.056,34.556,27.14,0.0,0.0,0.0,32510.0,16.0,34.056,34.556,27.26,0.0,0.0,0.0,32510.0,16.0,35.0,35.0,1613429351.722,2021-02-15 22:49:11.721999884
46556374623,r7269000-n948219,0,187.368,76.567,51.343,6099.983,26410.017,16.0,52.537,53.772,202.231,82.388,54.976,6578.309,25931.691,16.0,64.252,66.864,266.42,94.0,65.0,6801.0,32510.0,16.0,73.0,77.0,1613444536.668,2021-02-16 03:02:16.667999983
46562534558,r9515777-n303766,0,25.504,0.0,0.0,0.008,32509.992,16.0,32.0,29.998,25.524,0.0,0.0,0.001,32509.999,16.0,32.0,30.0,25.62,0.0,0.0,4.0,32510.0,16.0,32.0,30.0,1614715856.924,2021-03-02 20:10:56.924000025
46562534558,r9515777-n303766,1,26.658,0.0,0.0,0.011,32509.989,16.0,31.0,29.0,26.667,0.0,0.0,0.001,32509.999,16.0,31.0,29.0,26.84,0.0,0.0,4.0,32510.0,16.0,31.0,29.0,1614715856.928,2021-03-02 20:10:56.927999973
46569113046,r2215649-n410412,0,42.259,27.642,0.0,984.401,31525.599,16.0,37.308,34.186,42.259,27.642,0.0,984.401,31525.599,16.0,37.308,34.186,45.46,49.0,0.0,1065.0,32510.0,16.0,39.0,35.0,1614114105.051,2021-02-23 21:01:45.051000118
46577524683,r2215649-n303766,0,42.034,7.108,1.506,1229.734,31280.266,16.0,40.858,37.886,43.373,7.572,1.618,1332.756,31177.244,16.0,41.902,38.92,106.7,73.0,10.0,1345.0,32510.0,16.0,44.0,40.0,1613950962.39,2021-02-21 23:42:42.390000105
46580698246,r9170217-n948219,0,177.06,74.725,50.132,6174.87,26335.13,16.0,59.703,63.412,179.637,74.53,50.106,6616.84,25893.16,16.0,64.727,69.065,246.11,94.0,66.0,6799.0,32510.0,16.0,70.0,75.0,1613587889.993,2021-02-17 18:51:29.993000031
46593005199,r974863-n410412,0,26.044,0.0,0.0,3.0,32507.0,16.0,37.0,36.734,26.044,0.0,0.0,3.0,32507.0,16.0,37.0,36.734,26.32,0.0,0.0,4.0,32510.0,16.0,37.0,37.0,1613011071.986,2021-02-11 02:37:51.986000061
46621413274,r9480604-n410412,0,40.69,23.04,0.003,845.085,31664.915,16.0,38.506,36.163,40.69,23.04,0.003,845.085,31664.915,16.0,38.506,36.163,45.36,49.0,1.0,1065.0,32510.0,16.0,40.0,38.0,1614113711.981,2021-02-23 20:55:11.980999947
46622867390,r9480604-n303766,0,67.604,29.506,4.103,1231.701,31278.299,16.0,40.667,37.852,68.679,30.806,4.23,1254.126,31255.874,16.0,41.533,38.764,119.1,90.0,13.0,1315.0,32510.0,16.0,44.0,42.0,1613794985.128,2021-02-20 04:23:05.128000020
46636345095,r4683026-n948219,0,31.419,0.74,0.044,396.309,32113.691,16.0,38.649,38.624,54.309,28.808,8.006,1575.17,30934.83,16.0,43.874,44.675,99.57,41.0,12.0,1605.0,32510.0,16.0,46.0,48.0,1613674794.665,2021-02-18 18:59:54.664999962
46638526361,r4605940-n303509,1,46.654,22.299,6.878,1119.192,31390.808,16.0,33.827,33.838,46.654,22.299,6.878,1119.192,31390.808,16.0,33.827,33.838,59.65,40.0,13.0,1327.0,32510.0,16.0,34.0,35.0,1612830026.299,2021-02-09 00:20:26.299000025
46648161657,r8024255-n410412,0,186.102,74.997,50.273,6198.56,26311.44,16.0,67.572,71.021,190.259,77.539,52.09,6619.742,25890.258,16.0,68.035,71.656,254.86,95.0,64.0,6807.0,32510.0,16.0,72.0,76.0,1613536794.585,2021-02-17 04:39:54.585000038
46660981981,r8141575-n410412,0,37.451,0.259,0.0,736.976,31773.024,16.0,34.044,32.065,149.887,84.621,22.411,5088.947,27421.053,16.0,64.901,65.1,244.21,100.0,31.0,5106.0,32510.0,16.0,70.0,70.0,1614366212.278,2021-02-26 19:03:32.278000116
46669827284,r8473362-n410412,0,28.581,0.77,0.036,94.294,32415.706,16.0,32.942,31.034,110.628,71.043,25.397,8958.913,23551.087,16.0,60.638,61.283,175.59,84.0,32.0,9032.0,32510.0,16.0,66.0,67.0,1613213710.667,2021-02-13 10:55:10.667000055
46672707334,r974863-n410412,0,187.891,81.101,52.497,6065.367,26444.633,16.0,55.93,58.998,204.451,87.846,56.872,6612.188,25897.812,16.0,64.73,69.238,258.34,97.0,65.0,6873.0,32444.0,16.0,73.0,78.0,1613467239.217,2021-02-16 09:20:39.217000008
46685769117,r7462820-n410412,0,188.688,75.319,50.472,6170.873,26339.127,16.0,66.648,71.899,194.639,79.215,53.222,6606.124,25903.876,16.0,67.695,73.308,256.0,94.0,64.0,6799.0,32510.0,16.0,71.0,77.0,1613580430.712,2021-02-17 16:47:10.711999893
46806988505,r4683026-n948219,0,26.3,0.0,0.0,0.0,32510.0,16.0,34.0,33.056,66.4,38.203,10.68,2578.052,29931.948,16.0,47.892,48.887,126.39,60.0,18.0,2759.0,32510.0,16.0,50.0,52.0,1613978055.274,2021-02-22 07:14:15.273999929
46842336890,r6727430-n948219,0,26.503,0.0,0.0,0.0,32510.0,16.0,32.0,31.0,26.503,0.0,0.0,0.0,32510.0,16.0,32.0,31.0,26.51,0.0,0.0,0.0,32510.0,16.0,32.0,31.0,1613613190.155,2021-02-18 01:53:10.154999971
46843502995,r6727430-n948219,0,193.383,79.7,53.447,6319.26,26190.74,16.0,66.746,71.107,200.086,83.589,56.186,6638.93,25871.07,16.0,67.852,72.76,250.44,100.0,67.0,6807.0,32510.0,16.0,72.0,78.0,1613603570.34,2021-02-17 23:12:50.339999914
46907495830,r3974592-n303509,1,24.858,0.0,0.0,0.613,32509.387,16.0,28.0,27.0,24.866,0.0,0.0,2.906,32507.094,16.0,28.016,27.0,25.18,0.0,0.0,4.0,32510.0,16.0,29.0,27.0,1613290118.845,2021-02-14 08:08:38.845000029
46937657097,r8141575-n303766,0,26.244,0.0,0.0,3.985,32506.015,16.0,32.0,32.0,26.18,0.0,0.0,4.0,32506.0,16.0,32.078,32.097,26.55,0.0,0.0,4.0,32510.0,16.0,33.0,33.0,1614716120.573,2021-03-02 20:15:20.572999954
46937657097,r8141575-n303766,1,25.409,0.0,0.0,3.985,32506.015,16.0,30.0,28.796,25.249,0.0,0.0,4.0,32506.0,16.0,29.313,28.09,25.64,0.0,0.0,4.0,32510.0,16.0,30.0,29.0,1614716120.577,2021-03-02 20:15:20.576999903
46953101181,r7269000-n948219,0,27.812,0.0,0.0,0.667,32509.333,16.0,38.083,37.028,27.812,0.0,0.0,0.667,32509.333,16.0,38.083,37.028,28.12,0.0,0.0,4.0,32510.0,16.0,39.0,38.0,1613430013.716,2021-02-15 23:00:13.716000080
47008823674,r8024255-n410412,0,24.949,0.0,0.0,0.0,32510.0,16.0,32.0,30.714,24.949,0.0,0.0,0.0,32510.0,16.0,32.0,30.714,25.06,0.0,0.0,0.0,32510.0,16.0,32.0,31.0,1614735030.164,2021-03-03 01:30:30.164000034
47072457063,r8024255-n303766,0,26.843,0.0,0.0,0.0,32510.0,16.0,33.323,31.024,30.388,0.679,0.0,311.466,32198.534,16.0,33.816,31.435,38.2,8.0,0.0,1023.0,32510.0,16.0,35.0,33.0,1614453204.607,2021-02-27 19:13:24.607000113
47097796469,r7141590-n948219,0,207.755,84.855,56.649,6363.231,26146.769,16.0,69.285,74.095,214.998,89.196,59.697,6642.429,25867.571,16.0,68.615,73.768,262.39,96.0,66.0,6793.0,32510.0,16.0,73.0,78.0,1613432307.763,2021-02-15 23:38:27.763000011
47119029873,r4099734-n172107,1,46.125,20.906,3.04,29547.976,2962.024,16.0,37.259,35.773,46.555,23.454,3.435,31054.086,1455.914,16.0,37.015,35.616,107.38,38.0,5.0,31071.0,32510.0,16.0,39.0,38.0,1614743352.86,2021-03-03 03:49:12.859999895
47167704198,r7317916-n948219,1,207.307,86.39,57.899,6395.483,26114.517,16.0,66.019,71.497,212.884,89.47,60.142,6653.827,25856.173,16.0,67.332,73.417,259.53,95.0,66.0,6793.0,32510.0,16.0,74.0,81.0,1613477471.821,2021-02-16 12:11:11.821000099
47172833886,r492024-n303766,0,206.002,86.463,58.053,6394.919,26115.081,16.0,68.561,73.83,209.628,89.037,59.916,6658.578,25851.422,16.0,68.254,73.636,250.49,95.0,65.0,6799.0,32510.0,16.0,71.0,78.0,1613444886.155,2021-02-16 03:08:06.154999971
47287393117,r5198790-n772143,1,49.838,22.67,5.567,29734.909,2775.091,16.0,37.085,33.723,48.342,21.369,5.275,31058.027,1451.973,16.0,38.918,35.706,120.37,100.0,9.0,31071.0,32510.0,16.0,41.0,38.0,1614742200.341,2021-03-03 03:30:00.341000080
47297606498,r4144777-n303509,1,39.417,3.119,0.653,1586.069,30923.931,16.0,33.129,30.059,39.417,3.119,0.653,1586.069,30923.931,16.0,33.129,30.059,134.08,47.0,32.0,7947.0,32510.0,16.0,34.0,34.0,1614179378.516,2021-02-24 15:09:38.516000032
47327827223,r4506251-n303766,0,89.94,36.894,21.087,11649.104,20860.896,16.0,37.217,38.705,175.749,80.47,46.927,25529.923,6980.077,16.0,59.721,64.179,259.15,100.0,64.0,32489.0,32510.0,16.0,69.0,76.0,1614721180.796,2021-03-02 21:39:40.796000004
47358406561,r9170217-n172107,1,36.939,17.407,1.42,26300.91,6209.09,16.0,31.428,29.091,39.001,22.803,1.624,31004.898,1505.102,16.0,33.1,30.916,48.05,36.0,3.0,31071.0,32510.0,16.0,34.0,32.0,1614715744.785,2021-03-02 20:09:04.785000086
47359711481,r414303-n303509,0,192.383,82.331,55.244,6131.672,26378.328,16.0,57.849,63.964,209.47,88.746,59.658,6570.279,25939.721,16.0,65.406,73.359,255.08,95.0,65.0,6807.0,32510.0,16.0,74.0,83.0,1613436262.386,2021-02-16 00:44:22.385999918
47395183891,r6727430-n303509,0,203.198,86.117,57.769,6412.441,26097.559,16.0,68.76,73.525,208.499,89.651,60.279,6660.632,25849.368,16.0,68.47,73.551,246.93,95.0,64.0,6799.0,32510.0,16.0,71.0,77.0,1613432347.882,2021-02-15 23:39:07.881999969
47519467521,r9515777-n303766,0,34.657,2.082,0.016,610.656,31899.344,16.0,40.492,38.0,34.657,2.082,0.016,610.656,31899.344,16.0,40.492,38.0,39.13,22.0,1.0,1129.0,32510.0,16.0,41.0,38.0,1614608821.663,2021-03-01 14:27:01.663000107
47541862033,r7753495-n303509,0,24.663,0.0,0.0,1.645,32508.355,16.0,30.004,29.0,104.081,36.026,32.556,31254.935,1255.065,16.0,50.119,51.349,255.52,100.0,97.0,31413.0,32510.0,16.0,72.0,80.0,1613600745.592,2021-02-17 22:25:45.592000008
47549973978,r7753495-n303509,0,33.199,3.548,0.323,292.927,32217.073,16.0,36.871,35.169,33.199,3.548,0.323,292.927,32217.073,16.0,36.871,35.169,108.79,80.0,11.0,1315.0,32510.0,16.0,39.0,36.0,1613683344.812,2021-02-18 21:22:24.812000036
47577383712,r8532701-n772143,0,50.063,22.185,5.761,29038.554,3471.446,16.0,35.609,33.928,49.148,22.036,5.657,31050.752,1459.248,16.0,36.739,35.037,121.19,42.0,11.0,31071.0,32510.0,16.0,40.0,38.0,1614735281.722,2021-03-03 01:34:41.721999884
47582779419,r1039410-n948219,0,25.832,0.0,0.0,0.004,32509.996,16.0,30.0,30.0,25.843,0.0,0.0,0.001,32509.999,16.0,30.0,30.0,26.04,0.0,0.0,4.0,32510.0,16.0,30.0,30.0,1614402624.577,2021-02-27 05:10:24.576999903
47584375067,r8024255-n303766,0,38.226,1.915,1.308,11652.472,20857.528,16.0,34.544,32.377,81.759,31.778,26.686,29907.331,2602.669,16.0,46.537,46.483,204.57,100.0,95.0,30087.0,32510.0,16.0,49.0,54.0,1613366862.442,2021-02-15 05:27:42.441999912
47587330074,r9170217-n948219,0,203.601,87.011,58.318,6417.044,26092.956,16.0,67.257,72.377,209.427,90.044,60.45,6668.462,25841.538,16.0,67.887,73.256,247.62,95.0,69.0,6807.0,32510.0,16.0,71.0,77.0,1613458242.263,2021-02-16 06:50:42.263000010
47606068596,r8275852-n410412,0,40.075,0.21,0.018,243.183,32266.817,16.0,38.418,39.056,40.075,0.21,0.018,243.183,32266.817,16.0,38.418,39.056,45.21,8.0,4.0,3167.0,32510.0,16.0,39.0,40.0,1613050210.125,2021-02-11 13:30:10.125000000
47635304015,r44132-n410412,1,25.937,0.0,0.0,0.0,32510.0,16.0,29.0,30.0,25.937,0.0,0.0,0.0,32510.0,16.0,29.0,30.0,26.04,0.0,0.0,0.0,32510.0,16.0,29.0,30.0,1613432691.831,2021-02-15 23:44:51.831000090
47650847794,r4683026-n948219,0,26.879,0.0,0.0,0.011,32509.989,16.0,37.39,37.461,138.355,71.939,18.551,15285.155,17224.845,16.0,61.067,62.366,259.05,100.0,55.0,19875.0,32510.0,16.0,72.0,76.0,1613684539.167,2021-02-18 21:42:19.167000055
47658947833,r9170217-n948219,0,173.59,71.033,47.606,6168.109,26341.891,16.0,62.989,66.961,184.774,75.875,50.978,6612.708,25897.292,16.0,66.342,70.962,246.37,93.0,63.0,6801.0,32510.0,16.0,69.0,75.0,1613588310.009,2021-02-17 18:58:30.009000063
47719613300,r7141590-n948219,0,208.894,86.251,57.596,6383.414,26126.586,16.0,68.01,72.721,215.723,89.931,60.173,6651.175,25858.825,16.0,68.176,73.306,263.33,96.0,65.0,6799.0,32510.0,16.0,72.0,77.0,1613441926.497,2021-02-16 02:18:46.496999979
47780592637,r7269000-n948219,0,40.457,0.793,0.038,319.487,32190.513,16.0,45.743,45.002,65.621,29.202,7.594,1440.54,31069.46,16.0,44.593,43.294,128.88,64.0,16.0,1605.0,32510.0,16.0,55.0,55.0,1613418721.457,2021-02-15 19:52:01.457000017
47821543506,r7141590-n303509,0,185.46,72.842,48.445,6102.631,26407.369,16.0,66.304,67.38,194.689,77.829,51.906,6594.219,25915.781,16.0,67.601,69.067,266.7,94.0,64.0,6807.0,32510.0,16.0,73.0,75.0,1613485433.266,2021-02-16 14:23:53.266000032
47826269731,r1039410-n948219,0,125.428,90.309,29.286,1052.834,31457.166,16.0,47.1,45.215,162.883,93.669,31.932,1064.972,31445.028,16.0,68.126,67.836,170.79,98.0,34.0,1065.0,32510.0,16.0,72.0,72.0,1614478187.264,2021-02-28 02:09:47.263999939
47826269731,r1039410-n948219,1,128.933,88.992,29.341,1052.838,31457.162,16.0,46.333,44.02,153.649,93.534,31.917,1064.972,31445.028,16.0,60.442,60.053,162.41,97.0,33.0,1065.0,32510.0,16.0,70.0,70.0,1614478187.273,2021-02-28 02:09:47.273000002
47826269731,r9648383-n410412,0,143.313,85.958,29.184,1052.805,31457.195,16.0,50.857,51.008,165.054,93.563,31.87,1064.973,31445.027,16.0,68.069,68.832,173.46,98.0,33.0,1065.0,32510.0,16.0,71.0,73.0,1614478187.267,2021-02-28 02:09:47.266999959
47826269731,r9648383-n410412,1,144.419,84.962,29.195,1052.807,31457.193,16.0,51.216,49.099,163.543,92.539,31.942,1064.974,31445.026,16.0,65.515,65.572,173.25,98.0,34.0,1065.0,32510.0,16.0,72.0,73.0,1614478187.27,2021-02-28 02:09:47.269999981
47842517089,r4099734-n772143,0,41.104,18.165,2.631,25529.582,6980.418,16.0,35.262,31.701,45.381,23.185,3.4,31010.826,1499.174,16.0,39.181,35.481,100.36,40.0,6.0,31071.0,32510.0,16.0,41.0,37.0,1614721838.811,2021-03-02 21:50:38.811000109
47884734069,r8532701-n172107,0,52.213,22.648,5.456,29628.113,2881.887,16.0,37.125,36.132,51.488,22.038,5.383,31056.361,1453.639,16.0,38.672,37.703,140.1,100.0,10.0,31071.0,32510.0,16.0,42.0,41.0,1614735459.455,2021-03-03 01:37:39.454999924
47903883129,r9515777-n410412,0,24.755,0.018,0.0,12.265,32497.735,16.0,33.016,30.263,59.407,33.728,7.192,1573.137,30936.863,16.0,43.488,41.0,121.43,52.0,14.0,1605.0,32510.0,16.0,45.0,42.0,1614474567.459,2021-02-28 01:09:27.459000111
47908400306,r414303-n303509,0,27.096,0.0,0.0,0.0,32510.0,16.0,34.0,34.0,27.096,0.0,0.0,0.0,32510.0,16.0,34.0,34.0,27.2,0.0,0.0,0.0,32510.0,16.0,34.0,34.0,1613429370.753,2021-02-15 22:49:30.753000021
48022490454,r8141575-n410412,1,41.115,0.105,0.0,1268.211,31241.789,16.0,44.473,43.576,72.055,21.238,5.703,5396.839,27113.161,16.0,44.801,43.375,254.7,100.0,43.0,26395.0,32510.0,16.0,66.0,70.0,1614639812.577,2021-03-01 23:03:32.576999903
48023940936,r4506251-n410412,0,51.45,5.752,4.001,18158.004,14351.996,16.0,43.976,42.64,90.434,30.454,24.333,29788.342,2721.658,16.0,55.141,55.791,224.75,100.0,93.0,29923.0,32510.0,16.0,60.0,66.0,1613258238.861,2021-02-13 23:17:18.861000061
48055541888,r9480604-n410412,1,24.25,0.0,0.0,0.0,32510.0,16.0,29.0,27.0,24.25,0.0,0.0,0.0,32510.0,16.0,29.0,27.0,24.4,0.0,0.0,0.0,32510.0,16.0,29.0,27.0,1614734669.012,2021-03-03 01:24:29.012000084
48069463482,r9988778-n303766,1,39.084,0.808,0.007,866.537,31643.463,16.0,34.344,31.494,54.512,29.95,5.291,1023.279,31486.721,16.0,38.278,35.895,103.72,44.0,10.0,1027.0,32510.0,16.0,41.0,39.0,1613323827.451,2021-02-14 17:30:27.450999975
48084685884,r4506251-n303766,0,131.604,46.038,30.857,6220.066,26289.934,16.0,57.625,61.167,152.92,55.311,37.169,6681.045,25828.955,16.0,64.698,69.465,257.47,94.0,65.0,6807.0,32510.0,16.0,73.0,80.0,1613505559.702,2021-02-16 19:59:19.701999903
48113840596,r5354770-n172107,0,26.076,0.0,0.0,2.138,32507.862,16.0,31.001,29.0,26.28,0.0,0.0,3.915,32506.085,16.0,32.688,30.296,26.43,0.0,0.0,4.0,32510.0,16.0,33.0,31.0,1614714954.598,2021-03-02 19:55:54.598000050
48113840596,r5354770-n172107,1,31.515,0.082,0.0,435.394,32074.606,16.0,30.939,29.438,36.543,0.005,0.0,845.373,31664.627,16.0,33.839,31.895,36.95,17.0,1.0,865.0,32510.0,16.0,35.0,33.0,1614714954.602,2021-03-02 19:55:54.601999998
48128508635,r2215649-n303766,0,39.376,0.03,0.0,770.917,31739.083,16.0,36.999,33.992,39.616,0.834,0.1,1051.023,31458.977,16.0,36.806,33.898,228.12,100.0,19.0,9143.0,32510.0,16.0,44.0,37.0,1614367149.782,2021-02-26 19:19:09.782000065
48130599015,r9515777-n303766,0,118.496,60.301,33.048,4423.268,28086.732,16.0,55.098,56.4,120.814,61.938,33.956,4759.98,27750.02,16.0,56.184,57.714,224.63,87.0,57.0,4955.0,32510.0,16.0,58.0,61.0,1614610066.821,2021-03-01 14:47:46.821000099
48147335273,r1039410-n303509,0,26.771,0.0,0.0,0.006,32509.994,16.0,38.028,36.474,74.002,24.384,13.941,1358.397,31151.603,16.0,47.571,47.268,218.95,98.0,60.0,2289.0,32510.0,16.0,72.0,77.0,1613051941.973,2021-02-11 13:59:01.973000050
48155971653,r8024255-n410412,0,181.652,72.805,48.85,6173.369,26336.631,16.0,67.15,70.304,187.222,76.003,51.1,6613.286,25896.714,16.0,67.788,71.244,255.62,94.0,63.0,6799.0,32510.0,16.0,71.0,76.0,1613535210.849,2021-02-17 04:13:30.848999977
48160797102,r3974592-n303509,0,24.92,0.0,0.0,0.753,32509.247,16.0,33.595,32.274,47.249,13.601,5.4,3446.699,29063.301,16.0,37.083,35.673,166.35,93.0,34.0,8044.0,32510.0,16.0,43.0,45.0,1613068953.941,2021-02-11 18:42:33.940999985
48160797102,r3974592-n303509,1,25.174,0.0,0.0,0.757,32509.243,16.0,30.15,28.778,38.035,0.0,0.0,1202.997,31307.003,16.0,32.219,30.198,38.44,23.0,1.0,1205.0,32510.0,16.0,33.0,31.0,1613068953.945,2021-02-11 18:42:33.944999933
48177249850,r4506251-n303766,0,31.758,0.604,0.025,143.806,32366.194,16.0,35.266,36.098,66.655,30.914,7.979,1057.458,31452.542,16.0,44.601,45.758,105.25,44.0,12.0,1093.0,32510.0,16.0,46.0,48.0,1613334551.43,2021-02-14 20:29:11.430000067
48196979228,r8275852-n410412,0,36.638,8.412,2.465,3379.973,29130.027,16.0,36.016,37.183,55.386,33.903,9.964,29637.152,2872.848,16.0,40.07,41.092,195.54,100.0,47.0,31855.0,32510.0,16.0,43.0,46.0,1614277647.654,2021-02-25 18:27:27.654000044
48229135701,r7462820-n303766,0,29.193,0.0,0.0,0.0,32510.0,16.0,37.313,35.714,63.492,37.668,9.682,1569.947,30940.053,16.0,45.063,43.945,125.46,60.0,18.0,1605.0,32510.0,16.0,47.0,48.0,1613401498.52,2021-02-15 15:04:58.519999981
48232555752,r810901-n303509,1,32.946,0.384,0.006,824.86,31685.14,16.0,33.878,33.513,73.158,33.368,14.413,1536.457,30973.543,16.0,45.974,47.415,126.4,46.0,21.0,1539.0,32510.0,16.0,49.0,51.0,1613101994.003,2021-02-12 03:53:14.003000021
48244624918,r1051355-n200569,0,36.884,0.08,0.0,986.545,31523.455,16.0,30.214,28.252,37.392,0.003,0.0,1037.488,31472.512,16.0,31.539,29.811,38.63,21.0,1.0,1039.0,32510.0,16.0,32.0,31.0,1614719066.222,2021-03-02 21:04:26.221999884
48297831424,r7141590-n303509,0,27.503,0.042,0.002,5.77,32504.23,16.0,39.518,38.581,65.946,27.484,7.154,1053.276,31456.724,16.0,46.799,44.74,113.04,45.0,13.0,1093.0,32510.0,16.0,50.0,48.0,1613352253.487,2021-02-15 01:24:13.486999989
48310528468,r8024255-n410412,1,25.462,0.0,0.0,0.0,32510.0,16.0,30.389,29.921,25.475,0.0,0.0,0.292,32509.708,16.0,30.239,29.953,25.58,0.0,0.0,4.0,32510.0,16.0,31.0,30.0,1614735079.616,2021-03-03 01:31:19.615999937
48323500878,r9480604-n303766,0,27.277,0.0,0.0,0.004,32509.996,16.0,31.0,28.874,27.485,0.0,0.0,3.886,32506.114,16.0,31.986,29.575,27.9,0.0,0.0,4.0,32510.0,16.0,33.0,30.0,1613218765.478,2021-02-13 12:19:25.477999926
48323500878,r9480604-n303766,1,25.783,0.0,0.0,0.007,32509.993,16.0,29.0,28.066,38.03,0.619,0.114,1196.274,31313.726,16.0,32.896,31.358,98.09,53.0,15.0,1387.0,32510.0,16.0,40.0,38.0,1613218765.481,2021-02-13 12:19:25.480999947
48381415536,r7269000-n948219,0,36.758,1.847,0.024,362.694,32147.306,16.0,39.6,38.0,36.758,1.847,0.024,362.694,32147.306,16.0,39.6,38.0,42.23,24.0,1.0,1197.0,32510.0,16.0,40.0,38.0,1613430177.305,2021-02-15 23:02:57.305000067
48401864014,r8473362-n410412,1,25.787,0.0,0.0,0.0,32510.0,16.0,32.997,31.479,68.315,28.435,11.131,1477.052,31032.948,16.0,49.103,48.877,118.64,45.0,18.0,1539.0,32510.0,16.0,53.0,53.0,1613355170.766,2021-02-15 02:12:50.766000032
48415554726,r9480604-n303766,0,27.76,0.0,0.0,0.0,32510.0,16.0,32.664,30.536,54.734,27.156,4.288,1059.328,31450.672,16.0,38.434,35.955,95.42,46.0,8.0,1093.0,32510.0,16.0,40.0,38.0,1613323603.565,2021-02-14 17:26:43.565000057
48444854843,r492024-n303766,0,202.762,84.884,56.986,6369.777,26140.223,16.0,68.754,73.4,209.425,88.85,59.763,6645.847,25864.153,16.0,68.404,73.299,250.29,94.0,64.0,6793.0,32510.0,16.0,71.0,77.0,1613434650.864,2021-02-16 00:17:30.864000082
48476399065,r8972851-n303509,0,163.015,64.446,43.165,5386.58,27123.42,16.0,60.68,64.097,187.206,76.203,51.155,6365.754,26144.246,16.0,66.23,70.597,251.53,94.0,64.0,6799.0,32510.0,16.0,73.0,78.0,1613591323.915,2021-02-17 19:48:43.914999962
48505548549,r216287-n303509,0,38.914,9.349,3.042,299.801,32210.199,16.0,31.919,31.69,100.281,56.241,18.5,1649.625,30860.375,16.0,54.803,54.784,146.47,74.0,26.0,1975.0,32510.0,16.0,58.0,58.0,1612821771.811,2021-02-08 22:02:51.811000109
48569767813,r7753495-n303509,0,24.672,0.0,0.0,0.0,32510.0,16.0,30.0,29.0,24.672,0.0,0.0,0.0,32510.0,16.0,30.0,29.0,24.83,0.0,0.0,0.0,32510.0,16.0,30.0,29.0,1613565146.587,2021-02-17 12:32:26.586999893
48590634397,r1039410-n948219,0,49.997,25.976,6.427,29522.438,2987.562,16.0,42.399,41.448,48.208,23.696,5.883,31056.348,1453.652,16.0,42.497,41.522,98.79,100.0,10.0,31071.0,32510.0,16.0,44.0,43.0,1614311285.655,2021-02-26 03:48:05.654999971
48656484492,r1900814-n172107,1,44.063,22.148,1.669,29253.851,3256.149,16.0,37.283,34.92,43.969,21.227,1.512,31046.277,1463.723,16.0,37.673,35.119,74.1,100.0,6.0,31071.0,32510.0,16.0,38.0,36.0,1614734855.072,2021-03-03 01:27:35.072000027
48695751822,r2215649-n410412,0,27.642,0.0,0.0,0.0,32510.0,16.0,39.167,37.0,27.642,0.0,0.0,0.0,32510.0,16.0,39.167,37.0,27.71,0.0,0.0,0.0,32510.0,16.0,40.0,37.0,1613500827.67,2021-02-16 18:40:27.670000076
48704739764,r4605940-n303509,0,41.575,8.39,2.238,532.601,31977.399,16.0,32.024,29.852,94.309,48.782,10.862,2204.643,30305.357,16.0,50.363,48.543,214.01,82.0,21.0,2971.0,32510.0,16.0,59.0,57.0,1613428404.247,2021-02-15 22:33:24.246999979
48729340767,r7141590-n948219,0,205.096,84.944,56.795,6363.362,26146.638,16.0,63.142,67.142,211.2,87.679,58.721,6655.52,25854.48,16.0,66.666,71.639,261.55,95.0,65.0,6807.0,32510.0,16.0,73.0,78.0,1613444536.443,2021-02-16 03:02:16.443000078
48801193633,r7419443-n948219,0,28.256,0.063,0.0,90.189,32419.811,16.0,30.125,29.0,76.425,29.071,23.032,28612.433,3897.567,16.0,43.25,43.759,191.81,100.0,89.0,28799.0,32510.0,16.0,47.0,52.0,1613258107.619,2021-02-13 23:15:07.618999958
48819101397,r4683026-n948219,0,27.052,0.0,0.0,0.009,32509.991,16.0,38.006,38.252,26.988,0.0,0.0,0.0,32510.0,16.0,37.889,37.991,27.85,0.0,0.0,4.0,32510.0,16.0,40.0,40.0,1613626399.368,2021-02-18 05:33:19.368000031
48844693778,r414303-n303509,0,27.169,0.0,0.0,0.0,32510.0,16.0,35.0,35.0,27.169,0.0,0.0,0.0,32510.0,16.0,35.0,35.0,27.31,0.0,0.0,0.0,32510.0,16.0,35.0,35.0,1613429320.858,2021-02-15 22:48:40.858000040
48873019877,r7462820-n303766,0,29.502,0.615,0.032,88.118,32421.882,16.0,31.16,29.11,75.235,36.91,18.58,2906.055,29603.945,16.0,42.977,43.112,134.28,47.0,25.0,4710.0,32510.0,16.0,45.0,46.0,1613192023.714,2021-02-13 04:53:43.713999987
48880462218,r8972851-n303509,0,168.57,68.558,45.943,6047.552,26462.448,16.0,61.13,64.726,186.81,75.978,51.019,6581.637,25928.363,16.0,66.515,70.813,252.41,94.0,64.0,6807.0,32510.0,16.0,72.0,78.0,1613597727.915,2021-02-17 21:35:27.914999962
48883240108,r5179276-n948219,0,203.054,85.91,57.637,6414.922,26095.078,16.0,68.942,75.806,206.546,89.067,59.831,6664.172,25845.828,16.0,68.432,75.558,246.12,95.0,66.0,6799.0,32510.0,16.0,72.0,80.0,1613583820.953,2021-02-17 17:43:40.953000069
48920012881,r4506251-n410412,0,31.936,0.679,0.034,264.818,32245.182,16.0,35.634,33.845,76.542,39.099,10.075,1064.473,31445.527,16.0,48.204,46.69,126.13,48.0,13.0,1093.0,32510.0,16.0,50.0,50.0,1613080799.272,2021-02-11 21:59:59.272000074
49002321368,r4144777-n303509,0,27.497,0.0,0.0,0.0,32510.0,16.0,35.293,33.201,40.096,12.327,0.84,29480.971,3029.029,16.0,35.727,33.178,45.6,81.0,5.0,30709.0,32510.0,16.0,37.0,34.0,1614376263.258,2021-02-26 21:51:03.257999896
49079065879,r9648383-n303766,0,29.735,0.0,0.0,0.0,32510.0,16.0,46.953,46.781,192.37,78.682,35.592,21747.824,10762.176,16.0,63.317,63.563,307.2,100.0,68.0,31945.0,32510.0,16.0,74.0,75.0,1614190623.305,2021-02-24 18:17:03.305000067
49180208657,r5179276-n948219,0,28.536,0.0,0.0,0.0,32510.0,16.0,37.439,36.823,53.538,26.317,4.171,1072.801,31437.199,16.0,42.534,41.155,95.82,47.0,9.0,1093.0,32510.0,16.0,44.0,44.0,1613401488.499,2021-02-15 15:04:48.499000072
49182652420,r8275852-n410412,0,30.749,0.043,0.0,96.151,32413.849,16.0,36.4,38.06,48.168,6.174,4.972,17473.829,15036.171,16.0,40.146,41.46,195.76,100.0,90.0,26755.0,32510.0,16.0,46.0,54.0,1613439289.59,2021-02-16 01:34:49.589999914
49264098614,r7317916-n948219,0,172.752,73.05,49.027,6088.412,26421.588,16.0,65.763,72.349,184.676,78.534,52.783,6575.619,25934.381,16.0,67.727,74.952,241.1,94.0,63.0,6793.0,32510.0,16.0,72.0,80.0,1613480825.577,2021-02-16 13:07:05.576999903
49266544348,r8141575-n410412,0,132.361,48.097,15.259,2053.097,30456.903,16.0,64.889,64.218,135.766,50.145,15.93,2232.395,30277.605,16.0,64.483,63.91,227.86,100.0,33.0,2279.0,32510.0,16.0,72.0,71.0,1614640843.882,2021-03-01 23:20:43.881999969
49271866643,r8532701-n172107,0,42.165,24.809,0.91,29574.344,2935.656,16.0,35.989,34.998,41.8,23.071,0.835,31050.775,1459.225,16.0,35.999,34.895,56.23,100.0,6.0,31071.0,32510.0,16.0,36.0,35.0,1614726414.918,2021-03-02 23:06:54.917999983
49278677010,r4144777-n172107,0,29.035,0.0,0.0,0.0,32510.0,16.0,31.002,29.601,29.314,0.0,0.0,0.0,32510.0,16.0,32.223,30.529,29.92,0.0,0.0,0.0,32510.0,16.0,34.0,32.0,1614714427.203,2021-03-02 19:47:07.203000069
49282657763,r8275852-n410412,0,33.192,0.082,0.0,401.433,32108.567,16.0,36.482,37.397,38.489,0.093,0.035,1286.203,31223.797,16.0,37.984,38.652,186.55,98.0,61.0,28661.0,32510.0,16.0,41.0,46.0,1613049563.557,2021-02-11 13:19:23.556999922
49290180041,r2215649-n303766,0,25.294,0.0,0.0,0.0,32510.0,16.0,32.452,30.0,25.294,0.0,0.0,0.0,32510.0,16.0,32.452,30.0,25.43,0.0,0.0,0.0,32510.0,16.0,33.0,30.0,1614368392.701,2021-02-26 19:39:52.700999975
49298458275,r7269000-n948219,1,190.368,76.468,51.122,6117.583,26392.417,16.0,67.426,71.485,202.788,83.355,55.835,6576.295,25933.705,16.0,68.252,72.909,255.74,100.0,64.0,6801.0,32510.0,16.0,71.0,76.0,1613442007.306,2021-02-16 02:20:07.305999994
49299881674,r974863-n303766,0,26.701,0.0,0.0,0.0,32510.0,16.0,35.0,33.0,26.701,0.0,0.0,0.0,32510.0,16.0,35.0,33.0,26.95,0.0,0.0,0.0,32510.0,16.0,35.0,33.0,1614109298.992,2021-02-23 19:41:38.992000103
49307774335,r4506251-n410412,0,26.727,0.0,0.0,0.0,32510.0,16.0,36.278,35.286,44.288,1.107,0.182,1392.552,31117.448,16.0,39.9,37.914,80.32,62.0,10.0,1407.0,32510.0,16.0,42.0,40.0,1613064383.875,2021-02-11 17:26:23.875000000
49310196688,r9515777-n303766,0,26.583,0.0,0.0,0.0,32510.0,16.0,40.0,38.292,67.523,23.543,9.832,14282.887,18227.113,16.0,49.338,48.187,165.15,100.0,25.0,31477.0,32510.0,16.0,54.0,54.0,1614379033.297,2021-02-26 22:37:13.296999931
49350620721,r9170217-n948219,0,28.94,0.523,0.0,69.613,32440.387,16.0,32.457,31.028,70.743,41.145,10.72,983.473,31526.527,16.0,43.771,42.686,114.03,51.0,15.0,1027.0,32510.0,16.0,45.0,45.0,1613569074.895,2021-02-17 13:37:54.894999981
49362112769,r414303-n172107,1,43.367,25.355,3.87,29681.265,2828.735,16.0,36.426,34.978,42.744,23.64,3.591,31052.927,1457.073,16.0,35.892,34.505,68.76,35.0,5.0,31071.0,32510.0,16.0,37.0,36.0,1614746246.65,2021-03-03 04:37:26.650000095
49369210516,r8024255-n410412,0,194.663,79.777,53.469,6277.709,26232.291,16.0,68.11,71.722,198.958,82.325,55.292,6623.03,25886.97,16.0,68.07,71.796,255.27,95.0,64.0,6799.0,32510.0,16.0,71.0,76.0,1613536018.124,2021-02-17 04:26:58.124000072
49372230328,r8141575-n303766,1,32.451,0.0,0.0,2.889,32507.111,16.0,37.28,35.392,86.068,26.654,5.841,3381.081,29128.919,16.0,50.201,47.414,209.56,69.0,14.0,3419.0,32510.0,16.0,54.0,50.0,1613791471.25,2021-02-20 03:24:31.250000000
49410606851,r5179276-n948219,0,203.437,87.347,58.617,6423.764,26086.236,16.0,68.082,73.76,205.798,89.026,59.802,6665.281,25844.719,16.0,68.147,74.15,246.37,95.0,65.0,6799.0,32510.0,16.0,72.0,79.0,1613438039.158,2021-02-16 01:13:59.157999992
49422139851,r8972851-n172107,1,40.627,22.232,1.741,28851.038,3658.962,16.0,32.988,32.753,40.668,22.814,1.632,31039.831,1470.169,16.0,33.658,33.372,50.64,100.0,6.0,31071.0,32510.0,16.0,36.0,36.0,1614725964.227,2021-03-02 22:59:24.226999998
49499879642,r7141590-n200569,0,25.713,0.0,0.0,0.0,32510.0,16.0,30.0,29.0,25.713,0.0,0.0,0.0,32510.0,16.0,30.0,29.0,25.75,0.0,0.0,0.0,32510.0,16.0,30.0,29.0,1614724845.298,2021-03-02 22:40:45.298000097
49499879642,r7141590-n200569,1,27.847,0.0,0.0,0.0,32510.0,16.0,30.0,29.0,27.847,0.0,0.0,0.0,32510.0,16.0,30.0,29.0,27.9,0.0,0.0,0.0,32510.0,16.0,30.0,29.0,1614724845.301,2021-03-02 22:40:45.301000118
49500758941,r4683026-n303509,1,26.405,0.0,0.0,0.0,32510.0,16.0,31.0,29.574,26.405,0.0,0.0,0.0,32510.0,16.0,31.0,29.574,26.56,0.0,0.0,0.0,32510.0,16.0,31.0,30.0,1613057085.793,2021-02-11 15:24:45.792999983
49512419329,r2684277-n303509,0,26.975,0.0,0.0,0.0,32510.0,16.0,31.0,32.0,26.975,0.0,0.0,0.0,32510.0,16.0,31.0,32.0,27.01,0.0,0.0,0.0,32510.0,16.0,31.0,32.0,1612874854.858,2021-02-09 12:47:34.858000040
49570879296,r6727430-n948219,0,178.491,73.052,48.971,6346.554,26163.446,16.0,63.735,67.467,197.684,82.883,55.702,6651.434,25858.566,16.0,67.014,71.85,248.79,94.0,65.0,6799.0,32510.0,16.0,71.0,77.0,1613601007.637,2021-02-17 22:30:07.637000084
49573743067,r1900814-n772143,0,41.856,18.364,2.953,25670.972,6839.028,16.0,35.517,32.044,45.78,21.874,3.376,31007.559,1502.441,16.0,39.68,36.295,101.39,40.0,5.0,31071.0,32510.0,16.0,41.0,38.0,1614721838.797,2021-03-02 21:50:38.796999931
49575096221,r810901-n172107,1,34.557,0.205,0.003,929.744,31580.256,16.0,30.696,29.823,34.557,0.205,0.003,929.744,31580.256,16.0,30.696,29.823,35.63,20.0,1.0,1039.0,32510.0,16.0,31.0,30.0,1614718743.985,2021-03-02 20:59:03.984999895
49599893927,r9480604-n410412,0,27.963,0.193,0.003,156.163,32353.837,16.0,35.4,34.036,122.731,43.379,19.149,27693.836,4816.164,16.0,61.428,59.838,286.3,100.0,69.0,27713.0,32510.0,16.0,75.0,77.0,1613840604.775,2021-02-20 17:03:24.775000095
49605258750,r414303-n772143,1,26.999,0.0,0.0,0.0,32510.0,16.0,30.0,28.0,26.918,0.0,0.0,0.0,32510.0,16.0,29.826,27.754,27.27,0.0,0.0,0.0,32510.0,16.0,31.0,29.0,1614722473.749,2021-03-02 22:01:13.749000072
49626076562,r4683026-n948219,0,26.803,0.0,0.0,0.0,32510.0,16.0,37.0,36.989,48.969,24.917,4.904,1051.76,31458.24,16.0,42.361,42.769,81.06,38.0,8.0,1093.0,32510.0,16.0,44.0,45.0,1613722411.832,2021-02-19 08:13:31.832000017
49633186563,r9480604-n410412,0,26.977,0.0,0.0,0.0,32510.0,16.0,36.0,34.0,26.977,0.0,0.0,0.0,32510.0,16.0,36.0,34.0,27.01,0.0,0.0,0.0,32510.0,16.0,36.0,34.0,1614113518.924,2021-02-23 20:51:58.924000025
49745009380,r216287-n303509,0,104.926,60.016,19.669,1637.974,30872.026,16.0,55.405,55.566,106.592,63.875,20.972,1694.991,30815.009,16.0,54.444,54.589,147.25,74.0,26.0,1699.0,32510.0,16.0,58.0,58.0,1612828169.292,2021-02-08 23:49:29.292000055
49751767267,r2215649-n303766,0,25.287,0.0,0.0,0.0,32510.0,16.0,32.75,30.0,25.287,0.0,0.0,0.0,32510.0,16.0,32.75,30.0,25.33,0.0,0.0,0.0,32510.0,16.0,33.0,30.0,1614368399.297,2021-02-26 19:39:59.296999931
49777423790,r2215649-n410412,0,27.045,0.0,0.0,0.0,32510.0,16.0,37.0,34.289,40.799,12.671,0.029,1523.276,30986.724,16.0,41.622,38.489,51.05,46.0,1.0,1535.0,32510.0,16.0,45.0,41.0,1613923226.036,2021-02-21 16:00:26.036000013
49778845951,r492024-n410412,1,25.436,0.0,0.0,2.308,32507.692,16.0,29.931,29.0,26.37,0.092,0.0,69.479,32440.521,16.0,30.0,29.026,39.79,10.0,0.0,1205.0,32510.0,16.0,31.0,30.0,1614736398.231,2021-03-03 01:53:18.230999947
49812772277,r8275852-n410412,0,32.476,0.0,0.0,0.0,32510.0,16.0,46.29,47.699,130.304,60.578,32.654,21816.526,10693.474,16.0,56.307,60.255,248.05,100.0,68.0,31079.0,32510.0,16.0,73.0,80.0,1614076033.348,2021-02-23 10:27:13.348000050
49816588936,r9480604-n303766,0,36.797,0.096,0.0,1059.197,31450.803,16.0,33.566,30.929,49.047,9.494,1.373,2346.816,30163.184,16.0,38.451,35.8,241.66,85.0,26.0,4433.0,32510.0,16.0,46.0,44.0,1613792875.451,2021-02-20 03:47:55.450999975
49833940786,r6707841-n200569,1,26.662,0.0,0.0,0.0,32510.0,16.0,29.0,29.002,26.66,0.0,0.0,0.0,32510.0,16.0,29.0,29.001,26.75,0.0,0.0,0.0,32510.0,16.0,29.0,30.0,1614716436.298,2021-03-02 20:20:36.298000097
49907667803,r4099734-n200569,1,25.281,0.0,0.0,0.0,32510.0,16.0,29.0,29.737,26.188,0.085,0.001,74.519,32435.481,16.0,29.081,29.759,37.73,21.0,1.0,1077.0,32510.0,16.0,30.0,30.0,1614719351.201,2021-03-02 21:09:11.200999975
49961073558,r7269000-n948219,1,189.478,76.854,51.456,6088.635,26421.365,16.0,63.78,67.782,200.844,83.192,55.716,6509.051,26000.949,16.0,65.717,70.301,256.77,95.0,64.0,6799.0,32510.0,16.0,73.0,78.0,1613443135.636,2021-02-16 02:38:55.635999918
49970964412,r8024255-n303766,0,58.166,25.214,10.187,29394.366,3115.634,16.0,39.591,37.682,59.701,23.399,9.635,31058.006,1451.994,16.0,44.412,42.61,145.05,100.0,20.0,31071.0,32510.0,16.0,47.0,46.0,1614194894.364,2021-02-24 19:28:14.364000082
50009007055,r6727430-n948219,0,38.595,3.816,0.376,15543.073,16966.927,16.0,33.973,32.196,57.891,85.464,6.691,26753.053,5756.947,16.0,40.231,38.487,122.07,100.0,29.0,27354.0,32510.0,16.0,43.0,42.0,1613606583.971,2021-02-18 00:03:03.970999956
50027235473,r7462820-n410412,0,201.734,83.355,55.854,6343.632,26166.368,16.0,67.242,73.073,207.769,86.907,58.402,6643.316,25866.684,16.0,67.883,74.051,252.17,100.0,66.0,6799.0,32510.0,16.0,71.0,77.0,1613583938.004,2021-02-17 17:45:38.003999949
50029524041,r4506251-n410412,0,33.304,0.729,0.042,610.295,31899.705,16.0,37.494,36.123,96.864,54.018,17.52,2647.986,29862.014,16.0,53.435,52.608,156.66,68.0,23.0,2693.0,32510.0,16.0,56.0,56.0,1613087060.494,2021-02-11 23:44:20.493999958
50083512789,r368967-n172107,0,24.875,0.0,0.0,0.0,32510.0,16.0,30.0,28.011,24.905,0.0,0.0,0.0,32510.0,16.0,30.275,28.979,25.21,0.0,0.0,0.0,32510.0,16.0,32.0,30.0,1614715388.388,2021-03-02 20:03:08.388000011
50083512789,r368967-n172107,1,25.641,0.0,0.0,0.0,32510.0,16.0,28.654,30.0,25.603,0.0,0.0,0.0,32510.0,16.0,28.689,30.155,25.99,0.0,0.0,0.0,32510.0,16.0,30.0,32.0,1614715388.391,2021-03-02 20:03:08.391000032
50114425633,r44132-n303766,0,31.286,0.639,0.03,535.312,31974.688,16.0,32.876,32.245,66.741,33.159,11.267,1567.156,30942.844,16.0,41.94,42.137,113.56,44.0,16.0,1605.0,32510.0,16.0,44.0,45.0,1613329257.307,2021-02-14 19:00:57.306999922
50116672580,r216287-n303509,0,45.952,9.665,2.387,7346.634,25163.366,16.0,33.414,32.127,55.596,79.839,3.669,18665.523,13844.477,16.0,39.757,38.845,264.33,100.0,76.0,19253.0,32510.0,16.0,47.0,51.0,1614709676.596,2021-03-02 18:27:56.595999956
50116672580,r216287-n303509,1,43.424,7.55,2.391,7356.291,25153.709,16.0,32.074,30.537,50.931,38.785,3.675,18678.241,13831.759,16.0,36.872,35.098,258.56,100.0,77.0,19265.0,32510.0,16.0,44.0,48.0,1614709676.604,2021-03-02 18:27:56.604000092
50116672580,r4683026-n303509,0,46.215,4.678,2.451,7070.933,25439.067,16.0,33.475,31.004,54.652,21.68,3.684,18652.406,13857.594,16.0,39.021,36.674,276.39,100.0,80.0,19253.0,32510.0,16.0,47.0,49.0,1614709676.594,2021-03-02 18:27:56.594000101
50116672580,r4683026-n303509,1,43.729,5.846,2.351,7084.841,25425.159,16.0,32.934,30.984,51.317,73.149,3.654,18664.714,13845.286,16.0,37.666,35.754,267.52,100.0,78.0,19267.0,32510.0,16.0,45.0,47.0,1614709676.597,2021-03-02 18:27:56.596999884
50116672580,r7269000-n303509,0,47.354,13.835,2.48,7386.065,25123.935,16.0,34.863,32.105,56.331,77.026,3.674,18655.37,13854.63,16.0,40.75,38.234,259.69,100.0,73.0,19255.0,32510.0,16.0,50.0,52.0,1614709676.592,2021-03-02 18:27:56.592000008
50116672580,r7269000-n303509,1,46.279,16.278,2.509,7440.729,25069.271,16.0,33.456,31.603,54.839,80.223,3.664,18768.453,13741.547,16.0,38.496,36.285,261.04,100.0,74.0,19371.0,32510.0,16.0,46.0,47.0,1614709676.598,2021-03-02 18:27:56.598000050
50116672580,r810901-n303509,0,45.053,10.514,2.399,7417.853,25092.147,16.0,34.601,33.134,53.842,77.13,3.633,18705.437,13804.563,16.0,40.49,39.719,244.25,100.0,68.0,19335.0,32510.0,16.0,48.0,50.0,1614709676.604,2021-03-02 18:27:56.604000092
50116672580,r810901-n303509,1,44.572,7.166,2.458,7371.613,25138.387,16.0,33.202,33.357,53.258,76.015,3.646,18639.805,13870.195,16.0,39.636,40.165,267.19,100.0,78.0,19267.0,32510.0,16.0,48.0,55.0,1614709676.607,2021-03-02 18:27:56.607000113
50196721169,r7141590-n303509,0,180.104,70.714,47.081,5984.634,26525.366,16.0,65.043,65.915,193.498,76.829,51.263,6553.478,25956.522,16.0,67.393,68.823,266.64,94.0,64.0,6793.0,32510.0,16.0,74.0,76.0,1613483514.868,2021-02-16 13:51:54.868000031
50381878867,r2215649-n410412,0,193.205,82.289,55.066,6047.012,26462.988,16.0,60.581,61.461,209.752,89.301,59.864,6531.479,25978.521,16.0,65.956,67.973,256.65,95.0,65.0,6793.0,32510.0,16.0,74.0,76.0,1613434883.855,2021-02-16 00:21:23.855000019
50386957047,r492024-n303766,0,161.003,64.267,42.384,4932.503,27577.497,16.0,64.563,68.013,161.003,64.267,42.384,4932.503,27577.497,16.0,64.563,68.013,247.87,100.0,64.0,6807.0,32510.0,16.0,70.0,75.0,1613443430.604,2021-02-16 02:43:50.604000092
50411071191,r9480604-n410412,1,24.248,0.0,0.0,0.0,32510.0,16.0,29.0,27.0,24.248,0.0,0.0,0.0,32510.0,16.0,29.0,27.0,24.4,0.0,0.0,0.0,32510.0,16.0,29.0,27.0,1614735030.186,2021-03-03 01:30:30.186000109
50418897511,r1039410-n948219,0,25.963,0.0,0.0,0.0,32510.0,16.0,31.0,31.0,70.952,39.766,23.046,31024.502,1485.498,16.0,45.993,46.574,236.38,100.0,100.0,31275.0,32510.0,16.0,52.0,56.0,1614344829.096,2021-02-26 13:07:09.095999956
50418897511,r1039410-n948219,1,25.131,0.0,0.0,0.0,32510.0,16.0,31.0,27.997,71.445,45.831,24.56,28072.115,4437.885,16.0,43.899,43.077,225.11,100.0,100.0,31955.0,32510.0,16.0,48.0,52.0,1614344829.099,2021-02-26 13:07:09.098999977
50504234936,r7753495-n948219,0,47.08,9.129,4.554,29997.16,2512.84,16.0,33.937,31.593,38.901,2.979,1.234,31061.811,1448.189,16.0,32.508,30.238,141.68,74.0,37.0,31071.0,32510.0,16.0,36.0,36.0,1613572126.954,2021-02-17 14:28:46.953999996
50515454684,r9515777-n303766,1,34.357,0.083,0.0,823.313,31686.687,16.0,32.003,29.344,36.791,0.171,0.112,1095.898,31414.102,16.0,33.485,30.99,97.35,51.0,40.0,5003.0,32510.0,16.0,38.0,38.0,1614724881.462,2021-03-02 22:41:21.461999893
50607942241,r8275852-n410412,0,27.549,0.0,0.0,0.0,32510.0,16.0,30.0,31.519,27.535,0.0,0.0,0.665,32509.335,16.0,30.0,31.346,27.77,0.0,0.0,4.0,32510.0,16.0,30.0,32.0,1613922868.106,2021-02-21 15:54:28.105999947
50620608789,r8024255-n303766,0,27.058,0.0,0.0,0.0,32510.0,16.0,33.0,30.974,34.868,0.02,0.008,1140.013,31369.987,16.0,35.044,32.605,73.43,7.0,3.0,1587.0,32510.0,16.0,37.0,34.0,1614738353.812,2021-03-03 02:25:53.812000036
50660270320,r7141590-n303509,0,161.595,59.386,39.479,5861.191,26648.809,16.0,65.954,66.582,174.083,66.12,44.081,6560.657,25949.343,16.0,67.68,68.746,266.19,93.0,63.0,6799.0,32510.0,16.0,72.0,74.0,1613481201.554,2021-02-16 13:13:21.553999901
50674746715,r974863-n410412,0,210.926,87.465,58.38,6411.281,26098.719,16.0,68.864,73.904,215.369,90.262,60.397,6658.051,25851.949,16.0,68.417,73.631,260.87,96.0,65.0,6793.0,32510.0,16.0,72.0,77.0,1613446741.311,2021-02-16 03:39:01.311000109
50718528165,r204106-n172107,0,25.969,0.0,0.0,0.0,32510.0,16.0,29.967,29.856,25.951,0.0,0.0,0.0,32510.0,16.0,29.298,29.334,26.28,0.0,0.0,0.0,32510.0,16.0,31.0,31.0,1614715513.724,2021-03-02 20:05:13.723999977
50718528165,r204106-n172107,1,25.711,0.0,0.0,0.0,32510.0,16.0,29.0,27.051,25.632,0.0,0.0,0.0,32510.0,16.0,28.721,27.072,25.94,0.0,0.0,0.0,32510.0,16.0,30.0,28.0,1614715513.729,2021-03-02 20:05:13.729000092
50773212642,r7462820-n410412,0,182.96,72.473,48.553,6046.358,26463.642,16.0,66.952,71.769,192.756,78.195,52.482,6553.355,25956.645,16.0,67.749,73.151,252.95,93.0,63.0,6793.0,32510.0,16.0,72.0,78.0,1613577998.677,2021-02-17 16:06:38.677000046
50799135517,r974863-n410412,0,198.1,83.669,56.004,6416.335,26093.665,16.0,55.015,58.253,211.478,89.144,59.685,6665.139,25844.861,16.0,64.539,69.036,259.87,96.0,67.0,6799.0,32510.0,16.0,73.0,78.0,1613452433.986,2021-02-16 05:13:53.986000061
50929412580,r7269000-n948219,0,194.438,77.095,51.176,6156.572,26353.428,16.0,68.448,71.281,206.528,83.843,55.776,6590.822,25919.178,16.0,68.392,71.504,263.51,95.0,64.0,6801.0,32510.0,16.0,72.0,75.0,1613442816.773,2021-02-16 02:33:36.773000002
50938898601,r8024255-n410412,0,24.816,0.0,0.0,0.0,32510.0,16.0,33.615,31.966,27.824,0.972,0.646,707.634,31802.366,16.0,34.467,32.626,264.0,100.0,91.0,31617.0,32510.0,16.0,52.0,56.0,1613487899.653,2021-02-16 15:04:59.653000116
50942880765,r8024255-n303766,0,30.128,1.092,0.04,176.159,32333.841,16.0,33.762,31.231,55.917,33.992,5.361,1075.705,31434.295,16.0,40.298,37.728,100.58,45.0,8.0,1093.0,32510.0,16.0,41.0,40.0,1614465228.6,2021-02-27 22:33:48.599999905
50962167739,r7462820-n410412,0,200.956,82.947,55.603,6331.917,26178.083,16.0,67.877,73.733,207.037,86.726,58.285,6639.783,25870.217,16.0,68.16,74.338,253.28,100.0,65.0,6799.0,32510.0,16.0,71.0,77.0,1613588387.88,2021-02-17 18:59:47.880000114
51015588539,r3974592-n172107,1,47.452,24.726,6.779,28877.825,3632.175,16.0,29.181,27.545,46.538,26.489,7.394,31045.398,1464.602,16.0,29.617,27.995,90.96,100.0,12.0,31071.0,32510.0,16.0,31.0,30.0,1614725357.845,2021-03-02 22:49:17.845000029
51077501850,r216287-n303509,1,54.817,29.236,9.687,1085.872,31424.128,16.0,35.887,34.846,54.817,29.236,9.687,1085.872,31424.128,16.0,35.887,34.846,70.31,42.0,15.0,1327.0,32510.0,16.0,37.0,36.0,1612829914.662,2021-02-09 00:18:34.661999941
51080954480,r7462820-n410412,0,202.49,83.884,56.215,6350.991,26159.009,16.0,67.94,73.818,207.162,86.661,58.193,6648.287,25861.713,16.0,68.069,74.245,254.79,95.0,65.0,6799.0,32510.0,16.0,71.0,77.0,1613588749.464,2021-02-17 19:05:49.463999987
51114862577,r1039410-n303509,0,32.264,1.109,0.027,408.117,32101.883,16.0,39.745,37.781,58.148,27.465,6.648,1584.527,30925.473,16.0,44.748,43.101,126.34,50.0,14.0,1605.0,32510.0,16.0,47.0,46.0,1613327497.262,2021-02-14 18:31:37.262000084
51131212052,r9648383-n410412,0,26.073,0.0,0.0,0.0,32510.0,16.0,31.988,31.0,26.118,0.0,0.0,3.992,32506.008,16.0,32.181,31.933,26.72,0.0,0.0,4.0,32510.0,16.0,34.0,34.0,1614259836.518,2021-02-25 13:30:36.517999887
51161304739,r7753495-n948219,0,25.7,0.0,0.0,3.037,32506.963,16.0,29.954,28.023,25.452,0.0,0.0,3.851,32506.149,16.0,28.517,26.569,25.83,0.0,0.0,4.0,32510.0,16.0,30.0,29.0,1613251664.369,2021-02-13 21:27:44.368999958
51227622473,r7419443-n772143,0,25.412,0.0,0.0,0.0,32510.0,16.0,29.0,27.103,25.412,0.0,0.0,0.0,32510.0,16.0,29.0,27.103,25.47,0.0,0.0,0.0,32510.0,16.0,29.0,28.0,1614725076.264,2021-03-02 22:44:36.263999939
51227622473,r7419443-n772143,1,26.108,0.0,0.0,0.0,32510.0,16.0,28.0,26.0,26.108,0.0,0.0,0.0,32510.0,16.0,28.0,26.0,26.18,0.0,0.0,0.0,32510.0,16.0,28.0,26.0,1614725076.273,2021-03-02 22:44:36.273000002
51241470230,r8972851-n948219,0,211.258,87.468,58.377,6416.046,26093.954,16.0,67.676,71.562,215.641,90.35,60.401,6664.84,25845.16,16.0,68.041,72.209,258.82,96.0,66.0,6799.0,32510.0,16.0,70.0,75.0,1613522763.015,2021-02-17 00:46:03.015000105
51247181629,r9852763-n200569,0,38.238,0.078,0.0,951.008,31558.992,16.0,34.555,31.774,39.512,0.002,0.0,1036.716,31473.284,16.0,35.857,33.126,39.91,21.0,1.0,1039.0,32510.0,16.0,37.0,34.0,1614719062.149,2021-03-02 21:04:22.148999929
51255315962,r8972851-n303509,0,177.274,70.337,47.127,5960.896,26549.104,16.0,64.876,68.644,190.538,77.573,52.069,6542.112,25967.888,16.0,67.3,71.729,250.51,95.0,64.0,6793.0,32510.0,16.0,72.0,77.0,1613601141.898,2021-02-17 22:32:21.898000002
51321519115,r7462820-n303766,0,182.985,79.382,53.324,5882.342,26627.658,16.0,57.702,61.474,202.67,86.708,58.377,6489.393,26020.607,16.0,65.229,70.326,251.23,95.0,66.0,6799.0,32510.0,16.0,74.0,80.0,1613649975.838,2021-02-18 12:06:15.838000059
51364348842,r7419443-n948219,0,27.966,0.0,0.0,0.0,32510.0,16.0,35.0,33.809,37.569,0.026,0.0,1051.264,31458.736,16.0,37.441,35.82,43.63,23.0,1.0,1175.0,32510.0,16.0,39.0,37.0,1613744607.662,2021-02-19 14:23:27.661999941
51371729758,r2215649-n303766,0,25.235,0.0,0.0,0.0,32510.0,16.0,32.0,29.5,25.235,0.0,0.0,0.0,32510.0,16.0,32.0,29.5,25.24,0.0,0.0,0.0,32510.0,16.0,32.0,30.0,1614369540.187,2021-02-26 19:59:00.187000036
51373058883,r4605940-n303509,1,52.671,27.438,10.073,1265.71,31244.29,16.0,34.474,35.155,51.565,24.537,8.982,1301.752,31208.248,16.0,34.795,35.307,72.75,44.0,17.0,1331.0,32510.0,16.0,36.0,37.0,1612829684.619,2021-02-09 00:14:44.618999958
51394450647,r974863-n303766,0,100.897,36.431,14.856,13373.439,19136.561,16.0,47.841,45.658,149.891,59.314,24.822,30562.602,1947.398,16.0,64.704,62.804,284.68,100.0,72.0,30589.0,32510.0,16.0,76.0,76.0,1614290145.577,2021-02-25 21:55:45.576999903
51412688000,r9515777-n303766,0,36.013,1.25,0.0,661.612,31848.388,16.0,39.788,37.975,36.013,1.25,0.0,661.612,31848.388,16.0,39.788,37.975,39.99,8.0,0.0,1129.0,32510.0,16.0,40.0,38.0,1614608361.473,2021-03-01 14:19:21.473000050
51413653096,r4683026-n948219,0,54.312,20.29,11.828,28394.524,4115.476,16.0,42.078,43.182,50.547,14.088,7.744,31021.656,1488.344,16.0,41.862,42.582,122.96,78.0,48.0,31071.0,32510.0,16.0,47.0,53.0,1614207026.166,2021-02-24 22:50:26.165999889
51450167973,r8972851-n303509,0,188.472,75.969,50.869,6181.029,26328.971,16.0,67.469,71.807,197.111,80.688,54.157,6609.48,25900.52,16.0,67.977,72.658,250.35,94.0,64.0,6807.0,32510.0,16.0,71.0,76.0,1613593706.265,2021-02-17 20:28:26.265000105
51472095088,r2215649-n410412,0,39.675,9.18,4.77,21452.631,11057.369,16.0,34.766,32.464,51.506,17.103,9.071,30995.003,1514.997,16.0,40.328,38.095,126.68,100.0,34.0,31071.0,32510.0,16.0,45.0,45.0,1614092636.634,2021-02-23 15:03:56.634000063
51503934125,r8024255-n303766,0,28.556,0.102,0.0,139.379,32370.621,16.0,33.109,30.365,60.887,16.847,13.782,22780.844,9729.156,16.0,40.159,39.066,195.78,100.0,93.0,30829.0,32510.0,16.0,48.0,54.0,1613363767.772,2021-02-15 04:36:07.772000074
51505444434,r8275852-n410412,0,32.721,0.815,0.0,325.63,32184.37,16.0,31.109,32.017,32.721,0.815,0.0,325.63,32184.37,16.0,31.109,32.017,37.9,8.0,0.0,991.0,32510.0,16.0,32.0,33.0,1614066252.007,2021-02-23 07:44:12.006999969
51522343752,r492024-n303766,0,201.294,84.372,56.599,6238.741,26271.259,16.0,67.551,71.786,206.888,87.549,58.894,6604.188,25905.812,16.0,67.749,72.339,250.37,95.0,64.0,6799.0,32510.0,16.0,72.0,77.0,1613430441.12,2021-02-15 23:07:21.119999886
51540616413,r2215649-n303766,0,26.266,0.0,0.0,1.692,32508.308,16.0,39.769,37.462,26.266,0.0,0.0,1.692,32508.308,16.0,39.769,37.462,26.42,0.0,0.0,4.0,32510.0,16.0,40.0,38.0,1613954834.595,2021-02-22 00:47:14.595000029
51554711444,r7419443-n948219,0,44.084,27.564,0.371,216.096,32293.904,16.0,33.139,31.02,51.719,51.781,0.766,371.95,32138.05,16.0,37.531,35.534,82.96,97.0,1.0,736.0,32510.0,16.0,39.0,37.0,1613644351.25,2021-02-18 10:32:31.250000000
51569682292,r9515777-n303766,0,26.736,0.0,0.0,0.0,32510.0,16.0,39.958,38.0,26.736,0.0,0.0,0.0,32510.0,16.0,39.958,38.0,27.03,0.0,0.0,0.0,32510.0,16.0,40.0,38.0,1614608289.415,2021-03-01 14:18:09.414999962
51582466025,r9480604-n303766,0,39.649,2.997,0.032,1038.742,31471.258,16.0,37.84,35.0,67.93,36.524,9.217,1137.495,31372.505,16.0,43.869,42.021,107.91,50.0,13.0,1159.0,32510.0,16.0,46.0,45.0,1613332602.181,2021-02-14 19:56:42.180999994
51616852903,r974863-n410412,0,210.407,87.725,58.459,6420.212,26089.788,16.0,68.412,73.513,215.427,90.406,60.455,6666.129,25843.871,16.0,68.424,73.593,261.0,96.0,66.0,6801.0,32510.0,16.0,71.0,77.0,1613446391.196,2021-02-16 03:33:11.196000099
51625124858,r2215649-n303766,0,25.216,0.0,0.0,0.0,32510.0,16.0,32.0,30.0,25.216,0.0,0.0,0.0,32510.0,16.0,32.0,30.0,25.25,0.0,0.0,0.0,32510.0,16.0,32.0,30.0,1614369046.646,2021-02-26 19:50:46.645999908
51637561298,r8024255-n410412,0,192.999,79.193,53.042,6419.243,26090.757,16.0,67.944,71.456,189.517,77.411,52.003,6684.346,25825.654,16.0,67.894,71.375,254.31,100.0,64.0,6801.0,32510.0,16.0,72.0,76.0,1613533239.253,2021-02-17 03:40:39.253000021
51662710073,r7419443-n948219,0,26.903,0.0,0.0,2.63,32507.37,16.0,30.0,28.003,68.142,98.483,9.744,17536.969,14973.031,16.0,43.654,42.602,196.93,100.0,67.0,17645.0,32510.0,16.0,47.0,48.0,1613961331.598,2021-02-22 02:35:31.598000050
51662710073,r7419443-n948219,1,25.807,0.0,0.0,2.63,32507.37,16.0,29.0,27.0,66.14,98.5,8.897,19701.503,12808.497,16.0,41.384,41.069,197.6,100.0,68.0,19817.0,32510.0,16.0,45.0,50.0,1613961331.601,2021-02-22 02:35:31.601000071
51664482656,r7462820-n303766,0,31.196,1.117,0.04,163.547,32346.453,16.0,32.324,30.254,60.339,34.176,7.833,2527.352,29982.648,16.0,40.723,39.301,125.94,55.0,17.0,2629.0,32510.0,16.0,42.0,42.0,1613329527.037,2021-02-14 19:05:27.036999941
51692510820,r9852763-n172107,0,43.58,22.38,6.205,26002.257,6507.743,16.0,33.138,33.764,46.268,26.759,7.328,31011.433,1498.567,16.0,37.081,37.782,89.64,41.0,11.0,31071.0,32510.0,16.0,39.0,40.0,1614715744.636,2021-03-02 20:09:04.635999918
51700957432,r8972851-n948219,0,69.054,25.561,17.864,7969.573,24540.427,16.0,42.849,43.266,138.674,69.326,48.892,24819.04,7690.96,16.0,65.598,68.839,222.85,100.0,85.0,24845.0,32510.0,16.0,72.0,80.0,1613393675.137,2021-02-15 12:54:35.137000084
51716401139,r7269000-n303509,0,29.731,0.0,0.0,0.0,32510.0,16.0,32.0,29.99,29.908,0.0,0.0,0.0,32510.0,16.0,32.725,30.444,30.21,0.0,0.0,0.0,32510.0,16.0,33.0,31.0,1614714427.219,2021-03-02 19:47:07.219000101
51726647087,r6727430-n303509,0,203.56,86.227,57.885,6417.619,26092.381,16.0,68.153,72.792,208.949,89.62,60.285,6669.971,25840.029,16.0,68.333,73.324,246.92,100.0,64.0,6807.0,32510.0,16.0,71.0,77.0,1613439880.42,2021-02-16 01:44:40.420000076
51738686153,r1900814-n772143,0,45.582,23.076,3.373,29280.774,3229.226,16.0,38.898,35.294,45.443,23.571,3.457,31051.034,1458.966,16.0,38.83,35.246,101.75,100.0,6.0,31071.0,32510.0,16.0,40.0,36.0,1614732066.764,2021-03-03 00:41:06.763999939
51750957558,r7141590-n948219,0,207.135,85.165,56.822,6372.615,26137.385,16.0,68.766,73.699,214.564,89.112,59.613,6654.261,25855.739,16.0,68.443,73.681,262.01,95.0,65.0,6807.0,32510.0,16.0,72.0,78.0,1613431218.424,2021-02-15 23:20:18.424000025
51779082953,r8275852-n303766,0,25.631,0.0,0.0,0.0,32510.0,16.0,30.09,29.393,119.981,69.991,26.797,8164.746,24345.254,16.0,58.165,58.12,238.75,100.0,52.0,8235.0,32510.0,16.0,67.0,68.0,1613464943.681,2021-02-16 08:42:23.680999994
51779082953,r8275852-n303766,1,27.226,0.0,0.0,0.0,32510.0,16.0,30.0,26.792,132.001,81.367,31.098,8350.174,24159.826,16.0,57.39,58.28,256.14,100.0,53.0,8395.0,32510.0,16.0,66.0,68.0,1613464943.684,2021-02-16 08:42:23.684000015
51797859798,r414303-n303509,0,26.792,0.0,0.0,3.689,32506.311,16.0,32.0,32.0,128.058,64.491,9.631,6233.534,26276.466,16.0,59.954,60.994,259.23,100.0,24.0,9875.0,32510.0,16.0,63.0,66.0,1613334090.685,2021-02-14 20:21:30.684999943
51836109155,r8972851-n303509,0,184.347,73.255,49.047,6059.467,26450.533,16.0,67.079,71.32,193.719,78.891,52.949,6577.286,25932.714,16.0,67.8,72.419,249.95,95.0,65.0,6807.0,32510.0,16.0,72.0,77.0,1613592130.474,2021-02-17 20:02:10.473999977
51844191179,r9852763-n200569,1,38.22,0.157,0.001,920.846,31589.154,16.0,31.799,30.601,38.22,0.157,0.001,920.846,31589.154,16.0,31.799,30.601,39.31,21.0,1.0,1039.0,32510.0,16.0,32.0,31.0,1614718744.003,2021-03-02 20:59:04.003000021
51888876585,r2684277-n948219,0,31.47,4.377,0.03,338.734,32171.266,16.0,35.483,34.158,63.973,33.855,7.003,1091.447,31418.553,16.0,43.635,42.202,101.31,47.0,10.0,1159.0,32510.0,16.0,47.0,46.0,1614036628.659,2021-02-22 23:30:28.658999920
51918166157,r1039410-n948219,0,27.211,0.0,0.0,0.0,32510.0,16.0,38.649,38.012,27.186,0.0,0.0,0.802,32509.198,16.0,38.311,38.006,27.52,0.0,0.0,4.0,32510.0,16.0,39.0,39.0,1614339440.827,2021-02-26 11:37:20.826999903
51918465144,r492024-n410412,1,72.197,30.388,4.099,1228.9,31281.1,16.0,45.092,42.332,69.673,28.249,3.773,1304.943,31205.057,16.0,43.735,41.021,128.84,88.0,12.0,1315.0,32510.0,16.0,47.0,44.0,1613863336.96,2021-02-20 23:22:16.960000038
51938616464,r216287-n303509,0,27.877,0.0,0.0,2.953,32507.047,16.0,30.0,29.462,27.877,0.0,0.0,2.953,32507.047,16.0,30.0,29.462,28.07,0.0,0.0,4.0,32510.0,16.0,30.0,30.0,1613099315.972,2021-02-12 03:08:35.971999884
51961097258,r8972851-n948219,0,200.617,83.434,55.975,6174.671,26335.329,16.0,61.729,64.312,211.226,88.226,59.21,6580.747,25929.253,16.0,66.369,70.163,261.45,95.0,69.0,6793.0,32510.0,16.0,73.0,78.0,1613521347.644,2021-02-17 00:22:27.644000053
51987688145,r9515777-n303766,1,35.974,0.079,0.0,976.755,31533.245,16.0,32.764,29.883,36.563,0.002,0.0,1037.291,31472.709,16.0,33.152,30.54,36.89,21.0,1.0,1039.0,32510.0,16.0,34.0,32.0,1614719062.173,2021-03-02 21:04:22.173000097
52020542720,r7141590-n303509,0,26.781,0.0,0.0,0.0,32510.0,16.0,38.541,37.799,54.572,12.316,7.433,7277.956,25232.044,16.0,44.068,42.991,227.09,82.0,50.0,12133.0,32510.0,16.0,61.0,61.0,1613466320.673,2021-02-16 09:05:20.673000097
52037233315,r9170217-n303509,0,34.991,3.452,0.979,269.789,32240.211,16.0,40.45,36.712,79.283,21.124,6.114,1558.817,30951.183,16.0,52.213,47.589,220.43,100.0,31.0,1835.0,32510.0,16.0,59.0,54.0,1613047767.582,2021-02-11 12:49:27.582000017
52071457503,r9170217-n303509,1,199.008,82.719,55.444,6260.935,26249.065,16.0,58.024,61.547,208.433,87.851,59.014,6609.294,25900.706,16.0,60.88,64.82,257.65,94.0,65.0,6793.0,32510.0,16.0,68.0,72.0,1613436749.733,2021-02-16 00:52:29.733000040
52084033002,r7753495-n948219,0,207.551,86.463,57.989,6404.026,26105.974,16.0,67.5,70.502,203.941,84.827,57.042,6666.766,25843.234,16.0,67.651,70.599,254.0,95.0,66.0,6799.0,32510.0,16.0,71.0,74.0,1613567127.895,2021-02-17 13:05:27.894999981
52126320030,r44132-n303766,0,36.326,4.633,1.464,451.745,32058.255,16.0,38.469,37.551,36.326,4.633,1.464,451.745,32058.255,16.0,38.469,37.551,232.13,96.0,46.0,5673.0,32510.0,16.0,44.0,45.0,1613473177.174,2021-02-16 10:59:37.174000025
52186132222,r1039410-n303509,0,32.019,0.77,0.04,504.706,32005.294,16.0,39.543,37.316,89.257,53.929,16.981,2644.253,29865.747,16.0,50.319,49.757,144.93,70.0,23.0,2693.0,32510.0,16.0,53.0,53.0,1613089427.087,2021-02-12 00:23:47.086999893
52214559557,r9480604-n410412,0,26.171,0.0,0.0,0.0,32510.0,16.0,31.0,29.246,26.183,0.0,0.0,0.295,32509.705,16.0,31.0,29.333,26.31,0.0,0.0,4.0,32510.0,16.0,31.0,30.0,1614735079.575,2021-03-03 01:31:19.575000048
52296935371,r8972851-n948219,0,38.46,1.444,0.015,1110.865,31399.135,16.0,33.82,32.0,38.46,1.444,0.015,1110.865,31399.135,16.0,33.82,32.0,40.19,34.0,2.0,1737.0,32510.0,16.0,34.0,32.0,1613184298.372,2021-02-13 02:44:58.371999979
52357128582,r9515777-n410412,0,24.59,0.0,0.0,0.0,32510.0,16.0,33.001,31.0,24.59,0.0,0.0,0.0,32510.0,16.0,33.211,31.03,24.89,0.0,0.0,0.0,32510.0,16.0,34.0,32.0,1614639164.286,2021-03-01 22:52:44.286000013
52376691164,r9515777-n303766,0,36.198,0.083,0.0,947.584,31562.416,16.0,33.735,31.626,37.308,0.003,0.0,1036.62,31473.38,16.0,34.977,32.661,37.66,21.0,1.0,1039.0,32510.0,16.0,36.0,34.0,1614719062.131,2021-03-02 21:04:22.131000042
52399270154,r492024-n303766,0,25.031,0.0,0.0,0.0,32510.0,16.0,34.0,32.0,25.031,0.0,0.0,0.0,32510.0,16.0,34.0,32.0,25.13,0.0,0.0,0.0,32510.0,16.0,34.0,32.0,1613357701.325,2021-02-15 02:55:01.325000048
52399270154,r492024-n303766,1,25.54,0.0,0.0,0.0,32510.0,16.0,31.069,31.0,25.54,0.0,0.0,0.0,32510.0,16.0,31.069,31.0,25.61,0.0,0.0,0.0,32510.0,16.0,32.0,31.0,1613357701.328,2021-02-15 02:55:01.328000069
52486985708,r2684277-n948219,1,81.063,29.429,19.317,956.843,31553.157,16.0,33.902,34.323,205.609,92.517,62.033,2825.318,29684.682,16.0,59.606,66.498,257.4,99.0,68.0,4279.0,32510.0,16.0,71.0,79.0,1614000532.294,2021-02-22 13:28:52.293999910
52534038331,r2684277-n172107,0,26.617,0.0,0.0,0.0,32510.0,16.0,30.976,30.993,26.295,0.0,0.0,0.0,32510.0,16.0,28.816,28.908,26.82,0.0,0.0,0.0,32510.0,16.0,31.0,31.0,1614717433.649,2021-03-02 20:37:13.648999929
52534038331,r2684277-n172107,1,25.648,0.0,0.0,0.0,32510.0,16.0,29.0,29.501,25.306,0.0,0.0,0.0,32510.0,16.0,27.251,27.527,25.78,0.0,0.0,0.0,32510.0,16.0,29.0,30.0,1614717433.657,2021-03-02 20:37:13.657000065
52536025725,r2684277-n303509,0,49.411,10.534,5.578,23318.149,9191.851,16.0,34.512,34.63,46.142,6.947,3.754,29930.398,2579.602,16.0,35.931,36.115,212.28,100.0,76.0,31021.0,32510.0,16.0,44.0,50.0,1612792199.143,2021-02-08 13:49:59.142999887
52550167797,r9170217-n948219,0,170.836,70.372,47.154,6074.462,26435.538,16.0,61.278,65.024,188.832,78.001,52.345,6584.449,25925.551,16.0,66.302,70.967,247.61,94.0,63.0,6807.0,32510.0,16.0,71.0,76.0,1613586235.847,2021-02-17 18:23:55.846999884
52551406703,r216287-n303509,0,27.953,0.0,0.0,2.991,32507.009,16.0,30.998,30.0,27.953,0.0,0.0,2.991,32507.009,16.0,30.998,30.0,28.09,0.0,0.0,4.0,32510.0,16.0,31.0,30.0,1613099598.838,2021-02-12 03:13:18.838000059
52569210509,r4683026-n303509,0,130.516,76.94,26.389,1007.795,31502.205,16.0,49.857,49.008,144.392,79.648,27.238,1064.915,31445.085,16.0,65.424,65.025,169.33,99.0,34.0,1065.0,32510.0,16.0,72.0,72.0,1612820464.825,2021-02-08 21:41:04.825000048
52569210509,r4683026-n303509,1,119.742,76.837,25.806,1007.795,31502.205,16.0,46.887,47.345,130.371,79.516,26.984,1064.914,31445.086,16.0,58.422,60.482,153.89,97.0,33.0,1065.0,32510.0,16.0,65.0,68.0,1612820464.828,2021-02-08 21:41:04.828000069
52680941707,r8141575-n303766,0,52.558,23.514,8.237,29865.912,2644.088,16.0,37.893,37.436,48.831,15.763,5.188,31033.468,1476.532,16.0,39.737,39.342,79.16,71.0,27.0,31071.0,32510.0,16.0,42.0,42.0,1614189181.543,2021-02-24 17:53:01.542999983
52744266213,r6959555-n172107,1,40.776,23.636,0.917,29494.521,3015.479,16.0,34.021,31.006,40.638,21.953,0.835,31050.71,1459.29,16.0,34.453,31.463,56.01,100.0,6.0,31071.0,32510.0,16.0,35.0,33.0,1614737213.734,2021-03-03 02:06:53.733999968
52788326940,r414303-n303509,0,28.591,0.0,0.0,0.0,32510.0,16.0,41.278,42.944,28.591,0.0,0.0,0.0,32510.0,16.0,41.278,42.944,28.66,0.0,0.0,0.0,32510.0,16.0,42.0,43.0,1613429103.993,2021-02-15 22:45:03.993000031
52797009411,r414303-n948219,0,29.964,1.781,0.0,10741.92,21768.08,16.0,31.657,29.632,158.781,80.363,46.837,26927.993,5582.007,16.0,62.468,65.481,274.34,100.0,80.0,31079.0,32510.0,16.0,72.0,77.0,1614357768.672,2021-02-26 16:42:48.671999931
52827696491,r414303-n303509,0,27.12,0.0,0.0,0.0,32510.0,16.0,34.261,34.609,27.12,0.0,0.0,0.0,32510.0,16.0,34.261,34.609,27.2,0.0,0.0,0.0,32510.0,16.0,35.0,35.0,1613429338.251,2021-02-15 22:48:58.250999927
52857431993,r1039410-n303509,0,55.205,13.6,3.228,1365.231,31144.769,16.0,41.118,39.119,73.573,25.746,6.166,3189.362,29320.638,16.0,47.697,45.28,212.86,98.0,26.0,3463.0,32510.0,16.0,64.0,62.0,1613301154.738,2021-02-14 11:12:34.737999916
52863093511,r492024-n303766,0,202.516,84.615,56.764,6364.961,26145.039,16.0,68.697,73.278,209.132,88.563,59.533,6644.357,25865.643,16.0,68.413,73.235,250.39,94.0,65.0,6793.0,32510.0,16.0,71.0,76.0,1613437566.273,2021-02-16 01:06:06.273000002
52876892830,r8024255-n410412,0,75.732,33.115,23.158,9508.109,23001.891,16.0,40.064,39.915,148.592,83.262,58.691,24822.76,7687.24,16.0,67.893,72.247,217.06,100.0,85.0,24845.0,32510.0,16.0,71.0,79.0,1613393611.058,2021-02-15 12:53:31.058000088
52887658520,r414303-n172107,0,39.865,22.668,1.74,29574.333,2935.667,16.0,35.002,33.001,40.166,23.515,1.57,31052.321,1457.679,16.0,35.354,33.108,54.39,100.0,6.0,31071.0,32510.0,16.0,36.0,34.0,1614747665.619,2021-03-03 05:01:05.618999958
52895195342,r2215649-n410412,0,26.7,0.0,0.0,0.0,32510.0,16.0,35.0,32.0,26.7,0.0,0.0,0.0,32510.0,16.0,35.0,32.0,26.75,0.0,0.0,0.0,32510.0,16.0,35.0,32.0,1614113657.608,2021-02-23 20:54:17.608000040
53004652670,r8275852-n410412,0,167.281,69.036,46.257,6411.934,26098.066,16.0,59.014,63.108,161.127,64.28,43.144,6689.582,25820.418,16.0,61.412,65.639,247.96,97.0,66.0,6801.0,32510.0,16.0,73.0,80.0,1613490977.207,2021-02-16 15:56:17.207000017
53044701889,r9988778-n303766,0,24.632,0.0,0.0,0.0,32510.0,16.0,30.0,29.904,24.633,0.0,0.0,0.0,32510.0,16.0,30.0,29.918,24.75,0.0,0.0,0.0,32510.0,16.0,30.0,30.0,1614714766.172,2021-03-02 19:52:46.171999931
53044701889,r9988778-n303766,1,26.509,0.0,0.0,0.0,32510.0,16.0,30.0,27.103,26.512,0.0,0.0,0.0,32510.0,16.0,30.0,27.147,26.6,0.0,0.0,0.0,32510.0,16.0,30.0,28.0,1614714766.175,2021-03-02 19:52:46.174999952
53142726496,r44132-n303766,0,30.006,0.79,0.061,674.738,31835.262,16.0,31.137,30.281,84.478,44.467,28.803,4736.887,27773.113,16.0,46.123,49.27,156.77,59.0,43.0,4742.0,32510.0,16.0,52.0,58.0,1613169944.059,2021-02-12 22:45:44.059000015
53154459887,r9170217-n948219,0,27.463,0.0,0.0,0.0,32510.0,16.0,33.0,31.476,27.463,0.0,0.0,0.0,32510.0,16.0,33.0,31.476,27.79,0.0,0.0,0.0,32510.0,16.0,33.0,32.0,1613429409.322,2021-02-15 22:50:09.322000027
53211124375,r8972851-n200569,0,25.115,0.0,0.0,0.0,32510.0,16.0,29.202,28.0,25.115,0.0,0.0,0.0,32510.0,16.0,29.202,28.0,25.18,0.0,0.0,0.0,32510.0,16.0,30.0,28.0,1614758538.317,2021-03-03 08:02:18.316999912
53211124375,r8972851-n200569,1,25.62,0.0,0.0,0.0,32510.0,16.0,28.0,27.895,25.62,0.0,0.0,0.0,32510.0,16.0,28.0,27.895,25.67,0.0,0.0,0.0,32510.0,16.0,28.0,28.0,1614758538.331,2021-03-03 08:02:18.331000090
53249263255,r7753495-n948219,0,200.497,83.232,55.834,6164.239,26345.761,16.0,66.524,69.257,210.197,88.595,59.591,6576.851,25933.149,16.0,67.742,70.833,254.39,100.0,66.0,6793.0,32510.0,16.0,71.0,74.0,1613567497.004,2021-02-17 13:11:37.003999949
53266882865,r5051220-n172107,1,46.423,23.546,3.743,29895.003,2614.997,16.0,36.156,35.443,44.791,22.514,3.657,31056.552,1453.448,16.0,36.195,35.709,98.46,100.0,6.0,31071.0,32510.0,16.0,38.0,37.0,1614744155.686,2021-03-03 04:02:35.686000109
53336710587,r1051355-n200569,1,25.555,0.0,0.0,0.0,32510.0,16.0,27.0,25.924,25.555,0.0,0.0,0.0,32510.0,16.0,27.0,25.924,25.69,0.0,0.0,0.0,32510.0,16.0,27.0,26.0,1614718332.607,2021-03-02 20:52:12.607000113
53349452968,r9170217-n303509,1,200.849,83.948,56.286,6361.438,26148.562,16.0,60.162,63.614,208.871,88.406,59.387,6647.276,25862.724,16.0,60.531,64.309,255.85,98.0,66.0,6801.0,32510.0,16.0,66.0,70.0,1613439058.232,2021-02-16 01:30:58.232000113
53383260431,r9170217-n948219,0,158.662,64.759,43.431,6032.081,26477.919,16.0,59.62,62.982,177.223,72.993,49.017,6566.052,25943.948,16.0,64.388,68.648,244.76,100.0,63.0,6799.0,32510.0,16.0,68.0,74.0,1613588726.122,2021-02-17 19:05:26.121999979
53406857608,r7269000-n303509,0,210.649,87.101,58.218,6409.035,26100.965,16.0,68.234,73.053,215.017,89.969,60.29,6649.925,25860.075,16.0,68.261,73.282,253.57,95.0,66.0,6807.0,32510.0,16.0,71.0,76.0,1613577943.405,2021-02-17 16:05:43.404999971
53441896415,r8972851-n303509,0,185.581,72.934,48.869,5937.933,26572.067,16.0,67.047,71.147,194.819,79.417,53.307,6537.345,25972.655,16.0,67.808,72.445,251.21,94.0,64.0,6807.0,32510.0,16.0,72.0,77.0,1613592917.864,2021-02-17 20:15:17.864000082
53461120137,r8141575-n303766,0,41.799,1.8,0.361,475.165,32034.835,16.0,42.126,41.665,41.799,1.8,0.361,475.165,32034.835,16.0,42.126,41.665,125.45,99.0,30.0,2413.0,32510.0,16.0,44.0,44.0,1613942477.381,2021-02-21 21:21:17.381000042
53470514092,r2684277-n948219,0,40.938,2.686,1.806,13891.712,18618.288,16.0,33.363,31.548,77.936,26.686,21.864,26363.138,6146.862,16.0,42.333,42.226,204.68,100.0,95.0,30817.0,32510.0,16.0,50.0,55.0,1613258981.065,2021-02-13 23:29:41.065000057
53473705884,r7317916-n948219,0,192.686,86.184,57.906,6376.504,26133.496,16.0,66.681,74.601,198.774,89.262,60.115,6647.14,25862.86,16.0,67.933,76.333,238.76,95.0,67.0,6793.0,32510.0,16.0,73.0,82.0,1613477134.802,2021-02-16 12:05:34.802000046
53495152065,r9988778-n303766,1,197.873,80.617,54.084,6411.645,26098.355,16.0,62.983,67.941,211.255,87.934,59.043,6664.623,25845.377,16.0,65.688,71.398,260.06,96.0,65.0,6799.0,32510.0,16.0,74.0,80.0,1613462608.495,2021-02-16 08:03:28.494999886
53515588872,r44132-n410412,0,32.697,1.18,0.018,225.527,32284.473,16.0,39.393,37.668,65.442,34.743,10.525,2627.557,29882.443,16.0,45.866,45.154,143.84,60.0,21.0,2630.0,32510.0,16.0,52.0,53.0,1612979944.705,2021-02-10 17:59:04.704999924
53544101366,r9480604-n410412,0,27.444,0.006,0.0,2.262,32507.738,16.0,38.004,36.01,208.671,91.965,64.469,4731.831,27778.169,16.0,68.064,70.285,239.89,97.0,69.0,5245.0,32510.0,16.0,74.0,76.0,1613774236.704,2021-02-19 22:37:16.703999996
53553199293,r810901-n772143,0,25.803,0.0,0.0,0.758,32509.242,16.0,30.992,28.011,28.785,0.788,0.164,5304.859,27205.141,16.0,31.304,28.351,212.03,100.0,28.0,27193.0,32510.0,16.0,38.0,33.0,1614726858.726,2021-03-02 23:14:18.726000071
53553199293,r810901-n772143,1,27.403,0.085,0.0,186.185,32323.815,16.0,28.32,27.559,31.207,0.767,0.155,5908.744,26601.256,16.0,29.144,28.144,215.81,100.0,27.0,28941.0,32510.0,16.0,36.0,33.0,1614726858.729,2021-03-02 23:14:18.729000092
53554004696,r8972851-n772143,1,25.116,0.0,0.0,0.0,32510.0,16.0,29.0,28.02,25.026,0.0,0.0,0.0,32510.0,16.0,28.636,27.822,25.3,0.0,0.0,0.0,32510.0,16.0,29.0,29.0,1614722474.928,2021-03-02 22:01:14.927999973
53564633580,r7269000-n303509,0,211.765,87.392,58.496,6411.028,26098.972,16.0,67.981,72.834,215.6,89.992,60.388,6662.695,25847.305,16.0,68.034,73.106,255.11,95.0,66.0,6801.0,32510.0,16.0,71.0,76.0,1613580164.823,2021-02-17 16:42:44.822999954
53567649796,r6727430-n303509,1,36.25,19.802,0.684,857.678,31652.322,16.0,30.855,30.128,40.045,24.971,0.897,1137.286,31372.714,16.0,33.851,32.915,41.19,34.0,2.0,1167.0,32510.0,16.0,34.0,34.0,1612974957.227,2021-02-10 16:35:57.226999998
53568841345,r8972851-n303509,0,32.897,1.183,0.003,151.759,32358.241,16.0,35.434,35.255,67.56,32.52,13.442,4514.856,27995.144,16.0,44.37,45.49,153.58,76.0,30.0,4678.0,32510.0,16.0,49.0,52.0,1613214610.737,2021-02-13 11:10:10.736999989
53573674072,r8972851-n948219,0,27.984,0.434,0.021,62.506,32447.494,16.0,31.259,30.118,110.616,64.481,23.169,8864.171,23645.829,16.0,58.641,58.742,184.04,84.0,33.0,8966.0,32510.0,16.0,64.0,66.0,1613190429.017,2021-02-13 04:27:09.016999960
53620694094,r5179276-n948219,0,202.263,86.315,57.826,6408.066,26101.934,16.0,68.794,76.701,206.583,89.214,59.919,6663.814,25846.186,16.0,68.445,76.698,246.2,95.0,65.0,6799.0,32510.0,16.0,72.0,81.0,1613575782.659,2021-02-17 15:29:42.658999920
53638283148,r5179276-n948219,0,204.296,87.608,58.68,6424.214,26085.786,16.0,68.612,74.456,209.579,91.237,61.232,6668.011,25841.989,16.0,68.298,74.294,245.12,95.0,65.0,6807.0,32510.0,16.0,71.0,78.0,1613439076.518,2021-02-16 01:31:16.517999887
53642634283,r44132-n303766,0,183.443,76.49,51.234,5799.491,26710.509,16.0,61.894,66.912,201.983,85.034,57.113,6466.688,26043.312,16.0,66.435,73.095,252.78,95.0,65.0,6793.0,32510.0,16.0,73.0,81.0,1613465576.027,2021-02-16 08:52:56.026999950
53672534283,r2215649-n410412,0,27.63,0.0,0.0,0.007,32509.993,16.0,40.0,37.0,82.518,25.338,18.041,28017.009,4492.991,16.0,52.548,51.133,308.95,100.0,97.0,32241.0,32510.0,16.0,74.0,78.0,1613641464.033,2021-02-18 09:44:24.032999992
53700974929,r8972851-n303509,0,176.975,71.422,47.81,6089.128,26420.872,16.0,62.855,66.617,190.261,76.867,51.569,6584.565,25925.435,16.0,67.043,71.319,251.04,93.0,63.0,6799.0,32510.0,16.0,73.0,78.0,1613596814.707,2021-02-17 21:20:14.707000017
53756095003,r4144777-n303509,0,34.295,5.659,0.036,565.261,31944.739,16.0,38.64,36.189,90.293,53.832,16.551,2640.763,29869.237,16.0,51.277,49.638,141.72,67.0,22.0,2759.0,32510.0,16.0,54.0,53.0,1613127629.566,2021-02-12 11:00:29.565999985
53775022128,r7753495-n303509,0,26.273,0.018,0.0,17.476,32492.524,16.0,37.6,36.387,52.681,18.276,4.949,1015.783,31494.217,16.0,39.252,37.439,121.17,51.0,15.0,1027.0,32510.0,16.0,52.0,51.0,1613502627.181,2021-02-16 19:10:27.180999994
53863719919,r7753495-n948219,0,165.561,70.163,47.069,5230.807,27279.193,16.0,47.322,48.017,199.797,84.66,56.87,6280.565,26229.435,16.0,61.756,64.147,254.16,95.0,65.0,6801.0,32510.0,16.0,72.0,76.0,1613565704.577,2021-02-17 12:41:44.576999903
53898503793,r492024-n410412,0,28.11,0.0,0.0,2.411,32507.589,16.0,32.0,30.0,28.94,0.123,0.002,68.402,32441.598,16.0,32.047,30.029,39.35,19.0,1.0,1205.0,32510.0,16.0,33.0,31.0,1614736398.188,2021-03-03 01:53:18.187999964
53913359789,r9170217-n303509,0,203.184,84.793,56.829,6377.601,26132.399,16.0,66.616,68.177,210.65,88.743,59.552,6646.555,25863.445,16.0,67.825,69.83,254.83,95.0,64.0,6793.0,32510.0,16.0,71.0,73.0,1613435809.535,2021-02-16 00:36:49.535000086
53958542801,r4506251-n303766,0,32.317,0.0,0.0,0.526,32509.474,16.0,47.0,48.947,32.317,0.0,0.0,0.526,32509.474,16.0,47.0,48.947,32.42,0.0,0.0,4.0,32510.0,16.0,47.0,49.0,1613507119.326,2021-02-16 20:25:19.325999975
54040639522,r5051220-n172107,0,41.372,21.886,1.693,29147.174,3362.826,16.0,36.787,32.975,41.434,22.869,1.586,31047.249,1462.751,16.0,36.891,33.039,68.59,100.0,6.0,31071.0,32510.0,16.0,37.0,34.0,1614725604.01,2021-03-02 22:53:24.009999990
54115605554,r5179276-n948219,0,202.455,85.96,57.587,6395.849,26114.151,16.0,68.735,76.344,205.926,88.631,59.573,6663.714,25846.286,16.0,68.359,76.226,245.94,95.0,65.0,6807.0,32510.0,16.0,72.0,80.0,1613576854.269,2021-02-17 15:47:34.269000053
54121033426,r9659953-n200569,1,29.704,0.088,0.0,475.029,32034.971,16.0,28.862,28.165,35.583,0.003,0.0,1024.148,31485.852,16.0,30.816,29.592,36.04,13.0,1.0,1039.0,32510.0,16.0,32.0,31.0,1614719062.183,2021-03-02 21:04:22.183000088
54124186120,r1039410-n948219,0,25.878,0.0,0.0,0.0,32510.0,16.0,30.0,30.0,25.783,0.0,0.0,2.386,32507.614,16.0,29.935,29.915,25.95,0.0,0.0,4.0,32510.0,16.0,30.0,30.0,1614386016.111,2021-02-27 00:33:36.111000061
54143819669,r216287-n303509,1,91.83,54.814,17.97,1690.21,30819.79,16.0,48.571,47.624,90.739,54.449,17.646,1752.834,30757.166,16.0,48.191,46.984,139.42,75.0,26.0,1755.0,32510.0,16.0,50.0,50.0,1612825378.73,2021-02-08 23:02:58.730000019
54223718897,r1039410-n303509,0,41.484,2.774,1.898,19756.778,12753.222,16.0,40.51,38.431,41.484,2.774,1.898,19756.778,12753.222,16.0,40.51,38.431,196.49,97.0,80.0,29005.0,32510.0,16.0,44.0,48.0,1613081836.389,2021-02-11 22:17:16.388999939
54241236303,r4144777-n303509,0,27.67,0.0,0.0,0.0,32510.0,16.0,36.0,33.999,39.968,23.979,0.382,29481.573,3028.427,16.0,38.876,36.342,45.62,74.0,5.0,30709.0,32510.0,16.0,40.0,37.0,1614307113.4,2021-02-26 02:38:33.400000095
54260727685,r9852763-n172107,1,43.466,24.489,3.265,29441.006,3068.994,16.0,37.945,35.099,43.188,24.538,3.258,31051.976,1458.024,16.0,37.016,34.005,71.45,100.0,6.0,31071.0,32510.0,16.0,39.0,36.0,1614744927.763,2021-03-03 04:15:27.763000011
54263057649,r9480604-n410412,1,24.09,0.0,0.0,0.0,32510.0,16.0,29.0,27.0,24.06,0.0,0.0,0.0,32510.0,16.0,28.72,26.779,24.29,0.0,0.0,0.0,32510.0,16.0,29.0,28.0,1614634561.988,2021-03-01 21:36:01.987999916
54296846239,r6727430-n303509,0,27.153,0.0,0.0,3.062,32506.938,16.0,37.0,33.986,27.153,0.0,0.0,3.062,32506.938,16.0,37.0,33.986,27.3,0.0,0.0,4.0,32510.0,16.0,37.0,34.0,1613012670.599,2021-02-11 03:04:30.598999977
54302782832,r4506251-n303766,0,90.632,41.315,16.974,21969.185,10540.815,16.0,43.451,45.057,113.578,53.271,22.323,28550.811,3959.189,16.0,56.179,59.194,270.75,100.0,73.0,28581.0,32510.0,16.0,62.0,68.0,1613356871.952,2021-02-15 02:41:11.951999903
54304601608,r5051220-n172107,1,45.585,25.512,3.703,29120.162,3389.838,16.0,35.286,34.616,45.224,23.548,3.417,31049.081,1460.919,16.0,36.032,35.412,102.12,100.0,6.0,31071.0,32510.0,16.0,37.0,37.0,1614733320.881,2021-03-03 01:02:00.881000042
54325869749,r974863-n410412,0,211.208,87.468,58.413,6423.201,26086.799,16.0,68.363,73.395,214.644,90.164,60.395,6670.551,25839.449,16.0,68.41,73.634,259.51,96.0,65.0,6807.0,32510.0,16.0,71.0,77.0,1613447091.597,2021-02-16 03:44:51.596999884
54381084124,r4506251-n410412,0,25.981,0.0,0.0,0.0,32510.0,16.0,31.0,30.0,25.981,0.0,0.0,0.0,32510.0,16.0,31.0,30.0,26.02,0.0,0.0,0.0,32510.0,16.0,31.0,30.0,1614734826.669,2021-03-03 01:27:06.668999910
54425831372,r8972851-n200569,0,25.186,0.0,0.0,3.989,32506.011,16.0,30.177,29.0,25.057,0.0,0.0,4.0,32506.0,16.0,30.102,28.368,25.48,0.0,0.0,4.0,32510.0,16.0,31.0,30.0,1614716120.592,2021-03-02 20:15:20.592000008
54425831372,r8972851-n200569,1,25.771,0.0,0.0,3.989,32506.011,16.0,29.036,29.0,25.536,0.0,0.0,4.0,32506.0,16.0,28.466,28.035,25.95,0.0,0.0,4.0,32510.0,16.0,30.0,29.0,1614716120.604,2021-03-02 20:15:20.604000092
54470105490,r9480604-n410412,0,26.977,0.0,0.0,0.0,32510.0,16.0,36.0,34.0,26.977,0.0,0.0,0.0,32510.0,16.0,36.0,34.0,27.01,0.0,0.0,0.0,32510.0,16.0,36.0,34.0,1614113619.074,2021-02-23 20:53:39.073999882
54515943422,r4683026-n303509,0,35.897,0.027,0.0,8663.4,23846.6,16.0,33.052,30.642,37.058,0.001,0.0,9141.437,23368.563,16.0,35.896,33.52,48.26,100.0,6.0,12427.0,32510.0,16.0,39.0,37.0,1613057207.807,2021-02-11 15:26:47.806999922
54541151574,r810901-n303509,0,28.004,5.289,0.0,66.0,32444.0,16.0,35.0,34.0,38.558,6.344,2.416,9583.102,22926.898,16.0,36.661,36.111,256.92,100.0,58.0,31267.0,32510.0,16.0,74.0,80.0,1613226592.937,2021-02-13 14:29:52.937000036
54541283941,r4144777-n303509,0,42.57,6.524,2.724,885.338,31624.662,16.0,34.719,32.654,137.079,57.165,25.778,3163.029,29346.971,16.0,59.899,59.387,233.98,83.0,38.0,3291.0,32510.0,16.0,66.0,66.0,1613061639.173,2021-02-11 16:40:39.173000097
54564603847,r2215649-n410412,0,29.595,0.739,0.033,110.565,32399.435,16.0,37.489,35.096,63.988,31.729,9.083,1559.464,30950.536,16.0,45.619,43.388,113.76,49.0,15.0,1605.0,32510.0,16.0,48.0,46.0,1614080545.684,2021-02-23 11:42:25.684000015
54565586432,r2684277-n772143,0,26.815,0.0,0.0,0.0,32510.0,16.0,29.974,28.795,26.815,0.0,0.0,0.0,32510.0,16.0,29.974,28.795,26.92,0.0,0.0,0.0,32510.0,16.0,30.0,29.0,1614725517.818,2021-03-02 22:51:57.818000078
54578511230,r414303-n303509,0,31.076,0.324,0.019,0.0,32510.0,16.0,45.666,47.348,40.836,6.804,3.776,10975.016,21534.984,16.0,37.11,37.464,231.75,100.0,61.0,31580.0,32510.0,16.0,66.0,72.0,1612975976.322,2021-02-10 16:52:56.322000027
54578511230,r414303-n303509,1,28.939,0.264,0.016,0.0,32510.0,16.0,39.714,37.871,39.583,7.128,3.708,12345.616,20164.384,16.0,34.251,31.82,222.22,100.0,61.0,32288.0,32510.0,16.0,63.0,66.0,1612975976.325,2021-02-10 16:52:56.325000048
54579766932,r1051355-n172107,1,42.757,23.3,1.71,29788.154,2721.846,16.0,37.004,33.902,40.381,22.209,1.534,31053.4,1456.6,16.0,35.623,32.28,52.73,33.0,3.0,31071.0,32510.0,16.0,38.0,35.0,1614746817.377,2021-03-03 04:46:57.377000093
54584512727,r414303-n303509,0,35.406,1.141,0.046,614.103,31895.897,16.0,41.881,42.254,65.742,37.71,9.727,1593.997,30916.003,16.0,48.086,49.436,123.35,56.0,17.0,1605.0,32510.0,16.0,50.0,52.0,1613098491.946,2021-02-12 02:54:51.946000099
54604780620,r9988778-n303766,0,35.324,10.832,1.593,855.019,31654.981,16.0,32.749,32.001,79.491,53.813,8.058,4225.51,28284.49,16.0,44.012,43.319,191.51,100.0,12.0,4597.0,32510.0,16.0,49.0,47.0,1613317218.3,2021-02-14 15:40:18.299999952
54622062268,r810901-n172107,0,26.71,0.0,0.0,0.0,32510.0,16.0,31.0,30.013,28.417,0.266,0.044,115.524,32394.476,16.0,31.391,30.631,197.29,100.0,23.0,7431.0,32510.0,16.0,40.0,37.0,1614716636.738,2021-03-02 20:23:56.737999916
54622062268,r810901-n172107,1,25.252,0.0,0.0,0.0,32510.0,16.0,30.171,30.0,25.249,0.0,0.0,0.0,32510.0,16.0,30.055,30.0,25.39,0.0,0.0,0.0,32510.0,16.0,31.0,30.0,1614716636.741,2021-03-02 20:23:56.740999937
54680376239,r7753495-n303509,0,34.759,0.109,0.0,831.506,31678.494,16.0,36.564,34.72,69.621,24.567,5.77,4118.881,28391.119,16.0,44.533,42.086,240.64,100.0,100.0,10529.0,32510.0,16.0,56.0,62.0,1613118809.255,2021-02-12 08:33:29.255000114
54685900388,r414303-n948219,0,36.692,0.029,0.0,776.762,31733.238,16.0,33.606,31.256,148.492,84.577,22.73,5089.914,27420.086,16.0,65.078,64.106,242.0,100.0,31.0,5106.0,32510.0,16.0,71.0,70.0,1614198016.292,2021-02-24 20:20:16.292000055
54766243451,r7753495-n948219,0,207.923,86.725,58.074,6415.417,26094.583,16.0,67.246,70.21,212.303,89.49,60.13,6668.425,25841.575,16.0,67.883,71.104,253.52,95.0,64.0,6807.0,32510.0,16.0,71.0,74.0,1613567855.208,2021-02-17 13:17:35.207999945
54772232647,r7317916-n948219,0,169.428,70.96,47.601,6237.492,26272.508,16.0,65.065,71.268,175.841,73.914,49.647,6635.472,25874.528,16.0,67.321,73.995,241.35,94.0,63.0,6807.0,32510.0,16.0,72.0,79.0,1613484775.654,2021-02-16 14:12:55.654000044
54814199052,r8024255-n410412,0,202.359,84.628,56.708,6293.361,26216.639,16.0,68.218,71.961,210.503,89.304,59.984,6629.478,25880.522,16.0,68.09,72.042,256.13,95.0,66.0,6807.0,32510.0,16.0,71.0,76.0,1613531828.274,2021-02-17 03:17:08.273999929
54819650979,r4506251-n303766,0,29.488,0.0,0.0,0.0,32510.0,16.0,37.343,38.305,29.488,0.0,0.0,0.0,32510.0,16.0,37.343,38.305,30.16,0.0,0.0,0.0,32510.0,16.0,39.0,41.0,1613470596.696,2021-02-16 10:16:36.696000099
54838391149,r9480604-n410412,0,27.05,0.0,0.0,0.0,32510.0,16.0,36.0,35.0,27.05,0.0,0.0,0.0,32510.0,16.0,36.0,35.0,27.22,0.0,0.0,0.0,32510.0,16.0,36.0,35.0,1614371616.021,2021-02-26 20:33:36.020999908
54891904741,r2684277-n948219,0,30.412,0.689,0.03,139.554,32370.446,16.0,36.227,34.394,83.077,50.026,12.764,1527.547,30982.453,16.0,51.42,50.138,130.48,63.0,17.0,1605.0,32510.0,16.0,54.0,53.0,1614062504.276,2021-02-23 06:41:44.276000023
54914416157,r7419443-n948219,0,27.263,0.0,0.0,0.0,32510.0,16.0,32.0,30.0,27.263,0.0,0.0,0.0,32510.0,16.0,32.0,30.0,27.29,0.0,0.0,0.0,32510.0,16.0,32.0,30.0,1613934608.576,2021-02-21 19:10:08.575999975
54917280580,r974863-n410412,1,198.216,86.661,58.167,6403.405,26106.595,16.0,63.339,66.709,202.918,89.854,60.411,6660.617,25849.383,16.0,63.013,66.723,240.83,95.0,65.0,6799.0,32510.0,16.0,67.0,71.0,1613446725.899,2021-02-16 03:38:45.898999929
54946283481,r8275852-n303766,0,54.17,18.916,14.921,28412.983,4097.017,16.0,40.361,39.402,53.197,16.64,12.463,31030.006,1479.994,16.0,42.321,41.046,114.36,84.0,70.0,31071.0,32510.0,16.0,45.0,48.0,1613668238.717,2021-02-18 17:10:38.717000008
54967219790,r6727430-n948219,0,29.644,0.0,0.0,3.507,32506.493,16.0,33.0,31.027,29.644,0.0,0.0,3.507,32506.493,16.0,33.0,31.027,37.56,0.0,0.0,4.0,32510.0,16.0,33.0,32.0,1613613786.934,2021-02-18 02:03:06.934000015
55007291509,r8275852-n303766,0,25.799,0.0,0.0,2.753,32507.247,16.0,31.014,30.01,25.886,0.0,0.0,3.636,32506.364,16.0,31.811,30.781,26.13,0.0,0.0,4.0,32510.0,16.0,32.0,32.0,1613169935.546,2021-02-12 22:45:35.546000004
55007291509,r8275852-n303766,1,34.173,0.419,0.011,2628.614,29881.386,16.0,32.46,28.859,30.135,0.336,0.007,2968.809,29541.191,16.0,32.297,28.802,52.87,71.0,4.0,4181.0,32510.0,16.0,35.0,31.0,1613169935.549,2021-02-12 22:45:35.549000025
55025585376,r8141575-n303766,0,26.35,0.0,0.0,0.0,32510.0,16.0,34.076,34.592,215.379,95.436,59.0,3350.001,29159.999,16.0,68.354,71.74,227.18,98.0,62.0,3361.0,32510.0,16.0,73.0,77.0,1614119265.169,2021-02-23 22:27:45.168999910
55026610153,r492024-n303766,0,192.003,80.409,54.0,5964.626,26545.374,16.0,65.723,70.091,204.659,86.738,58.346,6522.623,25987.377,16.0,67.424,72.223,248.92,95.0,64.0,6807.0,32510.0,16.0,70.0,76.0,1613440985.15,2021-02-16 02:03:05.150000095
55037122479,r7753495-n303509,0,25.468,0.0,0.0,3.802,32506.198,16.0,36.351,35.0,25.458,0.0,0.0,3.907,32506.093,16.0,36.172,35.0,25.72,0.0,0.0,4.0,32510.0,16.0,37.0,35.0,1613683952.451,2021-02-18 21:32:32.450999975
55054318093,r1039410-n948219,0,25.82,0.0,0.0,0.007,32509.993,16.0,30.0,30.0,25.81,0.0,0.0,0.0,32510.0,16.0,29.91,29.896,26.18,0.0,0.0,4.0,32510.0,16.0,31.0,31.0,1614405308.736,2021-02-27 05:55:08.736000061
55076032357,r1051355-n200569,0,26.07,0.0,0.0,0.0,32510.0,16.0,28.929,27.0,26.07,0.0,0.0,0.0,32510.0,16.0,28.912,27.0,26.15,0.0,0.0,0.0,32510.0,16.0,29.0,27.0,1614716446.321,2021-03-02 20:20:46.321000099
55080362930,r2215649-n303766,0,25.264,0.0,0.0,0.53,32509.47,16.0,32.0,29.316,72.263,20.841,11.92,8556.511,23953.489,16.0,45.439,42.998,239.51,100.0,65.0,9085.0,32510.0,16.0,56.0,55.0,1613831155.839,2021-02-20 14:25:55.838999987
55080362930,r2215649-n303766,1,27.858,0.087,0.0,120.007,32389.993,16.0,30.127,28.592,73.922,26.034,12.195,8830.044,23679.956,16.0,42.097,40.423,236.73,100.0,66.0,8881.0,32510.0,16.0,52.0,51.0,1613831155.848,2021-02-20 14:25:55.848000050
55082395860,r9170217-n948219,0,152.399,60.839,40.677,6021.54,26488.46,16.0,60.23,63.549,169.505,70.114,47.034,6587.92,25922.08,16.0,63.409,67.388,243.52,94.0,63.0,6801.0,32510.0,16.0,67.0,72.0,1613581600.29,2021-02-17 17:06:40.289999962
55088666532,r8972851-n948219,0,210.824,87.561,58.45,6407.479,26102.521,16.0,68.042,72.118,213.894,89.62,60.021,6665.309,25844.691,16.0,68.071,72.401,260.12,96.0,69.0,6801.0,32510.0,16.0,70.0,75.0,1613528744.988,2021-02-17 02:25:44.987999916
55089695405,r8972851-n303509,0,29.682,0.0,0.0,0.0,32510.0,16.0,34.946,34.821,62.533,29.015,7.142,1086.624,31423.376,16.0,42.178,42.395,106.86,47.0,13.0,1093.0,32510.0,16.0,46.0,47.0,1613069831.697,2021-02-11 18:57:11.697000027
55141983145,r9480604-n410412,0,42.463,27.028,0.002,971.734,31538.266,16.0,38.299,35.869,42.463,27.028,0.002,971.734,31538.266,16.0,38.299,35.869,45.26,48.0,1.0,1065.0,32510.0,16.0,39.0,37.0,1614114797.628,2021-02-23 21:13:17.628000021
55142806802,r7753495-n303509,0,25.573,0.0,0.0,1.1,32508.9,16.0,37.0,35.871,89.105,31.568,26.815,26172.656,6337.344,16.0,53.366,53.64,217.69,100.0,92.0,26829.0,32510.0,16.0,58.0,63.0,1613343724.726,2021-02-14 23:02:04.726000071
55170550413,r7317916-n948219,1,185.971,77.028,51.646,6153.547,26356.453,16.0,60.648,64.67,197.114,81.252,54.605,6594.624,25915.376,16.0,64.417,69.454,259.01,94.0,64.0,6799.0,32510.0,16.0,72.0,79.0,1613479984.786,2021-02-16 12:53:04.786000013
55174633859,r8024255-n410412,0,29.168,0.851,0.062,257.445,32252.555,16.0,36.893,35.016,104.193,64.448,23.138,8954.025,23555.975,16.0,55.93,55.715,177.99,100.0,33.0,8966.0,32510.0,16.0,61.0,62.0,1613193164.907,2021-02-13 05:12:44.907000065
55195164184,r2215649-n410412,0,26.763,0.0,0.0,0.025,32509.975,16.0,35.0,32.839,26.763,0.0,0.0,0.025,32509.975,16.0,35.0,32.839,26.94,0.0,0.0,4.0,32510.0,16.0,35.0,33.0,1614112279.557,2021-02-23 20:31:19.556999922
55200551849,r2215649-n303766,1,150.243,61.913,40.867,2401.011,30108.989,16.0,55.559,56.408,177.5,77.09,51.248,2727.103,29782.897,16.0,57.171,58.628,233.03,98.0,66.0,4279.0,32510.0,16.0,62.0,65.0,1613934873.752,2021-02-21 19:14:33.752000093
55206225054,r7269000-n303509,0,210.55,87.163,58.279,6417.528,26092.472,16.0,68.027,72.728,213.33,88.819,59.594,6646.758,25863.242,16.0,68.096,72.995,254.86,100.0,65.0,6801.0,32510.0,16.0,71.0,77.0,1613586099.004,2021-02-17 18:21:39.003999949
55216166978,r8141575-n303766,0,29.441,3.467,0.019,252.804,32257.196,16.0,33.233,32.961,51.112,55.566,0.684,2167.579,30342.421,16.0,44.266,43.655,70.39,99.0,2.0,2171.0,32510.0,16.0,48.0,48.0,1614252834.256,2021-02-25 11:33:54.256000041
55216905698,r8972851-n948219,0,206.38,84.998,56.822,6433.465,26076.535,16.0,67.923,71.935,213.217,89.038,59.694,6675.991,25834.009,16.0,68.081,72.361,257.99,96.0,65.0,6807.0,32510.0,16.0,71.0,76.0,1613526212.086,2021-02-17 01:43:32.085999966
55220125119,r492024-n303766,0,205.791,86.349,58.162,6398.997,26111.003,16.0,68.56,73.264,212.188,90.305,60.897,6661.842,25848.158,16.0,68.468,73.364,249.83,95.0,65.0,6807.0,32510.0,16.0,71.0,76.0,1613432200.767,2021-02-15 23:36:40.766999960
55274089293,r974863-n410412,0,26.057,0.0,0.0,2.953,32507.047,16.0,37.0,37.0,26.057,0.0,0.0,2.953,32507.047,16.0,37.0,37.0,26.33,0.0,0.0,4.0,32510.0,16.0,37.0,37.0,1613011379.536,2021-02-11 02:42:59.536000013
55342771352,r9170217-n172107,0,47.423,20.315,8.625,26278.084,6231.916,16.0,32.977,31.502,57.184,26.854,11.815,31019.84,1490.16,16.0,38.447,37.078,110.17,47.0,22.0,31071.0,32510.0,16.0,41.0,40.0,1614715744.744,2021-03-02 20:09:04.743999958
55347495465,r8473362-n410412,0,32.619,0.624,0.028,445.308,32064.692,16.0,36.546,34.33,64.96,32.83,8.937,1068.399,31441.601,16.0,45.586,44.129,104.73,45.0,13.0,1093.0,32510.0,16.0,49.0,48.0,1613798712.806,2021-02-20 05:25:12.805999994
55365792719,r6727430-n948219,0,32.077,1.333,0.01,242.283,32267.717,16.0,33.0,31.131,32.077,1.333,0.01,242.283,32267.717,16.0,33.0,31.131,39.39,18.0,1.0,1253.0,32510.0,16.0,33.0,32.0,1613614153.324,2021-02-18 02:09:13.323999882
55422527619,r2684277-n948219,0,26.384,0.0,0.0,3.961,32506.039,16.0,30.0,29.0,26.381,0.0,0.0,3.993,32506.007,16.0,30.006,29.001,26.64,0.0,0.0,4.0,32510.0,16.0,31.0,30.0,1613257900.304,2021-02-13 23:11:40.303999901
55437771481,r4099734-n772143,0,52.483,22.862,5.825,29814.776,2695.224,16.0,41.065,37.679,51.211,21.07,5.412,31058.566,1451.434,16.0,40.644,37.269,124.86,100.0,11.0,31071.0,32510.0,16.0,43.0,40.0,1614746016.273,2021-03-03 04:33:36.273000002
55449110609,r9170217-n948219,0,27.681,0.0,0.0,0.0,32510.0,16.0,34.0,33.0,27.681,0.0,0.0,0.0,32510.0,16.0,34.0,33.0,27.77,0.0,0.0,0.0,32510.0,16.0,34.0,33.0,1613429353.767,2021-02-15 22:49:13.766999960
55449649015,r1051355-n200569,0,27.052,0.085,0.0,83.603,32426.397,16.0,28.099,27.003,32.968,0.052,0.001,621.617,31888.383,16.0,29.515,27.909,38.11,20.0,1.0,1039.0,32510.0,16.0,31.0,30.0,1614718435.031,2021-03-02 20:53:55.030999899
55452570988,r2215649-n303766,0,48.121,4.3,1.713,14007.595,18502.405,16.0,37.45,34.72,48.121,4.3,1.713,14007.595,18502.405,16.0,37.45,34.72,277.3,100.0,61.0,27527.0,32510.0,16.0,47.0,44.0,1614738685.92,2021-03-03 02:31:25.920000076
55464434451,r414303-n303509,0,28.985,0.0,0.0,0.0,32510.0,16.0,43.0,44.0,28.985,0.0,0.0,0.0,32510.0,16.0,43.0,44.0,29.14,0.0,0.0,0.0,32510.0,16.0,43.0,44.0,1613429089.552,2021-02-15 22:44:49.552000046
55481384511,r44132-n303766,0,187.564,76.522,51.176,5756.213,26753.787,16.0,66.416,72.321,203.276,85.069,57.064,6462.201,26047.799,16.0,67.605,74.437,251.07,100.0,64.0,6807.0,32510.0,16.0,71.0,79.0,1613466693.848,2021-02-16 09:11:33.848000050
55487472412,r9988778-n410412,0,25.249,0.0,0.0,0.0,32510.0,16.0,32.0,31.0,25.249,0.0,0.0,0.0,32510.0,16.0,32.0,31.0,25.48,0.0,0.0,0.0,32510.0,16.0,32.0,31.0,1613218608.293,2021-02-13 12:16:48.292999983
55505093174,r204106-n200569,1,34.921,0.235,0.007,896.192,31613.808,16.0,31.847,28.699,34.921,0.235,0.007,896.192,31613.808,16.0,31.847,28.699,37.14,20.0,1.0,1039.0,32510.0,16.0,32.0,29.0,1614718754.461,2021-03-02 20:59:14.460999966
55543218301,r9480604-n303766,1,36.399,0.383,0.0,1081.933,31428.067,16.0,31.061,29.672,37.997,0.072,0.0,1248.731,31261.269,16.0,32.019,30.87,38.7,24.0,1.0,1249.0,32510.0,16.0,33.0,32.0,1613439268.586,2021-02-16 01:34:28.585999966
55628330598,r5198790-n772143,1,39.466,20.817,1.661,28452.618,4057.382,16.0,35.293,31.377,40.064,22.469,1.548,31039.303,1470.697,16.0,35.767,31.751,70.14,100.0,6.0,31071.0,32510.0,16.0,36.0,32.0,1614732180.138,2021-03-03 00:43:00.138000011
55659908414,r6727430-n303509,0,203.36,86.366,57.86,6415.387,26094.613,16.0,68.421,73.189,208.933,89.812,60.345,6666.535,25843.465,16.0,68.318,73.43,247.9,95.0,65.0,6807.0,32510.0,16.0,71.0,77.0,1613432003.089,2021-02-15 23:33:23.088999987
55710519313,r9648383-n303766,1,24.625,0.0,0.0,0.0,32510.0,16.0,30.509,28.929,24.489,0.0,0.0,0.0,32510.0,16.0,30.003,28.114,24.76,0.0,0.0,0.0,32510.0,16.0,31.0,30.0,1614275050.771,2021-02-25 17:44:10.770999908
55716188968,r492024-n303766,0,205.165,86.632,58.033,6407.884,26102.116,16.0,68.467,73.153,211.562,90.376,60.65,6659.321,25850.679,16.0,68.37,73.205,249.76,100.0,65.0,6801.0,32510.0,16.0,71.0,76.0,1613432542.965,2021-02-15 23:42:22.964999914
55761022752,r4683026-n948219,0,27.051,0.0,0.0,0.0,32510.0,16.0,37.642,37.968,73.386,18.055,10.098,8585.206,23924.794,16.0,46.791,47.68,219.36,100.0,58.0,9147.0,32510.0,16.0,55.0,58.0,1613938183.279,2021-02-21 20:09:43.279000044
55761022752,r4683026-n948219,1,26.444,0.0,0.0,0.0,32510.0,16.0,34.082,32.475,74.419,39.557,10.649,8847.687,23662.313,16.0,44.375,42.532,228.9,100.0,58.0,9437.0,32510.0,16.0,54.0,53.0,1613938183.282,2021-02-21 20:09:43.282000065
55823347786,r7753495-n772143,0,44.598,4.17,0.657,19464.295,13045.705,16.0,33.072,30.782,44.598,4.17,0.657,19464.295,13045.705,16.0,33.072,30.782,202.82,100.0,27.0,27193.0,32510.0,16.0,37.0,34.0,1614726922.139,2021-03-02 23:15:22.138999939
55823347786,r7753495-n772143,1,43.776,4.157,0.666,21199.71,11310.29,16.0,32.153,31.09,43.776,4.157,0.666,21199.71,11310.29,16.0,32.153,31.09,207.22,100.0,27.0,28941.0,32510.0,16.0,36.0,35.0,1614726922.142,2021-03-02 23:15:22.141999960
55845783042,r1039410-n303509,0,25.849,0.0,0.0,0.018,32509.982,16.0,32.0,30.299,25.883,0.0,0.0,2.611,32507.389,16.0,32.561,30.619,26.09,0.0,0.0,4.0,32510.0,16.0,33.0,32.0,1614709488.306,2021-03-02 18:24:48.305999994
55845783042,r1039410-n303509,1,27.539,0.0,0.0,0.018,32509.982,16.0,31.981,31.116,34.551,0.007,0.0,766.017,31743.983,16.0,34.216,33.429,39.63,17.0,1.0,1177.0,32510.0,16.0,36.0,35.0,1614709488.31,2021-03-02 18:24:48.309999943
55862616584,r4506251-n303766,0,207.145,85.63,57.385,6403.923,26106.077,16.0,68.486,75.272,195.853,79.637,53.556,6674.835,25835.165,16.0,66.894,73.436,254.12,95.0,65.0,6799.0,32510.0,16.0,71.0,79.0,1613464628.828,2021-02-16 08:37:08.828000069
55873414914,r204106-n200569,1,25.667,0.0,0.0,0.0,32510.0,16.0,30.0,27.54,25.667,0.0,0.0,0.0,32510.0,16.0,30.0,27.54,25.7,0.0,0.0,0.0,32510.0,16.0,30.0,28.0,1614718332.639,2021-03-02 20:52:12.638999939
55887439435,r8532701-n772143,0,43.803,18.863,4.307,25471.516,7038.484,16.0,32.996,31.473,48.17,22.373,5.093,31020.579,1489.421,16.0,36.88,35.159,120.96,42.0,9.0,31071.0,32510.0,16.0,39.0,38.0,1614721838.746,2021-03-02 21:50:38.746000051
55892211861,r8141575-n303766,0,59.714,24.272,14.632,29927.056,2582.944,16.0,41.004,41.072,52.391,14.515,8.389,31040.993,1469.007,16.0,41.06,40.921,125.96,100.0,50.0,31071.0,32510.0,16.0,44.0,46.0,1614177464.751,2021-02-24 14:37:44.750999928
55906935267,r810901-n303509,1,24.418,0.0,0.0,0.0,32510.0,16.0,30.005,30.0,60.475,32.09,11.031,1529.71,30980.29,16.0,42.2,43.159,103.9,40.0,15.0,1539.0,32510.0,16.0,44.0,45.0,1613069831.645,2021-02-11 18:57:11.644999981
55932449331,r4144777-n303509,0,27.603,0.0,0.0,0.0,32510.0,16.0,35.694,33.841,44.917,21.373,2.537,28070.888,4439.112,16.0,40.114,37.504,53.84,32.0,4.0,30709.0,32510.0,16.0,41.0,39.0,1614320551.233,2021-02-26 06:22:31.233000040
55935947742,r7753495-n303509,1,31.198,0.831,0.01,495.633,32014.367,16.0,29.839,27.545,59.262,34.697,7.955,1536.408,30973.592,16.0,38.531,36.966,116.02,50.0,15.0,1539.0,32510.0,16.0,41.0,40.0,1613173487.822,2021-02-12 23:44:47.822000027
56009600916,r9170217-n303509,0,172.48,67.851,45.499,6379.484,26130.516,16.0,66.543,66.938,184.533,73.99,49.691,6681.785,25828.215,16.0,68.184,69.121,257.58,95.0,66.0,6807.0,32510.0,16.0,73.0,75.0,1613437950.473,2021-02-16 01:12:30.473000050
56013680081,r7317916-n948219,1,188.717,75.72,50.754,6195.91,26314.09,16.0,64.969,69.461,177.772,71.167,47.845,6631.497,25878.503,16.0,62.335,66.508,255.71,94.0,63.0,6799.0,32510.0,16.0,72.0,78.0,1613484354.876,2021-02-16 14:05:54.875999928
56073235095,r4683026-n948219,1,48.647,8.926,3.925,10879.358,21630.642,16.0,32.065,29.657,133.321,52.056,22.868,30463.948,2046.052,16.0,55.698,54.526,284.23,100.0,69.0,30473.0,32510.0,16.0,73.0,74.0,1613441272.513,2021-02-16 02:07:52.513000011
56137721763,r4683026-n948219,0,26.099,0.0,0.0,0.0,32510.0,16.0,32.694,32.28,74.454,25.85,12.683,8198.383,24311.617,16.0,47.328,48.53,203.74,100.0,56.0,8243.0,32510.0,16.0,55.0,58.0,1613865541.897,2021-02-20 23:59:01.897000074
56137721763,r4683026-n948219,1,25.857,0.0,0.0,0.0,32510.0,16.0,30.0,27.999,75.314,49.998,13.052,8283.795,24226.205,16.0,44.974,43.239,207.4,100.0,55.0,8589.0,32510.0,16.0,54.0,53.0,1613865541.903,2021-02-20 23:59:01.903000116
56165890473,r9170217-n303509,0,203.969,84.313,56.494,6369.488,26140.512,16.0,68.807,70.234,211.114,88.413,59.384,6650.221,25859.779,16.0,68.382,70.046,253.91,95.0,64.0,6799.0,32510.0,16.0,72.0,74.0,1613437596.604,2021-02-16 01:06:36.604000092
56217407174,r4683026-n303509,0,28.218,0.0,0.0,1.532,32508.468,16.0,31.13,29.495,53.083,13.585,5.818,1557.403,30952.597,16.0,36.886,34.778,177.76,73.0,33.0,2735.0,32510.0,16.0,47.0,45.0,1613055997.561,2021-02-11 15:06:37.561000109
56254670701,r3955005-n172107,1,47.336,24.486,3.558,29040.326,3469.674,16.0,34.846,34.853,47.228,23.765,3.468,31047.876,1462.124,16.0,35.502,35.507,105.87,100.0,6.0,31071.0,32510.0,16.0,36.0,36.0,1614736341.266,2021-03-03 01:52:21.266000032
56293480392,r5179276-n948219,0,198.033,86.961,58.419,6412.353,26097.647,16.0,62.254,66.925,207.668,90.517,60.852,6659.545,25850.455,16.0,66.721,72.491,245.87,95.0,65.0,6799.0,32510.0,16.0,72.0,79.0,1613440555.856,2021-02-16 01:55:55.855999947
56457455444,r7269000-n303509,0,141.691,48.209,32.261,6396.952,26113.048,16.0,62.228,64.088,169.775,64.733,43.41,6687.356,25822.644,16.0,64.094,67.122,256.09,95.0,66.0,6799.0,32510.0,16.0,72.0,77.0,1613574990.212,2021-02-17 15:16:30.211999893
56468754775,r9988778-n410412,0,25.252,0.0,0.0,0.0,32510.0,16.0,30.0,29.0,25.847,0.126,0.003,36.224,32473.776,16.0,30.059,29.011,38.15,14.0,1.0,1205.0,32510.0,16.0,31.0,30.0,1614737177.277,2021-03-03 02:06:17.276999950
56488913896,r204106-n772143,0,39.745,19.806,0.81,27083.672,5426.328,16.0,39.319,38.75,40.584,19.914,0.806,31016.877,1493.123,16.0,39.051,38.219,55.35,100.0,6.0,31071.0,32510.0,16.0,41.0,41.0,1614735549.891,2021-03-03 01:39:09.891000032
56501001183,r9170217-n948219,0,27.637,0.0,0.0,0.0,32510.0,16.0,34.0,32.259,27.637,0.0,0.0,0.0,32510.0,16.0,34.0,32.259,27.74,0.0,0.0,0.0,32510.0,16.0,34.0,33.0,1613429368.7,2021-02-15 22:49:28.700000048
56504878574,r7419443-n948219,0,35.664,0.11,0.001,853.166,31656.834,16.0,36.698,35.294,43.738,4.167,1.158,1906.418,30603.582,16.0,34.588,32.664,229.58,100.0,36.0,6451.0,32510.0,16.0,43.0,41.0,1613157375.801,2021-02-12 19:16:15.801000118
56518735710,r9480604-n410412,0,27.175,0.0,0.0,0.642,32509.358,16.0,37.0,35.617,27.175,0.0,0.0,0.642,32509.358,16.0,37.0,35.617,27.37,0.0,0.0,4.0,32510.0,16.0,37.0,36.0,1614108929.547,2021-02-23 19:35:29.546999931
56530751093,r44132-n410412,0,35.581,0.094,0.0,747.323,31762.677,16.0,39.04,37.455,39.019,0.028,0.0,1248.218,31261.782,16.0,36.276,34.383,41.06,20.0,1.0,1249.0,32510.0,16.0,42.0,40.0,1613439268.58,2021-02-16 01:34:28.579999924
56555949413,r4506251-n410412,0,25.905,0.0,0.0,2.369,32507.631,16.0,31.078,30.0,26.234,0.034,0.0,17.973,32492.027,16.0,31.084,30.026,39.71,26.0,1.0,1311.0,32510.0,16.0,33.0,31.0,1612962867.118,2021-02-10 13:14:27.118000031
56582247580,r974863-n410412,0,25.129,0.0,0.0,0.0,32510.0,16.0,30.0,29.968,25.129,0.0,0.0,0.0,32510.0,16.0,30.0,29.968,25.24,0.0,0.0,0.0,32510.0,16.0,30.0,30.0,1614734634.944,2021-03-03 01:23:54.944000006
56582247580,r974863-n410412,1,25.666,0.0,0.0,0.0,32510.0,16.0,31.0,28.0,25.666,0.0,0.0,0.0,32510.0,16.0,31.0,28.0,25.83,0.0,0.0,0.0,32510.0,16.0,31.0,28.0,1614734634.948,2021-03-03 01:23:54.947999954
56596602062,r8024255-n410412,1,25.462,0.0,0.0,0.0,32510.0,16.0,30.832,29.96,25.462,0.0,0.0,0.0,32510.0,16.0,30.832,29.96,25.57,0.0,0.0,0.0,32510.0,16.0,31.0,30.0,1614735030.195,2021-03-03 01:30:30.194999933
56640495249,r8024255-n410412,0,184.961,75.165,50.379,6150.097,26359.903,16.0,67.262,70.609,193.569,79.596,53.472,6593.812,25916.188,16.0,67.805,71.431,253.04,94.0,63.0,6799.0,32510.0,16.0,71.0,75.0,1613527119.356,2021-02-17 01:58:39.355999947
56663362026,r8972851-n303509,0,188.698,75.641,50.599,6181.981,26328.019,16.0,67.201,71.47,196.571,80.363,53.935,6610.353,25899.647,16.0,67.843,72.501,249.85,94.0,64.0,6807.0,32510.0,16.0,70.0,76.0,1613606017.741,2021-02-17 23:53:37.740999937
56667914638,r9988778-n303766,0,171.081,67.679,45.205,6425.291,26084.709,16.0,66.91,71.839,183.908,74.667,49.986,6694.97,25815.03,16.0,68.038,73.466,257.59,96.0,68.0,6807.0,32510.0,16.0,74.0,81.0,1613462470.533,2021-02-16 08:01:10.532999992
56683242441,r6727430-n303509,0,27.109,0.0,0.0,3.014,32506.986,16.0,36.214,33.509,27.109,0.0,0.0,3.014,32506.986,16.0,36.214,33.509,27.25,0.0,0.0,4.0,32510.0,16.0,37.0,34.0,1613012793.697,2021-02-11 03:06:33.697000027
56708340761,r5179276-n948219,0,203.62,86.504,57.989,6415.787,26094.213,16.0,68.629,75.394,207.33,89.307,60.012,6670.982,25839.018,16.0,68.363,75.457,245.14,95.0,66.0,6807.0,32510.0,16.0,71.0,79.0,1613583470.797,2021-02-17 17:37:50.796999931
56717068185,r5179276-n948219,0,202.896,86.097,57.801,6406.783,26103.217,16.0,68.745,75.911,196.324,82.635,55.572,6670.685,25839.315,16.0,68.444,75.258,245.7,96.0,68.0,6799.0,32510.0,16.0,72.0,80.0,1613581216.308,2021-02-17 17:00:16.308000088
56723210608,r7462820-n410412,0,204.776,84.816,56.838,6395.385,26114.615,16.0,69.059,75.676,207.722,87.108,58.457,6650.078,25859.922,16.0,68.222,75.031,255.66,95.0,65.0,6807.0,32510.0,16.0,72.0,80.0,1613571945.579,2021-02-17 14:25:45.578999996
56750927661,r7462820-n410412,1,182.797,72.467,48.626,6037.891,26472.109,16.0,62.298,64.538,192.327,78.303,52.714,6567.355,25942.645,16.0,62.928,65.523,257.31,94.0,64.0,6799.0,32510.0,16.0,69.0,73.0,1613576314.991,2021-02-17 15:38:34.990999937
56804981650,r7753495-n303509,0,24.887,0.0,0.0,0.0,32510.0,16.0,31.353,29.739,45.166,12.629,2.117,1073.254,31436.746,16.0,36.833,34.82,100.25,44.0,9.0,1093.0,32510.0,16.0,46.0,45.0,1613383693.291,2021-02-15 10:08:13.290999889
56807814632,r1039410-n948219,0,25.902,0.0,0.0,3.882,32506.118,16.0,30.0,30.0,25.902,0.0,0.0,3.882,32506.118,16.0,30.0,30.0,26.07,0.0,0.0,4.0,32510.0,16.0,30.0,30.0,1613477350.975,2021-02-16 12:09:10.974999905
56807814632,r1039410-n948219,1,25.102,0.0,0.0,3.882,32506.118,16.0,30.0,27.0,25.102,0.0,0.0,3.882,32506.118,16.0,30.0,27.0,25.24,0.0,0.0,4.0,32510.0,16.0,30.0,27.0,1613477350.984,2021-02-16 12:09:10.983999968
56807814632,r2684277-n948219,0,26.453,0.0,0.0,3.745,32506.255,16.0,30.399,29.107,26.453,0.0,0.0,3.745,32506.255,16.0,30.399,29.107,26.6,0.0,0.0,4.0,32510.0,16.0,31.0,30.0,1613477350.975,2021-02-16 12:09:10.974999905
56807814632,r2684277-n948219,1,26.739,0.0,0.0,3.745,32506.255,16.0,30.0,28.003,26.739,0.0,0.0,3.745,32506.255,16.0,30.0,28.003,26.86,0.0,0.0,4.0,32510.0,16.0,30.0,29.0,1613477350.978,2021-02-16 12:09:10.977999926
56871501211,r492024-n303766,0,31.533,0.076,0.0,540.788,31969.212,16.0,34.667,32.717,37.02,0.078,0.04,23339.931,9170.069,16.0,36.991,35.166,230.59,100.0,74.0,31765.0,32510.0,16.0,42.0,47.0,1613229812.23,2021-02-13 15:23:32.230000019
56905505904,r8141575-n303766,0,46.937,1.716,0.249,486.847,32023.153,16.0,43.013,42.022,46.937,1.716,0.249,486.847,32023.153,16.0,43.013,42.022,170.02,98.0,41.0,3311.0,32510.0,16.0,45.0,44.0,1613942550.706,2021-02-21 21:22:30.706000090
56940367385,r9988778-n303766,0,27.625,1.384,0.039,174.134,32335.866,16.0,31.675,31.192,56.897,38.163,6.455,1134.529,31375.471,16.0,41.734,41.009,103.26,52.0,10.0,1159.0,32510.0,16.0,43.0,44.0,1613329285.317,2021-02-14 19:01:25.316999912
56956557043,r44132-n410412,1,25.646,0.0,0.0,0.0,32510.0,16.0,28.0,29.0,26.855,0.01,0.0,49.445,32460.555,16.0,28.157,29.065,36.66,9.0,0.0,517.0,32510.0,16.0,30.0,30.0,1613371916.587,2021-02-15 06:51:56.586999893
56970211253,r5179276-n948219,0,201.018,85.417,57.168,6408.93,26101.07,16.0,68.739,75.361,204.624,87.889,59.037,6649.865,25860.135,16.0,68.386,75.291,244.78,95.0,65.0,6807.0,32510.0,16.0,72.0,79.0,1613583113.826,2021-02-17 17:31:53.825999975
56982177843,r5179276-n948219,0,204.285,87.153,58.509,6418.375,26091.625,16.0,68.934,74.778,209.621,91.05,61.173,6661.464,25848.536,16.0,68.487,74.56,245.78,95.0,65.0,6799.0,32510.0,16.0,72.0,78.0,1613438735.366,2021-02-16 01:25:35.365999937
57000771793,r1039410-n303509,0,31.515,2.939,0.014,129.483,32380.517,16.0,38.415,36.51,31.515,2.939,0.014,129.483,32380.517,16.0,38.415,36.51,57.3,99.0,1.0,732.0,32510.0,16.0,40.0,37.0,1613082110.543,2021-02-11 22:21:50.542999983
57090923632,r4506251-n303766,0,30.346,0.095,0.025,4061.065,28448.935,16.0,35.141,35.945,67.403,67.318,6.819,27289.271,5220.729,16.0,43.869,44.696,96.12,100.0,8.0,31023.0,32510.0,16.0,47.0,48.0,1613472515.692,2021-02-16 10:48:35.691999912
57116443881,r974863-n410412,1,185.155,80.732,54.296,6344.743,26165.257,16.0,57.26,59.525,196.374,86.5,58.32,6645.894,25864.106,16.0,60.761,63.92,240.27,96.0,66.0,6799.0,32510.0,16.0,64.0,68.0,1613448522.9,2021-02-16 04:08:42.900000095
57121199546,r9852763-n200569,1,29.052,0.0,0.0,0.0,32510.0,16.0,30.0,29.976,29.052,0.0,0.0,0.0,32510.0,16.0,30.0,29.976,29.08,0.0,0.0,0.0,32510.0,16.0,30.0,30.0,1614718322.506,2021-03-02 20:52:02.506000042
57144032820,r8275852-n303766,0,50.771,17.996,3.875,582.831,31927.169,16.0,37.592,35.752,165.41,96.564,20.954,4211.011,28298.989,16.0,66.949,64.107,210.34,100.0,29.0,4231.0,32510.0,16.0,72.0,70.0,1613676303.569,2021-02-18 19:25:03.569000006
57154078506,r5354770-n750018,0,25.729,0.0,0.0,0.0,32510.0,16.0,28.498,28.003,25.748,0.0,0.0,0.0,32510.0,16.0,28.663,28.152,26.09,0.0,0.0,0.0,32510.0,16.0,29.0,29.0,1614759517.418,2021-03-03 08:18:37.417999983
57154078506,r5354770-n750018,1,26.931,0.0,0.0,0.0,32510.0,16.0,28.994,28.898,26.885,0.0,0.0,0.0,32510.0,16.0,28.581,28.365,27.26,0.0,0.0,0.0,32510.0,16.0,29.0,29.0,1614759517.425,2021-03-03 08:18:37.424999952
57156085806,r5051220-n772143,1,44.366,22.719,3.38,27032.81,5477.19,16.0,35.885,35.045,45.543,22.687,3.356,31027.802,1482.198,16.0,35.912,34.987,101.48,100.0,6.0,31071.0,32510.0,16.0,38.0,38.0,1614730406.679,2021-03-03 00:13:26.678999901
57187520167,r974863-n410412,0,26.434,0.0,0.0,0.0,32510.0,16.0,38.763,38.446,26.434,0.0,0.0,0.0,32510.0,16.0,38.763,38.446,26.86,0.0,0.0,0.0,32510.0,16.0,40.0,40.0,1612997276.148,2021-02-10 22:47:56.148000002
57214754581,r414303-n303509,0,208.227,86.613,58.066,6408.189,26101.811,16.0,68.224,76.471,215.335,90.446,60.693,6662.285,25847.715,16.0,68.329,76.867,252.45,95.0,65.0,6801.0,32510.0,16.0,71.0,80.0,1613436612.992,2021-02-16 00:50:12.992000103
57217150502,r810901-n303509,0,27.386,0.0,0.0,0.0,32510.0,16.0,32.0,31.012,62.664,26.799,12.664,29652.053,2857.947,16.0,41.813,42.416,95.29,100.0,21.0,30651.0,32510.0,16.0,48.0,50.0,1612952329.109,2021-02-10 10:18:49.108999968
57219511217,r2215649-n410412,0,26.668,0.0,0.0,0.0,32510.0,16.0,35.0,32.0,26.668,0.0,0.0,0.0,32510.0,16.0,35.0,32.0,26.68,0.0,0.0,0.0,32510.0,16.0,35.0,32.0,1614113518.946,2021-02-23 20:51:58.946000099
57284744057,r4605940-n303509,1,28.583,2.366,0.823,160.097,32349.903,16.0,30.048,30.353,44.534,19.054,6.922,966.543,31543.457,16.0,32.843,33.281,71.49,45.0,18.0,1333.0,32510.0,16.0,35.0,36.0,1612828998.489,2021-02-09 00:03:18.489000082
57304990340,r9648383-n410412,0,26.402,0.0,0.0,0.0,32510.0,16.0,32.0,31.991,26.402,0.0,0.0,0.0,32510.0,16.0,32.0,31.991,26.51,0.0,0.0,0.0,32510.0,16.0,32.0,32.0,1614734634.965,2021-03-03 01:23:54.964999914
57304990340,r9648383-n410412,1,26.855,0.0,0.0,0.0,32510.0,16.0,32.0,29.016,26.855,0.0,0.0,0.0,32510.0,16.0,32.0,29.016,26.99,0.0,0.0,0.0,32510.0,16.0,32.0,30.0,1614734634.968,2021-03-03 01:23:54.967999935
57344760839,r3974592-n303509,1,24.826,0.0,0.0,3.989,32506.011,16.0,28.0,26.998,24.829,0.0,0.0,3.95,32506.05,16.0,28.0,26.999,25.1,0.0,0.0,4.0,32510.0,16.0,28.0,27.0,1613289247.246,2021-02-14 07:54:07.246000051
57386941605,r1039410-n948219,0,25.837,0.0,0.0,0.004,32509.996,16.0,30.0,30.0,25.836,0.0,0.0,0.002,32509.998,16.0,30.0,30.0,26.03,0.0,0.0,4.0,32510.0,16.0,30.0,30.0,1614401779.507,2021-02-27 04:56:19.506999969
57386941605,r1039410-n948219,1,25.066,0.0,0.0,0.007,32509.993,16.0,30.0,27.006,25.065,0.0,0.0,0.004,32509.996,16.0,30.0,27.005,25.18,0.0,0.0,4.0,32510.0,16.0,30.0,28.0,1614401779.511,2021-02-27 04:56:19.510999918
57388078756,r7317916-n948219,0,164.249,70.293,47.181,6383.54,26126.46,16.0,63.231,69.572,188.363,83.415,56.127,6662.627,25847.373,16.0,66.796,74.555,236.25,95.0,66.0,6799.0,32510.0,16.0,71.0,80.0,1613478268.652,2021-02-16 12:24:28.651999950
57396119616,r7269000-n303509,0,210.64,87.173,58.317,6401.028,26108.972,16.0,67.546,72.308,214.666,89.821,60.217,6635.363,25874.637,16.0,67.834,72.941,254.8,95.0,66.0,6801.0,32510.0,16.0,71.0,76.0,1613575833.111,2021-02-17 15:30:33.111000061
57442936922,r492024-n410412,0,28.103,0.0,0.0,0.0,32510.0,16.0,32.0,30.0,28.103,0.0,0.0,0.0,32510.0,16.0,32.0,30.0,28.15,0.0,0.0,0.0,32510.0,16.0,32.0,30.0,1614734566.642,2021-03-03 01:22:46.641999960
57479513493,r7269000-n303509,0,210.967,87.566,58.589,6417.434,26092.566,16.0,68.237,72.97,214.282,89.454,60.011,6666.852,25843.148,16.0,68.033,72.962,254.34,96.0,66.0,6799.0,32510.0,16.0,71.0,76.0,1613584159.065,2021-02-17 17:49:19.065000057
57493078898,r492024-n303766,0,27.05,0.084,0.0,161.674,32348.326,16.0,33.385,32.004,36.901,0.123,0.062,28550.579,3959.421,16.0,36.427,34.545,236.44,100.0,80.0,29311.0,32510.0,16.0,42.0,47.0,1613209130.598,2021-02-13 09:38:50.598000050
57511224041,r7141590-n303509,0,26.859,0.0,0.0,0.0,32510.0,16.0,39.0,38.0,26.859,0.0,0.0,0.0,32510.0,16.0,39.0,38.0,27.06,0.0,0.0,0.0,32510.0,16.0,39.0,38.0,1613144915.587,2021-02-12 15:48:35.586999893
57530298975,r974863-n410412,0,26.039,0.0,0.0,2.972,32507.028,16.0,37.0,36.847,26.039,0.0,0.0,2.972,32507.028,16.0,37.0,36.847,26.32,0.0,0.0,4.0,32510.0,16.0,37.0,37.0,1613011564.244,2021-02-11 02:46:04.243999958
57534584715,r1051355-n172107,1,41.672,24.316,1.666,29254.03,3255.97,16.0,38.778,35.805,40.394,23.441,1.554,31048.32,1461.68,16.0,36.854,33.562,53.26,100.0,6.0,31071.0,32510.0,16.0,41.0,38.0,1614737053.629,2021-03-03 02:04:13.628999949
57540608014,r492024-n303766,0,189.996,78.608,52.694,5943.637,26566.363,16.0,67.963,72.307,186.329,76.887,51.64,6546.422,25963.578,16.0,66.744,70.935,249.98,94.0,64.0,6807.0,32510.0,16.0,72.0,77.0,1613439871.21,2021-02-16 01:44:31.210000038
57550345073,r6727430-n303509,0,26.712,0.0,0.0,0.0,32510.0,16.0,34.0,31.0,66.184,34.437,8.845,1009.904,31500.096,16.0,44.192,41.905,113.93,50.0,14.0,1093.0,32510.0,16.0,47.0,46.0,1613401915.44,2021-02-15 15:11:55.440000057
57628777704,r44132-n303766,0,190.541,78.066,52.34,5856.418,26653.582,16.0,65.367,71.5,203.886,85.008,57.097,6463.641,26046.359,16.0,67.449,74.429,251.38,95.0,65.0,6807.0,32510.0,16.0,70.0,78.0,1613463549.678,2021-02-16 08:19:09.677999973
57634794647,r4506251-n410412,1,25.909,0.0,0.0,0.0,32510.0,16.0,31.52,28.646,25.909,0.0,0.0,0.0,32510.0,16.0,31.52,28.646,26.02,0.0,0.0,0.0,32510.0,16.0,32.0,29.0,1614735030.163,2021-03-03 01:30:30.163000107
57662313835,r44132-n303766,0,198.702,82.016,55.002,6178.146,26331.854,16.0,67.581,74.422,205.696,86.006,57.759,6594.787,25915.213,16.0,68.036,75.29,251.48,95.0,65.0,6807.0,32510.0,16.0,71.0,79.0,1613453455.016,2021-02-16 05:30:55.016000032
57688122181,r974863-n303766,0,27.727,0.0,0.0,3.877,32506.123,16.0,40.093,38.02,29.539,0.44,0.025,181.422,32328.578,16.0,39.812,37.696,164.12,85.0,5.0,1477.0,32510.0,16.0,45.0,39.0,1613853415.507,2021-02-20 20:36:55.506999969
57689884631,r974863-n410412,0,26.033,0.0,0.0,2.965,32507.035,16.0,37.0,36.816,26.033,0.0,0.0,2.965,32507.035,16.0,37.0,36.816,26.26,0.0,0.0,4.0,32510.0,16.0,37.0,37.0,1613011441.067,2021-02-11 02:44:01.066999911
57719617660,r4605940-n948219,0,74.093,38.232,17.912,19242.813,13267.187,16.0,38.018,37.076,133.56,85.237,40.143,30941.328,1568.672,16.0,59.824,61.152,143.35,89.0,42.0,31023.0,32510.0,16.0,64.0,66.0,1614478643.15,2021-02-28 02:17:23.150000095
57769060421,r974863-n410412,0,209.887,86.916,58.132,6407.329,26102.671,16.0,68.515,73.436,214.649,90.075,60.344,6661.692,25848.308,16.0,68.324,73.491,262.76,96.0,66.0,6801.0,32510.0,16.0,71.0,77.0,1613445288.537,2021-02-16 03:14:48.536999941
57833297880,r5354770-n172107,0,41.662,18.257,3.005,28100.137,4409.863,16.0,33.834,31.245,44.152,21.336,3.372,31036.992,1473.008,16.0,38.864,36.4,99.73,39.0,6.0,31071.0,32510.0,16.0,40.0,38.0,1614731325.108,2021-03-03 00:28:45.108000040
57842194187,r4506251-n410412,1,25.957,0.0,0.0,0.0,32510.0,16.0,31.333,28.667,25.957,0.0,0.0,0.0,32510.0,16.0,31.333,28.667,26.0,0.0,0.0,0.0,32510.0,16.0,32.0,29.0,1614734668.964,2021-03-03 01:24:28.963999987
57846258976,r8141575-n410412,0,39.044,0.17,0.002,1095.022,31414.978,16.0,37.775,35.825,39.044,0.17,0.002,1095.022,31414.978,16.0,37.775,35.825,40.95,24.0,1.0,1203.0,32510.0,16.0,39.0,37.0,1614620822.182,2021-03-01 17:47:02.181999922
57846258976,r8141575-n410412,1,27.267,0.0,0.0,3.821,32506.179,16.0,34.622,33.261,27.267,0.0,0.0,3.821,32506.179,16.0,34.622,33.261,28.09,0.0,0.0,4.0,32510.0,16.0,38.0,37.0,1614620822.23,2021-03-01 17:47:02.230000019
57869157658,r8275852-n410412,0,70.139,59.094,7.198,29336.063,3173.937,16.0,43.291,43.751,76.57,71.893,8.585,30993.267,1516.733,16.0,45.48,45.816,93.17,100.0,10.0,31023.0,32510.0,16.0,47.0,47.0,1613689725.915,2021-02-18 23:08:45.914999962
57894468410,r1051355-n172107,0,38.989,19.406,1.658,27915.207,4594.793,16.0,37.093,35.955,39.746,21.192,1.523,31030.095,1479.905,16.0,37.237,35.985,52.42,100.0,6.0,31071.0,32510.0,16.0,38.0,37.0,1614735817.596,2021-03-03 01:43:37.595999956
57926608082,r7269000-n948219,0,191.434,77.282,51.593,6130.647,26379.353,16.0,60.675,62.445,206.045,83.961,55.927,6575.405,25934.595,16.0,66.682,69.582,264.06,95.0,64.0,6793.0,32510.0,16.0,71.0,75.0,1613441609.932,2021-02-16 02:13:29.931999922
57932866527,r8141575-n410412,1,42.593,0.209,0.005,1271.913,31238.087,16.0,49.052,48.799,59.119,13.303,3.543,4054.709,28455.291,16.0,41.456,39.779,249.75,100.0,42.0,26395.0,32510.0,16.0,63.0,65.0,1614638779.911,2021-03-01 22:46:19.911000013
57941957744,r6727430-n303509,0,192.683,80.728,54.221,6413.133,26096.867,16.0,68.0,72.351,191.978,80.303,54.003,6673.313,25836.687,16.0,68.135,72.51,246.95,95.0,65.0,6793.0,32510.0,16.0,72.0,77.0,1613440607.76,2021-02-16 01:56:47.759999990
58020061057,r8275852-n303766,0,31.434,0.411,0.057,415.415,32094.585,16.0,35.756,34.311,41.843,1.09,0.178,1389.848,31120.152,16.0,40.581,38.619,74.06,61.0,10.0,1407.0,32510.0,16.0,42.0,41.0,1613573964.859,2021-02-17 14:59:24.858999968
58022511108,r414303-n303509,0,31.746,0.712,0.035,242.297,32267.703,16.0,37.629,37.546,75.482,43.143,11.463,1073.225,31436.775,16.0,48.115,49.249,121.33,54.0,16.0,1093.0,32510.0,16.0,53.0,55.0,1613091240.673,2021-02-12 00:54:00.673000097
58099422290,r44132-n303766,0,161.672,62.457,41.756,6366.839,26143.161,16.0,65.065,69.997,177.665,70.948,47.622,6679.947,25830.053,16.0,66.762,72.424,252.26,95.0,65.0,6799.0,32510.0,16.0,73.0,80.0,1613468571.796,2021-02-16 09:42:51.796000004
58117322031,r7753495-n303509,0,38.835,0.602,0.03,979.449,31530.551,16.0,38.936,36.765,70.906,34.28,9.554,1088.159,31421.841,16.0,48.795,47.22,112.61,47.0,14.0,1093.0,32510.0,16.0,51.0,50.0,1613358579.64,2021-02-15 03:09:39.640000105
58156981987,r4144777-n303509,0,27.014,0.0,0.0,0.0,32510.0,16.0,33.001,31.208,60.299,31.442,7.491,1575.445,30934.555,16.0,41.982,39.378,104.14,46.0,12.0,1605.0,32510.0,16.0,43.0,41.0,1614459269.622,2021-02-27 20:54:29.621999979
58208027654,r7462820-n303766,1,168.306,73.13,49.071,5892.579,26617.421,16.0,50.3,53.026,161.782,67.49,45.408,6568.362,25941.638,16.0,54.616,57.52,246.66,96.0,67.0,6807.0,32510.0,16.0,73.0,78.0,1613649975.842,2021-02-18 12:06:15.842000008
58234767667,r7462820-n410412,0,180.84,72.253,48.454,6054.812,26455.188,16.0,65.665,70.692,192.627,78.48,52.714,6575.561,25934.439,16.0,67.702,73.265,252.72,94.0,64.0,6807.0,32510.0,16.0,71.0,77.0,1613579622.541,2021-02-17 16:33:42.540999889
58283216580,r4144777-n303509,0,33.987,1.186,0.011,482.807,32027.193,16.0,37.869,35.73,61.856,35.139,7.518,1602.398,30907.602,16.0,43.643,41.148,123.21,50.0,13.0,1605.0,32510.0,16.0,46.0,44.0,1613170450.521,2021-02-12 22:54:10.520999907
58315831059,r7269000-n948219,0,27.788,0.0,0.0,0.606,32509.394,16.0,38.273,37.091,27.788,0.0,0.0,0.606,32509.394,16.0,38.273,37.091,28.1,0.0,0.0,4.0,32510.0,16.0,39.0,38.0,1613430009.489,2021-02-15 23:00:09.489000082
58355521198,r9170217-n948219,0,27.679,0.0,0.0,0.0,32510.0,16.0,34.0,32.833,27.679,0.0,0.0,0.0,32510.0,16.0,34.0,32.833,27.78,0.0,0.0,0.0,32510.0,16.0,34.0,33.0,1613429361.568,2021-02-15 22:49:21.568000078
58361456036,r414303-n948219,0,26.281,0.0,0.0,0.0,32510.0,16.0,31.0,29.771,63.983,37.185,11.264,2607.543,29902.457,16.0,40.968,39.043,119.37,53.0,18.0,2631.0,32510.0,16.0,43.0,41.0,1614443291.973,2021-02-27 16:28:11.973000050
58414061172,r1039410-n948219,0,25.802,0.0,0.0,0.0,32510.0,16.0,29.993,29.936,25.804,0.0,0.0,0.0,32510.0,16.0,29.994,29.939,25.84,0.0,0.0,0.0,32510.0,16.0,30.0,30.0,1613651214.279,2021-02-18 12:26:54.279000044
58414061172,r1039410-n948219,1,25.001,0.0,0.0,0.0,32510.0,16.0,30.0,26.581,25.001,0.0,0.0,0.0,32510.0,16.0,30.0,26.595,25.16,0.0,0.0,0.0,32510.0,16.0,30.0,27.0,1613651214.282,2021-02-18 12:26:54.282000065
58414061172,r2684277-n948219,0,26.325,0.0,0.0,0.0,32510.0,16.0,30.0,28.999,26.324,0.0,0.0,0.0,32510.0,16.0,30.0,28.999,26.43,0.0,0.0,0.0,32510.0,16.0,30.0,29.0,1613651214.266,2021-02-18 12:26:54.266000032
58414061172,r2684277-n948219,1,26.631,0.0,0.0,0.0,32510.0,16.0,29.0,27.949,26.631,0.0,0.0,0.0,32510.0,16.0,29.0,27.955,26.72,0.0,0.0,0.0,32510.0,16.0,29.0,28.0,1613651214.276,2021-02-18 12:26:54.276000023
58424808139,r9170217-n948219,0,163.392,67.124,45.07,6064.355,26445.645,16.0,61.369,65.062,176.3,72.206,48.551,6565.427,25944.573,16.0,64.108,68.267,244.76,94.0,63.0,6801.0,32510.0,16.0,68.0,74.0,1613585802.234,2021-02-17 18:16:42.233999968
58446406458,r4099734-n172107,1,41.838,22.044,1.618,28663.138,3846.862,16.0,35.477,33.777,42.059,23.238,1.585,31040.863,1469.137,16.0,34.919,33.199,68.43,34.0,3.0,31071.0,32510.0,16.0,37.0,35.0,1614723869.218,2021-03-02 22:24:29.217999935
58520965737,r7462820-n410412,0,200.148,82.049,54.958,6377.622,26132.378,16.0,68.485,74.332,206.477,86.231,57.845,6642.886,25867.114,16.0,68.202,74.339,254.02,98.0,65.0,6807.0,32510.0,16.0,72.0,78.0,1613586564.66,2021-02-17 18:29:24.660000086
58568306530,r7269000-n948219,0,195.321,76.667,50.951,6068.978,26441.022,16.0,68.102,70.93,204.784,82.502,54.963,6564.826,25945.174,16.0,68.217,71.336,263.49,94.0,64.0,6799.0,32510.0,16.0,72.0,76.0,1613444924.703,2021-02-16 03:08:44.703000069
58569670754,r5179276-n948219,0,46.756,23.551,3.787,29884.795,2625.205,16.0,41.178,39.785,46.112,20.306,3.306,31056.51,1453.49,16.0,41.277,39.957,101.87,100.0,6.0,31071.0,32510.0,16.0,42.0,41.0,1613424847.516,2021-02-15 21:34:07.516000032
58588140859,r3974592-n172107,0,45.416,26.676,3.384,29200.637,3309.363,16.0,30.629,29.393,44.886,24.394,3.24,31049.17,1460.83,16.0,29.863,28.768,78.61,100.0,6.0,31071.0,32510.0,16.0,31.0,30.0,1614747179.648,2021-03-03 04:52:59.648000002
58602988337,r414303-n303509,0,31.128,0.0,0.0,0.0,32510.0,16.0,49.901,52.148,148.157,78.46,43.367,29471.449,3038.551,16.0,63.539,69.521,245.65,100.0,62.0,31127.0,32510.0,16.0,72.0,81.0,1612971351.381,2021-02-10 15:35:51.381000042
58602988337,r414303-n303509,1,28.786,0.0,0.0,0.0,32510.0,16.0,43.993,42.542,138.165,79.454,42.73,29855.326,2654.674,16.0,57.578,60.673,236.25,100.0,62.0,31127.0,32510.0,16.0,69.0,74.0,1612971351.384,2021-02-10 15:35:51.384000063
58660621088,r3974592-n172107,0,54.247,21.534,8.967,26158.576,6351.424,16.0,29.927,29.216,58.355,27.093,11.191,31016.339,1493.661,16.0,31.706,31.055,125.35,47.0,20.0,31071.0,32510.0,16.0,34.0,34.0,1614715744.699,2021-03-02 20:09:04.698999882
58717225052,r3974592-n172107,1,49.411,25.176,6.947,29334.189,3175.811,16.0,30.364,29.055,48.133,25.479,7.055,31051.595,1458.405,16.0,29.943,28.503,106.97,100.0,11.0,31071.0,32510.0,16.0,31.0,30.0,1614747672.305,2021-03-03 05:01:12.305000067
58722090524,r8972851-n303509,0,31.396,0.059,0.004,1.952,32508.048,16.0,36.409,36.44,216.425,92.843,63.938,3288.757,29221.243,16.0,68.343,74.26,241.5,99.0,70.0,7145.0,32510.0,16.0,73.0,80.0,1613577233.726,2021-02-17 15:53:53.726000071
58729630773,r4506251-n410412,0,31.434,1.271,0.119,152.966,32357.034,16.0,40.245,39.186,75.115,39.487,9.394,1507.805,31002.195,16.0,51.065,49.872,124.72,53.0,14.0,1539.0,32510.0,16.0,53.0,52.0,1613240181.905,2021-02-13 18:16:21.904999971
58739261088,r5051220-n172107,0,40.112,17.303,2.818,25975.06,6534.94,16.0,33.848,30.021,43.361,22.251,3.511,31010.426,1499.574,16.0,37.243,33.692,93.53,40.0,6.0,31071.0,32510.0,16.0,38.0,35.0,1614715475.75,2021-03-02 20:04:35.750000000
58771432131,r9170217-n303509,0,27.346,0.866,0.029,63.859,32446.141,16.0,32.137,29.047,66.053,41.267,10.716,1543.31,30966.69,16.0,44.682,41.019,125.51,58.0,17.0,1605.0,32510.0,16.0,47.0,44.0,1613317428.412,2021-02-14 15:43:48.411999941
58793914423,r810901-n172107,0,26.675,0.0,0.0,0.0,32510.0,16.0,31.0,30.0,26.675,0.0,0.0,0.0,32510.0,16.0,31.0,30.0,26.68,0.0,0.0,0.0,32510.0,16.0,31.0,30.0,1614716594.736,2021-03-02 20:23:14.736000061
58793914423,r810901-n172107,1,25.225,0.0,0.0,0.0,32510.0,16.0,30.0,30.0,25.225,0.0,0.0,0.0,32510.0,16.0,30.0,30.0,25.23,0.0,0.0,0.0,32510.0,16.0,30.0,30.0,1614716594.739,2021-03-02 20:23:14.739000082
58844228286,r4144777-n200569,0,26.558,0.0,0.0,0.01,32509.99,16.0,29.0,27.0,28.124,0.0,0.0,0.0,32510.0,16.0,37.946,36.101,28.86,0.0,0.0,4.0,32510.0,16.0,39.0,38.0,1614723250.151,2021-03-02 22:14:10.151000023
58864514471,r216287-n303509,1,27.298,0.0,0.0,1.697,32508.303,16.0,36.0,34.0,27.298,0.0,0.0,1.697,32508.303,16.0,36.0,34.0,27.49,0.0,0.0,4.0,32510.0,16.0,36.0,34.0,1612829845.83,2021-02-09 00:17:25.829999924
58882659096,r9170217-n303509,0,30.817,0.693,0.031,252.34,32257.66,16.0,39.503,36.203,71.806,37.842,11.395,1562.408,30947.592,16.0,50.845,47.28,116.13,47.0,15.0,1605.0,32510.0,16.0,53.0,50.0,1613057458.21,2021-02-11 15:30:58.210000038
58900688086,r974863-n410412,0,205.677,87.417,58.577,6423.567,26086.433,16.0,56.454,59.912,213.879,90.324,60.555,6667.469,25842.531,16.0,64.655,69.361,259.95,96.0,66.0,6799.0,32510.0,16.0,73.0,78.0,1613455053.071,2021-02-16 05:57:33.071000099
59053931856,r414303-n948219,0,30.653,0.553,0.165,131.899,32378.101,16.0,35.867,33.655,204.73,95.539,64.043,2869.485,29640.515,16.0,68.383,73.351,237.25,100.0,67.0,4309.0,32510.0,16.0,72.0,78.0,1613948520.181,2021-02-21 23:02:00.180999994
59072553188,r7141590-n948219,0,206.871,85.344,56.913,6393.289,26116.711,16.0,68.872,73.667,214.093,89.172,59.642,6652.432,25857.568,16.0,68.416,73.513,264.1,100.0,65.0,6793.0,32510.0,16.0,72.0,77.0,1613433365.183,2021-02-15 23:56:05.183000088
59077350377,r9480604-n303766,0,28.925,0.0,0.0,2.158,32507.842,16.0,34.844,32.861,28.925,0.0,0.0,2.158,32507.842,16.0,34.844,32.861,44.78,0.0,0.0,4.0,32510.0,16.0,37.0,34.0,1613954907.487,2021-02-22 00:48:27.486999989
59157356526,r4506251-n410412,0,28.809,1.093,0.005,73.253,32436.747,16.0,37.405,36.344,64.091,33.246,7.202,1599.228,30910.772,16.0,46.582,45.171,128.94,53.0,15.0,1605.0,32510.0,16.0,50.0,50.0,1613184838.405,2021-02-13 02:53:58.404999971
59181494040,r4099734-n200569,0,25.681,0.0,0.0,0.0,32510.0,16.0,30.0,29.941,25.681,0.0,0.0,0.0,32510.0,16.0,30.0,29.941,25.85,0.0,0.0,0.0,32510.0,16.0,30.0,30.0,1614716459.413,2021-03-02 20:20:59.413000107
59202725861,r9170217-n303509,0,25.946,0.0,0.0,0.022,32509.978,16.0,31.978,29.0,25.946,0.0,0.0,0.022,32509.978,16.0,31.978,29.0,26.08,0.0,0.0,4.0,32510.0,16.0,32.0,29.0,1614729480.197,2021-03-02 23:58:00.197000027
59202725861,r9170217-n303509,1,24.835,0.0,0.0,0.022,32509.978,16.0,29.0,27.989,24.835,0.0,0.0,0.022,32509.978,16.0,29.0,27.989,24.94,0.0,0.0,4.0,32510.0,16.0,29.0,28.0,1614729480.2,2021-03-02 23:58:00.200000048
59217233317,r7753495-n772143,0,40.461,2.544,0.534,18189.916,14320.084,16.0,31.835,29.709,40.461,2.544,0.534,18189.916,14320.084,16.0,31.835,29.709,202.77,100.0,28.0,27191.0,32510.0,16.0,36.0,33.0,1614726869.538,2021-03-02 23:14:29.538000107
59217233317,r7753495-n772143,1,42.298,2.664,0.589,19784.807,12725.193,16.0,31.717,30.371,42.298,2.664,0.589,19784.807,12725.193,16.0,31.717,30.371,204.54,100.0,28.0,28939.0,32510.0,16.0,36.0,33.0,1614726869.541,2021-03-02 23:14:29.540999889
59259996423,r7141590-n303509,0,26.714,0.0,0.0,0.0,32510.0,16.0,38.051,37.402,33.08,2.985,1.769,1523.413,30986.587,16.0,38.882,38.181,221.85,75.0,47.0,12133.0,32510.0,16.0,48.0,48.0,1613468114.96,2021-02-16 09:35:14.960000038
59264127443,r8473362-n410412,0,39.493,32.31,0.0,1003.413,31506.587,16.0,39.962,37.061,39.401,33.527,0.0,1039.504,31470.496,16.0,38.782,36.204,44.24,48.0,0.0,1065.0,32510.0,16.0,40.0,38.0,1613789992.492,2021-02-20 02:59:52.492000103
59316328505,r8141575-n303766,0,177.713,78.977,52.207,2444.251,30065.749,16.0,58.577,60.958,215.99,95.722,63.911,2879.932,29630.068,16.0,68.376,72.588,263.71,100.0,67.0,3779.0,32510.0,16.0,73.0,78.0,1613942596.701,2021-02-21 21:23:16.700999975
59333947736,r7462820-n410412,0,202.137,83.46,55.907,6340.242,26169.758,16.0,67.569,73.482,207.336,86.67,58.204,6643.652,25866.348,16.0,68.016,74.208,252.57,94.0,65.0,6801.0,32510.0,16.0,70.0,77.0,1613584689.804,2021-02-17 17:58:09.803999901
59344379228,r7317916-n948219,0,173.036,75.185,50.517,6190.788,26319.212,16.0,64.059,70.628,186.897,80.724,54.332,6606.677,25903.323,16.0,67.592,74.827,240.78,94.0,64.0,6799.0,32510.0,16.0,72.0,80.0,1613483060.279,2021-02-16 13:44:20.279000044
59347859695,r4144777-n303509,0,38.208,3.767,0.641,1581.126,30928.874,16.0,34.126,32.049,38.208,3.767,0.641,1581.126,30928.874,16.0,34.126,32.049,84.67,65.0,27.0,7947.0,32510.0,16.0,36.0,36.0,1614179378.512,2021-02-24 15:09:38.512000083
59366171946,r7269000-n948219,0,27.952,0.0,0.0,0.286,32509.714,16.0,39.0,38.0,27.952,0.0,0.0,0.286,32509.714,16.0,39.0,38.0,28.16,0.0,0.0,4.0,32510.0,16.0,39.0,38.0,1613429800.907,2021-02-15 22:56:40.907000065
59372255496,r8141575-n303766,0,37.165,0.0,0.0,2.534,32507.466,16.0,42.248,41.95,37.165,0.0,0.0,2.534,32507.466,16.0,42.248,41.95,46.12,0.0,0.0,4.0,32510.0,16.0,43.0,42.0,1613942574.982,2021-02-21 21:22:54.982000113
59406591318,r7462820-n410412,0,197.66,80.722,54.072,6265.59,26244.41,16.0,67.404,73.032,206.618,85.876,57.665,6619.981,25890.019,16.0,67.917,73.977,252.05,94.0,65.0,6799.0,32510.0,16.0,70.0,77.0,1613587294.506,2021-02-17 18:41:34.506000042
59469346095,r204106-n200569,0,27.716,0.0,0.0,0.0,32510.0,16.0,32.998,30.997,27.716,0.0,0.0,0.0,32510.0,16.0,32.998,30.998,27.83,0.0,0.0,0.0,32510.0,16.0,33.0,31.0,1614716446.319,2021-03-02 20:20:46.319000006
59469346095,r204106-n200569,1,25.679,0.0,0.0,0.0,32510.0,16.0,30.0,27.821,25.679,0.0,0.0,0.0,32510.0,16.0,30.0,27.818,25.78,0.0,0.0,0.0,32510.0,16.0,30.0,28.0,1614716446.322,2021-03-02 20:20:46.322000027
59497389874,r44132-n410412,0,28.021,0.174,0.006,431.173,32078.827,16.0,31.049,29.066,28.237,0.12,0.003,732.508,31777.492,16.0,31.459,30.034,52.45,91.0,5.0,1403.0,32510.0,16.0,35.0,33.0,1613389813.536,2021-02-15 11:50:13.536000013
59497389874,r44132-n410412,1,31.619,0.246,0.006,955.355,31554.645,16.0,29.548,29.724,26.669,0.12,0.003,2124.762,30385.238,16.0,28.971,29.668,50.06,93.0,4.0,2791.0,32510.0,16.0,32.0,32.0,1613389813.539,2021-02-15 11:50:13.539000034
59529878515,r4506251-n410412,0,29.058,0.06,0.0,158.819,32351.181,16.0,36.896,35.919,40.162,0.298,0.05,1392.596,31117.404,16.0,38.953,37.016,80.28,60.0,11.0,1407.0,32510.0,16.0,42.0,40.0,1613052635.096,2021-02-11 14:10:35.095999956
59545301890,r8275852-n410412,0,29.234,0.0,0.0,0.0,32510.0,16.0,36.754,38.022,40.449,5.249,0.0,1143.42,31366.58,16.0,38.64,39.208,46.56,47.0,1.0,1145.0,32510.0,16.0,40.0,41.0,1613510486.675,2021-02-16 21:21:26.674999952
59554969100,r4506251-n303766,0,183.974,72.684,48.669,6408.473,26101.527,16.0,65.607,71.246,184.02,72.765,48.874,6692.124,25817.876,16.0,66.295,72.22,255.49,95.0,64.0,6807.0,32510.0,16.0,71.0,79.0,1613465762.273,2021-02-16 08:56:02.273000002
59592122607,r9170217-n303509,1,141.098,52.42,35.073,5999.11,26510.89,16.0,51.149,52.832,172.901,69.185,46.493,6589.76,25920.24,16.0,55.297,57.872,254.65,94.0,64.0,6807.0,32510.0,16.0,62.0,66.0,1613438609.318,2021-02-16 01:23:29.318000078
59630835411,r216287-n303509,1,68.083,41.764,16.152,1264.196,31245.804,16.0,43.489,42.615,68.92,43.103,16.692,1278.603,31231.397,16.0,43.369,42.615,77.63,49.0,19.0,1331.0,32510.0,16.0,44.0,44.0,1612829154.725,2021-02-09 00:05:54.724999905
59633668281,r974863-n410412,1,194.092,87.351,58.659,6418.135,26091.865,16.0,54.579,56.758,202.212,89.984,60.529,6667.253,25842.747,16.0,60.996,64.391,243.12,95.0,65.0,6801.0,32510.0,16.0,70.0,74.0,1613452524.242,2021-02-16 05:15:24.242000103
59643007832,r44132-n303766,0,203.498,84.226,56.388,6370.836,26139.164,16.0,68.924,75.847,208.0,87.267,58.616,6655.029,25854.971,16.0,68.385,75.585,251.67,94.0,66.0,6801.0,32510.0,16.0,72.0,80.0,1613464671.408,2021-02-16 08:37:51.407999992
59684632991,r9170217-n948219,0,36.487,2.404,0.019,416.692,32093.308,16.0,33.846,32.0,36.487,2.404,0.019,416.692,32093.308,16.0,33.846,32.0,39.08,23.0,1.0,1197.0,32510.0,16.0,34.0,32.0,1613429532.245,2021-02-15 22:52:12.244999886
59711965846,r7419443-n948219,0,27.02,0.0,0.0,0.0,32510.0,16.0,30.611,29.0,67.589,40.763,10.516,1498.993,31011.007,16.0,43.011,42.17,115.19,52.0,14.0,1539.0,32510.0,16.0,44.0,44.0,1613251660.716,2021-02-13 21:27:40.716000080
59737574458,r5179276-n948219,0,202.991,86.483,57.95,6414.144,26095.856,16.0,68.404,76.021,207.842,89.786,60.281,6667.616,25842.384,16.0,68.442,76.449,245.78,95.0,69.0,6807.0,32510.0,16.0,71.0,80.0,1613577212.261,2021-02-17 15:53:32.260999918
59773130664,r216287-n303509,1,66.627,39.704,15.366,1292.203,31217.797,16.0,41.489,40.514,66.621,39.745,15.402,1302.985,31207.015,16.0,41.557,40.556,77.58,60.0,20.0,1973.0,32510.0,16.0,42.0,42.0,1612829482.65,2021-02-09 00:11:22.650000095
59783493135,r7269000-n948219,0,194.948,76.566,50.923,6100.262,26409.738,16.0,67.77,70.514,203.213,81.353,54.178,6583.287,25926.713,16.0,68.658,71.668,263.89,94.0,64.0,6807.0,32510.0,16.0,71.0,75.0,1613442430.578,2021-02-16 02:27:10.578000069
59806897251,r8473362-n410412,0,27.064,0.0,0.0,0.0,32510.0,16.0,32.994,30.983,27.067,0.0,0.0,0.295,32509.705,16.0,32.967,30.991,27.22,0.0,0.0,4.0,32510.0,16.0,33.0,31.0,1614735079.593,2021-03-03 01:31:19.592999935
59810146971,r6707841-n200569,1,27.503,0.089,0.0,84.441,32425.559,16.0,29.083,29.0,32.598,0.046,0.0,623.266,31886.734,16.0,30.076,29.573,37.94,21.0,1.0,1039.0,32510.0,16.0,31.0,31.0,1614718435.062,2021-03-02 20:53:55.062000036
59860836210,r5179276-n948219,0,181.864,80.031,53.749,5891.146,26618.854,16.0,56.63,61.436,203.748,88.649,59.546,6485.257,26024.743,16.0,65.418,71.84,248.69,95.0,66.0,6801.0,32510.0,16.0,74.0,82.0,1613435926.969,2021-02-16 00:38:46.969000101
59861894357,r5179276-n948219,0,202.824,86.138,57.766,6407.699,26102.301,16.0,69.115,75.77,206.087,89.001,59.788,6657.922,25852.078,16.0,68.374,75.394,245.89,95.0,67.0,6793.0,32510.0,16.0,72.0,80.0,1613586649.815,2021-02-17 18:30:49.815000057
59866109429,r7753495-n948219,0,43.476,5.29,3.376,4797.867,27712.133,16.0,29.998,27.781,43.476,5.29,3.376,4797.867,27712.133,16.0,29.998,27.781,194.6,100.0,80.0,24091.0,32510.0,16.0,35.0,37.0,1613252694.934,2021-02-13 21:44:54.934000015
59869108874,r8972851-n948219,0,206.378,84.528,56.427,6435.176,26074.824,16.0,68.062,72.108,214.062,89.335,59.772,6677.153,25832.847,16.0,68.153,72.492,258.58,96.0,65.0,6807.0,32510.0,16.0,71.0,76.0,1613524651.519,2021-02-17 01:17:31.519000052
59879861726,r9170217-n948219,0,36.634,13.518,1.342,10135.873,22374.127,16.0,32.917,31.491,70.86,74.606,7.35,30888.152,1621.848,16.0,43.745,41.881,78.4,81.0,8.0,31023.0,32510.0,16.0,44.0,43.0,1613429741.601,2021-02-15 22:55:41.601000071
59891568716,r7269000-n303509,0,210.598,87.343,58.4,6405.553,26104.447,16.0,68.096,72.831,215.665,90.306,60.549,6657.992,25852.008,16.0,68.163,73.192,253.88,95.0,67.0,6793.0,32510.0,16.0,71.0,77.0,1613579104.12,2021-02-17 16:25:04.119999886
59926989789,r44132-n410412,0,40.775,0.669,0.101,950.208,31559.792,16.0,43.575,41.963,43.537,0.891,0.147,1395.156,31114.844,16.0,40.671,38.786,78.43,59.0,10.0,1407.0,32510.0,16.0,45.0,43.0,1613434115.493,2021-02-16 00:08:35.493000031
59935935599,r7269000-n303509,0,198.902,80.483,53.769,6393.617,26116.383,16.0,66.917,71.087,211.023,87.549,58.744,6659.454,25850.546,16.0,67.926,72.65,254.04,95.0,66.0,6799.0,32510.0,16.0,70.0,76.0,1613581584.858,2021-02-17 17:06:24.858000040
59966371623,r492024-n410412,0,28.093,0.0,0.0,0.0,32510.0,16.0,32.0,30.0,28.093,0.0,0.0,0.0,32510.0,16.0,32.0,30.0,28.13,0.0,0.0,0.0,32510.0,16.0,32.0,30.0,1614734669.018,2021-03-03 01:24:29.017999887
59972771646,r8141575-n303766,0,25.842,0.0,0.0,0.475,32509.525,16.0,32.0,31.979,59.324,28.844,8.613,26359.102,6150.898,16.0,43.809,43.878,195.66,100.0,54.0,27289.0,32510.0,16.0,47.0,50.0,1613783362.975,2021-02-20 01:09:22.974999905
59972771646,r8141575-n303766,1,26.592,0.108,0.0,102.658,32407.342,16.0,29.188,27.553,63.843,37.289,10.55,24106.778,8403.222,16.0,42.531,41.217,197.41,100.0,54.0,24751.0,32510.0,16.0,45.0,49.0,1613783362.978,2021-02-20 01:09:22.977999926
60091669056,r8141575-n303766,0,48.036,19.565,3.629,29789.779,2720.221,16.0,38.64,38.109,45.279,13.879,2.414,31022.645,1487.355,16.0,39.069,38.566,61.28,62.0,12.0,31071.0,32510.0,16.0,41.0,41.0,1614174140.318,2021-02-24 13:42:20.318000078
60113370618,r6959555-n750018,0,22.885,0.0,0.0,0.0,32510.0,16.0,28.0,25.958,22.885,0.0,0.0,0.0,32510.0,16.0,28.0,25.958,22.97,0.0,0.0,0.0,32510.0,16.0,28.0,26.0,1614740586.45,2021-03-03 03:03:06.450000048
60117447440,r9515777-n303766,0,29.625,0.333,0.0,101.42,32408.58,16.0,39.754,38.0,29.625,0.333,0.0,101.42,32408.58,16.0,39.754,38.0,38.74,4.0,0.0,457.0,32510.0,16.0,40.0,38.0,1614488135.581,2021-02-28 04:55:35.581000090
60118929987,r8473362-n410412,0,27.068,0.0,0.0,0.0,32510.0,16.0,33.0,30.999,27.068,0.0,0.0,0.0,32510.0,16.0,33.0,30.999,27.21,0.0,0.0,0.0,32510.0,16.0,33.0,31.0,1614734826.704,2021-03-03 01:27:06.703999996
60178411212,r2215649-n410412,0,27.596,4.231,0.0,89.473,32420.527,16.0,36.031,33.044,64.494,38.6,9.604,1513.282,30996.718,16.0,45.646,43.264,128.92,60.0,17.0,1605.0,32510.0,16.0,51.0,50.0,1613478880.392,2021-02-16 12:34:40.391999960
60191442848,r9170217-n948219,0,35.97,2.578,0.022,495.333,32014.667,16.0,34.0,32.0,35.97,2.578,0.022,495.333,32014.667,16.0,34.0,32.0,38.53,12.0,1.0,1197.0,32510.0,16.0,34.0,32.0,1613429539.461,2021-02-15 22:52:19.460999966
60194514781,r7141590-n948219,0,206.717,85.183,56.884,6388.459,26121.541,16.0,68.781,73.556,213.898,89.014,59.613,6662.222,25847.778,16.0,68.454,73.551,263.37,95.0,65.0,6807.0,32510.0,16.0,71.0,77.0,1613438990.18,2021-02-16 01:29:50.180000067
60200437382,r9988778-n303766,1,38.106,0.827,0.005,1209.118,31300.882,16.0,32.331,29.126,63.041,33.459,8.39,1531.257,30978.743,16.0,40.377,38.311,125.78,53.0,17.0,1539.0,32510.0,16.0,42.0,40.0,1613329373.189,2021-02-14 19:02:53.188999891
60248171453,r8473362-n410412,0,27.74,0.0,0.0,0.0,32510.0,16.0,38.0,36.0,48.968,26.991,4.256,1066.118,31443.882,16.0,43.052,41.291,92.78,44.0,8.0,1093.0,32510.0,16.0,45.0,44.0,1614011959.204,2021-02-22 16:39:19.203999996
60262630821,r9170217-n948219,0,144.018,60.447,40.523,5376.515,27133.485,16.0,47.108,48.714,172.113,71.736,48.185,6405.638,26104.362,16.0,59.3,62.855,243.9,94.0,63.0,6799.0,32510.0,16.0,67.0,72.0,1613579939.697,2021-02-17 16:38:59.697000027
60288527547,r9988778-n410412,1,25.226,0.0,0.0,0.0,32510.0,16.0,30.095,28.649,25.226,0.0,0.0,0.0,32510.0,16.0,30.095,28.649,25.36,0.0,0.0,0.0,32510.0,16.0,31.0,29.0,1614734934.241,2021-03-03 01:28:54.240999937
60300348661,r2215649-n303766,0,25.226,0.0,0.0,0.0,32510.0,16.0,32.0,29.933,25.226,0.0,0.0,0.0,32510.0,16.0,32.0,29.933,25.24,0.0,0.0,0.0,32510.0,16.0,32.0,30.0,1614369048.921,2021-02-26 19:50:48.921000004
60312641577,r7269000-n303509,0,204.189,83.817,56.061,6378.598,26131.402,16.0,67.585,72.066,213.388,89.061,59.744,6652.298,25857.702,16.0,67.886,72.819,254.95,95.0,65.0,6799.0,32510.0,16.0,71.0,76.0,1613583805.476,2021-02-17 17:43:25.476000071
60392438741,r2215649-n303766,1,178.758,76.8,50.88,2377.385,30132.615,16.0,62.191,64.137,207.261,93.032,62.074,2783.92,29726.08,16.0,61.713,64.236,237.87,99.0,67.0,3751.0,32510.0,16.0,68.0,71.0,1613934048.303,2021-02-21 19:00:48.302999973
60411283102,r2215649-n303766,1,26.363,0.0,0.0,0.0,32510.0,16.0,30.0,28.206,26.372,0.0,0.0,0.0,32510.0,16.0,30.0,28.308,26.62,0.0,0.0,0.0,32510.0,16.0,30.0,29.0,1613933348.644,2021-02-21 18:49:08.644000053
60436293085,r4099734-n772143,0,50.267,24.699,5.626,29628.12,2881.88,16.0,38.399,34.816,49.243,23.212,5.386,31057.506,1452.494,16.0,39.609,36.095,117.79,100.0,10.0,31071.0,32510.0,16.0,42.0,39.0,1614732939.202,2021-03-03 00:55:39.201999903
60439333610,r3974592-n303509,0,32.597,3.614,0.0,1340.219,31169.781,16.0,31.098,29.457,38.355,7.231,0.0,2485.734,30024.266,16.0,34.727,32.709,39.3,31.0,2.0,2488.0,32510.0,16.0,35.0,34.0,1613180082.778,2021-02-13 01:34:42.778000116
60439333610,r3974592-n303509,1,32.623,0.088,0.0,735.123,31774.877,16.0,29.028,27.271,37.703,0.0,0.0,1204.068,31305.932,16.0,32.035,30.094,38.09,14.0,1.0,1205.0,32510.0,16.0,33.0,31.0,1613180082.782,2021-02-13 01:34:42.782000065
60477251115,r492024-n303766,0,197.311,81.876,54.863,6364.646,26145.354,16.0,68.79,73.261,204.319,86.272,57.918,6655.62,25854.38,16.0,68.529,73.242,249.56,99.0,64.0,6807.0,32510.0,16.0,72.0,77.0,1613435357.434,2021-02-16 00:29:17.434000015
60489546643,r414303-n303509,0,28.508,0.0,0.0,0.0,32510.0,16.0,41.0,42.0,28.508,0.0,0.0,0.0,32510.0,16.0,41.0,42.0,28.58,0.0,0.0,0.0,32510.0,16.0,41.0,42.0,1613429107.083,2021-02-15 22:45:07.082999945
60491426712,r8024255-n410412,0,188.948,76.786,51.37,6196.079,26313.921,16.0,67.208,70.629,194.066,79.923,53.613,6610.903,25899.097,16.0,67.747,71.396,254.02,94.0,64.0,6799.0,32510.0,16.0,72.0,76.0,1613523565.804,2021-02-17 00:59:25.803999901
60494980846,r9515777-n303766,0,36.308,0.156,0.001,926.214,31583.786,16.0,34.168,31.834,36.308,0.156,0.001,926.214,31583.786,16.0,34.168,31.834,37.46,20.0,1.0,1039.0,32510.0,16.0,35.0,32.0,1614718743.892,2021-03-02 20:59:03.891999960
60512988271,r9170217-n948219,0,174.433,71.43,47.919,6036.743,26473.257,16.0,62.031,66.032,186.595,77.341,51.994,6546.231,25963.769,16.0,66.188,70.874,245.99,99.0,63.0,6793.0,32510.0,16.0,70.0,75.0,1613583322.879,2021-02-17 17:35:22.878999949
60515743394,r9852763-n172107,0,45.99,26.949,4.12,29788.175,2721.825,16.0,36.494,36.834,45.145,23.483,3.585,31054.369,1455.631,16.0,37.426,37.831,74.57,100.0,6.0,31071.0,32510.0,16.0,39.0,40.0,1614747952.903,2021-03-03 05:05:52.903000116
60618560453,r2684277-n772143,1,97.158,42.933,24.75,13244.074,19265.926,16.0,36.866,36.759,176.303,83.633,48.877,25771.513,6738.487,16.0,61.275,63.175,252.97,100.0,64.0,32489.0,32510.0,16.0,74.0,76.0,1614725527.93,2021-03-02 22:52:07.930000067
60618934970,r5179276-n948219,0,204.763,87.581,58.587,6424.433,26085.567,16.0,68.955,74.795,209.692,90.992,61.05,6668.2,25841.8,16.0,68.432,74.453,245.43,95.0,65.0,6807.0,32510.0,16.0,72.0,78.0,1613439760.798,2021-02-16 01:42:40.798000097
60620381790,r414303-n303509,0,27.138,0.0,0.0,0.0,32510.0,16.0,35.0,35.0,27.138,0.0,0.0,0.0,32510.0,16.0,35.0,35.0,27.2,0.0,0.0,0.0,32510.0,16.0,35.0,35.0,1613429328.908,2021-02-15 22:48:48.907999992
60629146533,r7269000-n948219,0,31.515,0.0,0.0,0.0,32510.0,16.0,39.667,38.0,31.515,0.0,0.0,0.0,32510.0,16.0,39.667,38.0,33.39,0.0,0.0,0.0,32510.0,16.0,40.0,38.0,1613430196.136,2021-02-15 23:03:16.135999918
60694595161,r6727430-n948219,0,26.455,0.0,0.0,0.0,32510.0,16.0,32.0,31.0,26.455,0.0,0.0,0.0,32510.0,16.0,32.0,31.0,26.51,0.0,0.0,0.0,32510.0,16.0,32.0,31.0,1613613182.821,2021-02-18 01:53:02.821000099
60720905761,r9515777-n303766,0,194.731,82.676,56.418,2850.718,29659.282,16.0,60.535,64.491,228.204,97.149,66.974,3315.272,29194.728,16.0,68.413,74.588,245.94,99.0,70.0,7147.0,32510.0,16.0,73.0,80.0,1614275429.831,2021-02-25 17:50:29.831000090
60746641727,r5179276-n948219,0,187.244,77.547,51.937,6414.441,26095.559,16.0,67.793,73.655,178.687,73.277,49.191,6689.513,25820.487,16.0,66.407,71.916,246.29,95.0,65.0,6801.0,32510.0,16.0,72.0,80.0,1613587004.11,2021-02-17 18:36:44.109999895
60747732563,r7753495-n772143,0,26.625,0.0,0.0,1.464,32508.536,16.0,29.0,27.072,29.763,0.81,0.167,5710.512,26799.488,16.0,29.462,27.449,206.15,100.0,28.0,27191.0,32510.0,16.0,35.0,32.0,1614726692.22,2021-03-02 23:11:32.220000029
60747732563,r7753495-n772143,1,30.237,0.086,0.0,387.954,32122.046,16.0,28.459,27.422,32.834,0.848,0.186,6481.105,26028.895,16.0,29.083,27.937,201.04,100.0,26.0,28939.0,32510.0,16.0,35.0,32.0,1614726692.224,2021-03-02 23:11:32.223999977
60769080055,r8024255-n410412,0,24.95,0.0,0.0,0.0,32510.0,16.0,32.0,30.545,24.957,0.0,0.0,0.292,32509.708,16.0,32.0,30.685,25.07,0.0,0.0,4.0,32510.0,16.0,33.0,31.0,1614735079.585,2021-03-03 01:31:19.585000038
60770293370,r1039410-n948219,0,26.605,10.623,0.0,69.0,32441.0,16.0,33.035,33.002,123.381,54.771,28.354,21765.229,10744.771,16.0,52.729,53.772,260.48,100.0,67.0,31081.0,32441.0,16.0,73.0,76.0,1614090377.807,2021-02-23 14:26:17.806999922
60770662989,r974863-n410412,0,203.284,84.153,56.347,6419.775,26090.225,16.0,65.212,69.525,211.939,88.573,59.401,6672.285,25837.715,16.0,67.204,72.18,263.35,95.0,66.0,6807.0,32510.0,16.0,72.0,77.0,1613448517.352,2021-02-16 04:08:37.351999998
60799285466,r2215649-n303766,0,25.413,0.0,0.0,0.0,32510.0,16.0,33.0,31.0,25.413,0.0,0.0,0.0,32510.0,16.0,33.0,31.0,25.58,0.0,0.0,0.0,32510.0,16.0,33.0,31.0,1614374677.073,2021-02-26 21:24:37.072999954
60804573610,r2215649-n303766,0,25.998,0.0,0.0,2.816,32507.184,16.0,37.758,35.555,69.658,98.862,9.912,17724.766,14785.234,16.0,46.673,43.664,210.75,100.0,69.0,17925.0,32510.0,16.0,56.0,53.0,1613214328.22,2021-02-13 11:05:28.220000029
60804573610,r2215649-n303766,1,27.208,0.0,0.0,2.82,32507.18,16.0,35.119,33.946,71.467,98.845,9.04,19894.113,12615.887,16.0,43.891,41.961,217.08,100.0,69.0,20097.0,32510.0,16.0,53.0,51.0,1613214328.229,2021-02-13 11:05:28.229000092
60804573610,r414303-n948219,0,27.042,0.0,0.0,2.854,32507.146,16.0,36.278,34.352,68.729,98.713,9.928,20480.735,12029.265,16.0,44.605,42.534,204.51,100.0,68.0,20685.0,32510.0,16.0,53.0,53.0,1613214328.207,2021-02-13 11:05:28.207000017
60804573610,r414303-n948219,1,24.628,0.0,0.0,2.854,32507.146,16.0,32.842,32.846,69.461,98.039,9.049,21496.426,11013.574,16.0,42.094,40.472,216.79,100.0,68.0,21699.0,32510.0,16.0,51.0,50.0,1613214328.213,2021-02-13 11:05:28.213000059
60804573610,r9648383-n303766,0,27.257,0.0,0.0,2.813,32507.187,16.0,37.297,35.986,72.493,98.82,9.908,18993.326,13516.674,16.0,46.173,43.654,215.89,100.0,68.0,19193.0,32510.0,16.0,55.0,53.0,1613214328.204,2021-02-13 11:05:28.203999996
60804573610,r9648383-n303766,1,24.864,0.0,0.0,2.813,32507.187,16.0,34.998,33.49,70.303,98.884,9.021,19825.491,12684.509,16.0,44.686,42.883,217.65,100.0,68.0,20025.0,32510.0,16.0,53.0,53.0,1613214328.213,2021-02-13 11:05:28.213000059
60804573610,r974863-n303766,0,27.22,0.0,0.0,2.823,32507.177,16.0,37.162,34.819,68.932,98.844,9.906,20121.477,12388.523,16.0,45.456,42.581,204.04,100.0,68.0,20323.0,32510.0,16.0,54.0,54.0,1613214328.206,2021-02-13 11:05:28.206000090
60804573610,r974863-n303766,1,27.097,0.0,0.0,2.827,32507.173,16.0,33.639,31.889,67.543,98.847,9.044,18070.285,14439.715,16.0,41.18,38.975,199.97,100.0,68.0,18271.0,32510.0,16.0,49.0,48.0,1613214328.213,2021-02-13 11:05:28.213000059
60814351243,r4506251-n303766,0,173.739,66.942,44.818,5939.823,26570.177,16.0,65.018,70.112,177.812,68.945,46.265,6575.459,25934.541,16.0,66.865,72.431,258.54,95.0,65.0,6807.0,32510.0,16.0,73.0,80.0,1613501722.082,2021-02-16 18:55:22.082000017
60854969507,r7141590-n948219,0,204.546,84.926,56.767,6382.739,26127.261,16.0,63.455,67.615,213.545,88.945,59.487,6652.778,25857.222,16.0,67.172,72.27,262.24,96.0,65.0,6799.0,32510.0,16.0,73.0,79.0,1613430865.677,2021-02-15 23:14:25.677000046
60869490370,r6727430-n303509,0,35.147,2.818,0.29,15446.674,17063.326,16.0,33.769,30.288,35.147,2.818,0.29,15446.674,17063.326,16.0,33.769,30.288,77.99,100.0,11.0,31053.0,32510.0,16.0,35.0,32.0,1614709860.873,2021-03-02 18:31:00.872999907
60869490370,r6727430-n303509,1,35.284,2.708,0.292,15308.095,17201.905,16.0,30.225,29.691,35.284,2.708,0.292,15308.095,17201.905,16.0,30.225,29.691,100.93,100.0,11.0,31053.0,32510.0,16.0,32.0,31.0,1614709860.876,2021-03-02 18:31:00.875999928
60943141365,r4605940-n303509,0,33.556,0.615,0.011,540.948,31969.052,16.0,37.19,35.041,54.245,20.21,6.607,1587.322,30922.678,16.0,40.447,38.863,114.18,46.0,17.0,1605.0,32510.0,16.0,48.0,48.0,1612957459.673,2021-02-10 11:44:19.673000097
60943579544,r9648383-n410412,0,27.934,0.0,0.0,0.0,32510.0,16.0,40.814,39.952,27.934,0.0,0.0,0.0,32510.0,16.0,40.814,39.952,28.3,0.0,0.0,0.0,32510.0,16.0,43.0,42.0,1614162515.848,2021-02-24 10:28:35.848000050
60943579544,r9648383-n410412,1,28.634,0.0,0.0,0.0,32510.0,16.0,40.723,38.508,28.634,0.0,0.0,0.0,32510.0,16.0,40.723,38.508,29.12,0.0,0.0,0.0,32510.0,16.0,43.0,41.0,1614162515.855,2021-02-24 10:28:35.855000019
60944546664,r204106-n200569,1,35.662,0.086,0.0,967.236,31542.764,16.0,31.699,28.448,36.358,0.003,0.0,1037.093,31472.907,16.0,32.081,28.81,36.71,16.0,1.0,1039.0,32510.0,16.0,33.0,30.0,1614719074.569,2021-03-02 21:04:34.569000006
60973641061,r8972851-n303509,0,180.741,70.975,47.519,6078.707,26431.293,16.0,67.194,71.033,189.815,76.511,51.338,6584.731,25925.269,16.0,67.938,72.217,250.13,94.0,63.0,6801.0,32510.0,16.0,72.0,77.0,1613610588.909,2021-02-18 01:09:48.908999920
60987276066,r9988778-n410412,1,25.226,0.0,0.0,0.0,32510.0,16.0,30.289,28.492,25.224,0.0,0.0,0.295,32509.705,16.0,30.172,28.343,25.36,0.0,0.0,4.0,32510.0,16.0,31.0,29.0,1614735079.645,2021-03-03 01:31:19.644999981
60987871759,r8275852-n303766,0,30.656,0.102,0.0,555.481,31954.519,16.0,31.773,30.453,35.966,0.015,0.0,1226.687,31283.313,16.0,33.734,31.872,39.5,30.0,2.0,2965.0,32510.0,16.0,34.0,33.0,1613660236.306,2021-02-18 14:57:16.305999994
61034640097,r7462820-n410412,1,188.775,78.796,52.899,6006.425,26503.575,16.0,55.573,58.366,205.719,85.865,57.627,6524.504,25985.496,16.0,64.68,67.978,260.77,97.0,65.0,6801.0,32510.0,16.0,73.0,78.0,1613571526.815,2021-02-17 14:18:46.815000057
61059209549,r2215649-n410412,0,28.471,0.109,0.0,99.886,32410.114,16.0,38.101,35.408,36.978,7.864,0.965,4584.631,27925.369,16.0,41.969,39.098,87.26,100.0,20.0,10819.0,32510.0,16.0,46.0,45.0,1613686865.405,2021-02-18 22:21:05.404999971
61085357805,r2215649-n303766,0,36.747,0.106,0.006,1163.491,31346.509,16.0,34.961,32.26,37.307,0.012,0.007,1573.596,30936.404,16.0,34.863,32.069,80.8,31.0,3.0,1577.0,32510.0,16.0,36.0,34.0,1614722119.859,2021-03-02 21:55:19.858999968
61096736278,r5051220-n772143,1,38.29,16.98,0.693,25635.775,6874.225,16.0,33.37,31.805,40.858,20.42,0.797,30994.523,1515.477,16.0,35.564,34.276,54.7,30.0,2.0,31071.0,32510.0,16.0,37.0,36.0,1614721838.821,2021-03-02 21:50:38.821000099
61108149413,r8473362-n410412,1,26.038,0.0,0.0,2.33,32507.67,16.0,32.0,31.0,26.866,0.108,0.001,69.431,32440.569,16.0,32.075,31.028,38.03,24.0,1.0,1205.0,32510.0,16.0,33.0,32.0,1614736398.218,2021-03-03 01:53:18.217999935
61144988574,r9480604-n303766,0,41.037,29.557,0.0,1006.682,31503.318,16.0,38.316,36.002,40.129,33.216,0.0,1040.636,31469.364,16.0,37.268,34.654,46.82,44.0,1.0,1065.0,32510.0,16.0,40.0,38.0,1613794465.018,2021-02-20 04:14:25.017999887
61154835830,r7462820-n410412,1,180.756,71.722,48.107,6049.957,26460.043,16.0,62.932,65.201,192.693,78.057,52.503,6573.753,25936.247,16.0,63.37,66.065,257.86,94.0,64.0,6807.0,32510.0,16.0,71.0,74.0,1613577960.183,2021-02-17 16:06:00.183000088
61156879417,r4506251-n303766,0,31.005,0.0,0.0,0.0,32510.0,16.0,43.015,44.823,31.005,0.0,0.0,0.0,32510.0,16.0,43.015,44.823,32.59,0.0,0.0,0.0,32510.0,16.0,47.0,49.0,1613468520.738,2021-02-16 09:42:00.737999916
61267579994,r9988778-n303766,1,26.412,0.0,0.0,0.0,32510.0,16.0,30.0,27.065,70.337,32.217,9.211,737.446,31772.554,16.0,42.361,40.458,116.68,45.0,14.0,771.0,32510.0,16.0,45.0,44.0,1613402095.874,2021-02-15 15:14:55.874000072
61283098477,r4683026-n172107,0,25.857,0.0,0.0,0.0,32510.0,16.0,29.79,29.996,25.754,0.0,0.0,0.0,32510.0,16.0,29.178,29.611,26.05,0.0,0.0,0.0,32510.0,16.0,30.0,31.0,1614759517.446,2021-03-03 08:18:37.446000099
61283098477,r4683026-n172107,1,24.755,0.0,0.0,0.0,32510.0,16.0,27.871,27.188,24.682,0.0,0.0,0.0,32510.0,16.0,27.231,27.007,25.0,0.0,0.0,0.0,32510.0,16.0,28.0,28.0,1614759517.449,2021-03-03 08:18:37.448999882
61289305514,r2215649-n410412,0,206.182,86.505,57.857,6386.081,26123.919,16.0,68.12,70.408,213.525,90.402,60.614,6655.885,25854.115,16.0,68.357,70.986,253.6,100.0,66.0,6807.0,32510.0,16.0,71.0,73.0,1613435922.632,2021-02-16 00:38:42.631999969
61292109663,r1051355-n200569,0,26.052,0.0,0.0,0.0,32510.0,16.0,29.0,27.902,56.228,13.703,7.93,3732.581,28777.419,16.0,33.914,33.767,235.76,100.0,67.0,10777.0,32510.0,16.0,50.0,58.0,1614725051.032,2021-03-02 22:44:11.032000065
61317737802,r414303-n303509,0,90.4,31.036,11.784,4941.564,27568.436,16.0,45.29,45.571,100.69,31.917,10.382,10634.791,21875.209,16.0,54.265,55.408,261.14,100.0,53.0,14101.0,32510.0,16.0,71.0,76.0,1613126290.406,2021-02-12 10:38:10.405999899
61336032384,r9852763-n200569,1,29.863,0.08,0.0,82.368,32427.632,16.0,30.086,29.716,35.023,0.042,0.0,621.085,31888.915,16.0,30.9,30.076,39.21,21.0,1.0,1039.0,32510.0,16.0,32.0,31.0,1614718435.066,2021-03-02 20:53:55.065999985
61348817500,r2215649-n410412,0,58.587,21.967,17.46,29431.049,3078.951,16.0,38.128,36.744,49.816,11.314,8.473,31051.49,1458.51,16.0,38.806,36.6,130.51,100.0,70.0,31071.0,32510.0,16.0,45.0,48.0,1614166362.579,2021-02-24 11:32:42.578999996
61364155859,r4506251-n303766,0,54.837,0.0,0.0,0.387,32509.613,16.0,57.032,59.129,54.837,0.0,0.0,0.387,32509.613,16.0,57.032,59.129,55.14,0.0,0.0,4.0,32510.0,16.0,58.0,60.0,1613507899.164,2021-02-16 20:38:19.164000034
61371321549,r7419443-n948219,0,32.325,1.135,0.021,408.728,32101.272,16.0,33.311,31.79,58.921,33.661,8.283,1579.495,30930.505,16.0,39.53,38.397,125.64,54.0,17.0,1605.0,32510.0,16.0,41.0,41.0,1613330145.346,2021-02-14 19:15:45.345999956
61446547862,r8275852-n410412,0,31.179,1.141,0.188,4640.755,27869.245,16.0,36.174,37.133,50.981,32.701,4.292,16446.229,16063.771,16.0,39.054,39.771,81.7,100.0,10.0,31023.0,32510.0,16.0,44.0,44.0,1613689487.351,2021-02-18 23:04:47.351000071
61456898313,r9170217-n948219,0,27.766,0.0,0.0,0.0,32510.0,16.0,34.0,33.0,27.766,0.0,0.0,0.0,32510.0,16.0,34.0,33.0,27.89,0.0,0.0,0.0,32510.0,16.0,34.0,33.0,1613429338.252,2021-02-15 22:48:58.252000092
61482598041,r8275852-n410412,0,34.994,0.446,0.0,249.928,32260.072,16.0,33.072,34.0,34.994,0.446,0.0,249.928,32260.072,16.0,33.072,34.0,38.74,9.0,0.0,459.0,32510.0,16.0,34.0,34.0,1614292418.229,2021-02-25 22:33:38.229000092
61514640269,r4605940-n303509,0,30.215,0.079,0.0,317.912,32192.088,16.0,30.988,29.183,37.551,0.01,0.006,15327.562,17182.438,16.0,33.586,31.504,181.07,100.0,46.0,32011.0,32510.0,16.0,35.0,38.0,1613040924.332,2021-02-11 10:55:24.332000017
61554334955,r9988778-n410412,0,25.259,0.0,0.0,0.0,32510.0,16.0,30.0,29.0,25.259,0.0,0.0,0.0,32510.0,16.0,30.0,29.0,25.34,0.0,0.0,0.0,32510.0,16.0,30.0,29.0,1614734826.713,2021-03-03 01:27:06.713000059
61569077755,r9852763-n200569,1,38.275,0.076,0.0,962.487,31547.513,16.0,31.189,30.016,39.093,0.003,0.0,1036.972,31473.028,16.0,31.938,30.847,40.65,21.0,1.0,1039.0,32510.0,16.0,33.0,32.0,1614719062.193,2021-03-02 21:04:22.193000078
61634460220,r2215649-n303766,0,25.085,0.0,0.0,0.0,32510.0,16.0,32.0,29.057,84.41,30.587,20.238,941.241,31568.759,16.0,42.002,40.378,264.96,100.0,67.0,4287.0,32510.0,16.0,74.0,78.0,1613933624.577,2021-02-21 18:53:44.576999903
61644808089,r7141590-n303509,0,29.799,0.061,0.002,105.404,32404.596,16.0,39.56,38.474,72.489,36.823,14.341,4796.676,27713.324,16.0,48.257,46.9,159.68,82.0,30.0,4806.0,32510.0,16.0,51.0,52.0,1613197508.774,2021-02-13 06:25:08.773999929
61683958456,r8141575-n303766,0,26.111,0.0,0.0,0.0,32510.0,16.0,32.0,32.007,157.895,67.732,45.165,2015.534,30494.466,16.0,56.606,59.314,248.63,98.0,67.0,4279.0,32510.0,16.0,73.0,78.0,1613934048.288,2021-02-21 19:00:48.288000107
61772122665,r368967-n200569,0,33.171,0.261,0.01,116.424,32393.576,16.0,41.364,40.358,67.058,21.958,18.398,8457.507,24052.493,16.0,47.675,47.933,163.43,100.0,73.0,17019.0,32510.0,16.0,53.0,58.0,1614743529.099,2021-03-03 03:52:09.098999977
61794451264,r492024-n410412,1,70.975,29.587,4.117,1230.39,31279.61,16.0,45.046,42.317,72.082,29.882,4.129,1304.26,31205.74,16.0,45.294,42.484,130.92,91.0,13.0,1315.0,32510.0,16.0,47.0,44.0,1613861431.056,2021-02-20 22:50:31.055999994
61832040041,r9515777-n303766,0,112.893,58.076,31.67,3329.476,29180.524,16.0,50.664,50.887,120.939,61.287,33.535,3968.114,28541.886,16.0,57.647,59.013,233.51,87.0,57.0,4141.0,32510.0,16.0,63.0,66.0,1614609031.982,2021-03-01 14:30:31.982000113
61837543467,r9170217-n303509,0,27.178,0.0,0.0,0.0,32510.0,16.0,39.185,36.037,42.083,0.884,0.143,1333.307,31176.693,16.0,43.549,39.453,77.41,60.0,10.0,1407.0,32510.0,16.0,46.0,42.0,1613064385.913,2021-02-11 17:26:25.913000107
61846264860,r8473362-n410412,0,27.075,0.0,0.0,0.0,32510.0,16.0,33.0,31.0,27.075,0.0,0.0,0.0,32510.0,16.0,33.0,31.0,27.2,0.0,0.0,0.0,32510.0,16.0,33.0,31.0,1614734934.176,2021-03-03 01:28:54.176000118
61874440916,r9988778-n303766,1,38.135,0.326,0.002,914.944,31595.056,16.0,32.418,29.284,63.874,29.965,8.248,1022.406,31487.594,16.0,40.528,38.504,105.76,42.0,13.0,1027.0,32510.0,16.0,44.0,42.0,1613334768.563,2021-02-14 20:32:48.562999964
61880322013,r9988778-n303766,0,32.119,3.263,0.03,649.829,31860.171,16.0,35.709,34.942,64.311,36.78,8.666,1133.373,31376.627,16.0,43.439,43.044,105.89,51.0,13.0,1159.0,32444.0,16.0,46.0,46.0,1613334197.84,2021-02-14 20:23:17.839999914
61883675384,r7419443-n948219,0,26.965,0.0,0.0,2.69,32507.31,16.0,30.0,28.039,26.963,0.0,0.0,3.199,32506.801,16.0,30.0,28.037,27.1,0.0,0.0,4.0,32510.0,16.0,30.0,29.0,1613684915.952,2021-02-18 21:48:35.951999903
61901206206,r8024255-n410412,0,206.921,87.015,58.357,6408.727,26101.273,16.0,68.278,72.117,211.693,89.898,60.386,6661.896,25848.104,16.0,68.153,72.105,254.45,95.0,65.0,6801.0,32510.0,16.0,71.0,76.0,1613532538.447,2021-02-17 03:28:58.447000027
61927103366,r5198790-n772143,0,38.119,15.736,2.247,24930.322,7579.678,16.0,35.072,32.761,42.375,22.771,3.328,31005.413,1504.587,16.0,38.508,36.082,96.86,40.0,5.0,31071.0,32510.0,16.0,40.0,38.0,1614721838.736,2021-03-02 21:50:38.736000061
61928372834,r4683026-n200569,0,30.539,2.278,0.691,500.718,32009.282,16.0,30.237,28.147,30.539,2.278,0.691,500.718,32009.282,16.0,30.237,28.147,220.2,100.0,60.0,26187.0,32510.0,16.0,37.0,36.0,1614722316.933,2021-03-02 21:58:36.933000088
61936665832,r7462820-n303766,1,198.439,87.615,58.721,6420.118,26089.882,16.0,59.036,63.663,202.098,89.445,60.092,6664.674,25845.326,16.0,60.819,65.54,243.13,95.0,65.0,6799.0,32510.0,16.0,69.0,74.0,1613651173.895,2021-02-18 12:26:13.894999981
61986314506,r7269000-n948219,0,27.913,0.0,0.0,0.426,32509.574,16.0,39.0,38.0,27.913,0.0,0.0,0.426,32509.574,16.0,39.0,38.0,28.07,0.0,0.0,4.0,32510.0,16.0,39.0,38.0,1613429814.638,2021-02-15 22:56:54.638000011
62036077759,r9988778-n303766,1,27.624,0.279,0.0,48.097,32461.903,16.0,30.099,27.342,53.305,22.726,4.852,1005.474,31504.526,16.0,37.934,35.433,98.97,45.0,11.0,1027.0,32510.0,16.0,41.0,39.0,1613373212.732,2021-02-15 07:13:32.732000113
62063930274,r5051220-n772143,1,46.397,22.427,3.448,29546.334,2963.666,16.0,35.377,34.523,47.111,21.44,3.279,31053.025,1456.975,16.0,37.403,36.844,106.5,100.0,6.0,31071.0,32510.0,16.0,39.0,39.0,1614741696.646,2021-03-03 03:21:36.645999908
62074668575,r8972851-n303509,0,29.342,0.0,0.0,0.116,32509.884,16.0,33.0,33.002,80.769,36.792,14.615,21403.698,11106.302,16.0,45.701,46.607,255.12,100.0,58.0,31279.0,32510.0,16.0,73.0,78.0,1613233115.286,2021-02-13 16:18:35.286000013
62121848056,r7419443-n948219,1,25.919,0.0,0.0,0.0,32510.0,16.0,29.0,27.0,25.919,0.0,0.0,0.0,32510.0,16.0,29.0,27.0,25.98,0.0,0.0,0.0,32510.0,16.0,29.0,27.0,1613926488.66,2021-02-21 16:54:48.660000086
62122463578,r7419443-n948219,0,41.794,0.0,0.0,1.937,32508.063,16.0,32.0,29.926,41.794,0.0,0.0,1.937,32508.063,16.0,32.0,29.926,41.93,0.0,0.0,4.0,32510.0,16.0,32.0,30.0,1613942581.792,2021-02-21 21:23:01.792000055
62156551741,r414303-n303509,0,27.334,0.0,0.0,0.0,32510.0,16.0,35.006,35.328,27.334,0.0,0.0,0.0,32510.0,16.0,35.006,35.328,27.51,0.0,0.0,0.0,32510.0,16.0,36.0,36.0,1613429257.471,2021-02-15 22:47:37.470999956
62204565968,r4683026-n303509,1,26.386,0.0,0.0,1.533,32508.467,16.0,31.0,29.041,31.43,1.567,0.413,594.634,31915.366,16.0,31.886,30.134,156.47,37.0,11.0,1905.0,32510.0,16.0,35.0,34.0,1613055997.567,2021-02-11 15:06:37.566999912
62208092813,r4506251-n410412,0,25.976,0.0,0.0,0.0,32510.0,16.0,31.0,30.0,25.976,0.0,0.0,0.0,32510.0,16.0,31.0,30.0,26.02,0.0,0.0,0.0,32510.0,16.0,31.0,30.0,1614735030.121,2021-03-03 01:30:30.121000051
62214765329,r2215649-n303766,0,27.472,0.0,0.0,0.266,32509.734,16.0,46.734,45.559,127.914,61.3,10.691,7180.797,25329.203,16.0,65.887,63.74,246.38,100.0,22.0,7299.0,32510.0,16.0,74.0,70.0,1614005113.089,2021-02-22 14:45:13.088999987
62214765329,r2215649-n303766,1,29.646,0.066,0.0,40.47,32469.53,16.0,42.604,41.811,130.407,61.916,10.926,7219.52,25290.48,16.0,64.101,61.829,246.31,100.0,22.0,7335.0,32510.0,16.0,72.0,68.0,1614005113.092,2021-02-22 14:45:13.092000008
62229902689,r6707841-n200569,1,35.984,0.088,0.0,986.435,31523.565,16.0,30.641,30.147,36.431,0.003,0.0,1037.505,31472.495,16.0,30.751,30.393,36.93,20.0,1.0,1039.0,32510.0,16.0,31.0,31.0,1614719066.258,2021-03-02 21:04:26.257999896
62257252918,r4506251-n303766,0,167.015,83.199,47.288,25413.078,7096.922,16.0,47.551,50.004,167.015,83.199,47.288,25413.078,7096.922,16.0,47.551,50.004,243.98,100.0,62.0,32237.0,32510.0,16.0,57.0,61.0,1614722316.916,2021-03-02 21:58:36.915999889
62300732330,r7141590-n303509,0,186.943,73.209,48.59,6108.266,26401.734,16.0,67.28,68.436,190.121,75.025,49.979,6605.043,25904.957,16.0,67.248,68.633,263.5,94.0,64.0,6807.0,32510.0,16.0,72.0,74.0,1613483060.249,2021-02-16 13:44:20.249000072
62317627697,r4506251-n410412,1,25.911,0.0,0.0,0.0,32510.0,16.0,31.441,28.461,25.911,0.0,0.0,0.0,32510.0,16.0,31.441,28.461,26.02,0.0,0.0,0.0,32510.0,16.0,32.0,29.0,1614734826.701,2021-03-03 01:27:06.700999975
62319208416,r4605940-n948219,1,26.042,0.039,0.0,35.431,32474.569,16.0,30.07,27.006,26.042,0.039,0.0,35.431,32474.569,16.0,30.07,27.006,37.65,9.0,0.0,457.0,32510.0,16.0,31.0,28.0,1614496424.565,2021-02-28 07:13:44.565000057
62384260054,r974863-n410412,0,26.078,0.0,0.0,2.99,32507.01,16.0,37.0,37.0,26.078,0.0,0.0,2.99,32507.01,16.0,37.0,37.0,26.36,0.0,0.0,4.0,32510.0,16.0,37.0,37.0,1613011810.369,2021-02-11 02:50:10.368999958
62445755580,r9515777-n303766,0,25.52,0.0,0.0,0.0,32510.0,16.0,32.0,30.0,25.52,0.0,0.0,0.0,32510.0,16.0,32.0,30.0,25.6,0.0,0.0,0.0,32510.0,16.0,32.0,30.0,1614718322.454,2021-03-02 20:52:02.453999996
62459805335,r5179276-n948219,0,203.001,86.464,57.905,6413.021,26096.979,16.0,69.286,77.581,205.857,88.862,59.632,6646.002,25863.998,16.0,68.602,77.074,245.03,100.0,65.0,6799.0,32510.0,16.0,72.0,81.0,1613574364.577,2021-02-17 15:06:04.576999903
62493970937,r9480604-n303766,0,27.401,0.0,0.0,0.0,32510.0,16.0,31.0,29.0,27.401,0.0,0.0,0.0,32510.0,16.0,31.0,29.0,27.55,0.0,0.0,0.0,32510.0,16.0,31.0,29.0,1613438814.129,2021-02-16 01:26:54.128999949
62534949826,r974863-n410412,0,42.463,13.776,4.98,868.098,31641.902,16.0,38.44,37.618,88.266,47.308,18.181,13457.58,19052.42,16.0,52.65,53.17,184.8,62.0,31.0,14313.0,32510.0,16.0,55.0,57.0,1612997653.329,2021-02-10 22:54:13.328999996
62546771134,r44132-n410412,0,27.15,0.0,0.0,1.698,32508.302,16.0,31.0,29.031,27.154,0.0,0.0,3.937,32506.063,16.0,31.0,29.032,27.38,0.0,0.0,4.0,32510.0,16.0,31.0,30.0,1613385262.618,2021-02-15 10:34:22.618000031
62546771134,r44132-n410412,1,26.531,0.126,0.003,562.522,31947.478,16.0,29.033,29.685,25.852,0.006,0.0,1368.514,31141.486,16.0,28.993,29.465,42.72,57.0,3.0,1391.0,32510.0,16.0,30.0,30.0,1613385262.623,2021-02-15 10:34:22.622999907
62551518142,r7317916-n948219,1,195.737,80.176,53.833,6393.611,26116.389,16.0,65.135,70.028,204.6,85.112,57.296,6668.256,25841.744,16.0,65.12,70.52,257.52,95.0,66.0,6807.0,32510.0,16.0,71.0,78.0,1613478268.667,2021-02-16 12:24:28.667000055
62580105957,r9480604-n410412,1,24.252,0.0,0.0,0.0,32510.0,16.0,29.0,27.0,24.252,0.0,0.0,0.0,32510.0,16.0,29.0,27.0,24.4,0.0,0.0,0.0,32510.0,16.0,29.0,27.0,1614734826.704,2021-03-03 01:27:06.703999996
62581353302,r3974592-n303509,1,24.814,0.0,0.0,3.913,32506.087,16.0,28.0,26.993,24.814,0.0,0.0,3.913,32506.087,16.0,28.0,26.993,25.07,0.0,0.0,4.0,32510.0,16.0,28.0,27.0,1613289131.088,2021-02-14 07:52:11.088000059
62624255081,r2215649-n410412,0,42.152,27.353,0.0,968.678,31541.322,16.0,37.261,34.143,42.152,27.353,0.0,968.678,31541.322,16.0,37.261,34.143,44.86,49.0,0.0,1065.0,32510.0,16.0,38.0,35.0,1614114797.649,2021-02-23 21:13:17.648999929
62719979795,r9480604-n303766,1,37.409,0.323,0.003,915.443,31594.557,16.0,32.067,30.438,64.743,30.196,8.981,1022.407,31487.593,16.0,40.678,39.67,107.68,41.0,13.0,1027.0,32510.0,16.0,43.0,42.0,1613331958.348,2021-02-14 19:45:58.348000050
62741042798,r3955005-n772143,0,25.897,0.0,0.0,0.0,32510.0,16.0,32.0,30.0,25.98,0.0,0.0,0.0,32510.0,16.0,32.593,30.665,26.39,0.0,0.0,0.0,32510.0,16.0,34.0,32.0,1614717433.657,2021-03-02 20:37:13.657000065
62741042798,r3955005-n772143,1,25.687,0.0,0.0,0.0,32510.0,16.0,30.996,30.0,25.713,0.0,0.0,0.0,32510.0,16.0,30.732,29.886,26.01,0.0,0.0,0.0,32510.0,16.0,32.0,32.0,1614717433.661,2021-03-02 20:37:13.661000013
62771809017,r414303-n200569,0,25.377,0.0,0.0,0.0,32510.0,16.0,29.0,29.0,25.377,0.0,0.0,0.0,32510.0,16.0,29.0,29.0,25.47,0.0,0.0,0.0,32510.0,16.0,29.0,29.0,1614758538.318,2021-03-03 08:02:18.318000078
62771809017,r414303-n200569,1,24.486,0.0,0.0,0.0,32510.0,16.0,28.0,26.0,24.486,0.0,0.0,0.0,32510.0,16.0,28.0,26.0,24.62,0.0,0.0,0.0,32510.0,16.0,28.0,26.0,1614758538.322,2021-03-03 08:02:18.322000027
62772649360,r9170217-n948219,0,35.796,3.205,0.023,477.205,32032.795,16.0,34.0,32.0,35.796,3.205,0.023,477.205,32032.795,16.0,34.0,32.0,37.95,24.0,1.0,1197.0,32510.0,16.0,34.0,32.0,1613429553.164,2021-02-15 22:52:33.164000034
62799710393,r2215649-n303766,0,37.62,0.1,0.009,1145.709,31364.291,16.0,39.36,37.165,37.475,0.018,0.009,1270.949,31239.051,16.0,35.771,33.531,49.54,10.0,1.0,1285.0,32510.0,16.0,41.0,39.0,1614720920.075,2021-03-02 21:35:20.075000048
62803835224,r8972851-n303509,0,185.151,74.256,49.719,6268.584,26241.416,16.0,65.53,69.61,192.443,77.739,52.168,6640.689,25869.311,16.0,67.327,71.748,248.84,95.0,64.0,6807.0,32510.0,16.0,70.0,76.0,1613608072.481,2021-02-18 00:27:52.480999947
62815764501,r9515777-n303766,1,35.031,0.177,0.001,849.062,31660.938,16.0,32.818,30.081,35.031,0.177,0.001,849.062,31660.938,16.0,32.818,30.081,36.79,21.0,1.0,1039.0,32510.0,16.0,33.0,31.0,1614718743.923,2021-03-02 20:59:03.923000097
62826722126,r9648383-n303766,0,26.093,0.0,0.0,0.0,32510.0,16.0,31.275,29.912,61.57,28.12,8.234,1531.659,30978.341,16.0,40.97,38.608,117.11,48.0,16.0,1621.0,32510.0,16.0,44.0,42.0,1613845200.268,2021-02-20 18:20:00.267999887
62841270682,r9659953-n172107,0,42.692,17.294,2.485,25765.815,6744.185,16.0,32.563,31.993,46.867,23.731,3.455,31011.665,1498.335,16.0,36.484,36.259,101.88,37.0,5.0,31071.0,32510.0,16.0,38.0,38.0,1614715475.634,2021-03-02 20:04:35.634000063
62854863160,r9515777-n303766,0,38.323,1.078,0.031,1839.485,30670.515,16.0,41.627,39.407,68.766,36.136,13.997,4213.801,28296.199,16.0,47.09,46.029,143.45,72.0,24.0,4678.0,32510.0,16.0,52.0,51.0,1614488293.594,2021-02-28 04:58:13.594000101
62917157245,r4099734-n200569,1,27.091,0.086,0.0,153.608,32356.392,16.0,29.156,29.897,32.322,0.054,0.001,641.812,31868.188,16.0,30.159,30.5,37.0,21.0,1.0,1039.0,32510.0,16.0,31.0,32.0,1614718442.852,2021-03-02 20:54:02.851999998
63002258316,r8473362-n410412,1,26.055,0.0,0.0,0.0,32510.0,16.0,32.0,31.001,26.055,0.0,0.0,0.0,32510.0,16.0,32.0,31.001,26.16,0.0,0.0,0.0,32510.0,16.0,32.0,32.0,1614734826.746,2021-03-03 01:27:06.746000051
63023153058,r1900814-n772143,1,40.019,23.76,0.897,29011.781,3498.219,16.0,34.945,33.932,40.086,21.723,0.817,31045.185,1464.815,16.0,34.216,33.099,57.19,100.0,6.0,31071.0,32510.0,16.0,36.0,35.0,1614731017.686,2021-03-03 00:23:37.686000109
63037731536,r2215649-n410412,0,27.536,0.0,0.0,0.0,32510.0,16.0,39.0,36.153,62.108,30.084,8.751,2624.859,29885.141,16.0,48.396,46.01,152.88,63.0,23.0,2630.0,32510.0,16.0,52.0,52.0,1613500882.674,2021-02-16 18:41:22.674000025
63094529300,r5179276-n948219,0,202.729,86.066,57.6,6409.968,26100.032,16.0,68.82,76.224,205.612,88.485,59.465,6664.675,25845.325,16.0,68.36,75.991,244.89,95.0,66.0,6799.0,32510.0,16.0,71.0,80.0,1613578369.694,2021-02-17 16:12:49.694000006
63121076023,r810901-n303509,0,39.011,2.777,0.042,1111.582,31398.418,16.0,38.136,37.504,87.533,54.418,16.104,2751.376,29758.624,16.0,50.52,51.509,139.76,69.0,22.0,2759.0,32444.0,16.0,54.0,55.0,1613104843.006,2021-02-12 04:40:43.006000042
63134290006,r3974592-n303509,0,27.257,0.018,0.0,4679.872,27830.128,16.0,30.421,29.192,120.735,66.492,9.382,31008.167,1501.833,16.0,55.98,53.72,174.65,100.0,16.0,31025.0,32510.0,16.0,59.0,56.0,1612870474.049,2021-02-09 11:34:34.049000025
63136570223,r2684277-n772143,0,97.221,43.523,25.019,13244.097,19265.903,16.0,37.318,38.451,176.661,84.065,48.976,25742.765,6767.235,16.0,60.248,63.922,253.1,100.0,63.0,32465.0,32510.0,16.0,69.0,75.0,1614725527.897,2021-03-02 22:52:07.897000074
63145378110,r8024255-n410412,0,182.606,73.212,49.039,6137.286,26372.714,16.0,66.415,69.485,193.199,79.314,53.261,6596.215,25913.785,16.0,67.717,71.302,253.11,94.0,63.0,6799.0,32510.0,16.0,71.0,76.0,1613529131.53,2021-02-17 02:32:11.529999970
63151730032,r1039410-n948219,0,44.469,22.052,1.519,29109.686,3400.314,16.0,42.622,41.471,42.916,20.289,1.4,31045.189,1464.811,16.0,41.652,40.46,55.45,100.0,6.0,31071.0,32510.0,16.0,44.0,43.0,1614301535.975,2021-02-26 01:05:35.974999905
63164350821,r4144777-n303509,0,58.004,17.115,7.621,10438.118,22071.882,16.0,37.318,35.201,74.995,24.258,10.956,17724.141,14785.859,16.0,45.444,43.704,245.43,100.0,51.0,17729.0,32510.0,16.0,52.0,54.0,1612854730.702,2021-02-09 07:12:10.701999903
63186572670,r7141590-n948219,0,209.144,86.093,57.544,6396.899,26113.101,16.0,68.377,73.243,216.898,90.312,60.495,6655.457,25854.543,16.0,68.38,73.606,262.82,96.0,65.0,6799.0,32510.0,16.0,71.0,77.0,1613434427.605,2021-02-16 00:13:47.605000019
63194635547,r1039410-n948219,0,25.813,0.0,0.0,0.595,32509.405,16.0,30.0,29.979,39.644,6.942,0.0,2463.622,30046.378,16.0,34.964,33.967,40.73,25.0,1.0,2488.0,32510.0,16.0,35.0,35.0,1613435990.832,2021-02-16 00:39:50.832000017
63194635547,r1039410-n948219,1,24.952,0.0,0.0,0.595,32509.405,16.0,29.259,26.265,37.103,0.0,0.0,1199.31,31310.69,16.0,33.956,30.001,38.27,24.0,1.0,1205.0,32510.0,16.0,34.0,31.0,1613435990.841,2021-02-16 00:39:50.841000080
63207838141,r7317916-n948219,1,171.876,67.578,45.295,6126.061,26383.939,16.0,61.391,65.205,189.986,76.992,51.734,6600.644,25909.356,16.0,64.082,68.708,256.82,94.0,63.0,6807.0,32510.0,16.0,73.0,78.0,1613480863.307,2021-02-16 13:07:43.306999922
63224328415,r7269000-n948219,1,192.791,76.821,51.331,6110.347,26399.653,16.0,67.651,71.799,203.082,83.312,55.78,6568.415,25941.585,16.0,67.727,72.383,255.62,94.0,64.0,6793.0,32510.0,16.0,71.0,76.0,1613442381.447,2021-02-16 02:26:21.447000027
63286696673,r8275852-n303766,0,189.664,81.796,54.902,6174.54,26335.46,16.0,65.231,68.318,199.186,86.893,58.423,6577.539,25932.461,16.0,67.203,70.853,241.05,95.0,65.0,6799.0,32510.0,16.0,71.0,76.0,1613667696.483,2021-02-18 17:01:36.483000040
63334603936,r6727430-n948219,0,26.492,0.0,0.0,0.0,32510.0,16.0,32.0,31.0,26.492,0.0,0.0,0.0,32510.0,16.0,32.0,31.0,26.63,0.0,0.0,0.0,32510.0,16.0,32.0,31.0,1613613334.668,2021-02-18 01:55:34.667999983
63338592209,r2215649-n303766,0,35.82,0.024,0.0,444.469,32065.531,16.0,36.304,33.691,37.664,0.477,0.062,791.394,31718.606,16.0,36.696,33.834,250.83,98.0,18.0,5051.0,32510.0,16.0,44.0,37.0,1614366895.101,2021-02-26 19:14:55.101000071
63348892482,r7419443-n948219,1,35.863,8.226,1.874,407.951,32102.049,16.0,30.873,28.275,65.19,38.557,9.673,1515.701,30994.299,16.0,40.669,40.625,118.3,51.0,14.0,1539.0,32510.0,16.0,42.0,42.0,1613251717.617,2021-02-13 21:28:37.617000103
63365474791,r8024255-n303766,0,28.421,0.016,0.0,3812.595,28697.405,16.0,34.138,32.018,28.674,0.039,0.002,4490.964,28019.036,16.0,34.161,32.039,39.23,28.0,2.0,30591.0,32510.0,16.0,35.0,33.0,1614395750.477,2021-02-27 03:15:50.476999998
63383612146,r3974592-n172107,1,37.975,18.692,1.378,26162.906,6347.094,16.0,28.206,26.363,40.144,24.006,1.651,31009.518,1500.482,16.0,28.635,26.875,50.89,36.0,2.0,31071.0,32510.0,16.0,30.0,28.0,1614715744.741,2021-03-02 20:09:04.740999937
63387247255,r2684277-n948219,0,34.595,0.114,0.0,846.032,31663.968,16.0,37.747,36.202,38.945,0.005,0.0,1401.277,31108.723,16.0,38.372,36.569,39.64,28.0,2.0,1421.0,32510.0,16.0,40.0,38.0,1614041272.973,2021-02-23 00:47:52.973000050
63425426254,r7462820-n410412,0,137.615,49.012,32.83,6039.102,26470.898,16.0,61.651,64.916,182.064,72.701,48.822,6589.568,25920.432,16.0,66.766,71.943,254.01,94.0,66.0,6807.0,32510.0,16.0,72.0,78.0,1613575119.975,2021-02-17 15:18:39.974999905
63462311872,r7462820-n410412,0,173.721,67.914,45.46,5949.566,26560.434,16.0,67.154,72.064,188.376,76.077,51.022,6553.038,25956.962,16.0,67.845,73.398,253.72,94.0,63.0,6807.0,32510.0,16.0,72.0,79.0,1613574264.267,2021-02-17 15:04:24.266999959
63493028523,r8141575-n303766,0,26.109,0.0,0.0,2.242,32507.758,16.0,32.0,31.996,26.128,0.0,0.0,0.163,32509.837,16.0,32.353,32.184,26.55,0.0,0.0,4.0,32510.0,16.0,33.0,33.0,1613820598.469,2021-02-20 11:29:58.469000101
63521714442,r8972851-n948219,0,36.226,1.262,0.0,1363.811,31146.189,16.0,32.817,31.634,36.226,1.262,0.0,1363.811,31146.189,16.0,32.817,31.634,40.09,11.0,0.0,2245.0,32510.0,16.0,34.0,32.0,1613184280.131,2021-02-13 02:44:40.131000042
63531653660,r7462820-n303766,0,206.301,86.678,58.152,6424.443,26085.557,16.0,69.158,74.438,209.573,89.798,60.314,6671.549,25838.451,16.0,68.52,74.048,250.42,95.0,65.0,6807.0,32510.0,16.0,73.0,78.0,1613650751.718,2021-02-18 12:19:11.717999935
63540181843,r5179276-n948219,0,204.619,87.321,58.51,6410.656,26099.344,16.0,68.896,75.622,207.686,89.792,60.262,6639.615,25870.385,16.0,68.463,75.396,245.78,98.0,68.0,6793.0,32510.0,16.0,72.0,80.0,1613588255.343,2021-02-17 18:57:35.342999935
63552092226,r8024255-n410412,0,24.961,0.0,0.0,0.0,32510.0,16.0,32.008,30.561,24.961,0.0,0.0,0.0,32510.0,16.0,32.008,30.561,25.07,0.0,0.0,0.0,32510.0,16.0,33.0,31.0,1614734826.692,2021-03-03 01:27:06.691999912
63588701189,r7141590-n200569,0,25.724,0.0,0.0,0.0,32510.0,16.0,30.0,29.286,25.724,0.0,0.0,0.0,32510.0,16.0,30.0,29.286,25.75,0.0,0.0,0.0,32510.0,16.0,30.0,30.0,1614724738.938,2021-03-02 22:38:58.937999964
63588701189,r7141590-n200569,1,27.86,0.0,0.0,0.0,32510.0,16.0,30.0,29.0,27.86,0.0,0.0,0.0,32510.0,16.0,30.0,29.0,27.92,0.0,0.0,0.0,32510.0,16.0,30.0,29.0,1614724738.942,2021-03-02 22:38:58.941999912
63613489074,r8275852-n410412,0,117.789,51.52,13.019,8471.725,24038.275,16.0,46.88,47.045,190.08,88.445,22.157,15163.207,17346.793,16.0,67.943,68.663,285.58,100.0,37.0,15271.0,32510.0,16.0,74.0,75.0,1613099091.155,2021-02-12 03:04:51.154999971
63642753973,r7269000-n303509,0,180.205,69.582,46.594,6409.641,26100.359,16.0,66.566,70.076,179.318,68.867,46.25,6683.677,25826.323,16.0,67.219,70.748,256.48,95.0,65.0,6799.0,32510.0,16.0,72.0,78.0,1613578292.21,2021-02-17 16:11:32.210000038
63644708748,r8024255-n303766,0,26.951,0.0,0.0,0.0,32510.0,16.0,34.0,31.953,69.595,41.166,24.027,28248.654,4261.346,16.0,47.049,46.952,214.78,100.0,100.0,31701.0,32510.0,16.0,51.0,57.0,1614221945.265,2021-02-25 02:59:05.265000105
63644708748,r8024255-n303766,1,26.63,0.0,0.0,0.0,32510.0,16.0,31.842,30.002,75.8,47.324,25.541,27292.344,5217.656,16.0,46.897,46.732,227.28,100.0,100.0,31835.0,32510.0,16.0,50.0,55.0,1614221945.273,2021-02-25 02:59:05.273000002
63666397100,r492024-n303766,0,204.756,86.459,58.11,6403.045,26106.955,16.0,67.925,72.69,212.094,90.425,60.873,6661.509,25848.491,16.0,68.239,73.29,249.65,95.0,65.0,6807.0,32510.0,16.0,71.0,76.0,1613441344.2,2021-02-16 02:09:04.200000048
63695843192,r44132-n303766,0,45.092,14.554,3.716,350.685,32159.315,16.0,31.76,31.152,165.187,81.189,20.875,1519.846,30990.154,16.0,64.254,64.618,209.36,97.0,26.0,1579.0,32510.0,16.0,71.0,72.0,1613299540.286,2021-02-14 10:45:40.286000013
63730698952,r8024255-n303766,0,86.158,28.391,10.798,9929.31,22580.69,16.0,39.054,36.666,180.089,74.811,29.358,23055.95,9454.05,16.0,67.81,68.814,273.11,100.0,66.0,23071.0,32510.0,16.0,74.0,78.0,1614475191.638,2021-02-28 01:19:51.638000011
63732356304,r8972851-n303509,0,174.07,71.245,47.661,6095.327,26414.673,16.0,62.151,65.882,188.25,76.955,51.609,6587.895,25922.105,16.0,66.694,71.056,251.46,94.0,63.0,6799.0,32510.0,16.0,73.0,78.0,1613599431.196,2021-02-17 22:03:51.196000099
63774828086,r2215649-n410412,0,40.164,25.633,0.0,871.576,31638.424,16.0,36.32,33.099,40.164,25.633,0.0,871.576,31638.424,16.0,36.32,33.099,45.33,50.0,0.0,1065.0,32510.0,16.0,37.0,34.0,1614113712.009,2021-02-23 20:55:12.009000063
63793043215,r204106-n772143,0,43.582,18.821,4.359,25493.471,7016.529,16.0,32.97,32.083,47.894,22.214,5.127,31022.049,1487.951,16.0,37.465,36.666,121.63,41.0,9.0,31071.0,32510.0,16.0,42.0,42.0,1614721838.832,2021-03-02 21:50:38.832000017
63828831486,r6707841-n200569,0,26.072,0.0,0.0,0.0,32510.0,16.0,32.0,29.006,26.07,0.0,0.0,0.0,32510.0,16.0,32.0,29.006,26.14,0.0,0.0,0.0,32510.0,16.0,32.0,30.0,1614716436.255,2021-03-02 20:20:36.255000114
63854493412,r2684277-n948219,0,27.237,0.0,0.0,0.0,32510.0,16.0,36.0,34.997,63.387,30.869,7.192,1055.489,31454.511,16.0,46.067,44.607,107.46,48.0,12.0,1093.0,32510.0,16.0,49.0,48.0,1614058171.397,2021-02-23 05:29:31.397000074
63960567705,r9170217-n948219,0,75.653,34.226,14.054,18322.15,14187.85,16.0,37.05,35.839,105.095,53.153,22.34,28536.919,3973.081,16.0,51.517,51.953,256.37,100.0,73.0,28581.0,32510.0,16.0,59.0,62.0,1613241288.214,2021-02-13 18:34:48.213999987
63973617650,r8275852-n410412,0,29.212,0.0,0.0,2.199,32507.801,16.0,37.0,38.008,72.352,23.742,18.816,28540.937,3969.063,16.0,45.572,47.2,192.0,100.0,88.0,28781.0,32510.0,16.0,50.0,55.0,1613441149.883,2021-02-16 02:05:49.882999897
63993222363,r7419443-n948219,0,26.964,0.0,0.0,0.0,32510.0,16.0,30.0,28.35,26.964,0.0,0.0,0.0,32510.0,16.0,30.0,28.35,27.12,0.0,0.0,0.0,32510.0,16.0,30.0,29.0,1613942302.221,2021-02-21 21:18:22.220999956
64002617439,r6707841-n172107,1,41.633,22.275,3.44,29169.855,3340.145,16.0,34.772,33.102,41.695,23.915,3.663,31046.219,1463.781,16.0,35.84,33.884,62.19,36.0,5.0,31071.0,32510.0,16.0,36.0,35.0,1614725540.5,2021-03-02 22:52:20.500000000
64028243734,r2684277-n303509,0,27.06,0.0,0.0,0.0,32510.0,16.0,31.998,31.999,27.06,0.0,0.0,0.0,32510.0,16.0,31.998,31.999,27.23,0.0,0.0,0.0,32510.0,16.0,32.0,32.0,1612542588.837,2021-02-05 16:29:48.836999893
64065082681,r44132-n410412,0,27.184,0.0,0.0,0.0,32510.0,16.0,31.0,29.0,27.184,0.0,0.0,0.0,32510.0,16.0,31.0,29.0,27.25,0.0,0.0,0.0,32510.0,16.0,31.0,29.0,1614734566.622,2021-03-03 01:22:46.621999979
64071931342,r6707841-n200569,0,36.578,0.247,0.003,889.763,31620.237,16.0,34.167,30.814,36.578,0.247,0.003,889.763,31620.237,16.0,34.167,30.814,38.39,21.0,1.0,1039.0,32510.0,16.0,35.0,32.0,1614718754.397,2021-03-02 20:59:14.397000074
64169195883,r5051220-n172107,1,40.5,24.262,0.918,29575.947,2934.053,16.0,34.504,33.904,40.429,22.953,0.834,31050.864,1459.136,16.0,34.253,33.788,53.23,100.0,6.0,31071.0,32510.0,16.0,35.0,34.0,1614724232.797,2021-03-02 22:30:32.796999931
64219558446,r9988778-n303766,0,31.448,0.861,0.038,466.776,32043.224,16.0,36.785,36.091,58.342,34.113,6.778,1074.512,31435.488,16.0,42.58,42.157,96.46,45.0,10.0,1093.0,32510.0,16.0,45.0,45.0,1613388090.112,2021-02-15 11:21:30.111999989
64237406198,r2215649-n410412,0,205.959,85.936,57.503,6410.493,26099.507,16.0,68.342,70.587,214.013,90.523,60.647,6665.482,25844.518,16.0,68.452,71.003,252.6,95.0,65.0,6807.0,32510.0,16.0,71.0,74.0,1613435578.594,2021-02-16 00:32:58.594000101
64249433600,r9170217-n303509,0,25.938,0.0,0.0,0.008,32509.992,16.0,32.0,29.001,32.86,1.655,0.045,823.055,31686.945,16.0,34.975,31.489,179.74,93.0,60.0,1483.0,32510.0,16.0,47.0,46.0,1613392069.923,2021-02-15 12:27:49.923000097
64294879306,r8532701-n172107,1,43.762,23.542,1.696,29467.815,3042.185,16.0,35.665,32.929,43.64,22.666,1.569,31051.233,1458.767,16.0,36.147,33.314,80.08,100.0,6.0,31071.0,32510.0,16.0,37.0,35.0,1614743648.212,2021-03-03 03:54:08.211999893
64330434132,r9170217-n172107,0,27.608,0.0,0.0,0.0,32510.0,16.0,31.408,30.0,27.514,0.0,0.0,0.112,32509.888,16.0,31.088,29.813,27.78,0.0,0.0,4.0,32510.0,16.0,32.0,30.0,1614736398.123,2021-03-03 01:53:18.122999907
64370383329,r2215649-n410412,0,26.297,0.0,0.0,0.0,32510.0,16.0,33.0,30.989,56.133,27.785,16.785,22344.119,10165.881,16.0,39.44,37.677,204.93,97.0,73.0,28561.0,32510.0,16.0,43.0,44.0,1614161149.827,2021-02-24 10:05:49.826999903
64372657077,r2215649-n410412,1,37.861,0.817,0.003,843.262,31666.738,16.0,35.992,32.23,55.83,26.538,5.05,1025.098,31484.902,16.0,41.412,37.688,105.79,46.0,10.0,1027.0,32510.0,16.0,43.0,40.0,1613468501.795,2021-02-16 09:41:41.795000076
64408339578,r4683026-n303509,0,28.748,0.221,0.004,47.361,32462.639,16.0,31.06,29.052,28.748,0.221,0.004,47.361,32462.639,16.0,31.06,29.052,40.39,29.0,1.0,2437.0,32510.0,16.0,32.0,30.0,1613055644.932,2021-02-11 15:00:44.931999922
64414857128,r8024255-n410412,0,189.57,76.969,51.622,6183.377,26326.623,16.0,67.111,70.464,197.84,81.571,54.822,6599.119,25910.881,16.0,67.815,71.486,252.83,94.0,63.0,6793.0,32510.0,16.0,71.0,75.0,1613526734.216,2021-02-17 01:52:14.216000080
64424726136,r9988778-n303766,0,24.223,0.0,0.0,0.0,32510.0,16.0,30.015,30.0,67.35,40.313,9.539,1094.987,31415.013,16.0,44.55,44.276,114.81,54.0,13.0,1159.0,32510.0,16.0,48.0,48.0,1613402095.847,2021-02-15 15:14:55.846999884
64433720229,r8024255-n410412,0,182.029,73.163,49.039,6181.996,26328.004,16.0,66.832,70.101,193.007,79.256,53.26,6613.269,25896.731,16.0,67.593,71.228,253.51,94.0,64.0,6807.0,32510.0,16.0,71.0,75.0,1613525545.645,2021-02-17 01:32:25.644999981
64456834861,r204106-n200569,1,27.253,0.082,0.0,151.352,32358.648,16.0,30.153,27.178,32.08,0.052,0.001,638.91,31871.09,16.0,31.146,27.796,37.34,21.0,1.0,1039.0,32510.0,16.0,32.0,29.0,1614718442.83,2021-03-02 20:54:02.829999924
64487820326,r8972851-n948219,0,27.926,0.165,0.0,88.278,32421.722,16.0,32.108,30.999,27.926,0.165,0.0,88.278,32421.722,16.0,32.108,30.999,40.09,8.0,0.0,1231.0,32510.0,16.0,33.0,31.0,1613183624.936,2021-02-13 02:33:44.936000109
64502897236,r5179276-n948219,0,202.903,86.386,57.727,6406.342,26103.658,16.0,68.993,75.796,206.239,89.229,59.785,6657.771,25852.229,16.0,68.356,75.491,246.06,95.0,65.0,6793.0,32510.0,16.0,72.0,80.0,1613584172.028,2021-02-17 17:49:32.028000116
64559601038,r5198790-n172107,1,42.965,22.44,3.282,28452.536,4057.464,16.0,35.021,34.463,43.39,23.76,3.465,31041.328,1468.672,16.0,35.256,34.676,93.85,100.0,6.0,31071.0,32510.0,16.0,37.0,37.0,1614723796.179,2021-03-02 22:23:16.178999901
64578521934,r8275852-n410412,0,180.938,74.043,49.616,6138.022,26371.978,16.0,65.029,69.98,176.369,71.647,48.124,6620.375,25889.625,16.0,65.193,70.201,247.02,96.0,68.0,6807.0,32510.0,16.0,72.0,79.0,1613496678.099,2021-02-16 17:31:18.098999977
64587567781,r44132-n303766,0,175.077,71.334,47.782,6357.075,26152.925,16.0,60.921,65.84,178.47,71.513,48.034,6675.985,25834.015,16.0,65.433,71.171,251.72,95.0,66.0,6799.0,32510.0,16.0,72.0,80.0,1613454249.366,2021-02-16 05:44:09.365999937
64625464584,r6727430-n303509,0,27.129,0.0,0.0,3.037,32506.963,16.0,36.914,33.759,27.129,0.0,0.0,3.037,32506.963,16.0,36.914,33.759,27.28,0.0,0.0,4.0,32510.0,16.0,37.0,34.0,1613012732.189,2021-02-11 03:05:32.188999891
64650442535,r414303-n948219,0,26.117,0.0,0.0,2.959,32507.041,16.0,30.0,28.246,37.489,18.922,0.0,1280.018,31229.982,16.0,34.32,31.801,41.49,32.0,1.0,1285.0,32510.0,16.0,36.0,34.0,1614593171.805,2021-03-01 10:06:11.805000067
64655012194,r8275852-n303766,0,25.899,0.0,0.0,3.986,32506.014,16.0,31.0,31.0,25.731,0.0,0.0,4.0,32506.0,16.0,30.486,30.787,26.06,0.0,0.0,4.0,32510.0,16.0,31.0,32.0,1614716120.579,2021-03-02 20:15:20.578999996
64655012194,r8275852-n303766,1,27.516,0.0,0.0,3.987,32506.013,16.0,31.0,27.997,27.168,0.0,0.0,4.0,32506.0,16.0,30.107,26.93,27.67,0.0,0.0,4.0,32510.0,16.0,31.0,28.0,1614716120.582,2021-03-02 20:15:20.582000017
64693659176,r8024255-n410412,0,183.269,73.597,49.328,6064.289,26445.711,16.0,67.089,70.344,193.96,79.378,53.298,6577.554,25932.446,16.0,67.824,71.426,253.99,94.0,63.0,6807.0,32510.0,16.0,71.0,75.0,1613525150.606,2021-02-17 01:25:50.605999947
64694626392,r5179276-n948219,0,193.502,82.092,54.88,6405.78,26104.22,16.0,66.153,72.971,202.618,87.273,58.505,6671.352,25838.648,16.0,67.885,75.332,246.0,99.0,68.0,6807.0,32510.0,16.0,72.0,80.0,1613579436.074,2021-02-17 16:30:36.073999882
64716423232,r974863-n303766,0,28.755,1.154,0.584,323.261,32186.739,16.0,35.154,33.106,67.531,49.335,30.456,25896.8,6613.2,16.0,46.13,45.298,203.82,100.0,79.0,28563.0,32510.0,16.0,49.0,52.0,1614121454.301,2021-02-23 23:04:14.301000118
64724376030,r2215649-n303766,0,40.29,0.159,0.005,681.916,31828.084,16.0,42.703,40.404,38.221,0.009,0.003,1027.678,31482.322,16.0,39.129,36.941,85.83,55.0,44.0,5127.0,32510.0,16.0,44.0,42.0,1614742946.75,2021-03-03 03:42:26.750000000
64752859304,r414303-n948219,0,36.399,1.416,0.021,756.955,31753.045,16.0,33.146,30.606,51.407,30.354,3.436,1087.557,31422.443,16.0,38.249,35.391,84.02,47.0,6.0,1093.0,32510.0,16.0,39.0,37.0,1614424238.9,2021-02-27 11:10:38.900000095
64755108381,r810901-n303509,0,27.422,0.0,0.0,0.0,32510.0,16.0,33.0,31.881,27.422,0.0,0.0,0.0,32510.0,16.0,33.0,31.881,27.57,0.0,0.0,0.0,32510.0,16.0,33.0,32.0,1613069021.892,2021-02-11 18:43:41.891999960
64773882351,r7462820-n410412,1,177.475,70.149,47.111,6049.917,26460.083,16.0,59.918,62.139,192.152,77.36,52.026,6578.861,25931.139,16.0,63.434,66.058,259.62,94.0,63.0,6807.0,32510.0,16.0,73.0,77.0,1613573487.804,2021-02-17 14:51:27.803999901
64885743764,r6959555-n172107,0,41.434,25.598,1.719,29707.915,2802.085,16.0,38.0,34.051,40.739,23.257,1.561,31053.718,1456.282,16.0,37.332,33.591,69.72,100.0,6.0,31071.0,32510.0,16.0,38.0,35.0,1614746916.995,2021-03-03 04:48:36.994999886
64913013875,r414303-n303509,0,28.752,0.0,0.0,0.0,32510.0,16.0,42.0,43.0,28.752,0.0,0.0,0.0,32510.0,16.0,42.0,43.0,28.85,0.0,0.0,0.0,32510.0,16.0,42.0,43.0,1613429098.512,2021-02-15 22:44:58.512000083
64929954057,r7141590-n303509,0,26.853,0.0,0.0,0.0,32510.0,16.0,39.0,38.0,26.853,0.0,0.0,0.0,32510.0,16.0,39.0,38.0,27.08,0.0,0.0,0.0,32510.0,16.0,39.0,38.0,1613145181.998,2021-02-12 15:53:01.997999907
64933720210,r9480604-n410412,0,29.329,0.799,0.034,90.575,32419.425,16.0,38.162,36.12,73.513,38.613,14.188,2622.953,29887.047,16.0,50.07,47.787,132.05,50.0,21.0,2631.0,32510.0,16.0,52.0,50.0,1613786458.917,2021-02-20 02:00:58.917000055
64994765893,r7269000-n303509,0,199.759,80.638,53.913,6292.445,26217.555,16.0,67.667,71.9,205.451,84.003,56.295,6603.69,25906.31,16.0,67.959,72.532,254.48,99.0,64.0,6793.0,32510.0,16.0,71.0,76.0,1613582313.762,2021-02-17 17:18:33.762000084
65075341916,r4683026-n948219,0,27.339,0.0,0.0,0.0,32510.0,16.0,39.921,40.184,117.969,53.956,28.951,17940.916,14569.084,16.0,55.174,59.043,250.57,100.0,68.0,31079.0,32510.0,16.0,73.0,82.0,1614084169.315,2021-02-23 12:42:49.315000057
65149598448,r44132-n303766,0,27.002,0.46,0.084,188.105,32321.895,16.0,33.079,32.061,54.152,8.491,2.038,8136.753,24373.247,16.0,38.113,37.148,222.12,100.0,33.0,8195.0,32510.0,16.0,45.0,44.0,1613336701.178,2021-02-14 21:05:01.177999973
65163746407,r7462820-n410412,0,185.098,73.439,49.204,6085.646,26424.354,16.0,67.451,72.604,194.261,79.107,53.168,6581.119,25928.881,16.0,67.875,73.469,253.85,94.0,63.0,6801.0,32510.0,16.0,71.0,78.0,1613576349.775,2021-02-17 15:39:09.775000095
65230418109,r9480604-n303766,0,40.878,0.098,0.0,736.477,31773.523,16.0,37.662,35.136,38.926,0.084,0.027,2883.524,29626.476,16.0,35.319,32.837,89.35,53.0,10.0,2897.0,32510.0,16.0,39.0,37.0,1613411085.959,2021-02-15 17:44:45.959000111
65412844964,r8473362-n410412,0,26.915,0.0,0.0,0.0,32510.0,16.0,32.0,30.573,27.565,0.0,0.0,3.874,32506.126,16.0,36.963,35.221,28.28,0.0,0.0,4.0,32510.0,16.0,39.0,37.0,1613128912.065,2021-02-12 11:21:52.065000057
65412844964,r8473362-n410412,1,25.896,0.0,0.0,0.0,32510.0,16.0,32.0,30.385,92.529,57.558,35.707,1503.642,31006.358,16.0,58.285,60.443,142.03,86.0,59.0,1555.0,32510.0,16.0,66.0,70.0,1613128912.069,2021-02-12 11:21:52.069000006
65445115259,r6727430-n303509,0,202.518,85.979,57.705,6413.854,26096.146,16.0,68.717,73.538,208.371,89.589,60.206,6668.507,25841.493,16.0,68.464,73.528,247.19,95.0,65.0,6807.0,32510.0,16.0,72.0,77.0,1613432694.801,2021-02-15 23:44:54.801000118
65487618795,r974863-n410412,0,26.048,0.0,0.0,2.943,32507.057,16.0,37.0,36.885,26.048,0.0,0.0,2.943,32507.057,16.0,37.0,36.885,26.43,0.0,0.0,4.0,32510.0,16.0,37.0,37.0,1613011502.697,2021-02-11 02:45:02.697000027
65520335121,r1039410-n948219,0,37.876,8.102,1.121,376.136,32133.864,16.0,30.616,30.318,66.942,27.306,3.762,1210.767,31299.233,16.0,42.97,41.29,126.07,92.0,13.0,1315.0,32510.0,16.0,47.0,45.0,1613860851.699,2021-02-20 22:40:51.698999882
65545121228,r8275852-n410412,0,35.436,6.125,0.623,10930.847,21579.153,16.0,33.656,34.763,66.648,52.019,5.016,30788.702,1721.298,16.0,41.073,41.24,80.17,100.0,7.0,31023.0,32510.0,16.0,44.0,44.0,1614439413.127,2021-02-27 15:23:33.127000093
65574685541,r8024255-n303766,1,26.663,0.0,0.0,0.0,32510.0,16.0,31.0,29.033,26.663,0.0,0.0,0.0,32510.0,16.0,31.0,29.033,26.81,0.0,0.0,0.0,32510.0,16.0,31.0,30.0,1614754882.919,2021-03-03 07:01:22.918999910
65646176711,r9170217-n948219,0,79.526,46.973,16.002,2160.81,30349.19,16.0,44.562,43.992,75.336,37.448,14.392,4369.526,28140.474,16.0,42.214,41.629,147.58,68.0,28.0,4611.0,32510.0,16.0,51.0,52.0,1613572345.193,2021-02-17 14:32:25.193000078
65739405221,r7753495-n200569,0,36.487,0.085,0.0,948.286,31561.714,16.0,31.478,29.419,37.191,0.003,0.002,1074.181,31435.819,16.0,31.512,29.398,93.67,56.0,43.0,8273.0,32510.0,16.0,32.0,34.0,1614725289.925,2021-03-02 22:48:09.924999952
65753935607,r2215649-n410412,0,26.756,0.0,0.0,0.0,32510.0,16.0,35.0,32.0,26.756,0.0,0.0,0.0,32510.0,16.0,35.0,32.0,26.85,0.0,0.0,0.0,32510.0,16.0,35.0,32.0,1614113457.061,2021-02-23 20:50:57.061000109
65776802327,r1900814-n772143,1,37.842,16.904,1.306,25692.908,6817.092,16.0,32.298,30.997,41.02,20.909,1.489,31000.624,1509.376,16.0,35.499,34.371,73.2,31.0,3.0,31071.0,32510.0,16.0,37.0,36.0,1614721838.821,2021-03-02 21:50:38.821000099
65779944849,r6727430-n303509,0,203.105,86.189,57.814,6425.09,26084.91,16.0,68.537,73.341,208.358,89.55,60.147,6660.65,25849.35,16.0,68.384,73.45,246.86,94.0,64.0,6801.0,32510.0,16.0,71.0,76.0,1613442054.353,2021-02-16 02:20:54.352999926
65862503108,r9480604-n410412,0,26.934,0.0,0.0,0.188,32509.812,16.0,36.0,34.188,26.934,0.0,0.0,0.188,32509.812,16.0,36.0,34.188,27.05,0.0,0.0,4.0,32510.0,16.0,36.0,35.0,1614112279.551,2021-02-23 20:31:19.551000118
65886237088,r9988778-n303766,0,32.653,0.975,0.01,642.947,31867.053,16.0,34.69,33.855,55.941,30.765,5.983,1081.767,31428.233,16.0,40.303,39.779,109.86,47.0,11.0,1093.0,32510.0,16.0,42.0,42.0,1613286711.482,2021-02-14 07:11:51.482000113
65944058813,r414303-n172107,0,59.207,24.816,10.925,28075.352,4434.648,16.0,39.678,38.17,57.101,26.904,11.854,31038.916,1471.084,16.0,39.446,37.861,113.79,100.0,22.0,31071.0,32510.0,16.0,41.0,40.0,1614727050.822,2021-03-02 23:17:30.822000027
65961819979,r414303-n303509,0,29.442,0.0,0.0,0.0,32510.0,16.0,44.458,46.0,29.442,0.0,0.0,0.0,32510.0,16.0,44.458,46.0,29.63,0.0,0.0,0.0,32510.0,16.0,45.0,46.0,1613429075.799,2021-02-15 22:44:35.799000025
66025599285,r7753495-n948219,0,206.62,86.633,58.081,6408.284,26101.716,16.0,67.092,70.066,212.196,89.574,60.209,6662.432,25847.568,16.0,67.898,71.076,253.74,95.0,65.0,6801.0,32510.0,16.0,71.0,74.0,1613568560.119,2021-02-17 13:29:20.118999958
66035905926,r6707841-n772143,0,46.911,22.433,3.58,29547.651,2962.349,16.0,39.348,37.296,46.189,20.788,3.321,31053.784,1456.216,16.0,38.835,36.678,112.52,100.0,6.0,31071.0,32510.0,16.0,41.0,39.0,1614744601.168,2021-03-03 04:10:01.167999983
66039169444,r4506251-n410412,0,25.73,0.0,0.0,0.0,32510.0,16.0,31.0,30.0,25.723,0.0,0.0,0.0,32510.0,16.0,31.0,29.999,25.93,0.0,0.0,0.0,32510.0,16.0,31.0,30.0,1613395284.574,2021-02-15 13:21:24.573999882
66137607703,r8972851-n948219,0,37.118,0.77,0.01,1351.51,31158.49,16.0,33.779,31.98,37.118,0.77,0.01,1351.51,31158.49,16.0,33.779,31.98,40.06,15.0,1.0,2041.0,32510.0,16.0,34.0,32.0,1613184461.85,2021-02-13 02:47:41.849999905
66137941226,r1900814-n772143,1,45.166,24.814,3.682,29546.385,2963.615,16.0,34.756,33.709,44.699,22.858,3.344,31054.404,1455.596,16.0,36.632,35.645,112.72,37.0,5.0,31071.0,32510.0,16.0,38.0,37.0,1614740713.918,2021-03-03 03:05:13.917999983
66143374045,r8275852-n410412,0,179.323,78.856,52.869,5811.736,26698.264,16.0,54.862,59.48,202.33,87.542,58.764,6467.245,26042.755,16.0,64.681,70.413,248.33,95.0,66.0,6807.0,32510.0,16.0,72.0,79.0,1613495898.37,2021-02-16 17:18:18.369999886
66150948784,r8141575-n303766,0,56.931,21.6,13.286,29870.243,2639.757,16.0,40.442,40.56,53.586,16.529,9.628,31042.518,1467.482,16.0,41.395,41.364,126.15,77.0,50.0,31071.0,32510.0,16.0,44.0,46.0,1614183170.799,2021-02-24 16:12:50.799000025
66159271324,r492024-n410412,1,70.663,29.861,4.147,1230.992,31279.008,16.0,44.164,41.435,72.78,30.936,4.257,1303.997,31206.003,16.0,45.331,42.489,129.9,91.0,13.0,1315.0,32510.0,16.0,47.0,44.0,1613862405.292,2021-02-20 23:06:45.292000055
66169541541,r4683026-n948219,0,33.949,7.296,2.078,2641.254,29868.746,16.0,39.818,39.968,54.984,33.428,9.721,25417.847,7092.153,16.0,45.724,46.592,198.59,100.0,47.0,26905.0,32510.0,16.0,48.0,52.0,1614270301.527,2021-02-25 16:25:01.526999950
66203008529,r5179276-n948219,0,149.567,58.587,39.189,6157.984,26352.016,16.0,59.67,63.556,165.044,66.827,44.863,6631.971,25878.029,16.0,62.991,67.692,245.43,95.0,69.0,6799.0,32510.0,16.0,72.0,79.0,1613587431.751,2021-02-17 18:43:51.750999928
66230162863,r9170217-n948219,0,151.518,59.194,39.729,5759.707,26750.293,16.0,59.83,63.146,174.955,71.559,48.096,6504.168,26005.832,16.0,63.718,67.86,244.75,100.0,66.0,6793.0,32510.0,16.0,68.0,74.0,1613582884.951,2021-02-17 17:28:04.950999975
66236266674,r6727430-n303509,0,201.589,85.353,57.206,6387.225,26122.775,16.0,68.597,73.302,207.274,88.932,59.716,6643.454,25866.546,16.0,68.39,73.375,246.87,95.0,64.0,6793.0,32510.0,16.0,71.0,77.0,1613434777.153,2021-02-16 00:19:37.153000116
66278117244,r8141575-n303766,0,26.022,0.0,0.0,0.127,32509.873,16.0,32.0,32.0,26.022,0.0,0.0,0.127,32509.873,16.0,32.0,32.0,26.12,0.0,0.0,4.0,32510.0,16.0,32.0,32.0,1613922605.626,2021-02-21 15:50:05.625999928
66278117244,r8141575-n303766,1,25.203,0.0,0.0,0.111,32509.889,16.0,29.0,27.984,25.203,0.0,0.0,0.111,32509.889,16.0,29.0,27.984,25.33,0.0,0.0,4.0,32510.0,16.0,29.0,28.0,1613922605.632,2021-02-21 15:50:05.631999969
66289603663,r4144777-n303509,0,28.397,0.112,0.0,1113.987,31396.013,16.0,36.23,34.183,40.388,21.637,0.605,30015.296,2494.704,16.0,38.846,36.115,41.88,38.0,2.0,30709.0,32510.0,16.0,40.0,37.0,1614314993.708,2021-02-26 04:49:53.707999945
66300105115,r4506251-n303766,0,152.749,61.527,41.275,5115.796,27394.204,16.0,52.321,55.933,178.285,71.315,47.902,6336.232,26173.768,16.0,63.754,69.267,255.82,95.0,68.0,6799.0,32510.0,16.0,72.0,79.0,1613462922.766,2021-02-16 08:08:42.766000032
66322116641,r8141575-n410412,1,26.659,0.0,0.0,0.0,32510.0,16.0,31.0,29.395,71.82,36.336,15.032,2554.181,29955.819,16.0,44.589,44.607,136.43,52.0,25.0,2563.0,32510.0,16.0,47.0,48.0,1614443288.573,2021-02-27 16:28:08.572999954
66358256638,r7269000-n303509,0,206.282,84.775,56.636,6398.85,26111.15,16.0,67.893,72.547,214.051,89.458,59.936,6664.459,25845.541,16.0,68.039,73.123,255.28,95.0,65.0,6807.0,32510.0,16.0,71.0,76.0,1613577241.603,2021-02-17 15:54:01.602999926
66361629090,r8972851-n948219,0,28.472,0.0,0.0,3.876,32506.124,16.0,41.404,40.278,28.472,0.0,0.0,3.876,32506.124,16.0,41.404,40.278,28.73,0.0,0.0,4.0,32510.0,16.0,42.0,41.0,1613478389.982,2021-02-16 12:26:29.982000113
66386470180,r492024-n410412,0,27.887,0.0,0.0,0.0,32510.0,16.0,32.0,31.0,27.887,0.0,0.0,0.0,32510.0,16.0,32.152,30.969,28.25,0.0,0.0,0.0,32510.0,16.0,33.0,32.0,1613826759.621,2021-02-20 13:12:39.621000051
66403727045,r4683026-n948219,1,39.106,0.486,0.003,904.899,31605.101,16.0,36.986,34.466,61.492,30.891,7.09,1022.677,31487.323,16.0,43.959,41.829,102.13,42.0,10.0,1027.0,32510.0,16.0,46.0,44.0,1613981949.519,2021-02-22 08:19:09.519000052
66418866339,r2684277-n948219,0,31.547,1.113,0.039,346.714,32163.286,16.0,31.641,30.051,60.157,34.217,5.96,1075.134,31434.866,16.0,43.755,42.009,106.36,48.0,10.0,1093.0,32510.0,16.0,49.0,48.0,1613315776.531,2021-02-14 15:16:16.530999899
66422868102,r4506251-n410412,0,25.979,0.0,0.0,0.0,32510.0,16.0,31.0,30.0,25.979,0.0,0.0,0.0,32510.0,16.0,31.0,30.0,26.02,0.0,0.0,0.0,32510.0,16.0,31.0,30.0,1614734934.112,2021-03-03 01:28:54.111999989
66493348181,r7462820-n303766,1,84.483,24.067,16.109,5029.562,27480.438,16.0,44.665,44.915,119.974,43.275,29.139,6502.355,26007.645,16.0,51.529,53.005,238.69,95.0,64.0,6801.0,32510.0,16.0,61.0,66.0,1613654526.527,2021-02-18 13:22:06.526999950
66515703919,r4099734-n172107,1,38.627,17.281,0.712,26010.571,6499.429,16.0,32.722,30.727,40.429,21.115,0.83,30998.281,1511.719,16.0,34.578,32.891,52.23,30.0,2.0,31071.0,32510.0,16.0,36.0,34.0,1614715475.814,2021-03-02 20:04:35.813999891
66570373422,r7753495-n303509,0,25.546,0.0,0.0,0.0,32510.0,16.0,37.0,35.203,26.213,0.015,0.0,23.829,32486.171,16.0,37.049,35.193,39.11,9.0,1.0,589.0,32510.0,16.0,38.0,36.0,1613371906.537,2021-02-15 06:51:46.536999941
66636218154,r4506251-n410412,1,25.919,0.0,0.0,0.0,32510.0,16.0,31.347,28.637,25.916,0.0,0.0,0.295,32509.705,16.0,31.53,28.664,26.02,0.0,0.0,4.0,32510.0,16.0,32.0,29.0,1614735079.604,2021-03-03 01:31:19.604000092
66694925370,r9659953-n172107,0,54.057,22.184,5.77,28960.225,3549.775,16.0,38.117,38.114,52.974,22.251,5.723,31049.835,1460.165,16.0,38.607,38.742,127.43,87.0,11.0,31071.0,32510.0,16.0,40.0,41.0,1614739032.114,2021-03-03 02:37:12.114000082
66724057006,r4683026-n948219,0,47.778,13.849,5.12,794.497,31715.503,16.0,34.816,34.603,70.289,26.912,10.745,1163.927,31346.073,16.0,42.942,43.397,134.01,47.0,20.0,1313.0,32510.0,16.0,50.0,52.0,1614649220.348,2021-03-02 01:40:20.348000050
66734143158,r5179276-n948219,0,203.271,86.12,57.731,6406.173,26103.827,16.0,68.656,75.825,206.793,89.004,59.825,6657.466,25852.534,16.0,68.299,75.73,245.55,95.0,64.0,6793.0,32510.0,16.0,71.0,80.0,1613580863.831,2021-02-17 16:54:23.831000090
66782578179,r7419443-n948219,0,26.93,0.0,0.0,0.0,32510.0,16.0,30.0,28.022,28.081,0.207,0.041,114.125,32395.875,16.0,30.099,28.113,146.08,100.0,27.0,2413.0,32510.0,16.0,32.0,32.0,1613942355.113,2021-02-21 21:19:15.112999916
66827493850,r4506251-n303766,0,28.831,0.0,0.0,0.0,32510.0,16.0,35.0,35.934,61.165,31.705,7.394,1520.046,30989.954,16.0,43.464,44.467,124.8,50.0,15.0,1605.0,32510.0,16.0,45.0,48.0,1613456884.6,2021-02-16 06:28:04.599999905
66897823595,r6727430-n948219,0,26.497,0.0,0.0,0.0,32510.0,16.0,32.0,31.0,26.497,0.0,0.0,0.0,32510.0,16.0,32.0,31.0,26.5,0.0,0.0,0.0,32510.0,16.0,32.0,31.0,1613613413.252,2021-02-18 01:56:53.252000092
66913462180,r8972851-n172107,1,44.886,25.515,6.387,29439.577,3070.423,16.0,33.529,33.731,46.066,26.362,6.569,31054.044,1455.956,16.0,36.918,36.903,100.09,40.0,10.0,31071.0,32510.0,16.0,38.0,39.0,1614736252.205,2021-03-03 01:50:52.204999924
66937116434,r492024-n303766,0,25.029,0.0,0.0,0.0,32510.0,16.0,33.0,31.041,71.761,41.368,10.748,1107.238,31402.762,16.0,50.183,49.99,124.13,61.0,17.0,1159.0,32510.0,16.0,55.0,56.0,1613401919.568,2021-02-15 15:11:59.568000078
66953742736,r9988778-n303766,0,24.517,0.0,0.0,1.563,32508.437,16.0,32.0,31.952,96.855,48.136,17.549,3069.347,29440.653,16.0,47.481,47.635,221.09,74.0,31.0,3391.0,32510.0,16.0,52.0,52.0,1613165449.684,2021-02-12 21:30:49.684000015
66976381889,r414303-n948219,0,26.325,0.0,0.0,0.0,32510.0,16.0,32.0,29.967,26.325,0.0,0.0,0.0,32510.0,16.0,32.0,29.967,26.45,0.0,0.0,0.0,32510.0,16.0,32.0,30.0,1614076014.998,2021-02-23 10:26:54.997999907
66993331552,r7419443-n948219,0,78.232,66.572,0.677,276.668,32233.332,16.0,37.943,35.065,103.295,92.943,0.944,378.943,32131.057,16.0,50.836,48.408,114.53,99.0,1.0,379.0,32510.0,16.0,53.0,51.0,1613346522.799,2021-02-14 23:48:42.799000025
67028347857,r8024255-n410412,0,206.799,86.983,58.31,6416.574,26093.426,16.0,66.963,70.526,211.561,89.741,60.262,6654.752,25855.248,16.0,67.732,71.636,254.53,95.0,65.0,6801.0,32510.0,16.0,71.0,76.0,1613531124.732,2021-02-17 03:05:24.732000113
67038945587,r5198790-n772143,1,36.394,16.242,1.283,24936.031,7573.969,16.0,33.81,29.843,39.626,21.653,1.529,30999.581,1510.419,16.0,36.573,32.571,69.16,33.0,3.0,31071.0,32510.0,16.0,38.0,34.0,1614721838.777,2021-03-02 21:50:38.776999950
67048347122,r9170217-n948219,0,27.629,0.0,0.0,0.0,32510.0,16.0,34.0,32.722,27.629,0.0,0.0,0.0,32510.0,16.0,34.0,32.722,27.75,0.0,0.0,0.0,32510.0,16.0,34.0,33.0,1613429363.79,2021-02-15 22:49:23.789999962
67093604368,r2215649-n303766,0,26.318,0.0,0.0,2.133,32507.867,16.0,40.0,37.7,26.318,0.0,0.0,2.133,32507.867,16.0,40.0,37.7,26.53,0.0,0.0,4.0,32510.0,16.0,40.0,38.0,1613954827.226,2021-02-22 00:47:07.226000071
67104715508,r492024-n303766,0,189.714,77.809,52.335,6405.184,26104.816,16.0,67.616,71.89,199.98,83.559,56.287,6669.012,25840.988,16.0,68.309,72.892,250.27,95.0,64.0,6801.0,32510.0,16.0,71.0,77.0,1613431142.337,2021-02-15 23:19:02.336999893
